CASE_ID,ACCIDENT_YEAR,PROC_DATE,JURIS,COLLISION_DATE,COLLISION_TIME,OFFICER_ID,REPORTING_DISTRICT,DAY_OF_WEEK,CHP_SHIFT,POPULATION,CNTY_CITY_LOC,SPECIAL_COND,BEAT_TYPE,CHP_BEAT_TYPE,CITY_DIVISION_LAPD,CHP_BEAT_CLASS,BEAT_NUMBER,PRIMARY_RD,SECONDARY_RD,DISTANCE,DIRECTION,INTERSECTION,WEATHER_1,WEATHER_2,STATE_HWY_IND,CALTRANS_COUNTY,CALTRANS_DISTRICT,STATE_ROUTE,ROUTE_SUFFIX,POSTMILE_PREFIX,POSTMILE,LOCATION_TYPE,RAMP_INTERSECTION,SIDE_OF_HWY,TOW_AWAY,COLLISION_SEVERITY,NUMBER_KILLED,NUMBER_INJURED,PARTY_COUNT,PRIMARY_COLL_FACTOR,PCF_CODE_OF_VIOL,PCF_VIOL_CATEGORY,PCF_VIOLATION,PCF_VIOL_SUBSECTION,HIT_AND_RUN,TYPE_OF_COLLISION,MVIW,PED_ACTION,ROAD_SURFACE,ROAD_COND_1,ROAD_COND_2,LIGHTING,CONTROL_DEVICE,CHP_ROAD_TYPE,PEDESTRIAN_ACCIDENT,BICYCLE_ACCIDENT,MOTORCYCLE_ACCIDENT,TRUCK_ACCIDENT,NOT_PRIVATE_PROPERTY,ALCOHOL_INVOLVED,STWD_VEHTYPE_AT_FAULT,CHP_VEHTYPE_AT_FAULT,COUNT_SEVERE_INJ,COUNT_VISIBLE_INJ,COUNT_COMPLAINT_PAIN,COUNT_PED_KILLED,COUNT_PED_INJURED,COUNT_BICYCLIST_KILLED,COUNT_BICYCLIST_INJURED,COUNT_MC_KILLED,COUNT_MC_INJURED,PRIMARY_RAMP,SECONDARY_RAMP,LATITUDE,LONGITUDE,COUNTY,CITY,POINT_X,POINT_Y
91026797,2019,2019-07-09,9530,2019-06-27,1725,020956,NA,4,2,9,1900,0,3,5,NA,2,001,HOLMES AVE. (6600 BLOCK),66TH ST.,25,S,N,A,-,N,NA,NA,NA,NA,NA,NA,NA,NA,NA,Y,4,0,3,3,D,-,00,NA,NA,F,C,D,A,A,H,-,A,D,0,NA,NA,NA,NA,Y,NA,-,-,0,0,3,0,0,0,0,0,0,-,-,33.97949981689453,-118.24109649658205,LOS ANGELES,UNINCORPORATED,-118.2412109375,33.97954177856445
91026801,2019,2019-07-09,9550,2019-07-02,1705,021100,NA,2,2,9,1900,0,2,4,NA,1,031,NEWTON ST.,WICKSHIRE AVE.,0,NA,Y,A,-,N,NA,NA,NA,NA,NA,NA,NA,NA,NA,Y,3,0,3,2,A,-,08,22107,NA,N,D,C,A,A,H,-,A,D,0,NA,NA,NA,NA,Y,NA,A,08,0,1,2,0,0,0,0,0,0,-,-,33.99652862548828,-117.96971893310548,LOS ANGELES,UNINCORPORATED,-117.9696807861328,33.99650955200195
91026808,2019,2019-07-09,9550,2019-06-30,1425,021954,NA,7,2,9,1900,0,2,4,NA,1,051,NOGALES STREET,STATE ROUTE 60 EASTBOUND,0,NA,Y,A,-,N,NA,NA,NA,NA,NA,NA,NA,NA,NA,Y,3,0,1,2,A,-,12,21453,A,N,D,C,A,A,H,-,A,A,0,NA,NA,NA,NA,Y,NA,A,01,0,1,0,0,0,0,0,0,0,-,-,33.992828369140625,-117.88881683349608,LOS ANGELES,UNINCORPORATED,-117.88864135742188,33.99406051635742
91026811,2019,2019-07-09,9530,2019-06-27,1822,021310,NA,4,2,9,1900,0,3,5,NA,2,001,FLORENCE AVE (1700 BLOCK),HOLMES AVE.,89,W,N,A,-,N,NA,NA,NA,NA,NA,NA,NA,NA,NA,Y,4,0,2,2,A,-,03,22350,NA,N,A,C,A,A,H,-,A,A,0,NA,NA,NA,NA,Y,NA,A,01,0,0,2,0,0,0,0,0,0,-,-,33.97475051879883,-118.24152374267578,LOS ANGELES,UNINCORPORATED,-118.24155426025392,33.974735260009766
91026813,2019,2019-07-09,9580,2019-06-27,0205,021461,NA,4,3,7,1942,0,1,3,NA,2,170,SR-170 N/B (HOLLYWOOD FWY.),MAGNOLIA BLVD,200,S,N,A,-,Y,NA,NA,170,NA,NA,NA,NA,NA,N,Y,3,0,1,1,A,-,01,23152,A,N,E,I,A,A,H,-,C,D,0,NA,NA,Y,NA,Y,Y,C,02,0,1,0,0,0,0,0,0,1,-,-,34.16312026977539,-118.38162231445313,LOS ANGELES,LOS ANGELES,-118.38175964355467,34.16305923461914
91026819,2019,2019-07-09,9530,2019-06-27,1810,021875,NA,4,2,6,1972,0,1,1,NA,2,400,I-405 N/B (SAN DIEGO FREEWAY),ARTESIA BLVD.,200,S,N,A,-,Y,NA,NA,405,NA,NA,NA,NA,NA,N,Y,3,0,4,3,A,-,03,22350,NA,N,C,C,A,A,H,-,A,D,0,NA,NA,NA,NA,Y,NA,A,01,0,1,3,0,0,0,0,0,0,-,-,33.872188568115234,-118.34166717529295,LOS ANGELES,TORRANCE,-118.34162139892578,33.87222671508789
91026823,2019,2019-07-09,9550,2019-06-27,2240,022222,NA,4,3,7,1941,0,1,3,NA,2,090,SR-91 WESTBOUND,PARAMOUNT BOULEVARD,1000,W,N,B,-,Y,NA,NA,91,NA,NA,NA,NA,NA,W,Y,4,0,1,3,A,-,03,22350,NA,N,C,C,A,A,H,-,C,D,0,NA,NA,NA,NA,Y,NA,D,22,0,0,1,0,0,0,0,0,0,-,-,33.876670837402344,-118.16378784179688,LOS ANGELES,LONG BEACH,-118.16378784179688,33.87600326538086
91026835,2019,2019-07-09,9530,2019-06-27,1510,021089,NA,4,2,9,1900,0,3,5,NA,2,004,DEL AMO BLVD. (2800 BLOCK),SUSANA RD.,800,W,N,A,-,N,NA,NA,NA,NA,NA,NA,NA,NA,NA,N,3,0,1,2,A,-,09,21802,A,N,D,G,A,A,H,-,A,D,0,NA,Y,NA,NA,Y,NA,L,04,0,1,0,0,0,0,1,0,0,-,-,33.846900939941406,-118.2102279663086,LOS ANGELES,UNINCORPORATED,-118.20680236816406,33.8465690612793
91026843,2019,2019-07-09,9550,2019-06-30,0850,022210,NA,7,1,9,1900,0,2,4,NA,1,023,MULBERRY DRIVE W/B,RUFUS AVENUE,80,W,N,A,-,N,NA,NA,NA,NA,NA,NA,NA,NA,NA,N,3,0,1,2,A,-,08,22107,NA,N,D,C,A,A,H,-,A,D,0,NA,NA,NA,NA,Y,NA,D,22,0,1,0,0,0,0,0,0,0,-,-,33.944969177246094,-118.0302734375,LOS ANGELES,UNINCORPORATED,-118.03037261962892,33.944759368896484
91026856,2019,2019-07-09,9590,2019-06-27,1540,022189,NA,4,2,7,1942,0,1,1,NA,2,082,I-5 N/B (GSF),MISSION RD,750,S,N,A,-,Y,NA,NA,5,NA,NA,NA,NA,NA,N,N,4,0,1,2,A,-,07,21658,A,N,B,C,A,A,H,-,A,D,0,NA,NA,NA,Y,Y,NA,A,01,0,0,1,0,0,0,0,0,0,-,-,34.057899475097656,-118.21414184570313,LOS ANGELES,LOS ANGELES,-118.21424865722656,34.05788803100586
91026858,2019,2019-07-09,9575,2019-07-04,0150,020492,NA,4,3,7,1942,0,1,3,NA,2,043,SR-134 W/B (VENTURA FREEWAY),I-5 OVER CROSSING,100,E,N,A,-,Y,NA,NA,134,NA,NA,NA,NA,NA,W,Y,4,0,1,1,A,-,01,23152,A,N,E,I,A,A,H,-,C,D,0,NA,NA,NA,NA,Y,Y,A,01,0,0,1,0,0,0,0,0,0,-,-,34.155479431152344,-118.289306640625,LOS ANGELES,LOS ANGELES,-118.289306640625,34.155426025390625
91026859,2019,2019-07-09,9525,2019-07-02,1655,020989,NA,2,2,6,1955,0,1,1,NA,2,120,I-10 E/B (SAN BERNARDINO FWY),WHITE AVE,295,W,N,A,-,Y,NA,NA,10,NA,NA,NA,NA,NA,E,N,3,0,1,3,A,-,07,21658,A,N,B,C,A,A,H,-,A,D,0,NA,NA,NA,NA,Y,NA,A,01,0,1,0,0,0,0,0,0,0,-,-,34.07094955444336,-117.76049041748048,LOS ANGELES,POMONA,-117.76049041748048,34.07095718383789
9102688,2020,2020-07-31,1922,2020-04-29,1206,700,NA,3,5,6,1922,0,0,0,NA,0,001,VALLEY BL,TYLER,10,W,N,A,-,N,NA,NA,NA,NA,NA,NA,NA,NA,NA,Y,4,0,3,5,A,-,07,21658,A,N,C,C,A,A,H,-,A,A,0,NA,NA,NA,NA,Y,NA,A,01,0,0,3,0,0,0,0,0,0,-,-,34.07490921020508,-118.03511810302734,LOS ANGELES,EL MONTE,-118.03508758544922,34.07491683959961
91026891,2019,2019-07-09,9530,2019-06-30,1540,021689,NA,7,2,5,1943,0,1,1,NA,2,210,I-105 E/B (GLENN ANDERSON FWY),LONG BEACH BLVD.,300,W,N,A,-,Y,NA,NA,105,NA,NA,NA,NA,NA,E,Y,4,0,2,2,A,-,03,22350,NA,N,D,C,A,A,H,-,A,D,0,NA,NA,NA,NA,Y,NA,A,01,0,0,2,0,0,0,0,0,0,-,-,33.92593002319336,-118.21276092529295,LOS ANGELES,LYNWOOD,-118.21275329589844,33.92595291137695
91026902,2019,2019-07-09,9550,2019-06-29,0335,022222,NA,6,3,5,1919,0,1,3,NA,2,092,SR-91 W/B FROM BLOOMFIELD AVE,BLOOMFIELD AVENUE,575,W,N,B,-,Y,NA,NA,91,NA,NA,NA,R,NA,W,Y,3,0,1,1,A,-,01,23152,A,N,E,I,A,A,H,-,C,D,0,NA,NA,NA,NA,Y,Y,A,01,0,1,0,0,0,0,0,0,0,-,-,33.87636184692383,-118.06598663330078,LOS ANGELES,CERRITOS,-118.06598663330078,33.87636184692383
91026906,2019,2019-07-29,9530,2019-06-28,1333,021310,NA,5,1,5,1977,0,1,3,NA,2,310,SR-91 W/B (ARTESIA FREEWAY),WILMINGTON AVE.,865,W,N,A,-,Y,NA,NA,NA,NA,NA,NA,NA,NA,NA,Y,3,0,2,2,A,-,03,22350,NA,N,C,C,A,A,H,-,A,A,0,NA,NA,NA,NA,Y,NA,A,07,0,1,1,0,0,0,0,0,0,-,-,33.87390899658203,-118.23902893066406,LOS ANGELES,CARSON,-118.23892211914064,33.87372589111328
91026910,2019,2019-07-09,9550,2019-07-01,1950,022260,NA,1,2,9,1900,0,3,5,NA,2,004,CLAY HILL AVE,FLOWER GLEN DR,250,S,N,A,-,N,NA,NA,NA,NA,NA,NA,NA,NA,NA,N,4,0,1,2,A,-,09,21801,A,N,A,C,A,A,H,-,A,D,0,NA,NA,NA,NA,Y,NA,A,01,0,0,1,0,0,0,0,0,0,-,-,33.99544906616211,-117.94351196289064,LOS ANGELES,UNINCORPORATED,-117.94355010986328,33.995445251464844
91026911,2019,2019-07-09,9530,2019-06-28,1445,020935,NA,5,2,7,1941,0,1,1,NA,2,430,I-405 S/B (SAN DIEGO FREEWAY),WOODRUFF AVE.,1200,N,N,A,-,Y,NA,NA,405,NA,NA,NA,NA,NA,S,N,4,0,1,2,A,-,07,21658,A,N,C,C,A,A,H,-,A,D,0,NA,NA,NA,Y,Y,NA,A,01,0,0,1,0,0,0,0,0,0,-,-,33.80250930786133,-118.11904144287108,LOS ANGELES,LONG BEACH,-118.11904144287108,33.80258560180664
91026969,2019,2019-07-09,9530,2019-06-28,1135,018200,NA,5,1,7,1941,0,1,1,NA,2,420,I-405 N/B (SAN DIEGO FREEWAY),LONG BEACH BLVD.,20,N,N,A,-,Y,NA,NA,NA,NA,NA,NA,NA,NA,NA,Y,4,0,1,2,A,-,03,22350,NA,N,C,C,A,A,H,-,A,D,0,NA,NA,Y,NA,Y,NA,C,02,0,0,1,0,0,0,0,0,1,-,-,33.81792068481445,-118.18689727783205,LOS ANGELES,LONG BEACH,-118.18936920166016,33.8176383972168
91027004,2019,2019-07-09,9550,2019-07-01,0525,021054,NA,1,3,6,1920,0,1,1,NA,2,650,INTERSTATE 5 (SANTA ANA FREEWAY),LAKEWOOD BOULEVARD,1000,S,N,A,-,Y,NA,NA,5,NA,NA,NA,NA,NA,NA,Y,4,0,2,2,A,-,03,22350,NA,N,C,C,A,A,H,-,C,D,0,NA,NA,NA,NA,Y,NA,A,01,0,0,2,0,0,0,0,0,0,-,-,33.9547004699707,-118.10700225830078,LOS ANGELES,DOWNEY,-118.10707855224608,33.954586029052734
91027010,2019,2019-07-09,9530,2019-06-28,1320,020935,NA,5,1,7,1941,0,1,1,NA,2,420,I-405 SOUTHBOUND TO I-710 SOUTHBOUND,I-710,100,N,N,A,-,Y,NA,NA,405,NA,NA,NA,R,NA,S,Y,4,0,1,2,A,-,03,22350,NA,N,C,C,A,A,H,-,A,D,0,NA,NA,NA,NA,Y,NA,D,22,0,0,1,0,0,0,0,0,0,-,-,33.82466125488281,-118.20761871337892,LOS ANGELES,LONG BEACH,-118.20761871337892,33.82466125488281
91027029,2019,2019-07-09,9535,2019-06-20,1230,017954,NA,4,1,5,1901,0,1,1,NA,2,420,I-10 E/B TO GARFIELD AVE. N/B,GARFIELD AVE.,25,E,N,A,-,Y,NA,NA,10,NA,NA,NA,R,NA,E,N,4,0,1,2,A,-,03,22350,NA,N,C,C,A,A,A,-,A,A,0,NA,NA,NA,NA,Y,NA,A,01,0,0,1,0,0,0,0,0,0,-,-,34.070438385009766,-118.12272644042967,LOS ANGELES,ALHAMBRA,-118.12272644042967,34.070438385009766
91027037,2019,2019-07-09,9530,2019-06-30,0920,020567,NA,7,1,9,1900,0,3,5,NA,2,002,COMPTON AVE (12000 BLOCK),123RD ST.,10,S,N,A,-,N,NA,NA,NA,NA,NA,NA,NA,NA,NA,Y,3,0,1,2,A,-,09,21801,A,N,B,C,A,A,H,-,A,D,0,NA,NA,NA,NA,Y,NA,A,01,0,1,0,0,0,0,0,0,0,-,-,33.92060089111328,-118.24614715576172,LOS ANGELES,UNINCORPORATED,-118.24640655517578,33.920448303222656
91027086,2019,2019-07-09,9550,2019-07-01,1747,021212,NA,1,2,7,1941,0,1,3,NA,2,090,STATE ROUTE 91 (ARTESIA FREEWAY),CHERRY AVENUE,300,W,N,A,-,Y,NA,NA,91,NA,NA,NA,NA,NA,NA,Y,4,0,3,3,A,-,07,21658,A,N,B,C,A,A,H,-,A,D,0,NA,NA,NA,NA,Y,NA,-,-,0,0,3,0,0,0,0,0,0,-,-,33.876808166503906,-118.17212677001952,LOS ANGELES,LONG BEACH,-118.1721420288086,33.87672424316406
91027123,2019,2019-07-09,9535,2019-06-12,1559,022214,NA,3,2,9,1900,0,2,4,NA,2,021,EASTERN AVE (300 BLOCK),GRATIAN ST,40,N,N,A,-,N,NA,NA,NA,NA,NA,NA,NA,NA,NA,Y,3,0,1,2,A,-,02,22400,A,N,F,A,A,A,H,-,A,D,0,NA,NA,Y,NA,Y,NA,A,07,0,1,0,0,0,0,0,0,0,-,-,34.03226852416992,-118.17405700683594,LOS ANGELES,UNINCORPORATED,-118.17404174804688,34.03221893310547
91027134,2019,2019-07-09,9590,2019-07-08,1135,013179,NA,1,1,7,1942,0,1,1,NA,2,061,I-10 W/B (SANTA MONICA FREEWAY),LA BREA AVENUE,100,E,N,B,-,Y,NA,NA,10,NA,NA,NA,NA,NA,W,Y,4,0,1,2,A,-,03,22350,NA,N,C,C,A,A,H,-,A,D,0,NA,NA,NA,NA,Y,NA,J,41,0,0,1,0,0,0,0,0,0,-,-,34.03459167480469,-118.34748077392578,LOS ANGELES,LOS ANGELES,-118.34747314453124,34.034507751464844
91027147,2019,2019-07-09,9550,2019-07-02,1445,021274,NA,2,2,9,1900,0,2,4,NA,1,012,SLAUSON AVENUE W/B,ALBURTIS AVENUE,115,E,N,A,-,N,NA,NA,NA,NA,NA,NA,NA,NA,NA,N,4,0,4,2,A,-,03,22350,NA,N,C,C,A,A,H,-,A,D,0,NA,NA,NA,NA,Y,NA,A,01,0,0,4,0,0,0,0,0,0,-,-,33.96546936035156,-118.0755615234375,LOS ANGELES,UNINCORPORATED,-118.07555389404295,33.965457916259766
91027172,2019,2019-07-09,9590,2019-07-07,2300,022136,NA,7,3,7,1942,0,1,2,NA,2,072,US-101 N/B (HOLLYWOOD FREEWAY),N. CAHUENGA BLVD.,700,N,N,A,-,Y,NA,NA,101,NA,NA,NA,NA,NA,N,N,4,0,3,3,A,-,03,22350,NA,N,C,C,A,A,H,-,C,D,0,NA,NA,NA,NA,Y,NA,A,01,0,0,3,0,0,0,0,0,0,-,-,34.109310150146484,-118.33273315429688,LOS ANGELES,LOS ANGELES,-118.33277893066406,34.10923767089844
91027179,2019,2019-07-09,9525,2019-06-27,2210,021443,NA,4,3,5,1906,0,1,S,NA,2,661,I-605 S/B (SAN GABRIEL RIVER FWY),I-10,250,N,N,A,-,Y,NA,NA,605,NA,NA,NA,NA,NA,S,Y,3,0,3,2,A,-,07,21658,A,N,C,C,A,A,H,-,C,D,0,NA,NA,NA,NA,Y,NA,A,01,0,3,0,0,0,0,0,0,0,-,-,34.0661506652832,-118.00038909912108,LOS ANGELES,BALDWIN PARK,-118.00045776367188,34.066139221191406
91027200,2019,2019-07-09,9530,2019-06-30,2120,022060,NA,7,2,5,1943,0,1,1,NA,2,210,I-105 E/B (GLENN ANDERSON FWY),HARRIS AVE.,700,W,N,A,-,Y,NA,NA,105,NA,NA,NA,NA,NA,E,Y,3,0,1,2,A,-,03,22350,NA,N,C,C,A,A,H,-,D,D,0,NA,NA,NA,NA,Y,NA,A,01,0,1,0,0,0,0,0,0,0,-,-,33.91667175292969,-118.19194793701172,LOS ANGELES,LYNWOOD,-118.19190979003906,33.916770935058594
91027201,2019,2019-07-09,9545,2019-06-28,1410,020849,NA,5,2,9,1900,0,1,3,NA,2,021,SR-14 N/B,PALMDALE BLVD,442,S,N,A,-,Y,NA,NA,NA,NA,NA,NA,NA,NA,NA,Y,3,0,1,1,A,-,08,22107,NA,N,F,A,A,A,H,-,A,D,0,NA,NA,NA,NA,Y,NA,D,22,0,1,0,0,0,0,0,0,0,-,-,34.57999038696289,-118.13262176513672,LOS ANGELES,UNINCORPORATED,-118.13361358642578,34.58012008666992
91027212,2019,2019-07-29,9525,2019-07-03,2115,021545,NA,3,2,9,1900,0,2,4,NA,2,032,VALLEY BLVD (18000 BLOCK),TRAFALGAR AVE,0,NA,Y,A,-,N,NA,NA,NA,NA,NA,NA,NA,NA,NA,Y,4,0,1,2,A,-,09,21801,A,F,D,C,A,A,H,-,C,D,0,NA,NA,NA,NA,Y,NA,D,22,0,0,1,0,0,0,0,0,0,-,-,34.005348205566406,-117.90184783935548,LOS ANGELES,UNINCORPORATED,-117.9018783569336,34.00524139404297
91027213,2019,2019-07-09,9545,2019-06-28,1115,017305,NA,5,1,9,1900,0,3,5,NA,2,004,140TH STREET EAST,PALMDALE BOULEVARD,0,NA,Y,A,-,N,NA,NA,NA,NA,NA,NA,NA,NA,NA,Y,4,0,1,2,A,-,09,21802,A,N,D,C,A,A,H,-,A,A,0,NA,NA,NA,NA,Y,NA,A,01,0,0,1,0,0,0,0,0,0,-,-,34.580020904541016,-117.88053131103516,LOS ANGELES,UNINCORPORATED,-117.88065338134766,34.580020904541016
91027223,2019,2019-07-09,9590,2019-07-02,0920,022087,NA,2,1,7,1942,0,1,1,NA,2,053,I-110 S/B (HARBOR FREEWAY),21ST STREET. PED. O/C,150,N,N,A,-,Y,NA,NA,NA,NA,NA,NA,NA,NA,NA,N,3,0,2,3,A,-,08,22107,NA,N,B,C,A,A,H,-,A,D,0,NA,NA,NA,NA,Y,NA,A,01,0,1,1,0,0,0,0,0,0,-,-,34.015899658203125,-118.16290283203124,LOS ANGELES,LOS ANGELES,NA,NA
91027225,2019,2019-07-09,9545,2019-06-29,1140,018097,NA,6,1,9,1900,0,3,5,NA,2,001,110TH ST  W,AVENUE I,0,NA,Y,A,-,N,NA,NA,NA,NA,NA,NA,NA,NA,NA,Y,3,0,3,2,A,-,09,21802,A,N,D,C,A,A,H,-,A,A,0,NA,NA,NA,NA,Y,NA,A,01,0,3,0,0,0,0,0,0,0,-,-,34.73841857910156,-118.32437133789064,LOS ANGELES,UNINCORPORATED,-118.32431030273438,34.703861236572266
91027246,2019,2019-07-09,9550,2019-07-02,1045,021054,NA,2,1,6,1920,0,1,1,NA,2,150,INTERSTATE 105 (CENTURY FREEWAY),LAKEWOOD BOULEVARD,1000,E,N,A,-,Y,NA,NA,105,NA,NA,NA,NA,NA,NA,N,4,0,1,3,A,-,03,22350,NA,N,C,C,A,A,H,-,A,D,0,NA,NA,NA,NA,Y,NA,A,01,0,0,1,0,0,0,0,0,0,-,-,33.91279983520508,-118.1426010131836,LOS ANGELES,DOWNEY,-118.1426010131836,33.912933349609375
91027247,2019,2019-07-09,9525,2019-07-04,1445,021779,NA,4,2,9,1900,0,3,5,NA,2,003,SANDALWOOD AVE (200 BLOCK),GLENTHORNE ST,20,S,N,A,-,N,NA,NA,NA,NA,NA,NA,NA,NA,NA,N,4,0,1,2,A,-,06,21750,A,N,D,C,A,A,H,-,A,D,0,NA,NA,NA,NA,Y,NA,A,07,0,0,1,0,0,0,0,0,0,-,-,34.015411376953125,-117.91789245605467,LOS ANGELES,UNINCORPORATED,-117.91789245605467,34.01542663574219
91027261,2019,2019-07-09,9575,2019-07-05,1350,022110,NA,5,1,9,1900,0,1,3,NA,2,304,SR-2 (ANGELES CREST HIGHWAY),CLOUDBURST SUMMIT,950,W,N,A,-,N,NA,NA,2,NA,NA,NA,NA,NA,NA,Y,3,0,1,1,A,-,03,22350,NA,N,E,I,A,A,H,-,A,D,0,NA,NA,NA,NA,Y,NA,A,01,0,1,0,0,0,0,0,0,0,-,-,34.353179931640625,-117.938720703125,LOS ANGELES,UNINCORPORATED,-117.9387435913086,34.3531494140625
91027264,2019,2019-07-09,9590,2019-07-02,1735,021111,NA,2,2,7,1942,0,1,1,NA,2,083,I-5 S/B (GSF) FROM MISSION ROAD,MISSION ROAD,300,S,N,A,-,Y,NA,NA,5,NA,NA,NA,R,NA,S,Y,3,0,2,2,A,-,03,22350,NA,N,C,C,A,A,H,-,A,D,0,NA,NA,NA,NA,Y,NA,A,01,0,1,1,0,0,0,0,0,0,-,-,34.05889892578125,-118.21507263183594,LOS ANGELES,LOS ANGELES,-118.21507263183594,34.05889892578125
91027267,2019,2019-07-09,9540,2019-06-28,1250,021845,NA,5,1,9,1900,0,2,4,NA,2,081,THE OLD RD (28000 BLOCK),RYE CANYON RD,690,N,N,A,-,N,NA,NA,NA,NA,NA,NA,NA,NA,NA,Y,4,0,2,2,A,-,09,21804,A,N,D,C,A,A,H,-,A,D,0,NA,NA,NA,NA,Y,NA,A,07,0,0,2,0,0,0,0,0,0,-,-,34.43183135986328,-118.59072875976564,LOS ANGELES,UNINCORPORATED,-118.59068298339844,34.431785583496094
91027269,2019,2019-07-09,9530,2019-05-19,2055,022132,NA,7,2,9,1900,0,3,5,NA,2,002,SAN PEDRO ST. (13100 BLOCK),131ST ST.,165,S,N,A,-,N,NA,NA,NA,NA,NA,NA,NA,NA,NA,Y,4,0,1,3,A,-,09,21804,A,F,C,C,A,A,H,-,C,D,0,NA,NA,NA,NA,Y,NA,-,99,0,0,1,0,0,0,0,0,0,-,-,33.91318130493164,-118.26963043212892,LOS ANGELES,UNINCORPORATED,-118.26964569091795,33.91322708129883
91027296,2019,2019-07-09,9590,2019-07-02,1128,022088,NA,2,1,7,1942,0,1,1,NA,2,065,I-10 W/B (SMF) FROM SOTO STREET,US-101 S/B (SAF) TO SR-60 E/B (POF),55,N,N,A,-,Y,NA,NA,NA,NA,NA,NA,NA,NA,NA,Y,3,0,1,1,A,-,08,22107,NA,N,F,J,A,A,H,-,A,D,0,NA,NA,NA,NA,Y,NA,A,01,0,1,0,0,0,0,0,0,0,-,-,34.03022003173828,-118.21808624267578,LOS ANGELES,LOS ANGELES,NA,NA
91027297,2019,2019-07-09,9550,2019-07-03,1255,016109,NA,3,1,9,1900,0,3,5,NA,2,005,DESIRE AVENUE,COLIMA ROAD,87,S,N,A,-,N,NA,NA,NA,NA,NA,NA,NA,NA,NA,N,4,0,1,2,A,-,08,22107,NA,N,H,G,A,A,H,-,A,D,0,NA,Y,NA,NA,Y,NA,A,08,0,0,1,0,0,0,1,0,0,-,-,33.98733139038086,-117.89633178710938,LOS ANGELES,UNINCORPORATED,-117.89646911621094,33.98773193359375
91027321,2019,2019-07-09,9550,2019-07-03,0915,018531,NA,3,1,5,1935,0,1,1,NA,2,652,I-605 SOUTHBOUND,DEL AMO BOULEVARD,350,N,N,A,-,Y,NA,NA,605,NA,NA,NA,NA,NA,S,Y,3,0,1,2,A,-,17,23114,A,F,H,C,A,A,H,-,A,D,0,NA,NA,NA,NA,Y,NA,-,99,0,1,0,0,0,0,0,0,0,-,-,33.846519470214844,-118.09278106689452,LOS ANGELES,LAKEWOOD,-118.09286499023438,33.846473693847656
91027340,2019,2019-07-09,9540,2019-07-04,0956,018208,NA,4,1,9,1900,0,1,3,NA,2,147,SR-14 S/B (ANTELOPE VALLEY FREEWAY),SPRING CANYON RD,0,NA,N,A,-,Y,NA,NA,14,NA,NA,NA,NA,NA,S,Y,3,0,1,2,A,-,03,22350,NA,N,B,C,A,A,H,-,A,D,0,NA,NA,NA,NA,Y,NA,A,01,0,1,0,0,0,0,0,0,0,-,-,34.43684005737305,-118.37452697753906,LOS ANGELES,UNINCORPORATED,-118.37452697753906,34.43683624267578
91027357,2019,2019-07-09,9540,2019-07-01,0043,021361,NA,1,3,9,1900,0,1,3,NA,2,147,SR-14 S/B (ANTELOPE VALLEY FREEWAY),AGUA DULCE CYN RD,2892,S,N,A,-,Y,NA,NA,14,NA,NA,NA,NA,NA,S,Y,3,0,1,2,C,-,18,NA,NA,N,D,C,A,A,C,-,D,D,0,NA,NA,NA,NA,Y,NA,-,-,0,1,0,0,0,0,0,0,0,-,-,34.46556854248047,-118.33950805664064,LOS ANGELES,UNINCORPORATED,-118.33951568603516,34.465579986572266
9102736,2020,2020-07-06,1900,2020-05-01,2353,527057,0628,5,5,6,1985,0,0,0,NA,0,62T1,WILEY CANYON RD,CANERWELL ST,216,N,N,A,-,N,NA,NA,NA,NA,NA,NA,NA,NA,NA,Y,3,0,1,1,A,-,01,23152,A,N,E,J,A,A,H,-,C,D,0,NA,NA,NA,NA,Y,Y,A,07,0,1,0,0,0,0,0,0,0,-,-,34.3656005859375,-118.55503845214844,LOS ANGELES,SANTA CLARITA,-118.55502319335938,34.36566162109375
91027369,2019,2019-07-09,9590,2019-07-06,0510,022189,NA,6,3,7,1942,0,1,1,NA,2,084,I-5 N/B (GSF),COLORADO ST,4000,S,N,A,-,Y,NA,NA,5,NA,NA,NA,NA,NA,N,Y,4,0,2,2,A,-,08,22107,NA,F,B,C,A,A,H,-,B,D,0,NA,NA,NA,NA,Y,NA,-,99,0,0,2,0,0,0,0,0,0,-,-,34.12989044189453,-118.2739715576172,LOS ANGELES,LOS ANGELES,-118.2741241455078,34.12984848022461
91027373,2019,2019-07-09,9525,2019-06-29,1447,021224,NA,6,2,4,1960,0,1,1,NA,2,208,SR-210 E/B (FOOTHILL FWY),SAN DIMAS AVE,1584,W,N,A,-,Y,NA,NA,210,NA,NA,NA,NA,NA,E,Y,4,0,1,2,A,-,03,22350,NA,N,C,C,A,A,H,-,A,D,0,NA,NA,NA,NA,Y,NA,A,01,0,0,1,0,0,0,0,0,0,-,-,34.119651794433594,-117.81329345703124,LOS ANGELES,SAN DIMAS,-117.81328582763672,34.11968231201172