CASE_ID,ACCIDENT_YEAR,PROC_DATE,JURIS,COLLISION_DATE,COLLISION_TIME,OFFICER_ID,REPORTING_DISTRICT,DAY_OF_WEEK,CHP_SHIFT,POPULATION,CNTY_CITY_LOC,SPECIAL_COND,BEAT_TYPE,CHP_BEAT_TYPE,CITY_DIVISION_LAPD,CHP_BEAT_CLASS,BEAT_NUMBER,PRIMARY_RD,SECONDARY_RD,DISTANCE,DIRECTION,INTERSECTION,WEATHER_1,WEATHER_2,STATE_HWY_IND,CALTRANS_COUNTY,CALTRANS_DISTRICT,STATE_ROUTE,ROUTE_SUFFIX,POSTMILE_PREFIX,POSTMILE,LOCATION_TYPE,RAMP_INTERSECTION,SIDE_OF_HWY,TOW_AWAY,COLLISION_SEVERITY,NUMBER_KILLED,NUMBER_INJURED,PARTY_COUNT,PRIMARY_COLL_FACTOR,PCF_CODE_OF_VIOL,PCF_VIOL_CATEGORY,PCF_VIOLATION,PCF_VIOL_SUBSECTION,HIT_AND_RUN,TYPE_OF_COLLISION,MVIW,PED_ACTION,ROAD_SURFACE,ROAD_COND_1,ROAD_COND_2,LIGHTING,CONTROL_DEVICE,CHP_ROAD_TYPE,PEDESTRIAN_ACCIDENT,BICYCLE_ACCIDENT,MOTORCYCLE_ACCIDENT,TRUCK_ACCIDENT,NOT_PRIVATE_PROPERTY,ALCOHOL_INVOLVED,STWD_VEHTYPE_AT_FAULT,CHP_VEHTYPE_AT_FAULT,COUNT_SEVERE_INJ,COUNT_VISIBLE_INJ,COUNT_COMPLAINT_PAIN,COUNT_PED_KILLED,COUNT_PED_INJURED,COUNT_BICYCLIST_KILLED,COUNT_BICYCLIST_INJURED,COUNT_MC_KILLED,COUNT_MC_INJURED,PRIMARY_RAMP,SECONDARY_RAMP,LATITUDE,LONGITUDE,COUNTY,CITY,POINT_X,POINT_Y
91027386,2019,2019-07-09,9535,2019-06-12,1050,020825,NA,3,1,9,1900,0,2,4,NA,2,022,OLYMPIC BOULEVARD ( 4600 BLOCK),MCBRIDE AVENUE,100,E,N,A,-,N,NA,NA,NA,NA,NA,NA,NA,NA,NA,N,4,0,1,2,A,-,08,22107,NA,N,B,C,A,A,H,-,A,A,0,NA,NA,Y,NA,Y,NA,C,02,0,0,1,0,0,0,0,0,1,-,-,34.01874923706055,-118.16986846923828,LOS ANGELES,UNINCORPORATED,-118.16995239257813,34.01869583129883
91027400,2019,2019-07-09,9530,2019-06-28,1855,021610,NA,5,2,9,1900,0,1,1,NA,2,120,I-110 N/B (HARBOR FREEWAY),SEPULVEDA BLVD.,998,S,N,A,-,Y,NA,NA,NA,NA,NA,NA,NA,NA,NA,Y,4,0,2,2,A,-,07,21658,A,N,C,C,A,A,H,-,A,D,0,NA,NA,NA,NA,Y,NA,A,01,0,0,2,0,0,0,0,0,0,-,-,33.48208999633789,-118.17176055908205,LOS ANGELES,UNINCORPORATED,-118.28811645507813,33.80623245239258
91027443,2019,2019-07-09,9530,2019-06-29,1730,022079,NA,6,2,9,1900,0,3,5,NA,2,001,ALAMEDA ST.,94TH ST.,20,N,N,A,-,N,NA,NA,NA,NA,NA,NA,NA,NA,NA,N,4,0,3,2,A,-,03,22350,NA,N,C,C,A,A,H,-,A,D,0,NA,NA,NA,NA,Y,NA,A,01,0,0,3,0,0,0,0,0,0,-,-,33.951541900634766,-118.22979736328124,LOS ANGELES,UNINCORPORATED,-118.22970581054688,33.95149230957031
91027445,2019,2019-07-09,9535,2019-06-28,0815,022142,NA,5,1,3,1914,0,1,1,NA,2,073,I-710 (LONG BEACH FREEWAY) S/B,WASHINGTON BLVD,700,S,N,A,-,Y,NA,NA,710,NA,NA,NA,NA,NA,S,Y,3,0,2,3,A,-,07,21658,A,N,B,C,A,A,H,-,A,D,0,NA,NA,NA,Y,Y,NA,G,25,0,1,1,0,0,0,0,0,0,-,-,34.002811431884766,-118.17368316650392,LOS ANGELES,COMMERCE,-118.17374420166016,34.00284194946289
9102745,2020,2020-11-02,1900,2020-05-21,0934,519502,0533,4,5,5,1959,0,0,0,NA,0,53T1AM,GARVEY AV,STINGLE AV,0,NA,Y,A,-,N,NA,NA,NA,NA,NA,NA,NA,NA,NA,Y,4,0,2,2,A,-,09,21801,A,N,D,C,A,A,H,-,A,D,0,NA,NA,NA,NA,Y,NA,A,01,0,0,2,0,0,0,0,0,0,-,-,34.06267166137695,-118.07488250732422,LOS ANGELES,ROSEMEAD,-118.07489776611328,34.06275177001953
91027452,2019,2019-07-09,9525,2019-07-04,1220,016276,NA,4,1,5,1990,0,1,3,NA,2,601,SR-60 W/B (POMONA FWY),GRAND AVE,1000,W,N,A,-,Y,NA,NA,60,NA,NA,NA,NA,NA,W,N,4,0,1,2,A,-,03,22350,NA,N,C,C,A,A,H,-,A,D,0,NA,NA,NA,NA,Y,NA,A,08,0,0,1,0,0,0,0,0,0,-,-,34.008331298828125,-117.82550048828124,LOS ANGELES,DIAMOND BAR,-117.82544708251952,34.00827407836914
9102746,2020,2020-11-02,1942,2020-05-21,1212,617953,0541,4,5,7,1942,0,0,0,E,0,58T1AM,HUNTINGTON DR,BRADBURY AV,0,NA,Y,A,-,N,NA,NA,NA,NA,NA,NA,NA,NA,NA,Y,4,0,1,3,A,-,08,22107,NA,N,B,C,A,A,H,-,A,D,0,NA,NA,NA,Y,Y,NA,F,26,0,0,1,0,0,0,0,0,0,-,-,34.13956069946289,-117.98130035400392,LOS ANGELES,LOS ANGELES,-117.98188018798828,34.13956832885742
9102747,2020,2020-10-29,1900,2020-05-21,1515,519502,0562,4,5,3,1968,0,0,0,NA,0,55T1PM,CENTRAL AV,LEAFDALE AV,37,W,N,A,-,N,NA,NA,NA,NA,NA,NA,NA,NA,NA,N,2,0,1,3,A,-,09,21802,A,N,D,C,A,A,H,-,A,A,0,NA,NA,Y,NA,Y,NA,C,02,1,0,0,0,0,0,0,0,1,-,-,34.039939880371094,-118.04145050048828,LOS ANGELES,SOUTH EL MONTE,-118.04141998291016,34.03993225097656
91027474,2019,2019-07-09,9530,2019-06-28,0940,020938,NA,5,1,9,1900,0,3,5,NA,2,001,ALAMEDA ST.,NADEAU ST.,0,NA,Y,A,-,N,NA,NA,NA,NA,NA,NA,NA,NA,NA,Y,4,0,1,2,A,-,12,21453,A,N,D,C,A,A,H,-,A,A,0,NA,NA,NA,NA,Y,NA,A,01,0,0,1,0,0,0,0,0,0,-,-,33.96747970581055,-118.23325347900392,LOS ANGELES,UNINCORPORATED,-118.23322296142578,33.96744918823242
91027479,2019,2019-07-09,9535,2019-06-27,0605,022230,NA,4,1,9,1900,0,3,5,NA,2,006,LERMA ROAD (1200 BLOCK),POTRERO AVE,100,E,N,A,-,N,NA,NA,NA,NA,NA,NA,NA,NA,NA,N,3,0,1,3,A,-,03,22350,NA,N,G,B,E,A,H,-,A,D,0,Y,NA,NA,Y,Y,NA,A,01,0,1,0,0,1,0,0,0,0,-,-,34.041900634765625,-118.05380249023438,LOS ANGELES,UNINCORPORATED,-118.05528259277344,34.041908264160156
9102748,2020,2020-10-29,1900,2020-05-22,0812,499592,0523,5,5,4,1971,0,0,0,NA,0,52T1AM,LAS TUNAS DR,ENCINITA AV,0,NA,Y,A,-,N,NA,NA,NA,NA,NA,NA,NA,NA,NA,Y,2,0,2,2,A,-,12,21453,A,N,F,C,A,A,H,-,A,A,0,NA,NA,NA,NA,Y,NA,A,07,2,0,0,0,0,0,0,0,0,-,-,34.1057014465332,-118.0679931640625,LOS ANGELES,TEMPLE CITY,-118.06797790527344,34.105709075927734
91027482,2019,2019-07-09,9525,2019-07-06,1357,020989,NA,6,1,1,1934,0,1,1,NA,2,214,I-210 E/B (FOOTHILL FWY),IRWINDALE AVE,3168,W,N,A,-,Y,NA,NA,210,NA,NA,NA,NA,NA,E,N,4,0,1,4,A,-,03,22350,NA,N,C,C,A,A,H,-,A,D,0,NA,NA,NA,NA,Y,NA,A,01,0,0,1,0,0,0,0,0,0,-,-,34.129878997802734,-117.94384002685548,LOS ANGELES,IRWINDALE,-117.94387817382813,34.12977600097656
91027514,2019,2019-07-09,9535,2019-06-28,1650,018687,NA,5,2,9,1900,0,1,3,NA,2,600,SR-60 (POMONA FREEWAY) E/B,ROWAN AVE.,210,E,N,A,-,Y,NA,NA,60,NA,NA,NA,NA,NA,E,Y,3,0,3,5,A,-,03,22350,NA,N,C,C,A,A,H,-,A,D,0,NA,NA,NA,Y,Y,NA,A,07,0,2,1,0,0,0,0,0,0,-,-,34.03152847290039,-118.18670654296876,LOS ANGELES,UNINCORPORATED,-118.18670654296876,34.03168487548828
91027523,2019,2019-07-09,9580,2019-06-27,1835,022019,NA,4,2,7,1942,0,1,1,NA,2,404,I-405 N/B (SAN DIEGO FWY),MULHOLLAND DR,2640,N,N,A,-,Y,NA,NA,405,NA,NA,NA,NA,NA,N,Y,4,0,1,4,A,-,03,22350,NA,N,C,C,A,A,H,-,A,D,0,NA,NA,NA,NA,Y,NA,A,07,0,0,1,0,0,0,0,0,0,-,-,34.13359832763672,-118.47229766845705,LOS ANGELES,LOS ANGELES,-118.4724349975586,34.13364028930664
91027525,2019,2019-07-09,9530,2019-06-30,1655,021965,NA,7,2,9,1900,0,3,5,NA,2,002,SAN CARLOS ST.,135TH ST.,0,NA,Y,A,-,N,NA,NA,NA,NA,NA,NA,NA,NA,NA,Y,4,0,1,2,A,-,12,21453,A,N,D,C,A,A,H,-,A,A,0,NA,NA,NA,NA,Y,NA,A,07,0,0,1,0,0,0,0,0,0,-,-,33.909141540527344,-118.26959991455078,LOS ANGELES,UNINCORPORATED,-118.26967,33.909159
91027538,2019,2019-07-09,9530,2019-06-29,1655,022109,NA,6,2,9,1900,0,3,5,NA,2,002,MONA BLVD.,118TH ST.,0,NA,Y,B,-,N,NA,NA,NA,NA,NA,NA,NA,NA,NA,N,4,0,2,2,A,-,09,21802,A,N,D,C,A,A,H,-,A,A,0,NA,NA,NA,NA,Y,NA,A,01,0,0,2,0,0,0,0,0,0,-,-,33.92599105834961,-118.22962951660156,LOS ANGELES,UNINCORPORATED,-118.22968292236328,33.92599105834961
91027555,2019,2019-07-09,9545,2019-06-30,2035,021642,NA,7,2,9,1900,0,2,4,NA,1,024,ELIZABETH LAKE RD (10600 BLOCK),SAN FRANCISQUITO CANYON RD,17424,E,N,A,-,N,NA,NA,NA,NA,NA,NA,NA,NA,NA,Y,3,0,1,1,A,-,01,23152,A,M,E,I,A,A,H,-,D,D,0,NA,NA,NA,NA,Y,Y,D,22,0,1,0,0,0,0,0,0,0,-,-,34.63056945800781,-118.32444763183594,LOS ANGELES,UNINCORPORATED,-118.3251724243164,34.630550384521484
91027556,2019,2019-07-09,9525,2019-07-06,0900,020216,NA,6,1,9,1900,0,2,4,NA,2,022,ARROW HIGHWAY,VALLEY CENTER AVE.,0,NA,Y,A,-,N,NA,NA,NA,NA,NA,NA,NA,NA,NA,N,4,0,1,2,A,-,12,21453,A,N,D,C,A,A,H,-,A,A,0,NA,NA,NA,NA,Y,NA,A,07,0,0,1,0,0,0,0,0,0,-,-,34.10673904418945,-117.837646484375,LOS ANGELES,UNINCORPORATED,-117.83763885498048,34.10673141479492
91027577,2019,2019-07-09,9525,2019-07-06,1410,019188,NA,6,2,5,1990,0,1,3,NA,2,603,SR-60 W/B (POMONA FWY),GRAND AVE,400,E,N,A,-,Y,NA,NA,60,NA,NA,NA,NA,NA,W,Y,4,0,2,3,A,-,03,22350,NA,N,C,C,A,A,H,-,A,D,0,NA,NA,NA,NA,Y,NA,A,07,0,0,2,0,0,0,0,0,0,-,-,34.011680603027344,-117.8222198486328,LOS ANGELES,DIAMOND BAR,-117.82210540771484,34.011566162109375
91027583,2019,2019-07-09,9550,2019-06-27,1613,022203,NA,4,2,9,1900,0,3,5,NA,2,002,TELEGRAPH RD,ARMSDALE AVE,0,NA,Y,A,-,N,NA,NA,NA,NA,NA,NA,NA,NA,NA,Y,3,0,1,2,A,-,09,21802,A,N,D,C,A,A,H,-,A,A,0,NA,NA,NA,NA,Y,NA,A,07,0,1,0,0,0,0,0,0,0,-,-,33.92256164550781,-118.02066040039064,LOS ANGELES,UNINCORPORATED,-118.02066040039064,33.92256164550781
91027589,2019,2019-07-09,9525,2019-07-06,2035,021757,NA,6,2,6,1975,0,1,1,NA,2,106,I-10 E/B (SAN BERNARDINO FWY),BARRANCA AVE,700,W,N,A,-,Y,NA,NA,10,NA,NA,NA,NA,NA,E,Y,4,0,1,2,A,-,07,21658,A,N,C,C,A,A,H,-,C,D,0,NA,NA,NA,NA,Y,NA,A,01,0,0,1,0,0,0,0,0,0,-,-,34.07183074951172,-117.88446807861328,LOS ANGELES,WEST COVINA,-117.88446807861328,34.07184600830078
91027617,2019,2019-07-09,9525,2019-07-07,1553,020370,NA,7,2,5,1926,0,1,1,NA,2,207,I-210 W/B (FOOTHILL FWY),LONE HILL AVE,500,E,N,A,-,Y,NA,NA,210,NA,NA,NA,NA,NA,W,N,4,0,1,2,A,-,03,22350,NA,N,C,C,A,A,H,-,A,D,0,NA,NA,NA,NA,Y,NA,A,01,0,0,1,0,0,0,0,0,0,-,-,34.12055969238281,-117.8232879638672,LOS ANGELES,GLENDORA,-117.8232879638672,34.12057113647461
91027633,2019,2019-07-09,9535,2019-06-30,2125,021773,NA,7,2,9,1900,0,3,5,NA,2,006,PARAMOUNT BLVD,SAN GABRIEL BLVD,0,NA,Y,A,-,N,NA,NA,NA,NA,NA,NA,NA,NA,NA,Y,3,0,2,2,A,-,09,21801,A,N,D,C,A,A,H,-,C,A,0,NA,NA,NA,NA,Y,NA,A,01,0,1,1,0,0,0,0,0,0,-,-,34.04450988769531,-118.09053802490234,LOS ANGELES,UNINCORPORATED,-118.09044647216795,34.04441833496094
91027647,2019,2019-07-09,9590,2019-06-27,0220,021883,NA,4,3,7,1942,0,1,1,NA,2,010,SR-110 N/B (ASP) TO I-5 N/B (GSF),I-5 (GOLDEN STATE FREEWAY),1500,S,N,A,-,Y,NA,NA,110,NA,NA,NA,R,NA,N,Y,3,0,1,1,A,-,01,23152,A,N,E,I,A,A,H,-,C,D,0,NA,NA,NA,NA,Y,Y,A,01,0,1,0,0,0,0,0,0,0,-,-,34.079559326171875,-118.22721862792967,LOS ANGELES,LOS ANGELES,-118.22721862792967,34.079559326171875
91027676,2019,2019-07-09,9525,2019-07-08,1450,019188,NA,1,2,4,1913,0,1,1,NA,2,209,SR-210 W/B (FOOTHILL FWY),MOUNTAIN AVE,500,E,N,A,-,Y,NA,NA,210,NA,NA,NA,NA,NA,W,Y,3,0,1,1,A,-,08,22107,NA,N,E,I,A,A,H,-,A,D,0,NA,NA,NA,NA,Y,NA,A,01,0,1,0,0,0,0,0,0,0,-,-,34.12017059326172,-117.72718811035156,LOS ANGELES,CLAREMONT,-117.72718811035156,34.120330810546875
91027692,2019,2019-07-09,9535,2019-06-29,1200,017781,NA,6,1,1,1932,0,1,1,NA,2,651,I-605 (SAN GABRIEL RIVER FREEWAY) S/B,SR-60 (POMONA FREEWAY) W/B,3432,N,N,A,-,Y,NA,NA,605,NA,NA,NA,NA,NA,S,Y,4,0,1,2,A,-,04,21703,NA,N,C,C,A,A,H,-,A,D,0,NA,NA,NA,NA,Y,NA,A,07,0,0,1,0,0,0,0,0,0,-,-,34.03940963745117,-118.01943969726564,LOS ANGELES,INDUSTRY,-118.01940155029295,34.0393180847168
91027713,2019,2019-07-09,9535,2019-06-28,2250,022261,NA,5,3,9,1900,0,2,4,NA,2,024,WHITTIER BLVD,EASTERN AVE,0,NA,Y,A,-,N,NA,NA,NA,NA,NA,NA,NA,NA,NA,Y,3,0,3,2,A,-,09,21801,A,N,A,C,A,A,H,-,C,A,0,NA,NA,NA,NA,Y,NA,A,01,0,1,2,0,0,0,0,0,0,-,-,34.02384948730469,-118.17385864257813,LOS ANGELES,UNINCORPORATED,-118.17395782470705,34.023921966552734
91027718,2019,2019-07-09,9590,2019-07-04,1520,021789,NA,4,2,7,1942,0,1,1,NA,2,064,I-10 E/B (SANTA MONICA FREEWAY),SANTA FE AVENUE,1100,E,N,A,-,Y,NA,NA,10,NA,NA,NA,NA,NA,E,Y,3,0,1,1,A,-,08,22107,NA,N,E,I,A,A,H,-,A,D,0,NA,NA,NA,NA,Y,NA,A,08,0,1,0,0,0,0,0,0,0,-,-,34.02898025512695,-118.22618865966795,LOS ANGELES,LOS ANGELES,-118.22621917724608,34.02909851074219
91027719,2019,2019-07-09,9535,2019-06-21,2145,021970,NA,5,2,9,1900,0,2,4,NA,2,014,CESAR E CHAVEZ AVE (3400 BLOCK),DITMAN AVE.,25,W,N,B,-,N,NA,NA,NA,NA,NA,NA,NA,NA,NA,Y,4,0,1,2,A,-,09,21801,A,M,D,C,A,A,H,-,C,A,0,NA,NA,NA,NA,Y,NA,D,22,0,0,1,0,0,0,0,0,0,-,-,34.04051971435547,-118.18939971923828,LOS ANGELES,UNINCORPORATED,-118.18936157226564,34.04050827026367
91027726,2019,2019-07-09,9590,2019-07-05,1550,021789,NA,5,2,7,1942,0,1,1,NA,2,052,I-110 N/B (HARBOR FREEWAY),7TH STREET,100,N,N,A,-,Y,NA,NA,110,NA,NA,NA,NA,NA,N,Y,3,0,1,1,A,-,03,22350,NA,N,F,A,A,A,H,-,A,D,0,NA,NA,Y,NA,Y,NA,C,02,0,1,0,0,0,0,0,0,1,-,-,34.050559997558594,-118.26216888427734,LOS ANGELES,LOS ANGELES,-118.26215362548828,34.05052947998047
91027738,2019,2019-07-09,9525,2019-07-06,1330,021224,NA,6,1,4,1960,0,1,3,NA,2,572,SR-57 N/B (ORANGE FWY),VIA VERDE AVE,2112,S,N,A,-,Y,NA,NA,57,NA,NA,NA,NA,NA,N,Y,3,0,2,2,A,-,01,23152,A,N,C,C,A,A,H,-,A,D,0,NA,NA,NA,NA,Y,Y,A,01,0,2,0,0,0,0,0,0,0,-,-,34.073219299316406,-117.80934143066406,LOS ANGELES,SAN DIMAS,-117.80937957763672,34.07319259643555
91027752,2019,2019-07-10,9590,2019-07-05,0110,022344,NA,5,3,7,1942,0,1,1,NA,2,014,SR 110 N/B (ASP) TO AVENUE 60,AVE 60,375,N,N,A,-,Y,NA,NA,110,NA,NA,NA,R,NA,N,Y,3,0,2,1,A,-,01,23152,A,N,E,I,A,A,H,-,C,D,0,NA,NA,NA,NA,Y,Y,A,07,0,2,0,0,0,0,0,0,0,-,-,34.10834884643555,-118.1852569580078,LOS ANGELES,LOS ANGELES,-118.1852569580078,34.10834884643555
91027758,2019,2019-07-10,9550,2019-07-03,1030,020928,NA,3,1,9,1900,0,2,4,NA,1,012,WASHINGTON BOULEVARD,DUCHESS DR,90,E,N,A,-,N,NA,NA,NA,NA,NA,NA,NA,NA,NA,Y,4,0,2,2,A,-,09,21804,A,N,D,C,A,A,H,-,A,D,0,NA,NA,NA,NA,Y,NA,A,01,0,0,2,0,0,0,0,0,0,-,-,33.971771240234375,-118.07051849365234,LOS ANGELES,UNINCORPORATED,-118.07056427001952,33.97173309326172
91027764,2019,2019-07-10,9550,2019-07-01,1820,021977,NA,1,2,9,1900,0,3,5,NA,2,002,SANTA GERTRUDES SOUTHBOUND,LEMON AVENUE,0,NA,Y,A,-,N,NA,NA,NA,NA,NA,NA,NA,NA,NA,Y,4,0,1,2,A,-,09,21801,A,N,A,C,A,A,H,-,A,A,0,NA,NA,NA,NA,Y,NA,A,01,0,0,1,0,0,0,0,0,0,-,-,33.52280044555664,-117.59400177001952,LOS ANGELES,UNINCORPORATED,-117.9944076538086,33.92448043823242
91027767,2019,2019-07-10,9590,2019-07-05,1320,021678,NA,5,1,7,1942,0,1,1,NA,2,050,I-110 N/B (HARBOR FREEWAY),COLDEN AVE.,100,N,N,A,-,Y,NA,NA,110,NA,NA,NA,NA,NA,N,Y,3,0,1,3,A,-,03,22350,NA,N,C,C,A,A,H,-,A,D,0,NA,NA,NA,NA,Y,NA,A,07,0,1,0,0,0,0,0,0,0,-,-,33.949440002441406,-118.27961730957033,LOS ANGELES,LOS ANGELES,-118.27957153320313,33.9494514465332
91027798,2019,2019-07-10,9590,2019-07-08,1745,018345,NA,1,2,7,1942,0,1,1,NA,2,061,I-10 WB (SMF),CRENSHAW BLVD.,300,W,N,A,-,Y,NA,NA,10,NA,NA,NA,NA,NA,W,Y,4,0,1,2,A,-,03,22350,NA,N,C,C,A,A,H,-,A,D,0,NA,NA,NA,NA,Y,NA,A,01,0,0,1,0,0,0,0,0,0,-,-,34.03512954711914,-118.33567810058594,LOS ANGELES,LOS ANGELES,-118.33567810058594,34.03506851196289
91027802,2019,2019-07-10,9590,2019-05-26,1830,021537,NA,7,2,7,1942,0,1,3,NA,2,095,SR-2 W/B (GLF),COLORADO BLVD,3500,W,N,B,C,Y,NA,NA,2,NA,NA,NA,NA,NA,W,Y,3,0,1,1,A,-,08,22107,NA,N,E,I,A,B,H,-,A,D,0,NA,NA,NA,NA,Y,NA,A,01,0,1,0,0,0,0,0,0,0,-,-,34.13542938232422,-118.22966766357422,LOS ANGELES,LOS ANGELES,-118.22960662841795,34.13542175292969
91027815,2019,2019-07-10,9565,2019-06-28,0720,020972,NA,5,1,7,1942,0,1,1,NA,2,060,I-405 NB(SAN DIEGO FWY) TO IMPERIAL HWY,IMPERIAL HIGHWAY,20,S,N,B,-,Y,NA,NA,405,NA,NA,NA,R,NA,N,N,4,0,1,2,A,-,03,22350,NA,N,C,C,A,A,H,-,A,D,0,NA,NA,NA,NA,Y,NA,A,01,0,0,1,0,0,0,0,0,0,-,-,33.93077087402344,-118.3664321899414,LOS ANGELES,LOS ANGELES,-118.3664321899414,33.93077087402344
91027821,2019,2019-07-10,9565,2019-06-21,2030,022097,NA,5,2,9,1900,0,2,4,NA,2,022,NORMANDIE AVE,126TH ST,0,NA,Y,A,-,N,NA,NA,NA,NA,NA,NA,NA,NA,NA,Y,3,0,3,3,A,-,05,21651,B,N,D,C,A,A,H,-,C,D,0,NA,NA,NA,NA,Y,NA,A,01,0,1,2,0,0,0,0,0,0,-,-,33.91830062866211,-118.30039215087892,LOS ANGELES,UNINCORPORATED,-118.30039978027344,33.91831970214844
91027830,2019,2019-07-10,9525,2019-07-02,2135,020636,NA,2,2,4,1960,0,1,3,NA,2,572,SR-57 N/B (ORANGE FWY),COVINA BLVD,330,N,N,A,-,Y,NA,NA,57,NA,NA,NA,NA,NA,N,Y,4,0,1,2,A,-,03,22350,NA,N,C,C,A,A,H,-,C,D,0,NA,NA,NA,NA,Y,NA,A,07,0,0,1,0,0,0,0,0,0,-,-,34.10103988647461,-117.81925201416016,LOS ANGELES,SAN DIMAS,-117.81928253173828,34.10103225708008
91027838,2019,2019-07-10,9540,2019-07-07,0100,021349,NA,7,3,6,1985,0,1,3,NA,1,144,SR-14 N/B,CEDAR VALLEY WAY,790,S,N,A,-,Y,NA,NA,14,NA,NA,NA,NA,NA,N,Y,3,0,1,1,A,-,07,21658,A,N,E,I,A,A,H,-,D,D,0,NA,NA,NA,NA,Y,NA,A,01,0,1,0,0,0,0,0,0,0,-,-,34.398170471191406,-118.46212005615234,LOS ANGELES,SANTA CLARITA,-118.46219635009766,34.398284912109375
91027863,2019,2019-09-20,9580,2019-07-06,0642,022090,NA,6,1,7,1942,0,1,2,NA,2,102,US-101 N/B (VENTURA FREEWAY),WOODMAN AVE,1320,N,N,A,-,Y,NA,NA,101,NA,NA,NA,NA,NA,N,Y,4,0,1,2,A,-,08,22107,NA,N,B,C,A,A,H,-,A,D,0,NA,NA,NA,Y,Y,NA,J,48,0,0,1,0,0,0,0,0,0,-,-,34.15578079223633,-118.43672943115234,LOS ANGELES,LOS ANGELES,-118.43672943115234,34.1557502746582
91027872,2019,2019-07-10,9590,2019-07-01,1838,018345,NA,1,2,7,1942,0,1,1,NA,2,060,I-10 EB (SMF),VENICE BLVD.,330,E,N,A,-,Y,NA,NA,10,NA,NA,NA,NA,NA,E,Y,3,0,1,2,A,-,07,21658,A,N,B,C,A,A,H,-,A,D,0,NA,NA,Y,NA,Y,NA,A,01,0,1,0,0,0,0,0,0,1,-,-,34.036190032958984,-118.3743133544922,LOS ANGELES,LOS ANGELES,-118.37430572509766,34.03619384765625
91027875,2019,2019-07-10,9540,2019-06-22,0525,021118,NA,6,3,6,1985,0,1,3,NA,1,143,SR-14 S/B (ANTELOPE VALLEY FWY),NEWHALL AVE,3696,S,N,A,-,Y,NA,NA,14,NA,NA,NA,NA,NA,S,Y,2,0,2,5,A,-,03,22350,NA,N,C,C,E,A,H,-,D,D,0,Y,NA,NA,NA,Y,NA,A,07,1,0,1,0,1,0,0,0,0,-,-,34.355098724365234,-118.5060577392578,LOS ANGELES,SANTA CLARITA,-118.5060577392578,34.355098724365234
91027876,2019,2019-07-10,9530,2019-06-28,2149,021108,NA,5,2,9,1900,0,3,5,NA,2,001,HOOPER AVE (6800 BLOCK),68TH ST.,25,N,N,A,-,N,NA,NA,NA,NA,NA,NA,NA,NA,NA,N,4,0,1,2,A,-,11,21954,A,N,G,B,D,A,H,-,C,D,0,Y,NA,NA,NA,Y,Y,N,60,0,0,1,0,1,0,0,0,0,-,-,33.978599548339844,-118.25206756591795,LOS ANGELES,UNINCORPORATED,-118.25205993652344,33.97846984863281
91027884,2019,2019-07-10,9530,2019-06-29,1800,022197,NA,6,2,7,1942,0,1,1,NA,2,110,I-110 N/B (HARBOR FREEWAY),I-105 E/B (GLENN ANDERSON FWY),30,N,N,B,-,Y,NA,NA,110,NA,NA,NA,NA,NA,N,Y,4,0,1,2,A,-,03,22350,NA,N,C,C,A,A,H,-,A,D,0,NA,NA,NA,NA,Y,NA,A,01,0,0,1,0,0,0,0,0,0,-,-,33.92853927612305,-118.28045654296876,LOS ANGELES,LOS ANGELES,-118.2805633544922,33.92856216430664
91027898,2019,2019-07-10,9565,2019-06-28,1620,022124,NA,5,2,9,1900,0,2,4,NA,2,031,N/B LA CIENEGA BLVD,STOCKER ST,300,S,N,A,-,N,NA,NA,NA,NA,NA,NA,NA,NA,NA,N,4,0,2,2,A,-,03,22350,NA,N,C,C,A,A,H,-,A,D,0,NA,NA,NA,Y,Y,NA,F,26,0,0,2,0,0,0,0,0,0,-,-,33.99720001220703,-118.36920166015624,LOS ANGELES,UNINCORPORATED,-118.369312,33.997236
91027928,2019,2019-07-10,9530,2019-06-29,1550,021252,NA,6,2,9,1900,0,1,1,NA,2,120,I-110 S/B (HARBOR FREEWAY),SEPULVEDA BLVD.,1795,N,N,A,-,Y,NA,NA,110,NA,NA,NA,NA,NA,S,N,4,0,1,2,A,-,03,22350,NA,N,C,C,A,A,H,-,A,D,0,NA,NA,NA,NA,Y,NA,A,01,0,0,1,0,0,0,0,0,0,-,-,33.81414031982422,-118.2875518798828,LOS ANGELES,UNINCORPORATED,-118.28742218017578,33.81414031982422
91027938,2019,2019-07-10,9550,2019-07-01,0740,021054,NA,1,1,3,1964,0,1,1,NA,2,650,INTERSTATE 605 (SAN GABRIEL RIVER FREEW,TELEGRAPH ROAD,500,S,N,A,-,Y,NA,NA,605,NA,NA,NA,NA,NA,NA,Y,4,0,1,2,A,-,03,22350,NA,N,C,C,A,A,H,-,A,D,0,NA,NA,NA,NA,Y,NA,A,01,0,0,1,0,0,0,0,0,0,-,-,33.951499938964844,-118.0907974243164,LOS ANGELES,SANTA FE SPRINGS,-118.0907745361328,33.95148468017578