CASE_ID,ACCIDENT_YEAR,PROC_DATE,JURIS,COLLISION_DATE,COLLISION_TIME,OFFICER_ID,REPORTING_DISTRICT,DAY_OF_WEEK,CHP_SHIFT,POPULATION,CNTY_CITY_LOC,SPECIAL_COND,BEAT_TYPE,CHP_BEAT_TYPE,CITY_DIVISION_LAPD,CHP_BEAT_CLASS,BEAT_NUMBER,PRIMARY_RD,SECONDARY_RD,DISTANCE,DIRECTION,INTERSECTION,WEATHER_1,WEATHER_2,STATE_HWY_IND,CALTRANS_COUNTY,CALTRANS_DISTRICT,STATE_ROUTE,ROUTE_SUFFIX,POSTMILE_PREFIX,POSTMILE,LOCATION_TYPE,RAMP_INTERSECTION,SIDE_OF_HWY,TOW_AWAY,COLLISION_SEVERITY,NUMBER_KILLED,NUMBER_INJURED,PARTY_COUNT,PRIMARY_COLL_FACTOR,PCF_CODE_OF_VIOL,PCF_VIOL_CATEGORY,PCF_VIOLATION,PCF_VIOL_SUBSECTION,HIT_AND_RUN,TYPE_OF_COLLISION,MVIW,PED_ACTION,ROAD_SURFACE,ROAD_COND_1,ROAD_COND_2,LIGHTING,CONTROL_DEVICE,CHP_ROAD_TYPE,PEDESTRIAN_ACCIDENT,BICYCLE_ACCIDENT,MOTORCYCLE_ACCIDENT,TRUCK_ACCIDENT,NOT_PRIVATE_PROPERTY,ALCOHOL_INVOLVED,STWD_VEHTYPE_AT_FAULT,CHP_VEHTYPE_AT_FAULT,COUNT_SEVERE_INJ,COUNT_VISIBLE_INJ,COUNT_COMPLAINT_PAIN,COUNT_PED_KILLED,COUNT_PED_INJURED,COUNT_BICYCLIST_KILLED,COUNT_BICYCLIST_INJURED,COUNT_MC_KILLED,COUNT_MC_INJURED,PRIMARY_RAMP,SECONDARY_RAMP,LATITUDE,LONGITUDE,COUNTY,CITY,POINT_X,POINT_Y
91033295,2019,2019-07-18,9550,2019-07-13,1310,021934,NA,6,1,9,1900,0,1,1,NA,2,651,I-605 NB TO ALONDRA BLVD,ALONDRA BOULEVARD,1500,S,N,A,-,Y,NA,NA,NA,NA,NA,NA,NA,NA,NA,Y,2,0,1,2,A,-,07,21658,A,N,D,C,A,A,H,-,A,D,0,NA,NA,Y,NA,Y,NA,D,22,1,0,0,0,0,0,0,0,1,-,-,33.88277053833008,-118.1038818359375,LOS ANGELES,UNINCORPORATED,-118.10430145263672,33.88745880126953
91033333,2019,2019-07-18,9575,2019-07-09,1255,016741,NA,2,1,7,1942,0,1,1,NA,2,061,I-210 W/B (FOOTHILL FREEWAY),WENTWORTH ST,2800,W,N,A,-,Y,NA,NA,210,NA,NA,NA,NA,NA,W,Y,3,0,1,1,A,-,08,22107,NA,N,E,I,A,A,H,-,A,D,0,NA,NA,NA,NA,Y,NA,A,01,0,1,0,0,0,0,0,0,0,-,-,34.26988983154297,-118.3403091430664,LOS ANGELES,LOS ANGELES,-118.34036254882813,34.2697868347168
9103338,2020,2020-08-13,1942,2020-05-08,1720,38634,LAPD,5,5,7,1942,0,0,0,NA,0,1651,BRANFORD ST,LAUREL CANYON BL,294,E,N,A,-,N,NA,NA,NA,NA,NA,NA,NA,NA,NA,Y,4,0,1,2,A,-,01,23152,F,N,B,E,A,A,H,-,A,D,0,NA,NA,NA,NA,Y,NA,A,08,0,0,1,0,0,0,0,0,0,-,-,NA,NA,LOS ANGELES,LOS ANGELES,-118.41246032714844,34.241451263427734
9103342,2020,2021-01-19,1942,2020-05-11,1220,33294,1612,1,5,7,1942,0,0,0,P,0,26M36,VAN NUYS BL,BRADLEY AV,0,NA,Y,A,-,N,NA,NA,NA,NA,NA,NA,NA,NA,NA,N,4,0,3,3,A,-,04,21703,NA,N,C,C,A,A,H,-,A,A,0,NA,NA,NA,NA,Y,NA,D,22,0,0,3,0,0,0,0,0,0,-,-,NA,NA,LOS ANGELES,LOS ANGELES,-118.41828155517578,34.268890380859375
91033425,2019,2019-07-18,9550,2019-07-13,1540,021954,NA,6,2,5,1908,0,1,3,NA,2,091,STATE ROUTE 91 EASTBOUND,BELLFLOWER BLVD,2000,E,N,A,-,Y,NA,NA,91,NA,NA,NA,NA,NA,E,N,4,0,2,2,A,-,03,22350,NA,N,B,C,A,A,H,-,A,D,0,NA,NA,NA,NA,Y,NA,A,07,0,0,2,0,0,0,0,0,0,-,-,33.87607955932617,-118.11769104003906,LOS ANGELES,BELLFLOWER,-118.1176986694336,33.87620162963867
91033431,2019,2019-07-18,9575,2019-07-16,0815,017354,NA,2,1,7,1942,0,1,3,NA,2,043,SR-134 E/B (VENTURA FREEWAY),RIVERSIDE DR. (VICTORY BLVD.) O/C,1100,W,N,A,-,Y,NA,NA,134,NA,NA,NA,NA,NA,E,Y,3,0,1,2,A,-,07,21658,A,N,B,C,A,A,H,-,A,D,0,NA,NA,Y,NA,Y,NA,A,07,0,1,0,0,0,0,0,0,1,-,-,34.15578842163086,-118.29762268066406,LOS ANGELES,LOS ANGELES,-118.29763793945313,34.155696868896484
91033438,2019,2019-07-18,9550,2019-07-08,1850,022268,NA,1,2,9,1900,0,1,1,NA,2,650,I-605 (S/B),SLAUSON AVENUE,200,N,N,A,-,Y,NA,NA,605,NA,NA,NA,NA,NA,NA,Y,3,0,2,3,A,-,03,22350,NA,N,C,C,A,A,H,-,A,D,0,NA,NA,NA,NA,Y,NA,A,07,0,1,1,0,0,0,0,0,0,-,-,33.96820068359375,-118.08309936523438,LOS ANGELES,UNINCORPORATED,-118.08299255371094,33.968143463134766
9103346,2020,2021-01-19,1942,2020-05-06,0705,30452,0969,3,5,7,1942,0,0,0,I,0,9A37,CHANDLER BL,FULTON AV,0,NA,Y,A,-,N,NA,NA,NA,NA,NA,NA,NA,NA,NA,N,4,0,2,2,A,-,12,21453,A,N,D,C,A,A,H,-,A,A,0,NA,NA,NA,NA,Y,NA,D,22,0,0,2,0,0,0,0,0,0,-,-,NA,NA,LOS ANGELES,LOS ANGELES,-118.42249298095705,34.16856002807617
9103350,2020,2021-01-19,1942,2020-05-09,1330,37856,1664,6,5,7,1942,0,0,0,P,0,16A77,WENTWORTH AV,SHELDON ST,85,E,N,A,-,N,NA,NA,NA,NA,NA,NA,NA,NA,NA,Y,3,0,1,1,A,-,03,22350,NA,N,F,A,A,A,H,-,A,D,0,NA,NA,NA,NA,Y,NA,D,22,0,1,0,0,0,0,0,0,0,-,-,NA,NA,LOS ANGELES,LOS ANGELES,-118.37985229492188,34.24991226196289
91033529,2019,2019-07-18,9550,2019-07-13,1315,021954,NA,6,1,3,1903,0,1,3,NA,2,091,STATE ROUTE 91 EASTBOUND,STUDEBAKER ROAD,500,E,N,A,-,Y,NA,NA,NA,NA,NA,NA,NA,NA,NA,Y,4,0,1,4,A,-,03,22350,NA,N,C,C,A,A,H,-,A,D,0,NA,NA,NA,NA,Y,NA,A,01,0,0,1,0,0,0,0,0,0,-,-,33.876338958740234,-118.09799194335938,LOS ANGELES,ARTESIA,-118.09818267822266,33.87628173828125
91033534,2019,2019-07-18,9530,2019-07-08,1430,022292,NA,1,2,7,1942,0,1,1,NA,2,400,I-405 N/B FROM VERMONT AVE.,VERMONT AVE.,6,N,N,A,-,Y,NA,NA,405,NA,NA,NA,R,NA,N,Y,3,0,1,2,A,-,09,21804,A,N,D,G,A,A,H,-,A,D,0,NA,Y,NA,NA,Y,NA,L,04,0,1,0,0,0,0,1,0,0,-,-,33.85995101928711,-118.29071807861328,LOS ANGELES,LOS ANGELES,-118.29071807861328,33.85995101928711
91033535,2019,2019-07-18,9550,2019-07-13,1825,021954,NA,6,2,5,1908,0,1,3,NA,2,091,STATE ROUTE 91 EASTBOUND,WOODROOF AVENUE,500,E,N,A,-,Y,NA,NA,91,NA,NA,NA,NA,NA,E,Y,3,0,2,2,A,-,03,22350,NA,N,C,C,A,A,H,-,A,D,0,NA,NA,NA,NA,Y,NA,A,01,0,1,1,0,0,0,0,0,0,-,-,33.876461029052734,-118.11466217041016,LOS ANGELES,BELLFLOWER,-118.11466979980467,33.876556396484375
9103354,2020,2021-01-21,1942,2020-05-08,1325,39746,1959,5,5,7,1942,0,0,0,NA,0,19A79,PAXTON ST,SHARP AV,0,NA,Y,A,-,N,NA,NA,NA,NA,NA,NA,NA,NA,NA,N,4,0,2,2,A,-,09,21802,A,N,D,C,A,A,H,-,A,A,0,NA,NA,NA,NA,Y,NA,D,22,0,0,2,0,0,0,0,0,0,-,-,NA,NA,LOS ANGELES,LOS ANGELES,-118.44175720214844,34.26231002807617
91033545,2019,2019-07-18,9535,2019-07-08,1545,022256,NA,1,2,3,1914,0,1,1,NA,2,501,I-5 (SANTA ANA FREEWAY) S/B,I-710 (LONG BEACH FWY),1800,S,N,A,-,Y,NA,NA,5,NA,NA,NA,NA,NA,S,N,4,0,1,2,A,-,03,22350,NA,N,C,C,A,A,H,-,A,A,0,NA,NA,NA,NA,Y,NA,A,01,0,0,1,0,0,0,0,0,0,-,-,34.01374053955078,-118.16670989990234,LOS ANGELES,COMMERCE,-118.16671752929688,34.01373291015625
91033548,2019,2019-07-18,9590,2019-07-18,0930,013435,NA,4,1,7,1942,0,1,1,NA,2,062,I-10 E/B (SANTA MONICA FREEWAY),HOOVER STREET,500,W,N,A,-,Y,NA,NA,10,NA,NA,NA,NA,NA,E,N,4,0,1,2,A,-,03,22350,NA,N,C,C,A,A,H,-,A,D,0,NA,NA,NA,NA,Y,NA,A,01,0,0,1,0,0,0,0,0,0,-,-,34.03676986694336,-118.28656768798828,LOS ANGELES,LOS ANGELES,-118.28656768798828,34.036800384521484
91033578,2019,2019-07-18,9590,2019-07-17,0835,013179,NA,3,1,7,1942,0,1,1,NA,2,060,I-10 E/B (SANTA MONICA FREEWAY),LA BREA AVENUE,150,E,N,A,-,Y,NA,NA,10,NA,NA,NA,NA,NA,E,Y,4,0,1,2,A,-,07,21658,A,N,B,C,A,A,H,-,A,D,0,NA,NA,Y,NA,Y,NA,A,01,0,0,1,0,0,0,0,0,1,-,-,34.034271240234375,-118.35003662109376,LOS ANGELES,LOS ANGELES,-118.35003662109376,34.03421401977539
91033579,2019,2019-07-18,9550,2019-07-13,1324,022260,NA,6,1,9,1900,0,3,5,NA,2,003,MONTE CRISTO DR,PUNTA DEL ESTE DR,10,W,N,A,-,N,NA,NA,NA,NA,NA,NA,NA,NA,NA,Y,3,0,3,1,A,-,08,22107,NA,N,E,I,A,A,H,-,A,D,0,NA,NA,NA,NA,Y,NA,A,01,0,3,0,0,0,0,0,0,0,-,-,33.98027038574219,-117.9553680419922,LOS ANGELES,UNINCORPORATED,-117.9552993774414,33.98026657104492
91033589,2019,2019-07-18,9590,2019-07-15,0130,022006,NA,1,3,7,1942,0,1,1,NA,2,052,I-110 N/B (HAF),28TH ST.,10,N,N,A,-,Y,NA,NA,110,NA,NA,NA,NA,NA,N,Y,4,0,1,1,A,-,01,23152,A,N,E,I,A,A,H,-,C,D,0,NA,NA,NA,Y,Y,Y,F,26,0,0,1,0,0,0,0,0,0,-,-,34.024559020996094,-118.27603912353516,LOS ANGELES,LOS ANGELES,-118.2761001586914,34.02459716796875
9103362,2020,2020-10-31,1942,2020-05-04,1820,39277,881,1,5,7,1942,0,0,0,NA,0,8X48,OLYMPIC BL,FEDERAL AV,15,W,N,A,-,N,NA,NA,NA,NA,NA,NA,NA,NA,NA,Y,4,0,1,3,-,-,-,NA,A,N,C,E,A,A,H,-,A,D,0,NA,NA,NA,Y,Y,NA,A,01,0,0,1,0,0,0,0,0,0,-,-,NA,NA,LOS ANGELES,LOS ANGELES,-118.44599151611328,34.03532791137695
91033687,2019,2019-07-18,9550,2019-07-14,1305,022023,NA,7,1,9,1900,0,3,5,NA,2,002,CARMENITA RD.,FLORENCE AVENUE,200,S,N,A,-,N,NA,NA,NA,NA,NA,NA,NA,NA,NA,Y,4,0,1,3,A,-,03,22350,NA,N,C,C,A,A,H,-,A,D,0,NA,NA,NA,NA,Y,NA,A,01,0,0,1,0,0,0,0,0,0,-,-,33.560699462890625,-118.02469635009766,LOS ANGELES,UNINCORPORATED,-118.0465850830078,33.93564987182617
91033688,2019,2019-07-18,9535,2019-06-10,2055,022246,NA,1,2,9,1900,0,2,4,NA,2,014,CESAR E CHAVEZ AVE,GAGE AVE,0,NA,Y,A,-,N,NA,NA,NA,NA,NA,NA,NA,NA,NA,Y,2,0,1,2,A,-,12,21453,A,N,D,C,A,A,H,-,C,A,0,NA,NA,Y,NA,Y,NA,A,01,1,0,0,0,0,0,0,0,1,-,-,34.04050064086914,-118.18460083007813,LOS ANGELES,UNINCORPORATED,-118.18464660644533,34.04051971435547
91033715,2019,2019-07-19,9565,2019-07-09,1050,020560,NA,2,1,7,1942,0,1,1,NA,2,060,I-405 N/B (SAN DIEGO FREEWAY),LA TIJERA BLVD,400,S,N,A,-,Y,NA,NA,405,NA,NA,NA,NA,NA,N,Y,4,0,1,3,A,-,03,22350,NA,N,C,C,A,A,H,-,A,D,0,NA,NA,NA,NA,Y,NA,A,01,0,0,1,0,0,0,0,0,0,-,-,33.97119140625,-118.37650299072266,LOS ANGELES,LOS ANGELES,-118.37650299072266,33.97118377685547
91033717,2019,2019-07-19,9565,2019-07-10,2130,021453,NA,3,2,7,1942,0,1,1,NA,2,083,I-10 E/B (SANTA MONICA FWY.),MOTOR AVE.,500,E,N,A,-,Y,NA,NA,10,NA,NA,NA,NA,NA,E,Y,4,0,3,3,A,-,03,22350,NA,N,C,C,A,A,H,-,C,D,0,NA,NA,NA,NA,Y,NA,A,01,0,0,3,0,0,0,0,0,0,-,-,34.03010940551758,-118.40911865234376,LOS ANGELES,LOS ANGELES,-118.40911865234376,34.030113220214844
91033721,2019,2019-07-19,9590,2019-07-14,0042,022136,NA,7,3,7,1942,0,1,1,NA,2,061,I-10 W/B (SANTA MONICA FREEWAY),WASHINGTON BLVD.,600,E,N,A,-,Y,NA,NA,10,NA,NA,NA,NA,NA,W,N,4,0,1,2,A,-,01,23152,A,N,C,C,A,A,H,-,C,D,0,NA,NA,NA,NA,Y,Y,A,07,0,0,1,0,0,0,0,0,0,-,-,34.034210205078125,-118.36389923095705,LOS ANGELES,LOS ANGELES,-118.36390686035156,34.03418731689453
9103373,2020,2020-10-31,1941,2020-05-11,2213,11559,NA,1,5,7,1941,0,0,0,NA,0,NA,OCEAN BL,MOLINO AV,0,NA,Y,A,-,N,NA,NA,NA,NA,NA,NA,NA,NA,NA,N,2,0,1,2,A,-,10,21950,NA,N,-,B,B,A,H,-,C,A,0,Y,NA,NA,NA,Y,NA,D,NA,1,0,0,0,1,0,0,0,0,-,-,NA,NA,LOS ANGELES,LONG BEACH,-118.16145324707033,33.7628288269043
9103376,2020,2020-11-13,1928,2020-05-08,1428,50376,529,5,5,5,1928,0,0,0,NA,0,502,CRENSHAW BL,EL SEGUNDO BL,0,NA,Y,A,-,N,NA,NA,NA,NA,NA,NA,NA,NA,NA,Y,4,0,2,5,A,-,12,21453,A,N,D,C,A,A,H,-,A,A,0,NA,NA,NA,NA,Y,NA,A,01,0,0,2,0,0,0,0,0,0,-,-,33.91638946533203,-118.32650756835938,LOS ANGELES,HAWTHORNE,-118.32659912109376,33.916439056396484
9103377,2020,2020-10-31,1941,2020-05-08,1254,11012,NA,5,5,7,1941,0,0,0,NA,0,NA,6TH ST,PACIFIC AV,6,W,N,A,-,N,NA,NA,NA,NA,NA,NA,NA,NA,NA,Y,4,0,2,3,A,-,00,21853,A,N,D,C,A,A,H,-,A,A,0,NA,NA,NA,NA,Y,NA,D,NA,0,0,2,0,0,0,0,0,0,-,-,NA,NA,LOS ANGELES,LONG BEACH,-118.19374084472656,33.774139404296875
91033780,2019,2019-07-19,9590,2019-07-12,2150,021835,NA,5,2,7,1942,0,1,1,NA,2,083,I-5 S/B (GSF),NEWELL STREET,950,N,N,A,-,Y,NA,NA,5,NA,NA,NA,NA,NA,S,Y,4,0,1,2,A,-,03,22350,NA,N,C,C,A,A,H,-,C,D,0,NA,NA,NA,NA,Y,NA,A,07,0,0,1,0,0,0,0,0,0,-,-,34.10163116455078,-118.24923706054688,LOS ANGELES,LOS ANGELES,-118.2492218017578,34.10164260864258
91033783,2019,2019-07-19,9540,2019-07-12,2245,021349,NA,5,3,7,1942,0,1,1,NA,2,504,I-5 NORTHBOUND TRUCK LANES,SR-14,3800,S,N,A,-,Y,NA,NA,NA,NA,NA,NA,NA,NA,NA,N,4,0,2,2,A,-,03,22350,NA,N,C,C,A,A,H,-,D,D,0,NA,NA,NA,NA,Y,NA,A,01,0,0,2,0,0,0,0,0,0,-,-,34.326541900634766,-118.50215911865234,LOS ANGELES,LOS ANGELES,NA,NA
91033787,2019,2019-07-19,9590,2019-05-31,0015,021654,NA,5,3,7,1942,0,1,2,NA,2,073,US-101 S/B (HOF) TO HIGHLAND AVENUE,PILGRIMAGE BRIDGE,1600,N,N,A,-,Y,NA,NA,101,NA,NA,NA,R,NA,S,Y,3,0,1,2,A,-,08,22107,NA,N,G,I,A,A,H,-,C,D,0,NA,NA,NA,Y,Y,NA,G,75,0,1,0,0,0,0,0,0,0,-,-,34.11885070800781,-118.33818817138672,LOS ANGELES,LOS ANGELES,-118.33818817138672,34.11885070800781
91033798,2019,2019-07-19,9575,2019-07-10,0820,014187,NA,3,1,9,1900,0,3,5,NA,2,008,SAN GABRIEL BLVD (1100 SOUTH BLOCK),HUNTINGTON DRIVE,160,N,N,A,-,N,NA,NA,NA,NA,NA,NA,NA,NA,NA,Y,3,0,1,3,A,-,03,22350,NA,N,C,C,A,A,H,-,A,A,0,NA,NA,NA,NA,Y,NA,A,01,0,1,0,0,0,0,0,0,0,-,-,34.12733840942383,-118.09127044677734,LOS ANGELES,UNINCORPORATED,-118.0912628173828,34.12751388549805
91033803,2019,2019-07-19,9530,2019-07-09,2150,021842,NA,2,2,9,1900,0,3,5,NA,2,001,FIRESTONE BLVD.,GRAPE ST.,0,NA,Y,A,-,N,NA,NA,NA,NA,NA,NA,NA,NA,NA,N,4,0,1,2,A,-,21,22106,NA,F,D,C,A,A,H,-,C,A,0,NA,NA,NA,NA,Y,NA,-,99,0,0,1,0,0,0,0,0,0,-,-,33.96017837524414,-118.23628997802734,LOS ANGELES,UNINCORPORATED,-118.23628997802734,33.96015167236328
91033809,2019,2019-07-19,9550,2019-07-17,0250,019808,NA,3,3,9,1900,0,3,5,NA,2,003,TURNBULL CANYON ROAD,VALLECITO DRIVE,0,NA,Y,A,-,N,NA,NA,NA,NA,NA,NA,NA,NA,NA,Y,2,0,4,1,A,-,01,23152,A,N,E,I,A,A,H,-,C,D,0,NA,NA,NA,NA,Y,Y,A,01,1,3,0,0,0,0,0,0,0,-,-,34.006500244140625,-117.98059844970705,LOS ANGELES,UNINCORPORATED,-117.98065185546876,34.006629943847656
9103381,2020,2020-10-31,1941,2020-05-12,1302,11521,NA,2,5,7,1941,0,0,0,NA,0,NA,7TH ST,BELLFLOWER BL,100,E,N,A,-,N,NA,NA,NA,NA,NA,NA,NA,NA,NA,Y,4,0,1,2,A,-,08,22107,NA,N,C,C,A,A,H,-,A,D,0,NA,NA,NA,NA,Y,NA,D,NA,0,0,1,0,0,0,0,0,0,-,-,NA,NA,LOS ANGELES,LONG BEACH,-118.12099456787108,33.77529525756836
91033817,2019,2019-07-19,9575,2019-07-17,0920,017354,NA,3,1,7,1942,0,1,3,NA,2,043,SR-134 E/B (VENTURA FREEWAY),RIVERSIDE DR. (VICTORY BLVD.) O/C,1150,W,N,A,-,Y,NA,NA,134,NA,NA,NA,NA,NA,E,Y,4,0,1,2,A,-,07,21658,A,N,B,C,A,A,H,-,A,D,0,NA,NA,NA,Y,Y,NA,A,01,0,0,1,0,0,0,0,0,0,-,-,34.15576171875,-118.29776763916016,LOS ANGELES,LOS ANGELES,-118.29777526855467,34.15571975708008
9103382,2020,2020-10-31,1942,2020-05-04,1330,37715,1469,1,5,7,1942,0,0,0,N,0,14A67,THORNBURN ST,LA TIJERA BL,170,S,N,A,-,N,NA,NA,NA,NA,NA,NA,NA,NA,NA,Y,3,0,1,2,-,-,-,NA,A,N,D,C,A,A,H,-,A,A,0,NA,NA,NA,NA,Y,NA,D,22,0,1,0,0,0,0,0,0,0,-,-,NA,NA,LOS ANGELES,LOS ANGELES,-118.37629699707033,33.97263717651367
9103385,2020,2020-10-31,1941,2020-05-14,1711,11533,NA,4,5,7,1941,0,0,0,NA,0,NA,QUEENS WY,LIGHT POLE 2811,0,NA,N,A,-,N,NA,NA,NA,NA,NA,NA,NA,NA,NA,Y,3,0,2,2,A,-,17,21657,NA,N,B,C,A,A,H,-,A,D,0,NA,NA,NA,NA,Y,NA,B,NA,0,1,1,0,0,0,0,0,0,-,-,NA,NA,LOS ANGELES,LONG BEACH,NA,NA
91033859,2019,2019-07-19,9565,2019-07-02,1939,022219,NA,2,2,7,1942,0,1,1,NA,2,082,I-10 E/B (SANTA MONICA FREEWAY),SEPULVEDA BLVD,380,E,N,A,-,Y,NA,NA,10,NA,NA,NA,NA,NA,E,Y,2,0,1,2,A,-,07,21658,A,N,B,C,A,A,H,-,B,D,0,NA,NA,Y,NA,Y,NA,A,07,1,0,0,0,0,0,0,0,1,-,-,34.03163146972656,-118.42999267578124,LOS ANGELES,LOS ANGELES,-118.42999267578124,34.03162384033203
91033860,2019,2019-07-19,9575,2019-07-10,1535,020438,NA,3,2,9,1900,0,2,4,NA,2,022,LINCOLN AVENUE (2400 BLOCK),ROYCE STREET,120,S,N,A,-,N,NA,NA,NA,NA,NA,NA,NA,NA,NA,Y,3,0,1,2,A,-,01,23152,F,N,B,E,A,A,H,-,A,D,0,NA,NA,NA,NA,Y,NA,A,01,0,1,0,0,0,0,0,0,0,-,-,38.18806838989258,-118.15963745117188,LOS ANGELES,UNINCORPORATED,-118.15957641601564,34.18821334838867
91033861,2019,2019-07-19,9530,2019-07-09,1025,021623,NA,2,1,7,1942,0,1,1,NA,2,110,I-110 S/B (HARBOR FREEWAY),IMPERIAL HWY.,500,N,N,A,-,Y,NA,NA,110,NA,NA,NA,NA,NA,S,Y,3,0,2,2,A,-,07,21658,A,N,C,C,A,A,H,-,A,D,0,NA,NA,NA,NA,Y,NA,A,01,0,1,1,0,0,0,0,0,0,-,-,33.93693923950195,-118.2802734375,LOS ANGELES,LOS ANGELES,-118.28018951416016,33.93693923950195
91033925,2019,2019-07-19,9550,2019-07-15,1515,021196,NA,1,2,5,1908,0,1,3,NA,2,091,SR-91 E/B,LAKEWOOD BOULEVARD,1000,E,N,A,-,Y,NA,NA,91,NA,NA,NA,NA,NA,E,Y,3,0,1,3,A,-,03,22350,NA,N,C,C,A,A,H,-,A,D,0,NA,NA,NA,NA,Y,NA,A,01,0,1,0,0,0,0,0,0,0,-,-,33.877140045166016,-118.13886260986328,LOS ANGELES,BELLFLOWER,-118.13886260986328,33.877079010009766
91033934,2019,2019-07-19,9550,2019-07-15,1540,021196,NA,1,2,5,1908,0,1,3,NA,2,091,SR-91 E/B,LAKEWOOD BOULEVARD,500,W,N,A,-,Y,NA,NA,NA,NA,NA,NA,NA,NA,NA,N,4,0,1,3,A,-,03,22350,NA,N,C,C,A,A,H,-,A,D,0,NA,NA,NA,NA,Y,NA,D,22,0,0,1,0,0,0,0,0,0,-,-,33.07706832885742,-118.14478302001952,LOS ANGELES,BELLFLOWER,-118.14427185058594,33.87702178955078
91033939,2019,2019-07-19,9550,2019-07-15,2010,021274,NA,1,2,9,1900,0,3,5,NA,2,002,COLIMA ROAD N/B,HAWES ST.,130,N,N,A,-,N,NA,NA,NA,NA,NA,NA,NA,NA,NA,N,3,0,1,3,A,-,08,22107,NA,N,B,E,A,A,H,-,B,D,0,NA,NA,NA,NA,Y,NA,A,01,0,1,0,0,0,0,0,0,0,-,-,33.93701171875,-118.01544189453124,LOS ANGELES,UNINCORPORATED,-118.01546478271484,33.937015533447266
9103394,2020,2020-11-02,1942,2020-05-07,0845,40604,1438,4,5,7,1942,0,0,0,N,0,14A27,VENICE BL,LAS FLORES CT,0,NA,Y,A,-,N,NA,NA,NA,NA,NA,NA,NA,NA,NA,N,2,0,1,2,A,-,09,21802,A,N,D,G,A,A,H,-,A,A,0,NA,Y,NA,NA,Y,NA,L,04,1,0,0,0,0,0,1,0,0,-,-,NA,NA,LOS ANGELES,LOS ANGELES,-118.40757751464844,34.018470764160156
91033948,2019,2019-07-19,9550,2019-07-15,1405,021977,NA,1,2,9,1900,0,1,1,NA,2,151,INTERSTATE 105 EASTBOUND,PARAMOUNT BOULEVARD,600,E,N,A,-,Y,NA,NA,NA,NA,NA,NA,NA,NA,NA,Y,4,0,1,2,A,-,08,22107,NA,N,B,C,A,A,H,-,A,D,0,NA,NA,NA,NA,Y,NA,A,07,0,0,1,0,0,0,0,0,0,-,-,33.5442008972168,-118.09269714355467,LOS ANGELES,UNINCORPORATED,-118.15805816650392,33.91191482543945
91033955,2019,2019-07-19,9565,2019-07-09,1630,022099,NA,2,2,9,1900,0,2,4,NA,1,032,SLAUSON AVE,OVERHILL DR,0,NA,Y,B,-,N,NA,NA,NA,NA,NA,NA,NA,NA,NA,Y,4,0,1,1,A,-,03,22350,NA,N,F,A,A,A,H,-,A,A,0,NA,NA,Y,NA,Y,NA,C,03,0,0,1,0,0,0,0,0,1,-,-,33.988990783691406,-118.35385894775392,LOS ANGELES,UNINCORPORATED,-118.35408782958984,33.9888916015625
91033957,2019,2019-07-19,9565,2019-07-13,1205,017060,NA,6,1,7,1942,0,1,1,NA,2,060,I-405 N/B (SAN DIEGO FREEWAY),LATIJERA BLVD.,100,S,N,A,-,Y,NA,NA,405,NA,NA,NA,NA,NA,N,Y,4,0,1,3,A,-,03,22350,NA,N,C,C,A,A,H,-,A,D,0,NA,NA,NA,NA,Y,NA,A,01,0,0,1,0,0,0,0,0,0,-,-,33.97166061401367,-118.37747192382813,LOS ANGELES,LOS ANGELES,-118.3774642944336,33.971675872802734
91033975,2019,2019-07-19,9550,2019-07-18,1035,019179,NA,4,1,5,1919,0,1,1,NA,2,651,INTERSTATE 605 (SAN GABRIEL RIVER FREEW,SOUTH STREET,3000,S,N,A,-,Y,NA,NA,605,NA,NA,NA,NA,NA,NA,N,4,0,1,2,A,-,03,22350,NA,N,C,C,A,A,H,-,A,D,0,NA,NA,NA,NA,Y,NA,A,01,0,0,1,0,0,0,0,0,0,-,-,33.86637878417969,-118.09909057617188,LOS ANGELES,CERRITOS,-118.09904479980467,33.866397857666016
91033978,2019,2019-07-19,9565,2019-07-13,2050,022097,NA,6,2,7,1942,0,1,1,NA,2,063,I-405 N/B,SUNSET BLVD,50,S,N,A,-,Y,NA,NA,405,NA,NA,NA,NA,NA,N,Y,4,0,1,2,A,-,03,22350,NA,N,C,C,A,A,H,-,D,D,0,NA,NA,NA,NA,Y,NA,A,01,0,0,1,0,0,0,0,0,0,-,-,34.072689056396484,-118.4663314819336,LOS ANGELES,LOS ANGELES,-118.4663543701172,34.072669982910156
9103398,2020,2020-10-31,1942,2020-05-11,2103,41671,1412,1,5,7,1942,0,0,0,N,0,14A11,MAIN ST,WESTMINSTER AV,120,N,N,A,-,N,NA,NA,NA,NA,NA,NA,NA,NA,NA,Y,3,0,2,3,A,-,21,22106,NA,N,D,A,A,A,H,-,C,D,0,NA,NA,NA,NA,Y,NA,A,01,0,1,1,0,0,0,0,0,0,-,-,NA,NA,LOS ANGELES,LOS ANGELES,-118.47280883789064,33.990379333496094
91033980,2019,2019-07-19,9530,2019-06-24,1812,021689,NA,1,2,7,1942,0,1,1,NA,2,110,I-110 S/B (HARBOR FREEWAY),182ND ST.,200,N,N,A,-,Y,NA,NA,110,NA,NA,NA,NA,NA,S,Y,4,0,2,3,A,-,03,22350,NA,N,C,C,A,A,H,-,A,D,0,NA,NA,NA,NA,Y,NA,A,08,0,0,2,0,0,0,0,0,0,-,-,33.87018966674805,-118.28484344482422,LOS ANGELES,LOS ANGELES,-118.28507232666016,33.87018966674805