CASE_ID,ACCIDENT_YEAR,PROC_DATE,JURIS,COLLISION_DATE,COLLISION_TIME,OFFICER_ID,REPORTING_DISTRICT,DAY_OF_WEEK,CHP_SHIFT,POPULATION,CNTY_CITY_LOC,SPECIAL_COND,BEAT_TYPE,CHP_BEAT_TYPE,CITY_DIVISION_LAPD,CHP_BEAT_CLASS,BEAT_NUMBER,PRIMARY_RD,SECONDARY_RD,DISTANCE,DIRECTION,INTERSECTION,WEATHER_1,WEATHER_2,STATE_HWY_IND,CALTRANS_COUNTY,CALTRANS_DISTRICT,STATE_ROUTE,ROUTE_SUFFIX,POSTMILE_PREFIX,POSTMILE,LOCATION_TYPE,RAMP_INTERSECTION,SIDE_OF_HWY,TOW_AWAY,COLLISION_SEVERITY,NUMBER_KILLED,NUMBER_INJURED,PARTY_COUNT,PRIMARY_COLL_FACTOR,PCF_CODE_OF_VIOL,PCF_VIOL_CATEGORY,PCF_VIOLATION,PCF_VIOL_SUBSECTION,HIT_AND_RUN,TYPE_OF_COLLISION,MVIW,PED_ACTION,ROAD_SURFACE,ROAD_COND_1,ROAD_COND_2,LIGHTING,CONTROL_DEVICE,CHP_ROAD_TYPE,PEDESTRIAN_ACCIDENT,BICYCLE_ACCIDENT,MOTORCYCLE_ACCIDENT,TRUCK_ACCIDENT,NOT_PRIVATE_PROPERTY,ALCOHOL_INVOLVED,STWD_VEHTYPE_AT_FAULT,CHP_VEHTYPE_AT_FAULT,COUNT_SEVERE_INJ,COUNT_VISIBLE_INJ,COUNT_COMPLAINT_PAIN,COUNT_PED_KILLED,COUNT_PED_INJURED,COUNT_BICYCLIST_KILLED,COUNT_BICYCLIST_INJURED,COUNT_MC_KILLED,COUNT_MC_INJURED,PRIMARY_RAMP,SECONDARY_RAMP,LATITUDE,LONGITUDE,COUNTY,CITY,POINT_X,POINT_Y
9104603,2020,2020-11-10,1900,2020-05-18,1550,609650,1518,1,5,5,1954,0,0,0,NA,0,151T2,SERAPIS AV,CLAYMORE ST,308,S,N,A,-,N,NA,NA,NA,NA,NA,NA,NA,NA,NA,N,3,0,1,2,A,-,11,21954,A,N,A,B,D,A,H,-,A,D,0,Y,NA,NA,NA,Y,NA,N,60,0,1,0,0,1,0,0,0,0,-,-,33.96038818359375,-118.105712890625,LOS ANGELES,PICO RIVERA,-118.10626983642578,33.95868682861328
91046035,2019,2019-08-06,9540,2019-07-27,0425,021869,NA,6,3,6,1985,0,1,1,NA,1,503,INTERSTATE 5(S/B)(GOLDEN STATE FREEWAY),WELDON CYN RD,1584,N,N,A,-,Y,NA,NA,NA,NA,NA,NA,NA,NA,NA,Y,4,0,1,2,A,-,03,22350,NA,N,C,C,A,A,H,-,D,D,0,NA,NA,NA,Y,Y,NA,A,01,0,0,1,0,0,0,0,0,0,-,-,34.34355926513672,-118.53021240234376,LOS ANGELES,SANTA CLARITA,-118.52790069580078,34.34197998046875
9104604,2020,2020-11-10,1900,2020-05-04,2250,499039,1518,1,5,5,1954,0,0,0,NA,0,151T3,PASSONS BL,MYRON ST,173,N,N,A,-,N,NA,NA,NA,NA,NA,NA,NA,NA,NA,N,2,0,1,2,A,-,08,22107,NA,F,C,G,A,A,H,-,C,D,0,NA,Y,NA,NA,Y,NA,A,07,1,0,0,0,0,0,1,0,0,-,-,33.966548919677734,-118.09821319580078,LOS ANGELES,PICO RIVERA,-118.0981674194336,33.966495513916016
9104605,2020,2020-11-17,1929,2020-05-08,1846,206,SW,5,5,3,1929,0,0,0,NA,0,001,2ND ST,PALM DR,0,NA,Y,A,-,N,NA,NA,NA,NA,NA,NA,NA,NA,NA,N,3,0,1,2,A,-,17,21657,NA,N,G,G,A,A,H,-,A,D,0,NA,Y,NA,NA,Y,NA,-,-,0,1,0,0,0,0,1,0,0,-,-,NA,NA,LOS ANGELES,HERMOSA BEACH,-118.39761352539064,33.855010986328125
91046057,2019,2019-08-06,9540,2019-07-28,1120,021572,NA,7,1,7,1942,0,1,1,NA,1,502,I-5 N/B (GOLDEN STATE FREEWAY),BALBOA BLVD,500,N,N,A,-,Y,NA,NA,5,NA,NA,NA,NA,NA,N,Y,4,0,2,2,A,-,03,22350,NA,N,C,C,A,A,H,-,A,D,0,NA,NA,NA,NA,Y,NA,A,01,0,0,2,0,0,0,0,0,0,-,-,34.32184982299805,-118.49759674072266,LOS ANGELES,LOS ANGELES,-118.4975814819336,34.32188415527344
9104606,2020,2020-11-10,1929,2020-05-14,1621,173,NA,4,5,3,1929,0,0,0,NA,0,002,PIER AV,LOMA DR,63,E,N,A,-,N,NA,NA,NA,NA,NA,NA,NA,NA,NA,N,4,0,2,2,A,-,08,22107,NA,N,C,E,A,A,H,-,A,A,0,NA,NA,NA,NA,Y,NA,A,01,0,0,2,0,0,0,0,0,0,-,-,NA,NA,LOS ANGELES,HERMOSA BEACH,-118.39777374267578,33.86408615112305
9104607,2020,2020-11-18,1929,2020-05-15,1800,206,SW,5,5,3,1929,0,0,0,NA,0,002,PIER AV,ARDMORE AV,0,NA,Y,A,-,N,NA,NA,NA,NA,NA,NA,NA,NA,NA,N,4,0,1,2,A,-,03,22350,NA,F,G,B,B,A,H,-,A,A,0,Y,NA,NA,NA,Y,NA,A,01,0,0,1,0,1,0,0,0,0,-,-,NA,NA,LOS ANGELES,HERMOSA BEACH,-118.39511108398438,33.86465072631836
9104608,2020,2020-11-10,1929,2020-05-28,1619,206,1929,4,5,3,1929,0,0,0,NA,0,003,PACIFIC COAST HWY,11TH ST,112,N,N,A,-,N,NA,NA,NA,NA,NA,NA,NA,NA,NA,Y,3,0,1,1,A,-,03,22350,NA,N,A,I,A,A,H,-,C,D,0,NA,NA,NA,NA,Y,NA,-,NA,0,1,0,0,0,0,0,0,0,-,-,NA,NA,LOS ANGELES,HERMOSA BEACH,-118.39261627197266,33.86343765258789
91046080,2019,2019-08-06,9565,2019-08-04,2003,022038,NA,7,2,5,1928,0,1,1,NA,2,060,I-405 N/B (SAN DIEGO FWY),EL SEGUNDO BLVD,500,S,N,A,-,Y,NA,NA,405,NA,NA,NA,NA,NA,N,Y,4,0,1,2,A,-,01,23152,A,N,E,I,A,A,H,-,B,D,0,NA,NA,NA,NA,Y,Y,A,01,0,0,1,0,0,0,0,0,0,-,-,33.91490173339844,-118.37026214599608,LOS ANGELES,HAWTHORNE,-118.37027740478516,33.91490173339844
9104609,2020,2020-11-10,1925,2020-05-22,1548,15427,249,5,5,6,1925,0,0,0,NA,0,003,JACKSON ST,HARVARD ST,0,NA,Y,A,-,N,NA,NA,NA,NA,NA,NA,NA,NA,NA,N,4,0,1,2,A,-,10,21950,A,N,G,A,B,A,H,-,A,D,0,Y,NA,NA,NA,Y,NA,A,01,0,0,1,0,1,0,0,0,0,-,-,NA,NA,LOS ANGELES,GLENDALE,-118.25009155273438,34.14445877075195
9104611,2020,2020-11-10,1942,2020-05-21,2019,44042,1141,4,5,7,1942,0,0,0,K,0,11A1,KENMORE AV,FRANKLIN AV,0,NA,Y,A,-,N,NA,NA,NA,NA,NA,NA,NA,NA,NA,N,4,0,2,2,A,-,00,21601,A,N,D,C,A,A,H,-,C,D,0,NA,NA,NA,NA,Y,NA,A,01,0,0,2,0,0,0,0,0,0,-,-,NA,NA,LOS ANGELES,LOS ANGELES,-118.29728698730467,34.10538864135742
91046110,2019,2019-08-06,9530,2019-07-12,0928,020300,NA,5,1,5,1977,0,1,3,NA,2,310,SR-91 W/B (ARTESIA FREEWAY),AVALON BLVD.,500,W,N,A,-,Y,NA,NA,91,NA,NA,NA,NA,NA,W,Y,4,0,1,2,D,-,00,NA,NA,N,C,C,A,A,H,-,A,D,0,NA,NA,NA,NA,Y,NA,-,-,0,0,1,0,0,0,0,0,0,-,-,33.873291015625,-118.2668914794922,LOS ANGELES,CARSON,-118.2668914794922,33.87327575683594
9104612,2020,2020-11-10,1942,2020-05-18,1734,39889,1128,1,5,7,1942,0,0,0,K,0,11A25,NORTH FIGUEROA ST,SPRINGVALE DR,0,NA,Y,A,-,N,NA,NA,NA,NA,NA,NA,NA,NA,NA,N,4,0,1,3,A,-,01,23152,A,N,D,C,A,A,H,-,A,A,0,NA,NA,NA,NA,Y,Y,A,01,0,0,1,0,0,0,0,0,0,-,-,NA,NA,LOS ANGELES,LOS ANGELES,-118.18534088134766,34.12364959716797
9104613,2020,2020-11-10,1942,2020-05-21,1120,36814,1141,4,5,7,1942,0,0,0,K,0,11A1,N VERMONT AV,KINGSWELL AV,15,S,N,A,-,N,NA,NA,NA,NA,NA,NA,NA,NA,NA,N,4,0,1,2,A,-,21,22106,NA,N,B,C,A,A,H,-,A,D,0,NA,NA,NA,NA,Y,NA,A,08,0,0,1,0,0,0,0,0,0,-,-,NA,NA,LOS ANGELES,LOS ANGELES,-118.2917709350586,34.1026496887207
9104614,2020,2020-11-10,1942,2020-05-19,1610,38171,1127,2,5,7,1942,0,0,0,K,0,11A25,NEWLAND ST,HAMLET ST,260,N,N,A,-,N,NA,NA,NA,NA,NA,NA,NA,NA,NA,N,4,0,1,2,A,-,21,22106,NA,N,G,B,E,A,H,-,A,D,0,Y,NA,NA,NA,Y,NA,A,01,0,0,1,0,1,0,0,0,0,-,-,NA,NA,LOS ANGELES,LOS ANGELES,-118.18472290039064,34.11754608154297
9104615,2020,2020-11-10,1942,2020-05-06,1750,44212,1134,3,5,7,1942,0,0,0,K,0,11Y42W,EAGLEROCK BL,ESTARA AV,0,NA,Y,A,-,N,NA,NA,NA,NA,NA,NA,NA,NA,NA,N,4,0,1,2,A,-,09,21802,A,N,A,G,A,A,H,-,A,A,0,NA,Y,NA,NA,Y,NA,A,01,0,0,1,0,0,0,1,0,0,-,-,NA,NA,LOS ANGELES,LOS ANGELES,-118.236572265625,34.113121032714844
91046158,2019,2019-08-06,9530,2019-07-28,0120,021582,NA,7,3,5,1943,0,1,1,NA,2,210,I-105 W/B TO LONG BEACH BLVD.,LONG BEACH BLVD.,7,E,N,A,-,Y,NA,NA,105,NA,NA,NA,R,NA,W,N,4,0,1,2,A,-,09,21804,A,N,D,G,A,A,H,-,C,A,0,NA,Y,NA,NA,Y,NA,L,04,0,0,1,0,0,0,1,0,0,-,-,33.926090240478516,-118.21003723144533,LOS ANGELES,LYNWOOD,-118.21003723144533,33.926090240478516
9104616,2020,2020-11-10,1942,2020-05-15,1840,38176,1132,5,5,7,1942,0,0,0,K,0,11X62,RIVERSIDE DR,GLENDALE BL,0,NA,Y,A,-,N,NA,NA,NA,NA,NA,NA,NA,NA,NA,N,4,0,1,2,A,-,09,21801,A,N,D,G,A,A,H,-,A,A,0,NA,Y,NA,NA,Y,NA,-,-,0,0,1,0,0,0,1,0,0,-,-,NA,NA,LOS ANGELES,LOS ANGELES,-118.26505279541016,34.11111831665039
9104617,2020,2020-11-10,1942,2020-05-20,1200,39831,1124,3,5,7,1942,0,0,0,K,0,11Q2,FLETCHER DR,SAN FERNANDO RD,800,S,N,A,-,N,NA,NA,NA,NA,NA,NA,NA,NA,NA,N,3,0,2,2,A,-,05,21650,1,N,A,B,F,A,H,-,A,D,0,Y,Y,NA,NA,Y,NA,-,-,0,2,0,0,1,0,1,0,0,-,-,NA,NA,LOS ANGELES,LOS ANGELES,-118.24773406982422,34.113433837890625
9104618,2020,2020-11-10,1942,2020-05-28,1235,37451,4A59,4,5,7,1942,0,0,0,NA,0,0438,VALLEY BL,RT 710,48,W,N,A,-,N,NA,NA,NA,NA,NA,NA,NA,NA,NA,Y,4,0,1,2,C,-,18,NA,NA,N,G,B,-,A,H,-,A,D,0,Y,NA,NA,NA,Y,NA,-,-,0,0,1,0,1,0,0,0,0,-,-,NA,NA,LOS ANGELES,LOS ANGELES,-118.16178894042967,34.07479476928711
9104619,2020,2020-11-10,1942,2020-05-28,1300,43850,0407,4,5,7,1942,0,0,0,D,0,4A15,MONTEREY RD,N HUNGTINTON DR,0,NA,Y,A,-,N,NA,NA,NA,NA,NA,NA,NA,NA,NA,N,3,0,1,2,A,-,10,21950,A,N,G,G,A,A,H,-,A,D,0,NA,Y,NA,NA,Y,NA,A,01,0,1,0,0,0,0,1,0,0,-,-,NA,NA,LOS ANGELES,LOS ANGELES,-118.1875,34.08622
91046195,2019,2019-08-06,9530,2019-06-24,0840,020816,NA,1,1,7,1942,0,1,1,NA,2,200,I-105 W/B (GLENN ANDERSON FWY),HOOVER ST.,150,W,N,B,-,Y,NA,NA,105,NA,NA,NA,NA,NA,W,Y,3,0,1,4,A,-,07,21658,A,N,C,C,A,A,H,-,A,D,0,NA,NA,Y,NA,Y,NA,C,02,0,1,0,0,0,0,0,0,1,-,-,33.928871154785156,-118.28755950927734,LOS ANGELES,LOS ANGELES,-118.28755950927734,33.92885971069336
91046196,2019,2019-08-06,9535,2019-07-25,1340,021773,NA,4,1,3,1914,0,1,1,NA,2,500,I-5 (SANTA ANA FREEWAY) N/B,WASHINGTON BLVD,100,S,N,A,-,Y,NA,NA,5,NA,NA,NA,NA,NA,N,Y,3,0,1,2,A,-,07,21658,A,N,B,C,A,A,H,-,A,D,0,NA,NA,NA,Y,Y,NA,F,26,0,1,0,0,0,0,0,0,0,-,-,33.9948616027832,-118.14443969726564,LOS ANGELES,COMMERCE,-118.14444732666016,33.994850158691406
9104620,2020,2020-11-10,1942,2020-05-27,1945,37782,0459,3,5,7,1942,0,0,0,D,0,4A59,VALLEY BL,BOCA AV,150,W,N,A,-,N,NA,NA,NA,NA,NA,NA,NA,NA,NA,Y,3,0,3,2,A,-,09,21804,A,N,D,C,A,A,H,-,B,D,0,NA,NA,NA,NA,Y,NA,A,01,0,1,2,0,0,0,0,0,0,-,-,NA,NA,LOS ANGELES,LOS ANGELES,-118.18659210205078,34.06258773803711
91046223,2019,2019-08-06,9530,2019-06-24,0855,020816,NA,1,1,7,1942,0,1,1,NA,2,200,I-105 W/B (GLENN ANDERSON FWY),HOOVER ST.,230,W,N,B,-,Y,NA,NA,105,NA,NA,NA,NA,NA,W,N,3,0,1,2,A,-,03,22350,NA,N,B,C,A,A,H,-,A,D,0,NA,NA,Y,NA,Y,NA,C,02,0,1,0,0,0,0,0,0,1,-,-,33.928871154785156,-118.28755950927734,LOS ANGELES,LOS ANGELES,-118.28755950927734,33.92885971069336
91046234,2019,2019-08-06,9575,2019-08-03,2020,021006,NA,6,2,6,1925,0,1,3,NA,2,042,SR-134 W/B (VENTURA FREEWAY),JACKSON ST.,80,E,N,A,-,Y,NA,NA,134,NA,NA,NA,NA,NA,W,Y,4,0,1,2,A,-,07,21658,A,N,B,C,A,A,H,-,C,D,0,NA,NA,NA,NA,Y,NA,A,01,0,0,1,0,0,0,0,0,0,-,-,34.156410217285156,-118.25000762939452,LOS ANGELES,GLENDALE,-118.25000762939452,34.156455993652344
91046237,2019,2019-08-06,9530,2019-07-27,1755,021380,NA,6,2,7,1942,0,1,1,NA,2,120,I-110 N/B (HARBOR FREEWAY),L STREET,50,N,N,A,-,Y,NA,NA,110,NA,NA,NA,NA,NA,N,Y,4,0,3,2,A,-,03,22350,NA,N,C,C,A,A,H,-,A,D,0,NA,NA,NA,NA,Y,NA,A,01,0,0,3,0,0,0,0,0,0,-,-,33.78620910644531,-118.28118896484376,LOS ANGELES,LOS ANGELES,-118.28112030029295,33.78622055053711
91046246,2019,2019-08-06,9530,2019-07-26,1558,020608,NA,5,2,7,1942,0,1,1,NA,2,110,I-110 N/B (HARBOR FREEWAY),I-105 E/B (GLENN ANDERSON FWY),300,S,N,A,-,Y,NA,NA,110,NA,NA,NA,NA,NA,N,N,4,0,1,2,A,-,03,22350,NA,N,C,C,A,A,H,-,A,D,0,NA,NA,NA,NA,Y,NA,A,01,0,0,1,0,0,0,0,0,0,-,-,33.92654037475586,-118.28083801269533,LOS ANGELES,LOS ANGELES,-118.28092956542967,33.926551818847656
91046255,2019,2019-08-06,9530,2019-06-25,1020,018200,NA,2,1,5,1977,0,1,1,NA,2,410,I-405 N/B (SAN DIEGO FREEWAY),MAIN ST.,600,S,N,A,-,Y,NA,NA,405,NA,NA,NA,NA,NA,N,Y,4,0,2,4,A,-,03,22350,NA,M,C,C,A,A,H,-,A,D,0,NA,NA,NA,NA,Y,NA,A,01,0,0,2,0,0,0,0,0,0,-,-,33.85306167602539,-118.27996826171876,LOS ANGELES,CARSON,-118.27995300292967,33.85308074951172
91046258,2019,2019-08-06,9565,2019-07-25,0545,020560,NA,4,3,6,1933,0,1,1,NA,2,060,I-405 N/B,CENTURY BLVD,1300,N,N,A,-,Y,NA,NA,405,NA,NA,NA,NA,NA,N,Y,4,0,1,2,A,-,08,22107,NA,N,B,C,A,A,H,-,A,D,0,NA,NA,NA,NA,Y,NA,A,07,0,0,1,0,0,0,0,0,0,-,-,33.94866180419922,-118.36824035644533,LOS ANGELES,INGLEWOOD,-118.3683624267578,33.94864273071289
91046260,2019,2019-08-06,9525,2019-07-27,1220,021684,NA,6,1,9,1900,0,2,4,NA,2,032,VALLEY BLVD.,LA SEDA RD,0,NA,Y,A,-,N,NA,NA,NA,NA,NA,NA,NA,NA,NA,Y,3,0,2,2,A,-,12,21453,A,N,D,C,A,A,H,-,A,A,0,NA,NA,NA,NA,Y,NA,A,08,0,1,1,0,0,0,0,0,0,-,-,34.004791259765625,-117.89832305908205,LOS ANGELES,UNINCORPORATED,-117.89836120605467,34.004669189453125
91046263,2019,2019-08-06,9580,2019-08-01,1510,017427,NA,4,2,7,1942,0,1,3,NA,2,116,SR-118 E/B (RONALD REAGAN FWY.),RESEDA BLVD,635,E,N,A,-,Y,NA,NA,118,NA,NA,NA,NA,NA,E,Y,4,0,1,2,A,-,03,22350,NA,N,C,C,A,A,H,-,A,D,0,NA,NA,NA,NA,Y,NA,D,22,0,0,1,0,0,0,0,0,0,-,-,34.27605056762695,-118.53321075439452,LOS ANGELES,LOS ANGELES,-118.533203125,34.276031494140625
91046274,2019,2019-12-23,9525,2019-07-28,1020,020847,NA,7,1,9,1900,0,1,3,NA,1,024,SR-39 (SAN GABRIEL CANYON RD.),CRYSTAL LAKE RD.,5280,S,N,A,-,Y,NA,NA,39,NA,NA,NA,NA,NA,NA,Y,3,0,1,1,A,-,03,22350,NA,N,F,I,A,A,H,-,A,D,0,NA,NA,Y,NA,Y,NA,C,02,0,1,0,0,0,0,0,0,1,-,-,34.2983512878418,-117.84010314941406,LOS ANGELES,UNINCORPORATED,-117.84009552001952,34.29833984375
91046286,2019,2019-08-06,9545,2019-08-05,1155,018058,NA,1,1,9,1900,0,3,5,NA,2,002,20TH ST WEST,AVENUE N-12,210,N,N,A,-,N,NA,NA,NA,NA,NA,NA,NA,NA,NA,N,4,0,1,2,A,-,03,22350,NA,N,B,G,A,A,H,-,A,D,0,NA,Y,NA,NA,Y,NA,D,22,0,0,1,0,0,0,1,0,0,-,-,34.62076950073242,-118.16551971435548,LOS ANGELES,UNINCORPORATED,-118.1655502319336,34.62058639526367
91046292,2019,2019-08-06,9580,2019-08-05,1523,022158,NA,1,2,7,1942,0,1,1,NA,2,404,I-405 N/B (SAN DIEGO FWY),SEPULVEDA BLVD,1000,S,N,A,-,Y,NA,NA,405,NA,NA,NA,NA,NA,N,Y,4,0,1,2,A,-,07,21658,A,N,C,C,A,A,H,-,A,D,0,NA,NA,NA,NA,Y,NA,A,01,0,0,1,0,0,0,0,0,0,-,-,34.14542007446289,-118.47048950195313,LOS ANGELES,LOS ANGELES,-118.4707260131836,34.1455078125
91046293,2019,2019-08-06,9550,2019-07-30,1325,021977,NA,2,1,9,1900,0,1,1,NA,2,650,INTERSTATE 605 SOUTHBOUND,SLAUSON AVENUE,150,S,N,A,-,Y,NA,NA,NA,NA,NA,NA,NA,NA,NA,N,4,0,1,2,A,-,03,22350,NA,N,C,C,A,A,H,-,A,D,0,NA,NA,NA,NA,Y,NA,A,01,0,0,1,0,0,0,0,0,0,-,-,33.58000183105469,-118.05010223388672,LOS ANGELES,UNINCORPORATED,-118.08364105224608,33.96682357788086
91046308,2019,2019-08-06,9530,2019-06-25,0710,018200,NA,2,1,9,1900,0,3,5,NA,2,005,CRENSHAW BLVD.,MANHATTAN BEACH BLVD.,0,NA,Y,A,-,N,NA,NA,NA,NA,NA,NA,NA,NA,NA,Y,4,0,2,2,A,-,09,21801,A,N,A,C,A,A,H,-,A,A,0,NA,NA,NA,NA,Y,NA,A,01,0,0,2,0,0,0,0,0,0,-,-,33.887420654296875,-118.3263931274414,LOS ANGELES,UNINCORPORATED,-118.3265380859375,33.88739013671875
91046321,2019,2019-08-06,9590,2019-08-01,2315,022344,NA,4,3,7,1942,0,1,1,NA,2,084,I-5 N/B (GOLDEN STATE FREEWAY),COLORADO ST,1345,S,N,A,-,Y,NA,NA,5,NA,NA,NA,NA,NA,N,N,4,0,3,2,A,-,03,22350,NA,N,C,C,A,A,H,-,C,D,0,NA,NA,NA,NA,Y,NA,A,01,0,0,3,0,0,0,0,0,0,-,-,34.137168884277344,-118.27619934082033,LOS ANGELES,LOS ANGELES,-118.27621459960938,34.13716506958008
91046323,2019,2019-08-06,9525,2019-07-14,0404,020823,NA,7,3,3,1921,0,1,1,NA,2,201,I-210 W/B (FOOTHILL FWY),BUENA VISTA ST.,1056,E,N,A,-,Y,NA,NA,210,NA,NA,NA,NA,NA,W,Y,4,0,1,3,A,-,03,22350,NA,M,C,C,A,A,H,-,C,D,0,NA,NA,NA,Y,Y,NA,D,22,0,0,1,0,0,0,0,0,0,-,-,34.13563919067383,-117.97077941894533,LOS ANGELES,DUARTE,-117.97077941894533,34.13565444946289
91046333,2019,2019-08-06,9575,2019-08-03,2021,021006,NA,6,2,6,1925,0,1,3,NA,2,042,SR-134 W/B (VENTURA FREEWAY),GENEVA ST.,100,W,N,A,-,Y,NA,NA,134,NA,NA,NA,NA,NA,W,N,4,0,1,2,A,-,03,22350,NA,N,B,C,A,A,H,-,C,D,0,NA,NA,NA,NA,Y,NA,A,07,0,0,1,0,0,0,0,0,0,-,-,34.15650939941406,-118.2475128173828,LOS ANGELES,GLENDALE,-118.2475128173828,34.156471252441406
91046334,2019,2019-08-06,9580,2019-07-31,2023,020462,NA,3,2,9,1900,0,1,3,NA,1,120,SR-1 S/B (PACIFIC COAST HWY.),SR-27 (TOPANGA CYN. BLVD.),865,S,N,A,-,Y,NA,NA,1,NA,NA,NA,NA,NA,S,Y,3,0,2,3,A,-,09,21804,A,N,D,C,A,A,H,-,C,D,0,NA,NA,NA,NA,Y,NA,A,07,0,1,1,0,0,0,0,0,0,-,-,34.03995132446289,-118.57620239257813,LOS ANGELES,UNINCORPORATED,-118.5761947631836,34.03993225097656
91046405,2019,2019-08-06,9590,2019-07-28,1840,021583,NA,7,2,7,1942,0,1,1,NA,2,050,I-110 N/B (HARBOR FREEWAY),79TH STREET,700,S,N,A,-,Y,NA,NA,110,NA,NA,NA,NA,NA,N,Y,4,0,1,2,A,-,03,22350,NA,N,C,C,A,A,H,-,A,D,0,NA,NA,NA,NA,Y,NA,A,01,0,0,1,0,0,0,0,0,0,-,-,33.966060638427734,-118.28069305419922,LOS ANGELES,LOS ANGELES,-118.28073120117188,33.966060638427734
91046409,2019,2019-08-06,9530,2019-07-27,2045,020548,NA,6,2,7,1941,0,1,1,NA,2,430,I-405 S/B (SAN DIEGO FREEWAY),LAKEWOOD BLVD.,20,N,N,A,-,Y,NA,NA,NA,NA,NA,NA,NA,NA,NA,Y,3,0,2,1,A,-,08,22107,NA,N,E,I,A,A,H,-,C,D,0,NA,NA,NA,NA,Y,NA,D,22,0,2,0,0,0,0,0,0,0,-,-,33.3038215637207,-118.14286041259766,LOS ANGELES,LONG BEACH,-118.14278411865234,33.80571365356445
91046418,2019,2019-08-06,9525,2019-07-30,0520,019966,NA,2,3,9,1900,0,3,5,NA,2,003,AMAR RD.,VALINDA AVE,0,NA,Y,A,-,N,NA,NA,NA,NA,NA,NA,NA,NA,NA,Y,4,0,1,2,A,-,12,21453,A,N,D,C,A,A,H,-,B,A,0,NA,NA,NA,NA,Y,NA,A,01,0,0,1,0,0,0,0,0,0,-,-,34.035728454589844,-117.9262924194336,LOS ANGELES,UNINCORPORATED,-117.92633819580078,34.035701751708984
91046443,2019,2019-08-06,9590,2019-08-03,1840,022304,NA,6,2,7,1942,0,1,1,NA,2,052,I-110 N/B (HARBOR FREEWAY),30TH STREET,500,N,N,A,-,Y,NA,NA,110,NA,NA,NA,NA,NA,N,Y,4,0,1,2,A,-,01,23152,A,N,C,C,A,A,H,-,A,D,0,NA,NA,NA,NA,Y,Y,A,01,0,0,1,0,0,0,0,0,0,-,-,34.02463912963867,-118.2759017944336,LOS ANGELES,LOS ANGELES,-118.27603149414064,34.024715423583984
91046453,2019,2019-08-06,9575,2019-08-04,0054,021744,NA,7,3,6,1953,0,1,1,NA,2,064,I-210 E/B (FOOTHILL FWY.) FROM LAKE AVE,LAKE AVENUE,220,E,N,A,-,Y,NA,NA,210,NA,NA,NA,R,NA,E,Y,3,0,1,1,A,-,01,23152,A,N,E,I,A,A,H,-,D,D,0,NA,NA,Y,NA,Y,Y,C,02,0,1,0,0,0,0,0,0,1,-,-,34.15134811401367,-118.13140106201172,LOS ANGELES,PASADENA,-118.13140106201172,34.15134811401367
91046479,2019,2019-09-12,9530,2019-08-03,2030,022043,NA,6,2,9,1900,0,3,5,NA,2,002,REDONDO BEACH BLVD.,BROADWAY,0,NA,Y,A,-,N,NA,NA,NA,NA,NA,NA,NA,NA,NA,Y,3,0,1,2,A,-,09,21801,A,N,A,C,A,A,H,-,C,A,0,NA,NA,NA,NA,Y,NA,A,01,0,1,0,0,0,0,0,0,0,-,-,33.89287185668945,-118.27873992919922,LOS ANGELES,UNINCORPORATED,-118.27866363525392,33.892860412597656
91046484,2019,2019-11-19,9590,2019-07-30,1210,017878,NA,2,1,7,1942,0,1,1,NA,2,080,I-5 N/B (GSF),4TH STREET,100,N,N,A,-,Y,NA,NA,5,NA,NA,NA,NA,NA,N,Y,3,0,1,2,A,-,03,22350,NA,N,C,C,A,A,H,-,A,D,0,NA,NA,NA,Y,Y,NA,A,01,0,1,0,0,0,0,0,0,0,-,-,34.04322814941406,-118.21688842773438,LOS ANGELES,LOS ANGELES,-118.21692657470705,34.04325485229492
91046507,2019,2019-08-06,9530,2019-07-23,2120,022043,NA,2,2,9,1900,0,3,5,NA,2,001,92ND ST. (2100 BLOCK),JUNIPER ST.,104,W,N,A,-,N,NA,NA,NA,NA,NA,NA,NA,NA,NA,N,4,0,1,2,A,-,03,22350,NA,N,G,B,D,A,H,-,C,D,0,Y,NA,NA,NA,Y,NA,A,01,0,0,1,0,1,0,0,0,0,-,-,33.9532585144043,-118.23319244384766,LOS ANGELES,UNINCORPORATED,-118.2332000732422,33.953269958496094
91046516,2019,2019-08-06,9580,2019-08-05,0900,022036,NA,1,1,7,1942,0,1,2,NA,2,100,US-101 N/B (VENTURA FREEWAY),RADFORD AVE,500,S,N,A,-,Y,NA,NA,101,NA,NA,NA,NA,NA,N,N,4,0,1,2,A,-,07,21658,A,N,B,C,A,A,H,-,A,D,0,NA,NA,NA,Y,Y,NA,G,25,0,0,1,0,0,0,0,0,0,-,-,34.154598236083984,-118.39119720458984,LOS ANGELES,LOS ANGELES,-118.39119720458984,34.154544830322266
91046522,2019,2019-08-06,9580,2019-08-05,0728,018322,NA,1,1,7,1942,0,1,3,NA,2,117,SR-118 W/B (RONALD REAGAN FWY.),WOODLEY AVE,410,W,N,A,-,Y,NA,NA,118,NA,NA,NA,NA,NA,W,Y,4,0,3,4,A,-,03,22350,NA,N,C,C,A,A,H,-,A,D,0,NA,NA,NA,NA,Y,NA,D,22,0,0,3,0,0,0,0,0,0,-,-,34.268699645996094,-118.48580169677734,LOS ANGELES,LOS ANGELES,-118.48577117919922,34.26873779296875
91046547,2019,2019-08-06,9525,2019-07-25,1300,021080,NA,4,1,9,1900,0,3,5,NA,2,003,AZUSA AVE.,SALAIS ST.,0,NA,Y,A,-,N,NA,NA,NA,NA,NA,NA,NA,NA,NA,Y,3,0,1,3,A,-,12,21453,A,N,D,C,A,A,H,-,A,D,0,NA,NA,NA,NA,Y,NA,A,01,0,1,0,0,0,0,0,0,0,-,-,34.012691497802734,-117.92314910888672,LOS ANGELES,UNINCORPORATED,-117.92314910888672,34.01272964477539