CASE_ID,ACCIDENT_YEAR,PROC_DATE,JURIS,COLLISION_DATE,COLLISION_TIME,OFFICER_ID,REPORTING_DISTRICT,DAY_OF_WEEK,CHP_SHIFT,POPULATION,CNTY_CITY_LOC,SPECIAL_COND,BEAT_TYPE,CHP_BEAT_TYPE,CITY_DIVISION_LAPD,CHP_BEAT_CLASS,BEAT_NUMBER,PRIMARY_RD,SECONDARY_RD,DISTANCE,DIRECTION,INTERSECTION,WEATHER_1,WEATHER_2,STATE_HWY_IND,CALTRANS_COUNTY,CALTRANS_DISTRICT,STATE_ROUTE,ROUTE_SUFFIX,POSTMILE_PREFIX,POSTMILE,LOCATION_TYPE,RAMP_INTERSECTION,SIDE_OF_HWY,TOW_AWAY,COLLISION_SEVERITY,NUMBER_KILLED,NUMBER_INJURED,PARTY_COUNT,PRIMARY_COLL_FACTOR,PCF_CODE_OF_VIOL,PCF_VIOL_CATEGORY,PCF_VIOLATION,PCF_VIOL_SUBSECTION,HIT_AND_RUN,TYPE_OF_COLLISION,MVIW,PED_ACTION,ROAD_SURFACE,ROAD_COND_1,ROAD_COND_2,LIGHTING,CONTROL_DEVICE,CHP_ROAD_TYPE,PEDESTRIAN_ACCIDENT,BICYCLE_ACCIDENT,MOTORCYCLE_ACCIDENT,TRUCK_ACCIDENT,NOT_PRIVATE_PROPERTY,ALCOHOL_INVOLVED,STWD_VEHTYPE_AT_FAULT,CHP_VEHTYPE_AT_FAULT,COUNT_SEVERE_INJ,COUNT_VISIBLE_INJ,COUNT_COMPLAINT_PAIN,COUNT_PED_KILLED,COUNT_PED_INJURED,COUNT_BICYCLIST_KILLED,COUNT_BICYCLIST_INJURED,COUNT_MC_KILLED,COUNT_MC_INJURED,PRIMARY_RAMP,SECONDARY_RAMP,LATITUDE,LONGITUDE,COUNTY,CITY,POINT_X,POINT_Y
91047206,2019,2019-10-18,9530,2019-07-28,1350,022130,NA,7,1,9,1900,0,3,5,NA,2,002,COMPTON AVE.,118TH PL.,0,NA,Y,A,-,N,NA,NA,NA,NA,NA,NA,NA,NA,NA,Y,4,0,2,2,A,-,09,21802,A,N,D,C,A,A,H,-,A,D,0,NA,NA,NA,NA,Y,NA,A,01,0,0,2,0,0,0,0,0,0,-,-,33.92512893676758,-118.246337890625,LOS ANGELES,UNINCORPORATED,-118.2462921142578,33.92515182495117
91047231,2019,2019-08-07,9525,2019-07-27,2030,021931,NA,6,2,9,1900,0,2,4,NA,2,045,VALLEY BLVD (15000 BLOCK),TURNBULL CANYON RD.,792,W,N,A,-,N,NA,NA,NA,NA,NA,NA,NA,NA,NA,Y,4,0,1,2,A,-,07,21658,A,N,C,C,A,A,H,-,C,A,0,NA,NA,Y,NA,Y,Y,C,02,0,0,1,0,0,0,0,0,1,-,-,34.02851104736328,-117.96581268310548,LOS ANGELES,UNINCORPORATED,-117.9663543701172,34.02892303466797
91047233,2019,2019-08-07,9575,2019-08-05,1728,021006,NA,1,2,3,1991,0,1,1,NA,2,062,I-210 W/B (FOOTHILL FREEWAY),LA CRESCENTA AVE.,600,E,N,A,-,Y,NA,NA,NA,NA,NA,NA,NA,NA,NA,Y,4,0,1,2,A,-,03,22350,NA,N,C,C,A,A,H,-,A,D,0,NA,NA,NA,NA,Y,NA,A,01,0,0,1,0,0,0,0,0,0,-,-,34.215911865234375,-118.23500823974608,LOS ANGELES,LA CANADA-FLINTRIDGE,-118.23828125,34.217979431152344
91047247,2019,2019-08-07,9525,2019-07-31,0315,019188,NA,3,3,6,1955,0,1,1,NA,2,107,I-10 W/B (SAN BERNARDINO FWY),VIA VERDE AVE,600,E,N,A,-,Y,NA,NA,NA,NA,NA,NA,NA,NA,NA,Y,3,0,1,3,A,-,01,23152,A,N,B,C,A,A,D,-,D,D,0,NA,NA,NA,Y,Y,Y,A,01,0,1,0,0,0,0,0,0,0,-,-,34.06692123413086,-117.8325424194336,LOS ANGELES,POMONA,NA,NA
91047255,2019,2019-08-07,9525,2019-07-31,0745,020847,NA,3,1,5,1926,0,1,1,NA,2,205,I-210 W/B (FOOTHILL FWY),GRAND AVE,500,E,N,A,-,Y,NA,NA,210,NA,NA,NA,NA,NA,W,Y,4,0,1,2,A,-,07,21658,A,N,B,C,A,A,H,-,A,D,0,NA,NA,NA,NA,Y,NA,A,01,0,0,1,0,0,0,0,0,0,-,-,34.11737060546875,-117.85753631591795,LOS ANGELES,GLENDORA,-117.8575439453125,34.11737823486328
91047257,2019,2019-08-07,9590,2019-08-01,2014,021705,NA,4,2,7,1942,0,1,1,NA,2,081,I-5 S/B (GOLDEN STATE FREEWAY),WHITTIER BLVD,200,N,N,A,-,Y,NA,NA,5,NA,NA,NA,NA,NA,S,N,4,0,1,2,A,-,03,22350,NA,F,C,C,A,A,H,-,C,D,0,NA,NA,NA,NA,Y,NA,A,01,0,0,1,0,0,0,0,0,0,-,-,34.03718948364258,-118.22032165527344,LOS ANGELES,LOS ANGELES,-118.2203369140625,34.03719711303711
91047265,2019,2019-08-07,9590,2019-08-04,2140,018529,NA,7,2,7,1942,0,1,1,NA,2,081,I-5 S/B,WHITTIER BLVD.,100,N,N,A,-,Y,NA,NA,5,NA,NA,NA,NA,NA,S,N,4,0,2,2,A,-,03,22350,NA,F,C,C,A,A,D,-,C,A,0,NA,NA,NA,NA,Y,NA,D,22,0,0,2,0,0,0,0,0,0,-,-,34.036869049072266,-118.2204132080078,LOS ANGELES,LOS ANGELES,-118.220458984375,34.03689193725586
91047272,2019,2019-08-07,9590,2019-08-04,2130,020697,NA,7,2,7,1942,0,1,1,NA,2,053,I-110 SOUTHBOUND (HARBOR FREEWAY),8TH ST,100,N,N,A,-,Y,NA,NA,110,NA,NA,NA,NA,NA,S,N,4,0,1,2,A,-,07,21658,A,F,C,C,A,A,H,-,C,D,0,NA,NA,NA,NA,Y,NA,-,99,0,0,1,0,0,0,0,0,0,-,-,34.049678802490234,-118.26399230957033,LOS ANGELES,LOS ANGELES,-118.2639617919922,34.04963684082031
91047275,2019,2019-08-07,9525,2019-08-01,1227,019291,NA,4,1,3,1921,0,1,1,NA,2,201,I-210 W/B (FOOTHILL FWY),BUENA VISTA ST,200,E,N,A,-,Y,NA,NA,210,NA,NA,NA,NA,NA,W,N,4,0,1,2,A,-,03,22350,NA,N,C,C,A,A,H,-,A,D,0,NA,NA,NA,Y,Y,NA,G,25,0,0,1,0,0,0,0,0,0,-,-,34.13549041748047,-117.97669982910156,LOS ANGELES,DUARTE,-117.97669982910156,34.13545608520508
91047286,2019,2019-08-07,9535,2019-06-17,1630,022176,NA,1,2,9,1900,0,3,5,NA,2,006,SAN GABRIEL BOULEVARD,RUSH STREET,0,NA,Y,A,-,N,NA,NA,NA,NA,NA,NA,NA,NA,NA,Y,4,0,2,2,A,-,09,21801,A,N,D,C,A,A,H,-,A,A,0,NA,NA,NA,NA,Y,NA,A,07,0,0,2,0,0,0,0,0,0,-,-,34.05179977416992,-118.09030151367188,LOS ANGELES,UNINCORPORATED,-118.09052276611328,34.0518684387207
91047287,2019,2019-08-07,9525,2019-07-31,0945,019495,NA,3,1,5,1906,0,1,1,NA,2,103,I-10 W/B (SAN BERNARDINO FWY),PUENTE AVE,2112,E,N,A,-,Y,NA,NA,10,NA,NA,NA,NA,NA,W,N,4,0,1,2,A,-,03,22350,NA,N,C,C,A,A,H,-,A,D,0,NA,NA,NA,NA,Y,NA,A,07,0,0,1,0,0,0,0,0,0,-,-,34.07099914550781,-117.95490264892578,LOS ANGELES,BALDWIN PARK,-117.95490264892578,34.07102966308594
91047290,2019,2019-08-07,9590,2019-07-29,2340,021122,NA,1,3,7,1942,0,1,1,NA,2,500,I-110 N/B (HARBOR FREEWAY),MARTIN LUTHER KING JR BLVD.,200,N,N,A,-,Y,NA,NA,110,NA,NA,NA,NA,NA,N,Y,3,0,1,2,C,-,18,NA,NA,N,E,I,A,A,D,-,C,A,0,NA,NA,NA,Y,Y,NA,-,-,0,1,0,0,0,0,0,0,0,-,-,34.01190185546875,-118.28083801269533,LOS ANGELES,LOS ANGELES,-118.28090667724608,34.01190185546875
91047299,2019,2019-08-07,9550,2019-08-01,1800,022260,NA,4,2,9,1900,0,2,4,NA,1,021,CARMENITA ROAD,BEATY AVE,0,NA,Y,A,-,N,NA,NA,NA,NA,NA,NA,NA,NA,NA,Y,4,0,1,2,A,-,09,21802,A,N,D,C,A,A,H,-,A,A,0,NA,NA,NA,NA,Y,NA,A,01,0,0,1,0,0,0,0,0,0,-,-,33.924530029296875,-118.04646301269533,LOS ANGELES,UNINCORPORATED,-118.04659271240234,33.92451858520508
91047315,2019,2019-08-07,9580,2019-07-29,0720,022090,NA,1,1,7,1942,0,1,2,NA,2,104,US-101 N/B (VENTURA FREEWAY),VENTURA BLVD,160,S,N,A,-,Y,NA,NA,101,NA,NA,NA,NA,NA,N,Y,3,0,1,2,A,-,03,22350,NA,N,C,C,A,A,H,-,A,D,0,NA,NA,NA,NA,Y,NA,A,01,0,1,0,0,0,0,0,0,0,-,-,34.16939163208008,-118.61222839355467,LOS ANGELES,LOS ANGELES,-118.61222839355467,34.16939163208008
91047316,2019,2019-08-07,9525,2019-07-25,0910,015445,NA,4,1,5,1990,0,1,3,NA,2,571,SR-57 S/B (ORANGE FWY),SUNSET CROSSING,1900,S,N,B,-,Y,NA,NA,57,NA,NA,NA,NA,NA,S,Y,3,0,1,2,A,-,03,22350,NA,N,C,C,A,A,H,-,A,D,0,NA,NA,Y,NA,Y,NA,C,02,0,1,0,0,0,0,0,0,1,-,-,34.02350997924805,-117.8130111694336,LOS ANGELES,DIAMOND BAR,-117.81306457519533,34.023529052734375
91047317,2019,2019-08-07,9540,2019-07-31,0745,021447,NA,3,1,9,1900,0,2,4,NA,2,012,PICO CANYON RD (24900 BLOCK),CONSTITUTION AVE,24,W,N,A,-,N,NA,NA,NA,NA,NA,NA,NA,NA,NA,Y,4,0,1,1,A,-,08,22107,NA,N,E,I,A,A,H,-,A,A,0,NA,NA,NA,NA,Y,NA,A,01,0,0,1,0,0,0,0,0,0,-,-,34.38193130493164,-118.57565307617188,LOS ANGELES,UNINCORPORATED,-118.57557678222656,34.38188552856445
91047329,2019,2019-08-07,9580,2019-07-26,0515,022016,NA,5,3,7,1942,0,1,2,NA,2,102,US-101 N/B TO I-405 S/B,SEPULVEDA BLVD,500,N,N,A,-,Y,NA,NA,101,NA,NA,NA,R,NA,N,Y,3,0,1,1,A,-,08,22107,NA,N,F,A,A,A,H,-,B,D,0,NA,NA,Y,NA,Y,NA,C,02,0,1,0,0,0,0,0,0,1,-,-,34.16062927246094,-118.46832275390624,LOS ANGELES,LOS ANGELES,-118.46832275390624,34.16062927246094
91047337,2019,2019-08-07,9580,2019-07-28,2215,021963,NA,7,3,7,1942,0,1,2,NA,2,103,US-101 S/B (VENTURA FREEWAY),BALBOA AVE,100,S,N,A,-,Y,NA,NA,101,NA,NA,NA,NA,NA,S,N,3,0,3,3,A,-,08,22107,NA,F,B,C,A,A,H,-,C,D,0,NA,NA,NA,NA,Y,NA,-,99,0,1,2,0,0,0,0,0,0,-,-,34.17005920410156,-118.50048828125,LOS ANGELES,LOS ANGELES,-118.50048065185548,34.170074462890625
91047349,2019,2019-08-07,9530,2019-07-27,1655,021965,NA,6,2,6,1972,0,1,1,NA,2,400,I-405 S/B (SAN DIEGO FREEWAY),ARTESIA BLVD.,200,N,N,A,-,Y,NA,NA,405,NA,NA,NA,NA,NA,S,Y,3,0,2,2,A,-,03,22350,NA,N,C,C,A,A,H,-,A,D,0,NA,NA,Y,NA,Y,NA,C,02,0,2,0,0,0,0,0,0,2,-,-,33.87342834472656,-118.3426513671875,LOS ANGELES,TORRANCE,-118.34270477294922,33.873390197753906
91047350,2019,2019-08-07,9580,2019-07-30,0820,017386,NA,2,1,7,1942,0,1,2,NA,2,104,US-101 N/B (VENTURA FREEWAY),CANOGA AVE,1056,S,N,A,-,Y,NA,NA,101,NA,NA,NA,NA,NA,N,N,4,0,1,2,A,-,03,22350,NA,M,C,C,A,A,H,-,A,D,0,NA,NA,NA,NA,Y,NA,-,99,0,0,1,0,0,0,0,0,0,-,-,34.168968200683594,-118.59352111816406,LOS ANGELES,LOS ANGELES,-118.59352111816406,34.1689453125
91047359,2019,2019-08-07,9540,2019-07-31,2205,021151,NA,3,3,6,1985,0,1,1,NA,2,506,I-5 N/B,LYONS AVE,275,S,N,A,-,Y,NA,NA,5,NA,NA,NA,NA,NA,N,Y,3,0,1,3,A,-,03,22350,NA,N,C,C,A,A,D,-,D,A,0,NA,NA,NA,NA,Y,NA,A,07,0,1,0,0,0,0,0,0,0,-,-,34.377891540527344,-118.56484222412108,LOS ANGELES,SANTA CLARITA,-118.56482696533205,34.377899169921875
91047361,2019,2019-08-07,9590,2019-08-01,0140,022344,NA,4,3,7,1942,0,1,1,NA,2,053,I-110 S/B (HAF) TO I-10 (SMF) COLLECTOR,VENICE BOULEVARD,492,N,N,A,-,Y,NA,NA,110,NA,NA,NA,R,NA,S,N,4,0,1,1,A,-,08,22107,NA,N,E,I,A,A,H,-,D,D,0,NA,NA,NA,NA,Y,NA,A,01,0,0,1,0,0,0,0,0,0,-,-,34.04066848754883,-118.27403259277344,LOS ANGELES,LOS ANGELES,-118.27403259277344,34.04066848754883
91047363,2019,2019-08-07,9580,2019-08-01,1515,021187,NA,4,2,7,1942,0,1,2,NA,2,102,US-101 N/B (VENTURA FREEWAY),VAN NUYS BLVD,500,N,N,A,-,Y,NA,NA,101,NA,NA,NA,NA,NA,N,N,4,0,2,3,A,-,03,22350,NA,N,C,C,A,A,H,-,A,D,0,NA,NA,NA,NA,Y,NA,A,01,0,0,2,0,0,0,0,0,0,-,-,34.15959167480469,-118.46222686767578,LOS ANGELES,LOS ANGELES,-118.46222686767578,34.159507751464844
91047370,2019,2019-08-07,9540,2019-07-27,1935,021214,NA,6,2,9,1900,0,2,4,NA,2,012,PICO CANYON ROAD,THE OLD ROAD,0,NA,Y,A,-,N,NA,NA,NA,NA,NA,NA,NA,NA,NA,Y,4,0,1,2,A,-,12,21453,A,N,D,C,A,A,H,-,B,A,0,NA,NA,NA,NA,Y,NA,A,08,0,0,1,0,0,0,0,0,0,-,-,34.38105010986328,-118.57083892822266,LOS ANGELES,UNINCORPORATED,-118.57086944580078,34.38106918334961
91047373,2019,2019-08-07,9580,2019-08-06,0823,022036,NA,2,1,7,1942,0,1,2,NA,2,100,US-101 N/B (VENTURA FREEWAY),COLDWATER CANYON AVE,2006,N,N,A,-,Y,NA,NA,101,NA,NA,NA,NA,NA,N,N,4,0,1,2,A,-,03,22350,NA,N,C,C,A,A,H,-,A,D,0,NA,NA,NA,NA,Y,NA,A,01,0,0,1,0,0,0,0,0,0,-,-,34.156898498535156,-118.4210968017578,LOS ANGELES,LOS ANGELES,-118.4210968017578,34.156856536865234
91047374,2019,2019-08-07,9535,2019-07-26,1322,022343,NA,5,1,3,1914,0,1,1,NA,2,072,I-710 (LONG BEACH FREEWAY) N/B,WASHINGTON BLVD.,2200,N,N,A,-,Y,NA,NA,710,NA,NA,NA,NA,NA,N,N,4,0,1,2,A,-,08,22107,NA,N,B,C,A,A,H,-,A,D,0,NA,NA,NA,Y,Y,NA,F,26,0,0,1,0,0,0,0,0,0,-,-,34.010929107666016,-118.17218780517578,LOS ANGELES,COMMERCE,-118.17226409912108,34.010929107666016
91047375,2019,2019-08-07,9530,2019-07-28,1405,021792,NA,7,2,9,1900,0,3,5,NA,2,006,SEPULVEDA BLVD. (1200 BLOCK),NORMANIDE,35,E,N,A,-,N,NA,NA,NA,NA,NA,NA,NA,NA,NA,N,4,0,1,2,A,-,03,22350,NA,N,C,C,A,A,H,-,A,D,0,NA,NA,NA,NA,Y,NA,A,01,0,0,1,0,0,0,0,0,0,-,-,33.81306076049805,-118.29795074462892,LOS ANGELES,UNINCORPORATED,-118.298095703125,33.813133239746094
91047390,2018,2019-08-07,9530,2018-07-22,2018,020983,NA,7,2,9,1900,0,3,5,NA,2,002,COMPTON BOULEVARD,STANFORD AVENUE,0,NA,N,A,-,N,NA,NA,NA,NA,NA,NA,NA,NA,NA,Y,1,1,0,1,A,-,03,22350,NA,N,E,I,A,A,H,-,B,D,0,NA,NA,Y,NA,Y,NA,C,02,0,0,0,0,0,0,0,1,0,-,-,33.89527893066406,-118.25975036621094,LOS ANGELES,UNINCORPORATED,-118.26039886474608,33.895328521728516
91047391,2019,2019-08-07,9590,2019-08-01,1220,022281,NA,4,1,7,1942,0,1,1,NA,2,013,SR-110 S/B (ARROYO SECO PARKWAY),AVENUE 43,1000,N,N,A,-,Y,NA,NA,110,NA,NA,NA,NA,NA,S,N,3,0,1,1,A,-,08,22107,NA,N,E,I,A,A,H,-,A,D,0,NA,NA,NA,NA,Y,NA,A,01,0,1,0,0,0,0,0,0,0,-,-,34.09825134277344,-118.20362091064452,LOS ANGELES,LOS ANGELES,-118.2036590576172,34.09827423095703
91047402,2019,2019-08-07,9580,2019-07-29,1755,022275,NA,1,2,7,1942,0,1,1,NA,2,404,I-405 N/B (SAN DIEGO FWY),VENTURA BLVD,1848,S,N,A,-,Y,NA,NA,405,NA,NA,NA,NA,NA,N,N,4,0,2,4,A,-,03,22350,NA,N,C,C,A,A,H,-,A,D,0,NA,NA,NA,NA,Y,NA,D,22,0,0,2,0,0,0,0,0,0,-,-,34.14878845214844,-118.4689712524414,LOS ANGELES,LOS ANGELES,-118.46903228759766,34.148826599121094
91047403,2019,2019-08-07,9535,2019-07-26,1515,022319,NA,5,2,5,1906,0,1,1,NA,2,654,I-605 (SAN GABRIEL RIVER FREEWAY) N/B,VALLEY BLVD,2000,S,N,A,-,Y,NA,NA,NA,NA,NA,NA,NA,NA,NA,Y,3,0,2,2,A,-,08,22107,NA,M,B,C,A,A,H,-,A,D,0,NA,NA,NA,NA,Y,NA,-,99,0,1,1,0,0,0,0,0,0,-,-,34.04949951171875,-118.00689697265624,LOS ANGELES,BALDWIN PARK,-118.00694274902344,34.04935073852539
91047411,2019,2019-08-07,9580,2019-07-26,1005,019319,NA,5,1,7,1942,0,1,2,NA,2,101,US-101 S/B (VENTURA FREEWAY),COLDWATER CANYON AVE,1584,S,N,A,-,Y,NA,NA,101,NA,NA,NA,NA,NA,S,N,4,0,1,2,A,-,03,22350,NA,N,C,C,A,A,H,-,A,D,0,NA,NA,NA,NA,Y,NA,A,08,0,0,1,0,0,0,0,0,0,-,-,34.15660858154297,-118.40917205810548,LOS ANGELES,LOS ANGELES,-118.40917205810548,34.156620025634766
91047413,2019,2019-08-07,9580,2019-07-30,0445,017371,NA,2,3,7,1942,0,1,2,NA,2,104,US-101 N/B (VENTURA FREEWAY),VENTURA BLVD,200,S,N,A,-,Y,NA,NA,101,NA,NA,NA,NA,NA,N,Y,3,0,1,2,A,-,01,23152,A,N,C,C,A,A,H,-,D,D,0,NA,NA,NA,NA,Y,Y,A,01,0,1,0,0,0,0,0,0,0,-,-,34.16947937011719,-118.61215972900392,LOS ANGELES,LOS ANGELES,-118.61214447021484,34.16945266723633
9104742,2020,2020-08-12,1976,2020-05-14,1643,597,NA,4,5,3,1964,0,0,0,NA,0,NA,WASHINGTON BL,BROADWAY,435,W,N,A,-,N,NA,NA,NA,NA,NA,NA,NA,NA,NA,N,4,0,1,2,A,-,03,22350,NA,N,C,C,A,A,H,-,A,A,0,NA,NA,NA,NA,Y,NA,A,07,0,0,1,0,0,0,0,0,0,-,-,NA,NA,LOS ANGELES,SANTA FE SPRINGS,-118.07028198242188,33.9716682434082
91047434,2019,2019-08-07,9525,2019-07-29,1900,021931,NA,1,2,9,1900,0,1,1,NA,2,105,I-10 W/B (SAN BERNARDINO FWY),HOLT AVE,1320,E,N,A,-,Y,NA,NA,10,NA,NA,NA,NA,NA,W,Y,4,0,1,1,A,-,08,22107,NA,N,E,I,A,A,D,E,A,D,0,NA,NA,NA,NA,Y,NA,A,01,0,0,1,0,0,0,0,0,0,-,-,34.068180084228516,-117.85930633544922,LOS ANGELES,UNINCORPORATED,-117.85930633544922,34.068233489990234
91047437,2019,2019-08-07,9580,2019-08-05,1315,016003,NA,1,1,7,1942,0,1,2,NA,2,105,US-101 S/B (VENTURA FREEWAY),WHITE OAK AVE,528,N,N,A,-,Y,NA,NA,101,NA,NA,NA,NA,NA,S,N,4,0,1,3,A,-,03,22350,NA,N,C,C,A,A,H,-,A,D,0,NA,NA,NA,NA,Y,NA,A,01,0,0,1,0,0,0,0,0,0,-,-,34.17110824584961,-118.51859283447266,LOS ANGELES,LOS ANGELES,-118.51859283447266,34.17109298706055
91047453,2019,2019-08-07,9530,2019-07-28,1605,022079,NA,7,2,9,1900,0,3,5,NA,2,002,REDONDO BEACH BLVD.,SAN PEDRO ST.,0,NA,Y,A,-,N,NA,NA,NA,NA,NA,NA,NA,NA,NA,Y,3,0,1,1,A,-,01,23152,A,N,E,I,A,A,H,-,A,D,0,NA,NA,NA,NA,Y,Y,A,01,0,1,0,0,0,0,0,0,0,-,-,33.893001556396484,-118.26685333251952,LOS ANGELES,UNINCORPORATED,-118.26702117919922,33.89318084716797
91047484,2019,2019-08-07,9530,2019-07-27,1805,021610,NA,6,2,7,1941,0,1,1,NA,2,430,I-405 S/B (SAN DIEGO FREEWAY),PALO VERDE AVE.,997,W,N,A,-,Y,NA,NA,NA,NA,NA,NA,NA,NA,NA,Y,4,0,3,3,A,-,03,22350,NA,N,C,C,A,A,H,-,A,D,0,NA,NA,NA,NA,Y,NA,A,01,0,0,3,0,0,0,0,0,0,-,-,33.489280700683594,-118.7107162475586,LOS ANGELES,LONG BEACH,-118.11035919189452,33.79863739013672
91047509,2019,2019-08-07,9525,2019-08-02,1756,019632,NA,5,2,6,1955,0,1,3,NA,2,606,SR-60 E/B (POMONA FWY),GAREY AVE,528,W,N,A,-,Y,NA,NA,60,NA,NA,NA,NA,NA,E,N,4,0,1,2,A,-,03,22350,NA,N,C,C,A,A,H,-,A,D,0,NA,NA,NA,NA,Y,NA,A,01,0,0,1,0,0,0,0,0,0,-,-,34.023101806640625,-117.75009155273438,LOS ANGELES,POMONA,-117.75008392333984,34.02315902709961
91047526,2019,2019-08-07,9530,2019-07-28,0005,022083,NA,7,3,9,1900,0,3,5,NA,2,002,MONA BLVD. (13500 BLOCK),BLISS ST.,100,S,N,A,-,N,NA,NA,NA,NA,NA,NA,NA,NA,NA,Y,3,0,1,2,A,-,01,23152,A,N,D,E,A,A,H,-,C,D,0,NA,NA,NA,NA,Y,Y,A,01,0,1,0,0,0,0,0,0,0,-,-,33.9093017578125,-118.22508239746094,LOS ANGELES,UNINCORPORATED,-118.22502136230467,33.90932846069336
91047532,2019,2019-08-07,9525,2019-08-02,2355,021451,NA,5,3,9,1900,0,3,5,NA,2,004,WILLOW AVE. (1500 BLOCK),FRANCISQUITO AVE,500,S,N,A,-,N,NA,NA,NA,NA,NA,NA,NA,NA,NA,Y,3,0,1,4,A,-,01,23152,A,N,B,E,A,A,H,-,C,D,0,NA,NA,NA,NA,Y,Y,A,01,0,1,0,0,0,0,0,0,0,-,-,34.059898376464844,-117.96450042724608,LOS ANGELES,UNINCORPORATED,-117.96463775634766,34.05977249145508
91047539,2019,2019-08-07,9535,2019-07-23,2055,022354,NA,2,2,9,1900,0,2,4,NA,2,018,BEVERLY BLVD.,SADLER AVE.,0,NA,Y,A,-,N,NA,NA,NA,NA,NA,NA,NA,NA,NA,N,3,0,1,2,A,-,09,21801,A,N,D,C,A,A,H,-,C,A,0,NA,NA,NA,NA,Y,NA,A,01,0,1,0,0,0,0,0,0,0,-,-,34.028419494628906,-118.14724731445313,LOS ANGELES,UNINCORPORATED,-118.14714813232422,34.02833938598633
91047546,2019,2019-08-07,9525,2019-08-03,0305,020843,NA,6,3,5,1926,0,1,1,NA,2,206,I-210 E/B TO GRAND AVE.,GRAND AVE,126,E,N,A,-,Y,NA,NA,210,NA,NA,NA,R,NA,E,Y,4,0,1,1,A,-,01,23152,A,N,E,I,A,A,H,-,C,D,0,NA,NA,NA,NA,Y,Y,A,01,0,0,1,0,0,0,0,0,0,-,-,34.12017059326172,-117.87161254882813,LOS ANGELES,GLENDORA,-117.87161254882813,34.12017059326172
91047558,2019,2019-08-07,9525,2019-08-03,1100,019966,NA,6,1,9,1900,0,3,5,NA,2,003,VALINDA AVE. (1600 N. BLK.),DOUBLEGROVE ST. (16300 BLK.),0,NA,Y,A,-,N,NA,NA,NA,NA,NA,NA,NA,NA,NA,Y,4,0,1,2,A,-,09,21802,A,N,E,I,A,A,H,-,A,A,0,NA,NA,NA,NA,Y,NA,E,22,0,0,1,0,0,0,0,0,0,-,-,34.048091888427734,-117.92568206787108,LOS ANGELES,UNINCORPORATED,-117.92562866210938,34.04808044433594
9104758,2020,2020-07-29,1969,2020-04-27,1144,10156,TRAFF,1,5,5,1969,0,0,0,NA,0,002,SOUTHERN AV,MADISON AV,0,NA,Y,A,-,N,NA,NA,NA,NA,NA,NA,NA,NA,NA,N,4,0,4,2,A,-,09,21802,A,N,D,C,A,A,H,-,A,A,0,NA,NA,NA,NA,Y,NA,D,22,0,0,4,0,0,0,0,0,0,-,-,NA,NA,LOS ANGELES,SOUTH GATE,-118.21388244628906,33.951881408691406
91047600,2019,2019-08-07,9550,2019-08-02,1350,015045,NA,5,1,5,1919,0,1,3,NA,2,091,SR-91 E/B (ARTESIA FREEWAY),STUDEBAKER ROAD,528,E,N,A,-,Y,NA,NA,91,NA,NA,NA,NA,NA,E,Y,3,0,4,3,A,-,03,22350,NA,N,C,C,A,A,H,-,A,D,0,NA,NA,NA,NA,Y,NA,A,01,0,1,3,0,0,0,0,0,0,-,-,33.876338958740234,-118.09707641601564,LOS ANGELES,CERRITOS,-118.09707641601564,33.87639617919922
91047652,2019,2019-08-08,9590,2019-07-31,1300,021132,NA,3,1,7,1942,0,1,1,NA,2,050,I-110 N/B (HAF),54TH STREET,500,S,N,A,-,Y,NA,NA,110,NA,NA,NA,NA,NA,N,Y,4,0,1,2,A,-,03,22350,NA,F,C,C,A,A,H,-,A,D,0,NA,NA,NA,NA,Y,NA,-,99,0,0,1,0,0,0,0,0,0,-,-,33.991390228271484,-118.28011322021484,LOS ANGELES,LOS ANGELES,-118.28040313720705,33.991390228271484
91047680,2019,2019-08-08,9550,2019-07-28,1000,022144,NA,7,1,9,1900,0,3,5,NA,2,002,LAMBERT ROAD E/B,CELESTINE DRIVE,19,E,N,A,-,N,NA,NA,NA,NA,NA,NA,NA,NA,NA,Y,3,0,1,1,A,-,08,22107,NA,N,E,I,A,A,H,-,A,D,0,NA,NA,NA,NA,Y,NA,D,22,0,1,0,0,0,0,0,0,0,-,-,33.927398681640625,-117.98304748535156,LOS ANGELES,UNINCORPORATED,-117.98302459716795,33.927486419677734
9104770,2020,2020-08-12,1969,2020-05-22,1847,10100,PATRO,5,5,5,1969,0,0,0,NA,0,002,FIRESTONE BL,LONG BEACH BL,125,S,N,A,-,N,NA,NA,NA,NA,NA,NA,NA,NA,NA,Y,3,0,1,2,A,-,03,22350,NA,N,C,C,A,A,H,-,A,A,0,NA,NA,NA,NA,Y,NA,A,01,0,1,0,0,0,0,0,0,0,-,-,NA,NA,LOS ANGELES,SOUTH GATE,-118.22029113769533,33.95561981201172