CASE_ID,ACCIDENT_YEAR,PROC_DATE,JURIS,COLLISION_DATE,COLLISION_TIME,OFFICER_ID,REPORTING_DISTRICT,DAY_OF_WEEK,CHP_SHIFT,POPULATION,CNTY_CITY_LOC,SPECIAL_COND,BEAT_TYPE,CHP_BEAT_TYPE,CITY_DIVISION_LAPD,CHP_BEAT_CLASS,BEAT_NUMBER,PRIMARY_RD,SECONDARY_RD,DISTANCE,DIRECTION,INTERSECTION,WEATHER_1,WEATHER_2,STATE_HWY_IND,CALTRANS_COUNTY,CALTRANS_DISTRICT,STATE_ROUTE,ROUTE_SUFFIX,POSTMILE_PREFIX,POSTMILE,LOCATION_TYPE,RAMP_INTERSECTION,SIDE_OF_HWY,TOW_AWAY,COLLISION_SEVERITY,NUMBER_KILLED,NUMBER_INJURED,PARTY_COUNT,PRIMARY_COLL_FACTOR,PCF_CODE_OF_VIOL,PCF_VIOL_CATEGORY,PCF_VIOLATION,PCF_VIOL_SUBSECTION,HIT_AND_RUN,TYPE_OF_COLLISION,MVIW,PED_ACTION,ROAD_SURFACE,ROAD_COND_1,ROAD_COND_2,LIGHTING,CONTROL_DEVICE,CHP_ROAD_TYPE,PEDESTRIAN_ACCIDENT,BICYCLE_ACCIDENT,MOTORCYCLE_ACCIDENT,TRUCK_ACCIDENT,NOT_PRIVATE_PROPERTY,ALCOHOL_INVOLVED,STWD_VEHTYPE_AT_FAULT,CHP_VEHTYPE_AT_FAULT,COUNT_SEVERE_INJ,COUNT_VISIBLE_INJ,COUNT_COMPLAINT_PAIN,COUNT_PED_KILLED,COUNT_PED_INJURED,COUNT_BICYCLIST_KILLED,COUNT_BICYCLIST_INJURED,COUNT_MC_KILLED,COUNT_MC_INJURED,PRIMARY_RAMP,SECONDARY_RAMP,LATITUDE,LONGITUDE,COUNTY,CITY,POINT_X,POINT_Y
91052333,2019,2019-08-14,9535,2019-08-02,0940,022343,NA,5,1,5,1901,0,1,1,NA,2,420,I-10 E/B FROM GARFIELD AVE N/B,GARFIELD AVE,160,E,N,A,-,Y,NA,NA,10,NA,NA,NA,R,NA,E,N,4,0,1,2,A,-,03,22350,NA,N,C,C,A,A,H,-,A,D,0,NA,NA,NA,NA,Y,NA,A,07,0,0,1,0,0,0,0,0,0,-,-,34.07128143310547,-118.12232971191406,LOS ANGELES,ALHAMBRA,-118.12232971191406,34.07128143310547
91052334,2019,2019-08-14,9550,2019-08-07,0805,013729,NA,3,1,6,1920,0,1,1,NA,2,151,I-105 (E/B),ARTHUR AVE. PED O/C,50,E,N,A,-,Y,NA,NA,NA,NA,NA,NA,NA,NA,NA,N,4,0,1,2,A,-,03,22350,NA,N,C,C,A,A,H,-,A,D,0,NA,NA,NA,NA,Y,NA,A,01,0,0,1,0,0,0,0,0,0,-,-,33.91130065917969,-118.1631317138672,LOS ANGELES,DOWNEY,NA,NA
91052340,2019,2019-08-14,9550,2019-08-02,1930,021449,NA,5,2,5,1919,0,1,3,NA,2,092,STATE ROUTE 91 EASTBOUND,NORWALK BOULEVARD,100,W,N,A,-,Y,NA,NA,91,NA,NA,NA,NA,NA,E,Y,3,0,8,4,A,-,08,22107,NA,F,C,C,A,A,H,-,A,D,0,NA,NA,NA,NA,Y,NA,A,01,0,1,7,0,0,0,0,0,0,-,-,33.87644958496094,-118.07317352294922,LOS ANGELES,CERRITOS,-118.07317352294922,33.87649154663086
91052354,2019,2019-08-14,9535,2019-08-02,1705,022214,NA,5,2,5,1901,0,1,1,NA,2,110,I-10 (SAN BERNARDINO FREEWAY) E/B HOT,ALMANSOR ST OVPS,800,E,N,A,-,Y,NA,NA,10,NA,NA,NA,NA,NA,E,Y,3,0,2,3,A,-,03,22350,NA,N,C,C,A,A,H,-,A,D,0,NA,NA,NA,NA,Y,NA,A,01,0,1,1,0,0,0,0,0,0,-,-,34.07162094116211,-118.11435699462892,LOS ANGELES,ALHAMBRA,-118.11435699462892,34.071590423583984
91052370,2019,2019-08-15,9525,2019-08-01,2205,021443,NA,4,3,6,1975,0,1,1,NA,2,105,I-10 W/B (SAN BERNARDINO FWY),HOLT AVE,100,E,N,A,-,Y,NA,NA,10,NA,NA,NA,NA,NA,W,Y,4,0,1,2,A,-,03,22350,NA,N,B,C,A,A,H,-,C,D,0,NA,NA,NA,NA,Y,NA,A,01,0,0,1,0,0,0,0,0,0,-,-,34.07078170776367,-117.86524200439452,LOS ANGELES,WEST COVINA,-117.8652572631836,34.07073974609375
91052374,2019,2019-08-15,9550,2019-08-07,0815,017637,NA,3,1,6,1949,0,1,1,NA,2,651,I-605 S/B (SAN GABRIEL RIVER FREEWAY),ALONDRA BOULEVARD,150,N,N,A,-,Y,NA,NA,605,NA,NA,NA,NA,NA,S,Y,4,0,1,3,A,-,03,22350,NA,N,C,C,A,A,H,-,A,D,0,NA,NA,NA,NA,Y,NA,A,01,0,0,1,0,0,0,0,0,0,-,-,33.88840866088867,-118.104736328125,LOS ANGELES,NORWALK,-118.10459899902344,33.88842010498047
91052375,2019,2019-08-15,9550,2019-08-05,1035,022239,NA,1,1,9,1900,0,3,5,NA,2,001,VICKI DRIVE,WHEELOCK STREET,26,S,N,A,-,N,NA,NA,NA,NA,NA,NA,NA,NA,NA,Y,4,0,1,2,A,-,09,21800,B,N,A,C,A,A,H,-,A,D,0,NA,NA,NA,NA,Y,NA,A,01,0,0,1,0,0,0,0,0,0,-,-,33.964969635009766,-118.0779037475586,LOS ANGELES,UNINCORPORATED,-118.0779266357422,33.964900970458984
91052382,2019,2019-08-15,9550,2019-08-07,1650,020974,NA,3,2,6,1920,0,1,1,NA,2,500,I-5 S/B,I-605,1350,N,N,A,-,Y,NA,NA,5,NA,NA,NA,NA,NA,S,Y,3,0,2,2,A,-,03,22350,NA,N,C,C,A,A,H,-,A,D,0,NA,NA,NA,NA,Y,NA,A,07,0,1,1,0,0,0,0,0,0,-,-,33.94464111328125,-118.09909057617188,LOS ANGELES,DOWNEY,-118.09903717041016,33.94467544555664
91052396,2019,2019-08-26,9565,2019-08-02,1750,022219,NA,5,2,9,1900,0,2,4,NA,2,022,NORMANDIE AVE.,105TH ST,50,S,N,A,-,N,NA,NA,NA,NA,NA,NA,NA,NA,NA,Y,3,0,1,3,A,-,08,22107,NA,N,B,C,A,A,H,-,A,D,0,NA,NA,NA,NA,Y,NA,A,01,0,1,0,0,0,0,0,0,0,-,-,33.94084930419922,-118.30019378662108,LOS ANGELES,UNINCORPORATED,-118.30028533935548,33.941062927246094
91052451,2019,2019-08-15,9530,2019-08-05,1409,020140,NA,1,2,6,1972,0,1,1,NA,2,400,I-405 S/B (SAN DIEGO FREEWAY),NORMANDIE AVE.,400,N,N,A,-,Y,NA,NA,NA,NA,NA,NA,NA,NA,NA,Y,4,0,2,3,A,-,03,22350,NA,N,C,C,A,A,H,-,A,D,0,NA,NA,NA,NA,Y,NA,A,01,0,0,2,0,0,0,0,0,0,-,-,33.8578987121582,-118.30091094970705,LOS ANGELES,TORRANCE,-118.29924011230467,33.8597297668457
91052456,2019,2019-08-15,9545,2019-08-03,0255,020547,NA,6,3,9,1900,0,1,3,NA,2,031,SR-14 N/B,SANTIAGO RD,2640,N,N,A,-,Y,NA,NA,14,NA,NA,NA,NA,NA,N,Y,4,0,1,2,A,-,08,22107,NA,N,B,C,A,A,H,-,D,D,0,NA,NA,NA,Y,Y,NA,A,01,0,0,1,0,0,0,0,0,0,-,-,34.488590240478516,-118.16290283203124,LOS ANGELES,UNINCORPORATED,-118.16292572021484,34.48853302001953
91052461,2019,2019-08-15,9530,2019-08-05,1715,022130,NA,1,2,7,1942,0,1,1,NA,2,110,I-110 S/B (HARBOR FREEWAY),182ND ST.,750,S,N,A,-,Y,NA,NA,110,NA,NA,NA,NA,NA,S,N,4,0,1,2,A,-,03,22350,NA,N,C,C,A,A,H,-,A,D,0,NA,NA,NA,NA,Y,NA,A,07,0,0,1,0,0,0,0,0,0,-,-,33.867408752441406,-118.28507232666016,LOS ANGELES,LOS ANGELES,-118.28506469726564,33.867408752441406
91052462,2019,2019-08-15,9530,2019-08-05,1702,017755,NA,1,2,5,1977,0,1,1,NA,2,410,I-405 S/B (SAN DIEGO FREEWAY),MAIN ST.,820,S,N,A,-,Y,NA,NA,405,NA,NA,NA,NA,NA,S,N,4,0,1,2,A,-,03,22350,NA,N,C,C,A,A,H,-,A,D,0,NA,NA,NA,NA,Y,NA,D,22,0,0,1,0,0,0,0,0,0,-,-,33.826011657714844,-118.21463775634766,LOS ANGELES,CARSON,-118.21453094482422,33.82550811767578
91052466,2019,2019-08-15,9545,2019-08-08,2035,020655,NA,4,2,6,1950,0,1,3,NA,2,021,SR-14 S/B,10TH ST WEST,745,N,N,A,-,Y,NA,NA,14,NA,NA,NA,NA,NA,S,Y,4,0,1,3,A,-,03,22350,NA,N,C,C,A,A,H,-,D,D,0,NA,NA,NA,NA,Y,NA,A,01,0,0,1,0,0,0,0,0,0,-,-,34.607261657714844,-118.1501922607422,LOS ANGELES,PALMDALE,-118.15024566650392,34.60718536376953
91052471,2019,2019-08-15,9530,2019-08-05,0540,021004,NA,1,3,5,1943,0,1,1,NA,2,210,I-105 W/B (GLENN ANDERSON FWY),LONG BEACH BLVD.,947,W,N,A,-,N,NA,NA,105,NA,NA,NA,NA,NA,W,N,4,0,1,2,A,-,03,22350,NA,F,C,C,A,A,H,-,B,D,0,NA,NA,NA,NA,Y,NA,-,99,0,0,1,0,0,0,0,0,0,-,-,33.92683029174805,-118.21395874023438,LOS ANGELES,LYNWOOD,-118.21395111083984,33.92684555053711
91052472,2019,2019-08-15,9565,2019-08-05,1455,020958,NA,1,2,9,1900,0,1,1,NA,2,010,I-105 EASTBOUND (CENTURY FREEWAY),INGLEWOOD AVENUE,110,E,N,A,-,Y,NA,NA,105,NA,NA,NA,NA,NA,E,Y,2,0,1,2,A,-,08,22107,NA,N,B,C,A,A,H,-,A,D,0,NA,NA,Y,NA,Y,NA,A,01,1,0,0,0,0,0,0,0,1,-,-,33.93196105957031,-118.36090850830078,LOS ANGELES,UNINCORPORATED,-118.36090087890624,33.93191909790039
91052480,2019,2019-08-15,9530,2019-08-05,1240,015717,NA,1,1,9,1900,0,3,5,NA,2,001,COMPTON AVE.,70TH ST.,0,NA,Y,A,-,N,NA,NA,NA,NA,NA,NA,NA,NA,NA,Y,3,0,2,2,A,-,09,21802,A,N,D,C,A,A,H,-,A,A,0,NA,NA,NA,NA,Y,NA,D,22,0,1,1,0,0,0,0,0,0,-,-,33.9764289855957,-118.2476806640625,LOS ANGELES,UNINCORPORATED,-118.24768829345705,33.97669982910156
91052481,2019,2019-08-15,9575,2019-08-08,1305,019990,NA,4,1,6,1953,0,1,1,NA,2,063,I-210 E/B (FOOTHILL FREEWAY),ORANGE GROVE BLVD,350,E,N,A,-,Y,NA,NA,210,NA,NA,NA,NA,NA,E,Y,4,0,1,2,A,-,03,22350,NA,N,C,C,A,A,H,-,A,D,0,NA,NA,NA,NA,Y,NA,A,07,0,0,1,0,0,0,0,0,0,-,-,34.154850006103516,-118.15772247314452,LOS ANGELES,PASADENA,-118.15756988525392,34.15491485595703
91052497,2019,2019-08-15,9565,2019-08-05,1640,022153,NA,1,2,7,1942,0,1,1,NA,2,010,I-105 E/B (CENTURY FREEWAY),LA CIENEGA BOULEVARD,200,W,N,A,-,Y,NA,NA,NA,NA,NA,NA,NA,NA,NA,Y,3,0,1,3,A,-,07,21658,A,N,B,D,A,A,H,-,A,D,0,NA,NA,Y,NA,Y,NA,A,01,0,1,0,0,0,0,0,0,1,-,-,33.92982864379883,-118.34713745117188,LOS ANGELES,LOS ANGELES,-118.37078094482422,33.92977523803711
91052529,2019,2019-08-16,9530,2019-08-05,0615,013990,NA,1,1,7,1941,0,1,3,NA,2,320,SR-91 W/B (ARTESIA FREEWAY),LONG BEACH BLVD.,1056,E,N,B,-,Y,NA,NA,NA,NA,NA,NA,NA,NA,NA,Y,3,0,1,3,A,-,07,21658,A,N,B,C,A,A,H,-,A,D,0,NA,NA,NA,NA,Y,NA,-,-,0,1,0,0,0,0,0,0,0,-,-,33.870361328125,-118.20028686523438,LOS ANGELES,LONG BEACH,-118.19891357421876,33.87324523925781
9105255,2020,2020-10-29,1900,2020-05-22,1435,551881,1410,5,5,1,1932,0,0,0,NA,0,141T5,CROSSROADS PKWY S,WORKMAN MILL RD,1980,E,N,A,-,N,NA,NA,NA,NA,NA,NA,NA,NA,NA,Y,3,0,1,1,A,-,03,22350,NA,N,F,I,A,A,H,-,A,D,0,NA,NA,NA,NA,Y,Y,D,22,0,1,0,0,0,0,0,0,0,-,-,34.02859115600586,-117.01923370361328,LOS ANGELES,INDUSTRY,-118.01940155029295,34.02857208251953
91052571,2019,2019-08-15,9525,2019-08-13,0830,014971,NA,2,1,6,1975,0,1,1,NA,2,103,I-10 W/B (SAN BERNARDINO FWY),SUNSET AVE,1584,E,N,A,-,Y,NA,NA,10,NA,NA,NA,NA,NA,W,Y,2,0,1,2,A,-,03,22350,NA,F,C,C,A,A,D,-,A,D,0,NA,NA,Y,NA,Y,NA,C,02,1,0,0,0,0,0,0,0,1,-,-,34.072410583496094,-117.93148040771484,LOS ANGELES,WEST COVINA,-117.93148040771484,34.072486877441406
91052573,2019,2019-08-15,9530,2019-08-05,1540,022130,NA,1,2,7,1942,0,1,1,NA,2,200,I-105 E/B (GLENN ANDERSON FWY),STANFORD AVE.,500,E,N,A,-,Y,NA,NA,105,NA,NA,NA,NA,NA,E,N,4,0,1,3,A,-,07,21658,A,N,B,C,A,A,H,-,A,D,0,NA,NA,Y,NA,Y,NA,D,22,0,0,1,0,0,0,0,0,1,-,-,33.92729187011719,-118.26043701171876,LOS ANGELES,LOS ANGELES,-118.26043701171876,33.92730712890625
91052586,2019,2019-08-15,9575,2019-08-09,1000,019990,NA,5,1,9,1900,0,2,4,NA,2,013,PENNSYLVANIA AVENUE,PROSPECT AVE,15,S,N,A,-,N,NA,NA,NA,NA,NA,NA,NA,NA,NA,N,4,0,1,2,A,-,03,22350,NA,N,C,C,A,A,H,-,A,D,0,NA,NA,NA,NA,Y,NA,A,07,0,0,1,0,0,0,0,0,0,-,-,34.22671890258789,-118.24861145019533,LOS ANGELES,UNINCORPORATED,-118.24868011474608,34.22669982910156
91052595,2019,2019-11-25,9525,2019-08-08,1300,018729,NA,4,1,9,1900,0,1,3,NA,1,024,SR-39 N/B (SAN GABRIEL CANYON RD.),EAST FORK RD.,15840,S,N,A,-,Y,NA,NA,39,NA,NA,NA,NA,NA,N,Y,4,0,1,1,A,-,03,22350,NA,N,F,A,A,A,H,-,A,D,0,NA,NA,Y,NA,Y,NA,C,02,0,0,1,0,0,0,0,0,1,-,-,34.2075309753418,-117.8652572631836,LOS ANGELES,UNINCORPORATED,-117.86528778076172,34.207523345947266
91052601,2019,2019-08-15,9525,2019-08-08,1055,014971,NA,4,1,6,1975,0,1,1,NA,2,105,I-10 W/B (SAN BERNARDINO FWY),HOLT AVE,528,E,N,A,-,Y,NA,NA,10,NA,NA,NA,NA,NA,W,Y,4,0,1,2,A,-,07,21658,A,N,B,C,A,A,D,E,A,D,0,NA,NA,NA,Y,Y,NA,A,01,0,0,1,0,0,0,0,0,0,-,-,34.06922149658203,-117.86222839355467,LOS ANGELES,WEST COVINA,-117.86224365234376,34.06919860839844
91052603,2019,2019-08-15,9530,2019-08-05,1536,022051,NA,1,2,9,1900,0,3,5,NA,2,001,NADEAU STREET (1700 BLOCK),BEACH ST.,35,W,N,A,-,N,NA,NA,NA,NA,NA,NA,NA,NA,NA,Y,3,0,1,3,A,-,03,22350,NA,N,C,C,A,A,H,-,A,A,0,NA,NA,NA,NA,Y,NA,A,01,0,1,0,0,0,0,0,0,0,-,-,33.96736145019531,-118.24224090576172,LOS ANGELES,UNINCORPORATED,-118.24224853515624,33.967411041259766
91052606,2019,2019-08-15,9550,2019-08-08,0830,022274,NA,4,1,6,1949,0,1,1,NA,2,651,I-605 N/B TO I-105 W/B,ROSECRANS AVE,200,N,N,A,-,Y,NA,NA,605,NA,NA,NA,R,NA,N,Y,3,0,1,2,A,-,07,21658,A,N,F,A,A,A,H,-,A,D,0,NA,NA,Y,NA,Y,NA,A,07,0,1,0,0,0,0,0,0,1,-,-,33.902198791503906,-118.10472869873048,LOS ANGELES,NORWALK,-118.10472869873048,33.902198791503906
91052612,2019,2019-08-15,9525,2019-08-08,0635,015445,NA,4,1,9,1900,0,1,1,NA,2,105,I-10 W/B (SAN BERNARDINO FWY),VIA VERDE,3000,W,N,A,-,Y,NA,NA,10,NA,NA,NA,NA,NA,W,Y,4,0,1,5,A,-,03,22350,NA,M,C,C,A,A,D,E,A,D,0,NA,NA,NA,NA,Y,NA,A,01,0,0,1,0,0,0,0,0,0,-,-,34.06840896606445,-117.84921264648438,LOS ANGELES,UNINCORPORATED,-117.84921264648438,34.068397521972656
91052647,2019,2019-08-15,9550,2019-08-09,1317,015045,NA,5,1,3,1964,0,1,1,NA,2,650,I-605 S/B (SAN GABRIEL RIVER FREEWAY),TELEGRAPH ROAD,1584,N,N,A,-,Y,NA,NA,605,NA,NA,NA,NA,NA,S,N,4,0,1,2,A,-,03,22350,NA,N,C,C,A,A,H,-,A,D,0,NA,NA,NA,NA,Y,NA,A,01,0,0,1,0,0,0,0,0,0,-,-,33.95471954345703,-118.08931732177734,LOS ANGELES,SANTA FE SPRINGS,-118.08917999267578,33.95463943481445
91052652,2019,2019-08-15,9530,2019-07-19,1030,020080,NA,5,1,9,1900,0,3,5,NA,2,002,135TH ST (230 BLOCK),SAN PEDRO ST.,223,W,N,A,-,N,NA,NA,NA,NA,NA,NA,NA,NA,NA,Y,4,0,2,2,A,-,08,22107,NA,N,C,E,A,A,H,-,A,D,0,NA,NA,NA,Y,Y,NA,A,01,0,0,2,0,0,0,0,0,0,-,-,33.90922164916992,-118.27052307128906,LOS ANGELES,UNINCORPORATED,-118.27040100097656,33.90916061401367
91052659,2019,2019-08-15,9590,2019-08-06,0015,021996,NA,2,3,7,1942,0,1,1,NA,2,081,I-5 S/B (GSF),BROADWAY,75,N,N,A,-,Y,NA,NA,5,NA,NA,NA,NA,NA,S,Y,4,0,1,2,A,-,01,23152,A,N,C,C,A,A,H,-,D,D,0,NA,NA,NA,NA,Y,Y,A,01,0,0,1,0,0,0,0,0,0,-,-,34.06890869140625,-118.21711730957033,LOS ANGELES,LOS ANGELES,-118.21710968017578,34.06891632080078
91052660,2019,2019-08-15,9430,2019-07-26,1410,018627,NA,5,2,9,1900,0,1,1,NA,2,051,I-5 N/B (GOLDEN STATE FREEWAY),GORMAN,3696,S,N,A,-,Y,NA,NA,5,NA,NA,NA,NA,NA,N,Y,4,0,1,2,A,-,07,21658,A,N,B,C,A,A,H,-,A,D,0,NA,NA,NA,NA,Y,NA,A,01,0,0,1,0,0,0,0,0,0,-,-,34.79365921020508,-118.83985137939452,LOS ANGELES,UNINCORPORATED,-118.83985900878906,34.793582916259766
91052665,2019,2019-08-15,9550,2019-08-07,0825,020014,NA,3,1,6,1949,0,1,1,NA,2,501,I-5 N/B (SANTA ANA FREEWAY),SILVERBOW PED O/C,550,N,N,A,-,Y,NA,NA,5,NA,NA,NA,NA,NA,N,Y,4,0,2,5,A,-,03,22350,NA,N,C,C,A,A,H,-,A,D,0,NA,NA,NA,NA,Y,NA,A,07,0,0,2,0,0,0,0,0,0,-,-,33.90877914428711,-118.06894683837892,LOS ANGELES,NORWALK,-118.06885528564452,33.90887451171875
91052668,2019,2019-08-15,9530,2019-08-06,1515,017860,NA,2,2,7,1941,0,1,1,NA,2,071,I-710 N/B TO SR-91 E/B,ARTESIA BLVD.,20,N,N,A,-,Y,NA,NA,710,NA,NA,NA,R,NA,N,Y,3,0,1,1,A,-,03,22350,NA,N,F,A,A,A,H,-,A,D,0,NA,NA,Y,NA,Y,NA,C,02,0,1,0,0,0,0,0,0,1,-,-,33.87440872192383,-118.19306182861328,LOS ANGELES,LONG BEACH,-118.19306182861328,33.87440872192383
91052689,2019,2019-08-15,9535,2019-08-05,1840,021638,NA,1,2,5,1959,0,1,1,NA,2,401,I-10 (SAN BERNARDINO FREEWAY) W/B,ROSEMEAD BLVD,274,W,N,A,-,Y,NA,NA,10,NA,NA,NA,NA,NA,W,Y,4,0,1,2,A,-,03,22350,NA,N,C,C,A,A,H,-,A,D,0,NA,NA,NA,NA,Y,NA,A,01,0,0,1,0,0,0,0,0,0,-,-,34.07231903076172,-118.07644653320313,LOS ANGELES,ROSEMEAD,-118.07645416259766,34.07236862182617
91052695,2019,2019-08-15,9530,2019-08-06,1540,021310,NA,2,2,7,1942,0,1,1,NA,2,200,I-105 E/B (GLENN ANDERSON FWY),I-110,150,E,N,A,-,Y,NA,NA,105,NA,NA,NA,NA,NA,E,Y,3,0,1,3,A,-,07,21658,A,N,B,C,A,A,H,-,A,D,0,NA,NA,Y,NA,Y,NA,A,01,0,1,0,0,0,0,0,0,1,-,-,33.928550720214844,-118.27984619140624,LOS ANGELES,LOS ANGELES,-118.27984619140624,33.92850875854492
91052710,2019,2019-08-15,9550,2019-08-08,2125,021578,NA,4,2,9,1900,0,1,1,NA,2,650,I-605 N/B TO ROSE HILLS RD.,SHEPHERD ST.,20,W,N,A,-,Y,NA,NA,NA,NA,NA,NA,NA,NA,NA,Y,4,0,1,1,A,-,03,22350,NA,M,E,I,A,A,H,-,C,D,0,NA,NA,NA,NA,Y,NA,D,22,0,0,1,0,0,0,0,0,0,-,-,34.01715087890625,-118.05296325683594,LOS ANGELES,UNINCORPORATED,NA,NA
91052717,2019,2019-08-15,9550,2019-08-08,0715,020014,NA,4,1,3,1964,0,1,1,NA,2,501,INTERSTATE 5 (SANTA ANA FREEWAY),CARMENITA ROAD,300,N,N,B,-,Y,NA,NA,5,NA,NA,NA,NA,NA,NA,N,4,0,1,3,A,-,03,22350,NA,N,C,C,A,A,H,-,A,D,0,NA,NA,NA,NA,Y,NA,A,01,0,0,1,0,0,0,0,0,0,-,-,33.89604187011719,-118.05113983154295,LOS ANGELES,SANTA FE SPRINGS,-118.05113983154295,33.896034240722656
91052725,2019,2019-08-15,9525,2019-08-08,1450,020505,NA,4,2,5,1926,0,1,1,NA,2,205,I-210 W/B (FOOTHILL FWY),LONE HILL AVE,400,W,N,A,-,Y,NA,NA,210,NA,NA,NA,NA,NA,W,Y,2,0,1,2,A,-,03,22350,NA,N,C,C,A,A,H,-,A,D,0,NA,NA,NA,Y,Y,NA,A,01,1,0,0,0,0,0,0,0,0,-,-,34.121219635009766,-117.83081817626952,LOS ANGELES,GLENDORA,-117.83081817626952,34.1212272644043
91052735,2019,2019-08-15,9530,2019-08-03,1110,021875,NA,6,1,9,1900,0,3,5,NA,2,003,FRAILEY AVE.,EAST/WEST ALLEY NORTH OF ROSECRANS AVE.,0,NA,Y,A,-,N,NA,NA,NA,NA,NA,NA,NA,NA,NA,N,2,0,1,2,A,-,10,21950,A,F,G,B,D,A,H,-,A,D,0,Y,NA,NA,NA,Y,NA,-,99,1,0,0,0,1,0,0,0,0,-,-,33.904048919677734,-118.19180297851564,LOS ANGELES,UNINCORPORATED,-118.191798,33.904039
91052743,2019,2019-08-15,9565,2019-08-04,0838,022145,NA,7,1,9,1900,0,3,5,NA,2,005,ADMIRALTY WAY,MINDANAO WAY,65,S,N,A,-,N,NA,NA,NA,NA,NA,NA,NA,NA,NA,Y,3,0,2,4,A,-,03,22350,NA,N,C,C,A,A,H,-,A,D,0,NA,NA,NA,NA,Y,NA,A,01,0,1,1,0,0,0,0,0,0,-,-,33.979530334472656,-118.4388427734375,LOS ANGELES,UNINCORPORATED,-118.44001007080078,33.97969436645508
91052744,2019,2019-08-15,9550,2019-08-09,1038,015746,NA,5,1,9,1900,0,1,3,NA,2,601,STATE ROUTE 60 EASTBOUND,AZUSA AVENUE,1000,E,N,A,-,Y,NA,NA,NA,NA,NA,NA,NA,NA,NA,Y,3,0,1,2,A,-,03,22350,NA,N,C,C,A,A,H,-,A,D,0,NA,NA,NA,NA,Y,NA,A,01,0,1,0,0,0,0,0,0,0,-,-,33.996498107910156,-117.9280014038086,LOS ANGELES,UNINCORPORATED,-117.92798614501952,33.99641799926758
91052747,2019,2019-08-15,9590,2019-08-08,2040,022041,NA,4,2,7,1942,0,1,2,NA,2,072,US-101 N/B (HOLLYWOOD FREEWAY),LANKERSHIM BLVD. U/C,300,S,N,A,-,Y,NA,NA,101,NA,NA,NA,NA,NA,N,Y,4,0,2,2,A,-,03,22350,NA,N,C,C,A,A,H,-,C,D,0,NA,NA,NA,NA,Y,NA,A,01,0,0,2,0,0,0,0,0,0,-,-,34.13591003417969,-118.36000823974608,LOS ANGELES,LOS ANGELES,-118.36004638671876,34.13585662841797
91052767,2019,2019-08-15,9565,2019-07-20,2015,016074,NA,6,2,5,1965,0,1,1,NA,2,081,I-10 E/B (SANTA MONICA FWY),11TH ST.,1000,W,N,A,-,Y,NA,NA,10,NA,NA,NA,NA,NA,E,Y,4,0,1,3,A,-,03,22350,NA,N,C,C,A,A,H,-,B,D,0,NA,NA,NA,NA,Y,NA,A,01,0,0,1,0,0,0,0,0,0,-,-,34.017059326171875,-118.48227691650392,LOS ANGELES,SANTA MONICA,-118.48228454589844,34.01706314086914
91052791,2019,2019-08-15,9530,2019-08-11,1319,022109,NA,7,1,9,1900,0,3,5,NA,2,001,70TH STREET (1300 BLOCK),HOOPER AVE.,364,E,N,A,-,N,NA,NA,NA,NA,NA,NA,NA,NA,NA,Y,2,0,4,8,A,-,03,22350,NA,F,B,E,E,A,H,-,A,D,0,Y,NA,NA,NA,Y,NA,A,01,1,3,0,0,2,0,0,0,0,-,-,33.976661682128906,-118.24903106689452,LOS ANGELES,UNINCORPORATED,-118.25086975097656,33.97669219970703
91052811,2019,2019-08-15,9550,2019-08-14,0940,018531,NA,3,1,3,1903,0,1,3,NA,2,091,SR-91 EASTBOUND,GRIDLEY RD,750,E,N,A,-,Y,NA,NA,91,NA,NA,NA,NA,NA,E,Y,4,0,2,2,A,-,03,22350,NA,N,C,C,A,A,H,-,A,D,0,NA,NA,NA,NA,Y,NA,A,01,0,0,2,0,0,0,0,0,0,-,-,33.876380920410156,-118.08895111083984,LOS ANGELES,ARTESIA,-118.08895111083984,33.87643051147461
91052855,2019,2019-08-15,9525,2019-08-09,1000,020216,NA,5,1,1,1934,0,1,1,NA,2,204,I-210 E/B (FOOTHILL FWY),I-605,1584,E,N,A,-,Y,NA,NA,210,NA,NA,NA,NA,NA,E,Y,4,0,8,3,A,-,03,22350,NA,N,C,C,A,A,H,-,A,D,0,NA,NA,NA,Y,Y,NA,G,25,0,0,8,0,0,0,0,0,0,-,-,34.13262939453125,-117.95181274414064,LOS ANGELES,IRWINDALE,-117.95179748535156,34.13266372680664
91052873,2019,2019-08-15,9580,2019-08-07,0735,017228,NA,3,1,7,1942,0,1,3,NA,2,171,SR-170 S/B (HOLLYWOOD FWY.),OXNARD STREET,100,S,N,A,-,Y,NA,NA,170,NA,NA,NA,NA,NA,S,N,4,0,1,3,A,-,03,22350,NA,N,C,C,A,A,H,-,A,D,0,NA,NA,NA,NA,Y,NA,A,01,0,0,1,0,0,0,0,0,0,-,-,34.17927932739258,-118.3952178955078,LOS ANGELES,LOS ANGELES,-118.39523315429688,34.17927169799805