CASE_ID,ACCIDENT_YEAR,PROC_DATE,JURIS,COLLISION_DATE,COLLISION_TIME,OFFICER_ID,REPORTING_DISTRICT,DAY_OF_WEEK,CHP_SHIFT,POPULATION,CNTY_CITY_LOC,SPECIAL_COND,BEAT_TYPE,CHP_BEAT_TYPE,CITY_DIVISION_LAPD,CHP_BEAT_CLASS,BEAT_NUMBER,PRIMARY_RD,SECONDARY_RD,DISTANCE,DIRECTION,INTERSECTION,WEATHER_1,WEATHER_2,STATE_HWY_IND,CALTRANS_COUNTY,CALTRANS_DISTRICT,STATE_ROUTE,ROUTE_SUFFIX,POSTMILE_PREFIX,POSTMILE,LOCATION_TYPE,RAMP_INTERSECTION,SIDE_OF_HWY,TOW_AWAY,COLLISION_SEVERITY,NUMBER_KILLED,NUMBER_INJURED,PARTY_COUNT,PRIMARY_COLL_FACTOR,PCF_CODE_OF_VIOL,PCF_VIOL_CATEGORY,PCF_VIOLATION,PCF_VIOL_SUBSECTION,HIT_AND_RUN,TYPE_OF_COLLISION,MVIW,PED_ACTION,ROAD_SURFACE,ROAD_COND_1,ROAD_COND_2,LIGHTING,CONTROL_DEVICE,CHP_ROAD_TYPE,PEDESTRIAN_ACCIDENT,BICYCLE_ACCIDENT,MOTORCYCLE_ACCIDENT,TRUCK_ACCIDENT,NOT_PRIVATE_PROPERTY,ALCOHOL_INVOLVED,STWD_VEHTYPE_AT_FAULT,CHP_VEHTYPE_AT_FAULT,COUNT_SEVERE_INJ,COUNT_VISIBLE_INJ,COUNT_COMPLAINT_PAIN,COUNT_PED_KILLED,COUNT_PED_INJURED,COUNT_BICYCLIST_KILLED,COUNT_BICYCLIST_INJURED,COUNT_MC_KILLED,COUNT_MC_INJURED,PRIMARY_RAMP,SECONDARY_RAMP,LATITUDE,LONGITUDE,COUNTY,CITY,POINT_X,POINT_Y
91053588,2019,2019-08-16,9580,2019-08-08,1455,020800,NA,4,2,7,1942,0,1,2,NA,2,101,US-101 S/B (VENTURA FREEWAY),LAUREL CANYON BLVD,900,N,N,A,-,Y,NA,NA,101,NA,NA,NA,NA,NA,S,N,4,0,2,2,C,-,18,NA,NA,N,C,C,A,A,H,-,A,D,0,NA,NA,NA,NA,Y,NA,-,-,0,0,2,0,0,0,0,0,0,-,-,34.15592956542969,-118.4018783569336,LOS ANGELES,LOS ANGELES,-118.4018783569336,34.15592575073242
91053609,2019,2019-08-16,9580,2019-08-09,1840,019715,NA,5,2,7,1942,0,1,3,NA,2,170,SR-170 N/B TO SHERMAN WAY,SHERMAN WAY,30,S,N,A,-,Y,NA,NA,170,NA,NA,NA,R,NA,N,N,4,0,1,2,A,-,03,22350,NA,N,C,C,A,A,H,-,A,D,0,NA,NA,NA,NA,Y,NA,D,22,0,0,1,0,0,0,0,0,0,-,-,34.20100021362305,-118.40178680419922,LOS ANGELES,LOS ANGELES,-118.40178680419922,34.20100021362305
91053612,2019,2019-08-16,9525,2019-08-07,2055,021080,NA,3,2,6,1955,0,1,1,NA,2,108,I-10 E/B (SAN BERNARDINO FWY),KELLOGG DR.,2640,W,N,A,-,Y,NA,NA,10,NA,NA,NA,NA,NA,E,N,4,0,1,2,A,-,03,22350,NA,N,C,C,A,A,C,D,D,D,0,NA,NA,NA,NA,Y,NA,A,01,0,0,1,0,0,0,0,0,0,-,-,34.06352996826172,-117.82074737548828,LOS ANGELES,POMONA,-117.82074737548828,34.063594818115234
91053628,2019,2019-08-16,9580,2019-08-11,1004,022036,NA,7,1,7,1942,0,1,3,NA,2,170,SR-170 N/B (HOLLYWOOD FWY.),BURBANK BLVD,100,N,N,A,-,Y,NA,NA,170,NA,NA,NA,NA,NA,N,Y,2,0,6,2,A,-,03,22350,NA,N,C,C,A,A,H,-,A,D,0,NA,NA,NA,NA,Y,NA,A,08,1,2,3,0,0,0,0,0,0,-,-,34.172698974609375,-118.3896026611328,LOS ANGELES,LOS ANGELES,-118.38959503173828,34.17271041870117
91053649,2019,2019-08-16,9550,2019-08-06,1820,020948,NA,2,2,9,1900,0,2,4,NA,1,041,STIMSON AVENUE,SIGMAN STREET,0,NA,Y,A,-,N,NA,NA,NA,NA,NA,NA,NA,NA,NA,Y,4,0,1,2,A,-,09,21801,A,N,A,C,A,A,H,-,A,A,0,NA,NA,NA,NA,Y,NA,A,01,0,0,1,0,0,0,0,0,0,-,-,34.00252151489258,-117.95996856689452,LOS ANGELES,UNINCORPORATED,-117.95999908447266,34.00225067138672
91053656,2019,2019-08-16,9580,2019-08-10,1253,022158,NA,6,1,7,1942,0,1,2,NA,2,103,US-101 S/B (VENTURA FREEWAY),WOODMAN AVE,1000,N,N,A,-,Y,NA,NA,101,NA,NA,NA,NA,NA,S,Y,4,0,1,3,A,-,03,22350,NA,N,C,C,A,A,H,-,A,D,0,NA,NA,NA,NA,Y,NA,A,01,0,0,1,0,0,0,0,0,0,-,-,34.155601501464844,-118.4348602294922,LOS ANGELES,LOS ANGELES,-118.4348602294922,34.15554428100586
91053658,2019,2019-08-16,9535,2019-08-06,1555,022269,NA,2,2,9,1900,0,3,5,NA,2,007,FRUITLAND AVE,DOWNEY RD.,0,NA,Y,A,-,N,NA,NA,NA,NA,NA,NA,NA,NA,NA,Y,4,0,1,2,A,-,09,21801,A,N,D,C,A,A,H,-,A,A,0,NA,NA,NA,NA,Y,NA,A,07,0,0,1,0,0,0,0,0,0,-,-,33.99665832519531,-118.20468902587892,LOS ANGELES,UNINCORPORATED,-118.20468139648438,33.99665832519531
91053683,2019,2019-08-16,9580,2019-08-11,1240,020573,NA,7,1,7,1942,0,1,2,NA,2,103,US-101 S/B (VENTURA FREEWAY),HAYVENHURST AVE,800,S,N,A,-,Y,NA,NA,101,NA,NA,NA,NA,NA,S,Y,4,0,2,5,A,-,03,22350,NA,N,C,C,A,A,H,-,A,D,0,NA,NA,NA,NA,Y,NA,D,22,0,0,2,0,0,0,0,0,0,-,-,34.16511917114258,-118.49070739746094,LOS ANGELES,LOS ANGELES,-118.49070739746094,34.165096282958984
91053697,2019,2019-08-16,9535,2019-08-06,1248,022354,NA,2,1,5,1906,0,1,1,NA,2,655,I-605 S/B (SAN GABRIEL RIVER FREEWAY),VALLEY BLVD,1000,N,N,A,-,Y,NA,NA,605,NA,NA,NA,NA,NA,S,Y,4,0,1,2,A,-,08,22107,NA,N,C,C,A,A,H,-,A,D,0,NA,NA,NA,NA,Y,NA,A,01,0,0,1,0,0,0,0,0,0,-,-,34.0570182800293,-118.00285339355467,LOS ANGELES,BALDWIN PARK,-118.00289154052734,34.057044982910156
91053739,2019,2019-08-16,9550,2019-08-11,2017,021954,NA,7,2,6,1920,0,1,1,NA,2,651,I-605 N/B TO I-5,FLORENCE AVENUE,1500,S,N,A,-,Y,NA,NA,605,NA,NA,NA,R,NA,N,Y,4,0,2,3,A,-,03,22350,NA,N,C,C,A,A,H,-,A,D,0,NA,NA,NA,NA,Y,NA,A,01,0,0,2,0,0,0,0,0,0,-,-,33.9327507019043,-118.10070037841795,LOS ANGELES,DOWNEY,-118.10070037841795,33.9327507019043
91053740,2019,2019-08-16,9550,2019-08-11,0225,021578,NA,7,3,9,1900,0,1,3,NA,2,600,SR-60 W/B TO I-605 N/B,SR-60,900,N,N,A,-,Y,NA,NA,60,NA,NA,NA,R,NA,W,Y,4,0,1,1,A,-,08,22107,NA,N,E,I,A,A,H,-,C,D,0,NA,NA,NA,NA,Y,NA,A,01,0,0,1,0,0,0,0,0,0,-,-,34.03554153442383,-118.02459716796876,LOS ANGELES,UNINCORPORATED,-118.02459716796876,34.03554153442383
91053742,2019,2019-08-16,9580,2019-08-06,0830,021079,NA,2,1,7,1942,0,1,1,NA,2,406,I-405 N/B (SAN DIEGO FWY),SHERMAN WAY,1250,N,N,A,-,Y,NA,NA,405,NA,NA,NA,NA,NA,N,Y,4,0,1,2,A,-,07,21658,A,M,B,C,A,A,H,-,A,D,0,NA,NA,NA,NA,Y,NA,D,22,0,0,1,0,0,0,0,0,0,-,-,34.205528259277344,-118.47328948974608,LOS ANGELES,LOS ANGELES,-118.47324371337892,34.205528259277344
91053743,2019,2019-08-16,9550,2019-08-12,1810,020861,NA,1,2,9,1900,0,3,5,NA,2,002,SUNSHINE AVENUE,SHOEMAKER AVENUE,5,E,N,A,-,N,NA,NA,NA,NA,NA,NA,NA,NA,NA,Y,4,0,1,2,A,-,08,22107,NA,N,B,C,A,A,H,-,A,D,0,NA,NA,NA,NA,Y,NA,D,22,0,0,1,0,0,0,0,0,0,-,-,33.920860290527344,-118.05510711669922,LOS ANGELES,UNINCORPORATED,-118.05521392822266,33.92079544067383
91053766,2018,2019-09-30,9580,2018-12-04,1041,019952,NA,2,1,7,1942,0,1,2,NA,2,102,US-101 N/B (VENTURA FREEWAY),SEPULVEDA BLVD,1326,S,N,A,-,Y,NA,NA,101,NA,NA,NA,NA,NA,N,Y,1,1,1,3,A,-,03,22350,NA,N,C,C,A,A,H,-,A,D,0,NA,NA,NA,NA,Y,NA,A,01,0,1,0,0,0,0,0,0,0,-,-,34.15956115722656,-118.46160888671876,LOS ANGELES,LOS ANGELES,-118.46160888671876,34.15950012207031
91053784,2019,2019-08-16,9550,2019-08-12,1810,021100,NA,1,2,5,1976,0,1,1,NA,2,650,I-605 S/B,SARAGOSA ST.,1400,N,N,A,-,Y,NA,NA,NA,NA,NA,NA,NA,NA,NA,Y,4,0,1,2,A,-,03,22350,NA,N,C,C,A,A,H,-,A,D,0,NA,NA,NA,NA,Y,NA,A,01,0,0,1,0,0,0,0,0,0,-,-,33.9818115234375,-118.07476806640624,LOS ANGELES,WHITTIER,-118.07491302490234,33.981754302978516
91053786,2019,2019-08-16,9550,2019-08-05,1820,022023,NA,1,2,9,1900,0,3,5,NA,2,002,VALLEY VIEW AVE. (N/B),SYRACUSE ST.,100,S,N,A,-,N,NA,NA,NA,NA,NA,NA,NA,NA,NA,N,4,0,3,2,A,-,03,22350,NA,N,C,C,A,A,H,-,A,D,0,NA,NA,NA,NA,Y,NA,A,01,0,0,3,0,0,0,0,0,0,-,-,33.55350112915039,-118.01439666748048,LOS ANGELES,UNINCORPORATED,-118.0290985107422,33.92658615112305
91053787,2019,2019-08-16,9535,2019-07-25,1400,022330,NA,4,2,9,1900,0,2,4,NA,2,014,CESAR E. CHAVEZ AVE. (3400 BLOCK),HICKS AVE.,100,W,N,A,-,N,NA,NA,NA,NA,NA,NA,NA,NA,NA,Y,4,0,3,2,A,-,09,21804,A,N,A,C,A,A,H,-,A,D,0,NA,NA,NA,NA,Y,NA,D,22,0,0,3,0,0,0,0,0,0,-,-,34.04051971435547,-118.19082641601564,LOS ANGELES,UNINCORPORATED,-118.19066619873048,34.040504455566406
91053791,2019,2019-08-16,9535,2019-07-25,1520,022287,NA,4,2,3,1914,0,1,1,NA,2,072,I-710 (LONG BEACH FREEWAY) NORTHBOUND,WASHINGTON AVENUE,600,S,N,A,-,Y,NA,NA,710,NA,NA,NA,NA,NA,N,N,4,0,1,2,A,-,03,22350,NA,M,C,C,A,A,H,-,A,D,0,NA,NA,NA,NA,Y,NA,-,99,0,0,1,0,0,0,0,0,0,-,-,34.00299835205078,-118.17340087890624,LOS ANGELES,COMMERCE,-118.17345428466795,34.00302505493164
91053852,2019,2019-08-19,9550,2019-08-12,1725,022023,NA,1,2,3,1964,0,1,1,NA,2,650,I-605 (S/B),I-5,100,N,N,A,-,Y,NA,NA,NA,NA,NA,NA,NA,NA,NA,N,4,0,1,3,A,-,03,22350,NA,N,C,C,A,A,H,-,A,D,0,NA,NA,NA,NA,Y,NA,A,07,0,0,1,0,0,0,0,0,0,-,-,33.56290054321289,-118.05470275878906,LOS ANGELES,SANTA FE SPRINGS,-118.09662628173828,33.94136047363281
91053869,2019,2019-08-19,9530,2019-07-20,1800,021610,NA,6,2,7,1941,0,1,1,NA,2,430,I-405 S/B (SAN DIEGO FREEWAY),LAKEWOOD BLVD.,890,N,N,A,-,Y,NA,NA,NA,NA,NA,NA,NA,NA,NA,Y,4,0,6,2,A,-,03,22350,NA,N,C,C,A,A,H,-,B,D,0,NA,NA,NA,NA,Y,NA,A,07,0,0,6,0,0,0,0,0,0,-,-,33.4821891784668,-118.84262084960938,LOS ANGELES,LONG BEACH,-118.14558410644533,33.80617141723633
91053871,2019,2019-08-19,9530,2019-07-20,1926,021994,NA,6,2,9,1900,0,1,1,NA,2,120,I-110 S/B (HARBOR FREEWAY),228TH STREET,190,N,N,A,-,Y,NA,NA,110,NA,NA,NA,NA,NA,S,Y,4,0,2,2,A,-,03,22350,NA,N,C,C,A,A,H,-,A,D,0,NA,NA,NA,NA,Y,NA,A,01,0,0,2,0,0,0,0,0,0,-,-,33.819549560546875,-118.2873992919922,LOS ANGELES,UNINCORPORATED,-118.28746032714844,33.819549560546875
91053887,2019,2019-08-19,9530,2019-07-23,0710,014701,NA,2,1,7,1941,0,1,1,NA,2,430,I-405 S/B (SAN DIEGO FREEWAY),WOODRUFF AVE.,252,S,N,B,-,Y,NA,NA,405,NA,NA,NA,NA,NA,S,Y,4,0,1,4,A,-,03,22350,NA,M,C,C,A,B,H,-,A,D,0,NA,NA,NA,NA,Y,NA,A,01,0,0,1,0,0,0,0,0,0,-,-,33.80131912231445,-118.11389923095705,LOS ANGELES,LONG BEACH,-118.11393737792967,33.801265716552734
91053892,2019,2019-08-19,9575,2019-08-12,0730,020492,NA,1,1,6,1925,0,1,3,NA,2,042,E/B SR-134 FROM S/B GLENDALE AVE,GLENDALE AVE,100,W,N,A,-,Y,NA,NA,134,NA,NA,NA,R,NA,NA,Y,4,0,1,1,A,-,08,22107,NA,N,E,I,A,A,H,-,A,D,0,NA,NA,NA,NA,Y,NA,A,01,0,0,1,0,0,0,0,0,0,-,-,34.1557502746582,-118.24285125732422,LOS ANGELES,GLENDALE,-118.24285125732422,34.1557502746582
91053894,2019,2019-08-19,9575,2019-08-12,1450,020711,NA,1,2,6,1925,0,1,1,NA,2,050,I-5 N/B (GOLDEN STATE FREEWAY),SONORA AVE,250,S,N,A,-,Y,NA,NA,5,NA,NA,NA,NA,NA,N,Y,4,0,1,3,A,-,03,22350,NA,N,C,C,A,A,H,-,A,D,0,NA,NA,NA,NA,Y,NA,A,01,0,0,1,0,0,0,0,0,0,-,-,34.16069030761719,-118.29270935058594,LOS ANGELES,GLENDALE,-118.29277801513672,34.16065216064453
91053896,2019,2019-08-19,9575,2019-08-13,0650,020846,NA,2,1,7,1942,0,1,1,NA,2,061,I-210 E/B (FOOTHILL FREEWAY),LOWELL AVENUE,250,W,N,A,-,Y,NA,NA,210,NA,NA,NA,NA,NA,E,Y,4,0,2,2,A,-,03,22350,NA,N,C,C,A,A,H,-,A,D,0,NA,NA,NA,NA,Y,NA,D,22,0,0,2,0,0,0,0,0,0,-,-,34.23149871826172,-118.26815795898438,LOS ANGELES,LOS ANGELES,-118.26815032958984,34.231544494628906
91053909,2019,2019-08-19,9575,2019-08-14,1937,020291,NA,3,2,7,1942,0,1,3,NA,2,044,SR-134 W/B (VENTURA FREEWAY),LOS ANGELES RIVER,108,W,N,A,-,Y,NA,NA,134,NA,NA,NA,NA,NA,W,Y,4,0,3,2,A,-,03,22350,NA,N,C,C,A,A,H,-,A,D,0,NA,NA,NA,NA,Y,NA,A,01,0,0,3,0,0,0,0,0,0,-,-,34.15507125854492,-118.31699371337892,LOS ANGELES,LOS ANGELES,-118.31699371337892,34.155029296875
91053916,2019,2019-08-19,9590,2019-08-16,1035,021762,NA,5,1,7,1942,0,1,2,NA,2,070,US-101 N/B (SANTA ANA FREEWAY),GRAND AVENUE,500,S,N,A,-,Y,NA,NA,101,NA,NA,NA,NA,NA,N,Y,4,0,2,2,A,-,03,22350,NA,N,C,C,A,A,H,-,A,D,0,NA,NA,NA,NA,Y,NA,A,07,0,0,2,0,0,0,0,0,0,-,-,34.05826187133789,-118.24420166015624,LOS ANGELES,LOS ANGELES,-118.24421691894533,34.05823516845703
91053919,2019,2019-08-19,9590,2019-08-16,0743,021762,NA,5,1,7,1942,0,1,1,NA,2,083,I-5 S/B (GOLDEN STATE FREEWAY),RIVERSIDE DRIVE,2700,S,N,A,-,Y,NA,NA,5,NA,NA,NA,NA,NA,S,Y,4,0,1,3,A,-,03,22350,NA,N,C,C,A,A,H,-,A,D,0,NA,NA,NA,NA,Y,NA,A,07,0,0,1,0,0,0,0,0,0,-,-,34.09123992919922,-118.23990631103516,LOS ANGELES,LOS ANGELES,-118.23988342285156,34.09126663208008
91053931,2019,2019-08-19,9525,2019-08-07,2200,019188,NA,3,3,9,1900,0,3,5,NA,2,002,VICEROY AVE.,"ARMSTEAD ST,.",160,N,N,A,-,N,NA,NA,NA,NA,NA,NA,NA,NA,NA,N,2,0,1,1,A,-,03,22350,NA,N,H,A,A,A,H,-,C,D,0,NA,NA,NA,NA,Y,NA,A,01,1,0,0,0,0,0,0,0,0,-,-,34.11869812011719,-117.89069366455078,LOS ANGELES,UNINCORPORATED,-117.89073944091795,34.118717193603516
91053963,2019,2019-08-19,9545,2019-08-11,1145,020749,NA,7,1,9,1900,0,3,5,NA,2,003,UPPER BIG TUJUNGA CANYON ROAD,ANGELES FOREST HIGHWAY,1100,E,N,A,-,N,NA,NA,NA,NA,NA,NA,NA,NA,NA,N,3,0,1,1,A,-,08,22107,NA,N,F,A,A,A,H,-,A,D,0,NA,NA,Y,NA,Y,NA,C,02,0,1,0,0,0,0,0,0,1,-,-,34.326629638671875,-118.1212921142578,LOS ANGELES,UNINCORPORATED,NA,NA
91053964,2019,2019-08-19,9575,2019-08-12,1700,022110,NA,1,2,9,1900,0,2,4,NA,2,084,DUARTE ROAD (6800 BLOCK),ROSEMEAD BOULEVARD (9100),700,E,N,A,-,N,NA,NA,NA,NA,NA,NA,NA,NA,NA,Y,3,0,3,4,A,-,03,22350,NA,N,C,C,A,A,H,-,A,D,0,NA,NA,NA,NA,Y,NA,A,01,0,3,0,0,0,0,0,0,0,-,-,34.12358856201172,-118.0705795288086,LOS ANGELES,UNINCORPORATED,-118.07080841064452,34.123504638671875
91053975,2019,2019-08-19,9575,2019-08-15,1750,020556,NA,4,2,6,1912,0,1,1,NA,2,051,I-5 S/B (GOLDEN STATE FREEWAY),MAGNOLIA BOULEVARD,100,N,N,A,-,Y,NA,NA,5,NA,NA,NA,NA,NA,S,Y,4,0,1,2,A,-,03,22350,NA,N,C,C,A,A,H,-,A,D,0,NA,NA,NA,NA,Y,NA,A,01,0,0,1,0,0,0,0,0,0,-,-,34.18130111694336,-118.31430816650392,LOS ANGELES,BURBANK,-118.31431579589844,34.181297302246094
91053980,2019,2019-08-19,9575,2019-08-15,0845,017354,NA,4,1,6,1953,0,1,3,NA,2,040,SR-134 W/B (VENTURA FREEWAY),SAN RAFAEL AVE. O/C,1600,E,N,A,-,Y,NA,NA,134,NA,NA,NA,NA,NA,W,N,4,0,1,2,A,-,07,21658,A,N,B,C,A,A,H,-,A,D,0,NA,NA,NA,NA,Y,NA,D,22,0,0,1,0,0,0,0,0,0,-,-,34.143428802490234,-118.17070770263672,LOS ANGELES,PASADENA,-118.17070770263672,34.14342498779297
91053981,2019,2019-08-19,9545,2019-08-11,1145,018097,NA,7,1,9,1900,0,3,5,NA,2,001,30TH ST  E,AVENU G12,285,N,N,A,-,N,NA,NA,NA,NA,NA,NA,NA,NA,NA,Y,2,0,1,1,A,-,08,22107,NA,N,F,A,A,A,H,-,A,D,0,NA,NA,Y,NA,Y,NA,C,02,1,0,0,0,0,0,0,0,1,-,-,34.72346115112305,-118.07711029052734,LOS ANGELES,UNINCORPORATED,-118.07711,34.723415
91053985,2019,2019-08-19,9545,2019-08-18,0050,020244,NA,7,3,9,1900,0,3,5,NA,2,004,AVENUE Q-4,100TH ST  E,0,NA,Y,A,-,N,NA,NA,NA,NA,NA,NA,NA,NA,NA,Y,3,0,2,1,A,-,01,23152,A,N,F,A,A,A,H,-,D,D,0,NA,NA,Y,NA,Y,Y,C,06,0,2,0,0,0,0,0,0,2,-,-,34.58345031738281,-117.95169830322266,LOS ANGELES,UNINCORPORATED,-117.95163,34.58348
91053998,2019,2019-08-19,9575,2019-08-08,0835,020702,NA,4,1,7,1942,0,1,1,NA,2,053,I-5 S/B (GOLDEN STATE FREEWAY),OSBORNE ST.,2000,S,N,A,-,Y,NA,NA,5,NA,NA,NA,NA,NA,S,Y,4,0,1,5,A,-,03,22350,NA,N,C,C,A,A,H,-,A,D,0,NA,NA,NA,NA,Y,NA,A,07,0,0,1,0,0,0,0,0,0,-,-,34.24195098876953,-118.41966247558594,LOS ANGELES,LOS ANGELES,-118.41964721679688,34.24196243286133
91054001,2019,2019-08-19,9590,2019-08-08,1155,019146,NA,4,1,7,1942,0,1,1,NA,2,082,I-5 N/B (GOLDEN STATE FREEWAY),MISSION ROAD,50,N,N,A,-,Y,NA,NA,5,NA,NA,NA,NA,NA,N,Y,4,0,1,2,A,-,07,21658,A,N,C,C,A,A,H,-,A,D,0,NA,NA,NA,NA,Y,NA,D,22,0,0,1,0,0,0,0,0,0,-,-,34.06058120727539,-118.21498107910156,LOS ANGELES,LOS ANGELES,-118.21499633789064,34.06057357788086
91054008,2019,2019-08-19,9550,2019-08-09,0925,017719,NA,5,1,9,1900,0,1,3,NA,2,601,STATE ROUTE 60 (POMONA FREEWAY),HACIENDA BOULEVARD,355,E,N,A,-,Y,NA,NA,60,NA,NA,NA,NA,NA,NA,Y,4,0,1,3,A,-,03,22350,NA,N,C,C,A,A,H,-,A,D,0,NA,NA,NA,NA,Y,NA,J,48,0,0,1,0,0,0,0,0,0,-,-,34.00666046142578,-117.96338653564452,LOS ANGELES,UNINCORPORATED,-117.96337890625,34.00669479370117
91054097,2019,2019-08-19,9550,2019-04-22,2215,021532,NA,1,3,5,1969,0,1,1,NA,2,151,INTERSTATE 105 E/B,PARAMOUNT BOULEVARD,50,E,N,A,-,Y,NA,NA,105,NA,NA,NA,NA,NA,E,Y,4,0,1,2,A,-,07,21658,A,F,B,C,A,A,H,-,C,D,0,NA,NA,NA,NA,Y,NA,A,01,0,0,1,0,0,0,0,0,0,-,-,33.911651611328125,-118.1601791381836,LOS ANGELES,SOUTH GATE,-118.16018676757813,33.91176986694336
91054108,2019,2019-08-19,9575,2019-08-08,1210,017491,NA,4,1,7,1942,0,1,1,NA,2,053,I-5 N/B (GOLDEN STATE FREEWAY),VAN NUYS BLVD.,1209,S,N,A,-,Y,NA,NA,5,NA,NA,NA,NA,NA,N,N,4,0,1,2,A,-,03,22350,NA,N,C,C,A,A,H,-,A,D,0,NA,NA,NA,NA,Y,NA,A,07,0,0,1,0,0,0,0,0,0,-,-,34.25421905517578,-118.43211364746094,LOS ANGELES,LOS ANGELES,-118.43220520019533,34.254119873046875
91054111,2019,2019-08-19,9575,2019-08-08,1410,021302,NA,4,2,7,1942,0,1,3,NA,2,043,SR-134 E/B (VENTURA FREEWAY),FOREST LAWN DR,1056,W,N,A,-,Y,NA,NA,134,NA,NA,NA,NA,NA,E,Y,4,0,1,3,A,-,03,22350,NA,M,C,C,A,A,H,-,A,D,0,NA,NA,NA,NA,Y,NA,-,99,0,0,1,0,0,0,0,0,0,-,-,34.154441833496094,-118.31432342529295,LOS ANGELES,LOS ANGELES,-118.31432342529295,34.1544189453125
91054114,2019,2019-08-19,9575,2019-08-09,1910,021685,NA,5,2,6,1953,0,1,1,NA,2,063,I-210 W/B (FOOTHILL FREEWAY),LINCOLN AVENUE,300,E,N,A,-,Y,NA,NA,210,NA,NA,NA,NA,NA,W,N,4,0,1,2,A,-,03,22350,NA,M,C,C,A,A,H,-,A,D,0,NA,NA,NA,NA,Y,NA,-,99,0,0,1,0,0,0,0,0,0,-,-,34.17359161376953,-118.1589584350586,LOS ANGELES,PASADENA,-118.1589813232422,34.1735725402832
91054119,2019,2019-08-19,9575,2019-08-09,1310,019990,NA,5,1,6,1953,0,1,1,NA,2,063,I-210 E/B (FOOTHILL FREEWAY),HAMMOND ST.,50,W,N,A,-,Y,NA,NA,210,NA,NA,NA,NA,NA,E,Y,2,0,3,2,A,-,03,22350,NA,N,C,C,A,A,H,-,A,D,0,NA,NA,NA,NA,Y,NA,D,22,1,0,2,0,0,0,0,0,0,-,-,34.165008544921875,-118.15850830078124,LOS ANGELES,PASADENA,-118.1583251953125,34.16499328613281
91054127,2019,2019-08-19,9575,2019-08-12,0935,021978,NA,1,1,9,1900,0,1,3,NA,2,300,SR-2 (ANGELES CREST HIGHWAY),WOODWARDIA BRIDGE,792,E,N,A,-,N,NA,NA,2,NA,NA,NA,NA,NA,NA,Y,4,0,1,1,A,-,03,22350,NA,N,F,A,A,A,H,-,A,D,0,NA,NA,NA,NA,Y,NA,A,01,0,0,1,0,0,0,0,0,0,-,-,34.2540283203125,-118.19834136962892,LOS ANGELES,UNINCORPORATED,-118.19834136962892,34.25403594970703
91054149,2019,2019-08-23,9530,2019-08-07,0745,013990,NA,3,1,7,1941,0,1,1,NA,2,071,I-710 S/B TO ATLANTIC AVE,ATLANTIC AVE.,119,N,N,B,-,Y,NA,NA,NA,NA,NA,NA,NA,NA,NA,Y,4,0,1,1,A,-,08,22107,NA,N,E,J,A,A,H,-,A,D,0,NA,NA,NA,NA,Y,NA,A,01,0,0,1,0,0,0,0,0,0,-,-,33.876468658447266,-118.18689727783205,LOS ANGELES,LONG BEACH,-118.190673828125,33.88517379760742
91054160,2019,2019-08-19,9545,2019-08-10,0155,020547,NA,6,3,6,1950,0,3,5,NA,2,001,SR-14 S/B TO PALMDALE BLVD. OFF,PALMDALE BLVD,279,N,N,A,-,Y,NA,NA,14,NA,NA,NA,R,NA,S,Y,3,0,1,1,A,-,01,23152,A,N,E,I,A,A,H,-,C,D,0,NA,NA,NA,NA,Y,Y,A,01,0,1,0,0,0,0,0,0,0,-,-,34.582828521728516,-118.13497161865234,LOS ANGELES,PALMDALE,-118.13497161865234,34.582828521728516
91054175,2019,2019-08-19,9575,2019-08-09,0743,020702,NA,5,1,7,1942,0,1,1,NA,2,053,I-5 S/B (GOLDEN STATE FREEWAY),VAN NUYS BLVD.,500,S,N,A,-,Y,NA,NA,5,NA,NA,NA,NA,NA,S,Y,3,0,3,4,A,-,03,22350,NA,N,C,C,A,A,H,-,A,D,0,NA,NA,NA,NA,Y,NA,A,01,0,1,2,0,0,0,0,0,0,-,-,34.25373077392578,-118.4320831298828,LOS ANGELES,LOS ANGELES,-118.43209075927734,34.253719329833984
91054187,2019,2019-08-19,9575,2019-08-13,1724,020711,NA,2,2,6,1912,0,1,1,NA,2,051,I-5 S/B (GOLDEN STATE FREEWAY),VERDUGO AVE,900,N,N,A,-,Y,NA,NA,5,NA,NA,NA,NA,NA,S,Y,4,0,1,2,A,-,03,22350,NA,N,C,C,A,A,H,-,A,D,0,NA,NA,NA,NA,Y,NA,A,01,0,0,1,0,0,0,0,0,0,-,-,34.177860260009766,-118.30960845947266,LOS ANGELES,BURBANK,-118.30962371826172,34.1778450012207