CASE_ID,ACCIDENT_YEAR,PROC_DATE,JURIS,COLLISION_DATE,COLLISION_TIME,OFFICER_ID,REPORTING_DISTRICT,DAY_OF_WEEK,CHP_SHIFT,POPULATION,CNTY_CITY_LOC,SPECIAL_COND,BEAT_TYPE,CHP_BEAT_TYPE,CITY_DIVISION_LAPD,CHP_BEAT_CLASS,BEAT_NUMBER,PRIMARY_RD,SECONDARY_RD,DISTANCE,DIRECTION,INTERSECTION,WEATHER_1,WEATHER_2,STATE_HWY_IND,CALTRANS_COUNTY,CALTRANS_DISTRICT,STATE_ROUTE,ROUTE_SUFFIX,POSTMILE_PREFIX,POSTMILE,LOCATION_TYPE,RAMP_INTERSECTION,SIDE_OF_HWY,TOW_AWAY,COLLISION_SEVERITY,NUMBER_KILLED,NUMBER_INJURED,PARTY_COUNT,PRIMARY_COLL_FACTOR,PCF_CODE_OF_VIOL,PCF_VIOL_CATEGORY,PCF_VIOLATION,PCF_VIOL_SUBSECTION,HIT_AND_RUN,TYPE_OF_COLLISION,MVIW,PED_ACTION,ROAD_SURFACE,ROAD_COND_1,ROAD_COND_2,LIGHTING,CONTROL_DEVICE,CHP_ROAD_TYPE,PEDESTRIAN_ACCIDENT,BICYCLE_ACCIDENT,MOTORCYCLE_ACCIDENT,TRUCK_ACCIDENT,NOT_PRIVATE_PROPERTY,ALCOHOL_INVOLVED,STWD_VEHTYPE_AT_FAULT,CHP_VEHTYPE_AT_FAULT,COUNT_SEVERE_INJ,COUNT_VISIBLE_INJ,COUNT_COMPLAINT_PAIN,COUNT_PED_KILLED,COUNT_PED_INJURED,COUNT_BICYCLIST_KILLED,COUNT_BICYCLIST_INJURED,COUNT_MC_KILLED,COUNT_MC_INJURED,PRIMARY_RAMP,SECONDARY_RAMP,LATITUDE,LONGITUDE,COUNTY,CITY,POINT_X,POINT_Y
91059406,2019,2019-08-26,9525,2019-08-13,0620,021250,NA,2,1,6,1955,0,1,3,NA,2,571,SR-57 S/B (ORANGE FWY),TEMPLE AVE,1500,S,N,A,-,Y,NA,NA,57,NA,NA,NA,NA,NA,S,Y,2,0,3,2,A,-,03,22350,NA,N,C,C,A,A,H,-,A,D,0,NA,NA,NA,NA,Y,NA,A,01,1,0,2,0,0,0,0,0,0,-,-,34.04029083251953,-117.8028564453125,LOS ANGELES,POMONA,-117.80288696289064,34.040313720703125
91059414,2019,2019-08-26,9540,2019-08-16,0345,021058,NA,5,3,9,1900,0,1,1,NA,2,509,I-5 S/B (GOLDEN STATE FREEWAY),RIDGE ROUTE RD,4752,S,N,A,-,Y,NA,NA,5,NA,NA,NA,NA,NA,S,Y,4,0,5,6,A,-,03,22350,NA,N,B,C,A,A,D,E,C,D,0,NA,NA,NA,Y,Y,NA,A,01,0,0,5,0,0,0,0,0,0,-,-,34.47684097290039,-118.61485290527344,LOS ANGELES,UNINCORPORATED,-118.61495971679688,34.476863861083984
91059417,2019,2019-08-26,9525,2019-08-17,1243,019291,NA,6,1,1,1934,0,1,1,NA,2,203,I-210 W/B (FOOTHILL FWY),VERNON AVE,1056,E,N,A,-,Y,NA,NA,NA,NA,NA,NA,NA,NA,NA,Y,4,0,2,2,A,-,03,22350,NA,N,C,C,A,A,H,-,A,D,0,NA,NA,NA,NA,Y,NA,A,01,0,0,2,0,0,0,0,0,0,-,-,34.1238899230957,-117.91336822509766,LOS ANGELES,IRWINDALE,-117.9141082763672,34.12451171875
91059436,2019,2019-08-26,9565,2019-08-14,1920,021473,NA,3,2,7,1942,0,1,1,NA,2,010,I-105 W/B (CENTURY FWY),LA CIENEGA BLVD,350,W,N,B,-,Y,NA,NA,105,NA,NA,NA,NA,NA,W,Y,3,0,1,2,A,-,08,22107,NA,N,C,C,A,A,H,-,B,D,0,NA,NA,NA,NA,Y,NA,A,07,0,1,0,0,0,0,0,0,0,-,-,33.930511474609375,-118.37123107910156,LOS ANGELES,LOS ANGELES,-118.37123107910156,33.9301872253418
91059457,2019,2019-08-26,9530,2019-08-15,1600,021380,NA,4,2,9,1900,0,3,5,NA,2,006,VERMONT AVE. (20900 BLOCK),JAVELIN ST.,418,S,N,A,-,N,NA,NA,NA,NA,NA,NA,NA,NA,NA,Y,4,0,1,1,A,-,08,22107,NA,N,E,I,A,A,H,-,A,D,0,NA,NA,NA,NA,Y,NA,A,01,0,0,1,0,0,0,0,0,0,-,-,33.837669372558594,-118.29039001464844,LOS ANGELES,UNINCORPORATED,-118.29029083251952,33.837730407714844
91059481,2019,2019-08-26,9530,2019-08-15,0148,021076,NA,4,3,5,1977,0,1,1,NA,2,410,I-405 S/B (SAN DIEGO FREEWAY),AVALON BLVD.,1162,N,N,B,-,Y,NA,NA,405,NA,NA,NA,NA,NA,S,Y,4,0,1,2,A,-,03,22350,NA,N,C,C,A,A,H,-,C,D,0,NA,NA,NA,NA,Y,NA,A,01,0,0,1,0,0,0,0,0,0,-,-,33.84257125854492,-118.26699829101564,LOS ANGELES,CARSON,-118.2668685913086,33.84269714355469
9105950,2020,2020-08-11,1942,2020-05-23,2230,42755,1977,6,5,7,1942,0,0,0,NA,0,19A79,CANTERBURY ST,BRANFORD ST,30,N,N,A,-,N,NA,NA,NA,NA,NA,NA,NA,NA,NA,Y,4,0,1,2,A,-,09,21804,A,F,D,C,A,A,H,-,C,D,0,NA,NA,NA,NA,Y,NA,-,99,0,0,1,0,0,0,0,0,0,-,-,NA,NA,LOS ANGELES,LOS ANGELES,-118.42644500732422,34.23137283325195
91059503,2019,2019-08-26,9525,2019-08-17,1203,020989,NA,6,1,5,1926,0,1,1,NA,2,217,SR-210 W/B (FOOTHILL FWY),AMELIA AVE,1056,W,N,A,-,Y,NA,NA,210,NA,NA,NA,NA,NA,W,Y,4,0,1,3,A,-,03,22350,NA,N,C,C,A,A,H,-,A,D,0,NA,NA,NA,NA,Y,NA,A,01,0,0,1,0,0,0,0,0,0,-,-,34.12051010131836,-117.8234405517578,LOS ANGELES,GLENDORA,-117.82343292236328,34.12058639526367
91059537,2019,2019-08-26,9590,2019-08-15,2205,21995,NA,4,3,7,1942,0,1,1,NA,2,051,I-110 S/B (HARBOR FREEWAY),VERNON AVENUE,1320,S,N,B,-,Y,NA,NA,110,NA,NA,NA,NA,NA,S,Y,3,0,1,2,A,-,08,22107,NA,N,C,E,A,A,H,-,D,D,0,NA,NA,NA,NA,Y,NA,A,01,0,1,0,0,0,0,0,0,0,-,-,33.999969482421875,-118.28108215332033,LOS ANGELES,LOS ANGELES,-118.28101348876952,33.999977111816406
91059544,2019,2019-08-26,9590,2019-08-15,1410,22110,NA,4,2,7,1942,0,1,1,NA,2,082,I-5 N/B (GOLDEN STATE FREEWAY),HUMBOLDT STREET,60,S,N,A,-,Y,NA,NA,5,NA,NA,NA,NA,NA,N,Y,4,0,2,3,C,-,18,NA,NA,N,E,I,A,A,H,-,A,D,0,NA,NA,NA,NA,Y,NA,-,-,0,0,2,0,0,0,0,0,0,-,-,34.078399658203125,-118.2198486328125,LOS ANGELES,LOS ANGELES,-118.2197494506836,34.07845687866211
91059546,2019,2019-08-26,9565,2019-08-14,0637,015587,NA,3,1,7,1942,0,1,1,NA,2,063,I-405 N/B TO SUNSET BLVD.,SUNSET BLVD.,528,S,N,A,-,Y,NA,NA,405,NA,NA,NA,R,NA,N,N,4,0,1,2,A,-,03,22350,NA,N,C,C,A,A,H,-,A,D,0,NA,NA,NA,NA,Y,NA,D,22,0,0,1,0,0,0,0,0,0,-,-,34.07331085205078,-118.46533966064452,LOS ANGELES,LOS ANGELES,-118.46533966064452,34.07331085205078
91059566,2019,2019-08-26,9590,2019-08-15,1905,22130,NA,4,2,7,1942,0,1,1,NA,2,050,I-110 N/B TO MANCHESTER AVENUE,MANCHESTER AVE.,75,S,N,A,-,Y,NA,NA,110,NA,NA,NA,R,NA,N,N,4,0,2,3,A,-,03,22350,NA,N,C,C,A,A,H,-,B,D,0,NA,NA,NA,NA,Y,Y,A,01,0,0,2,0,0,0,0,0,0,-,-,33.9594612121582,-118.27947235107422,LOS ANGELES,LOS ANGELES,-118.27947235107422,33.9594612121582
9105958,2020,2020-08-11,1942,2020-05-15,2128,44249,2138,5,5,7,1942,0,0,0,NA,0,21A29,OSO AV,LEADWELL,18,N,N,A,-,N,NA,NA,NA,NA,NA,NA,NA,NA,NA,Y,4,0,2,2,A,-,01,23152,A,N,C,C,A,A,-,-,C,D,0,NA,NA,NA,NA,Y,Y,A,01,0,0,2,0,0,0,0,0,0,-,-,NA,NA,LOS ANGELES,LOS ANGELES,-118.57538604736328,34.203529357910156
91059584,2019,2019-08-26,9575,2019-08-23,1910,020711,NA,5,2,6,1925,0,1,1,NA,2,050,I-5 S/B (GOLDEN STATE FREEWAY),SONORA AVE,200,S,N,A,-,Y,NA,NA,5,NA,NA,NA,NA,NA,S,Y,4,0,4,3,A,-,03,22350,NA,N,C,C,A,A,H,-,A,D,0,NA,NA,NA,NA,Y,NA,A,01,0,0,4,0,0,0,0,0,0,-,-,34.160621643066406,-118.29296875,LOS ANGELES,GLENDALE,-118.29299926757813,34.16060256958008
91059586,2019,2019-08-26,9565,2019-08-14,2027,021372,NA,3,2,7,1942,0,1,1,NA,2,063,I-405 SOUTHBOUND (SAN DIEGO FWY),OLYMPIC BOULEVARD,300,N,N,A,-,Y,NA,NA,405,NA,NA,NA,NA,NA,S,Y,4,0,3,2,A,-,03,22350,NA,N,C,C,A,A,H,-,C,D,0,NA,NA,NA,NA,Y,NA,A,01,0,0,3,0,0,0,0,0,0,-,-,34.039669036865234,-118.44064331054688,LOS ANGELES,LOS ANGELES,-118.44057464599608,34.03972625732422
91059619,2019,2019-08-26,9575,2019-08-18,1512,022110,NA,7,2,9,1900,0,3,5,NA,2,002,MARIPOSA STREET (800 BLOCK),LAKE AVENUE (2400 BLOCK),145,W,N,A,-,N,NA,NA,NA,NA,NA,NA,NA,NA,NA,N,4,0,1,2,A,-,21,22106,NA,N,B,E,A,A,H,-,A,D,0,NA,NA,NA,NA,Y,NA,A,07,0,0,1,0,0,0,0,0,0,-,-,34.18783950805664,-118.13202667236328,LOS ANGELES,UNINCORPORATED,-118.1313934326172,34.18851852416992
91059620,2019,2019-08-26,9550,2019-08-09,0645,021166,NA,5,1,9,1900,0,1,1,NA,2,650,I-605 N/B,ROSE HILLS RD.,2123,S,N,A,-,Y,NA,NA,605,NA,NA,NA,NA,NA,N,Y,2,0,1,4,A,-,08,22107,NA,F,B,C,A,A,H,-,A,D,0,NA,NA,Y,NA,Y,NA,-,99,1,0,0,0,0,0,0,0,1,-,-,34.01470184326172,-118.05581665039064,LOS ANGELES,UNINCORPORATED,-118.05574798583984,34.0146598815918
91059631,2019,2019-08-26,9580,2019-08-16,1610,020462,NA,5,2,9,1900,0,1,3,NA,1,271,SR-27 N/B (TOPANGA CYN. BLVD.),SR-1 (PACIFIC COAST HWY.),35,N,N,A,-,Y,NA,NA,27,NA,NA,NA,NA,NA,N,N,4,0,2,3,A,-,03,22350,NA,N,C,C,A,A,H,-,A,D,0,NA,NA,NA,NA,Y,NA,A,01,0,0,2,0,0,0,0,0,0,-,-,34.04032897949219,-118.57917022705078,LOS ANGELES,UNINCORPORATED,-118.57923126220705,34.040340423583984
91059634,2019,2019-08-26,9580,2019-08-17,1452,022275,NA,6,2,7,1942,0,1,1,NA,2,404,I-405 S/B (SAN DIEGO FWY),MULHOLLAND DR,2640,N,N,A,-,Y,NA,NA,405,NA,NA,NA,NA,NA,S,N,4,0,1,2,A,-,03,22350,NA,N,C,C,A,A,H,-,A,D,0,NA,NA,NA,NA,Y,NA,A,01,0,0,1,0,0,0,0,0,0,-,-,34.128299713134766,-118.47450256347656,LOS ANGELES,LOS ANGELES,-118.47442626953124,34.128265380859375
91059652,2019,2019-08-26,9530,2019-08-15,1820,021610,NA,4,2,7,1941,0,1,1,NA,2,071,I-710 S/B (LONG BEACH FREEWAY),LONG BEACH BLVD.,585,N,N,A,-,Y,NA,NA,NA,NA,NA,NA,NA,NA,NA,Y,4,0,1,2,A,-,07,21658,A,F,B,C,A,A,H,-,A,D,0,NA,NA,Y,NA,Y,Y,-,99,0,0,1,0,0,0,0,0,1,-,-,33.51559066772461,-118.11508941650392,LOS ANGELES,LONG BEACH,-118.19845581054688,33.864097595214844
91059656,2019,2019-08-26,9580,2019-08-19,2215,017371,NA,1,3,9,1900,0,2,4,NA,1,130,MULHOLLAND HWY,LAS VIRGENES CANYON RD,528,W,N,A,-,N,NA,NA,NA,NA,NA,NA,NA,NA,NA,Y,4,0,1,2,A,-,08,22107,NA,M,B,C,A,A,H,-,D,D,0,NA,NA,NA,NA,Y,NA,-,99,0,0,1,0,0,0,0,0,0,-,-,34.1048583984375,-118.72178649902344,LOS ANGELES,UNINCORPORATED,-118.712986,34.103468
91059671,2019,2019-08-26,9525,2019-08-17,1330,020907,NA,6,1,9,1900,0,3,5,NA,2,003,TEMPLE AVE.(17000 BLOCK),AZUSA AVE,200,E,N,A,-,N,NA,NA,NA,NA,NA,NA,NA,NA,NA,N,3,0,1,3,A,-,09,21801,A,N,D,C,A,A,H,-,A,D,0,NA,NA,NA,NA,Y,NA,A,01,0,1,0,0,0,0,0,0,0,-,-,34.02457046508789,-117.91670989990234,LOS ANGELES,UNINCORPORATED,-117.91704559326172,34.024600982666016
91059704,2019,2019-08-26,9580,2019-08-16,0001,020791,NA,5,3,7,1942,0,1,3,NA,2,117,SR-118 W/B (RONALD REAGAN FWY.),WHITE OAK AVE,300,E,N,A,-,Y,NA,NA,118,NA,NA,NA,NA,NA,W,Y,3,0,2,2,A,-,08,22107,NA,N,E,J,A,A,G,-,D,D,0,NA,NA,NA,NA,Y,NA,A,01,0,1,1,0,0,0,0,0,0,-,-,34.278141021728516,-118.51898193359376,LOS ANGELES,LOS ANGELES,-118.51898193359376,34.278133392333984
9105971,2020,2020-08-10,1942,2020-05-24,2305,43966,LOSAN,7,5,7,1942,0,0,0,NA,0,1527,OXNARD ST,TUJUNGA,0,NA,Y,A,-,N,NA,NA,NA,NA,NA,NA,NA,NA,NA,Y,4,0,1,3,A,-,03,22350,A,N,C,C,A,A,H,-,D,D,0,NA,NA,NA,NA,Y,NA,A,01,0,0,1,0,0,0,0,0,0,-,-,NA,NA,LOS ANGELES,LOS ANGELES,-118.37904357910156,34.17945098876953
91059735,2019,2019-08-26,9580,2019-08-17,1415,022275,NA,6,2,7,1942,0,1,1,NA,2,404,I-405 N/B (SAN DIEGO FWY),SEPULVEDA BLVD,10,W,N,A,-,Y,NA,NA,405,NA,NA,NA,NA,NA,N,N,4,0,1,2,A,-,08,22107,NA,M,C,C,A,A,H,-,A,A,0,NA,NA,NA,NA,Y,NA,-,99,0,0,1,0,0,0,0,0,0,-,-,34.15169906616211,-118.46730041503906,LOS ANGELES,LOS ANGELES,-118.46795654296876,34.15180587768555
91059757,2019,2019-08-26,9580,2019-08-19,1210,022036,NA,1,1,7,1942,0,1,2,NA,2,101,US-101 S/B (VENTURA FREEWAY),COLDWATER CANYON AVE,2640,S,N,A,-,Y,NA,NA,101,NA,NA,NA,NA,NA,S,Y,2,0,1,1,A,-,01,23152,F,N,B,I,A,A,H,-,A,D,0,NA,NA,NA,NA,Y,NA,A,01,1,0,0,0,0,0,0,0,0,-,-,34.15650177001953,-118.40599822998048,LOS ANGELES,LOS ANGELES,-118.40599822998048,34.15660858154297
91059763,2019,2019-08-26,9580,2019-08-15,1833,019715,NA,4,2,7,1942,0,1,1,NA,2,404,I-405 N/B (SAN DIEGO FWY),SEPULVEDA BLVD,2640,S,N,A,-,Y,NA,NA,405,NA,NA,NA,NA,NA,N,N,4,0,1,2,A,-,21,22106,NA,N,C,C,A,A,H,-,A,D,0,NA,NA,NA,NA,Y,NA,-,31,0,0,1,0,0,0,0,0,0,-,-,34.140380859375,-118.47112274169922,LOS ANGELES,LOS ANGELES,-118.47122955322266,34.1403694152832
91059771,2019,2019-08-26,9525,2019-08-18,1432,021931,NA,7,2,5,1906,0,1,1,NA,2,103,I-10 W/B (SAN BERNARDINO FWY),ATHOL ST.,200,W,N,A,-,Y,NA,NA,10,NA,NA,NA,NA,NA,W,Y,4,0,1,2,A,-,03,22350,NA,N,C,C,A,A,H,-,A,D,0,NA,NA,NA,NA,Y,NA,A,08,0,0,1,0,0,0,0,0,0,-,-,34.0660285949707,-117.99432373046876,LOS ANGELES,BALDWIN PARK,-117.99430084228516,34.0659294128418
91059774,2019,2019-08-26,9580,2019-08-17,1638,022046,NA,6,2,7,1942,0,1,2,NA,2,105,US-101 S/B (VENTURA FREEWAY),SR-27 (TOPANGA CYN BLVD),1056,N,N,A,-,Y,NA,NA,101,NA,NA,NA,NA,NA,S,Y,4,0,1,3,A,-,03,22350,NA,N,C,C,A,A,H,-,A,D,0,NA,NA,NA,NA,Y,NA,A,07,0,0,1,0,0,0,0,0,0,-,-,34.16577911376953,-118.61911010742188,LOS ANGELES,LOS ANGELES,-118.61911010742188,34.1657829284668
91059784,2019,2019-08-26,9580,2019-08-17,1257,022036,NA,6,1,7,1942,0,1,2,NA,2,103,US-101 S/B (VENTURA FREEWAY),BALBOA BLVD,150,S,N,A,-,Y,NA,NA,101,NA,NA,NA,NA,NA,S,N,4,0,2,2,A,-,03,22350,NA,N,C,C,A,A,H,-,A,D,0,NA,NA,NA,NA,Y,NA,A,01,0,0,2,0,0,0,0,0,0,-,-,34.17020034790039,-118.50070190429688,LOS ANGELES,LOS ANGELES,-118.5007095336914,34.17018508911133
91059807,2019,2019-08-26,9525,2019-08-17,1720,021224,NA,6,2,5,1990,0,1,3,NA,2,573,SR-57 S/B (ORANGE FWY),BREA CANYON RD.,200,N,N,A,-,Y,NA,NA,NA,NA,NA,NA,NA,NA,NA,N,4,0,1,2,A,-,03,22350,NA,N,C,C,A,A,H,-,A,D,0,NA,NA,NA,NA,Y,NA,D,22,0,0,1,0,0,0,0,0,0,-,-,33.958038330078125,-117.85999298095705,LOS ANGELES,DIAMOND BAR,-117.86005401611328,33.95795440673828
91059871,2019,2019-08-27,9545,2019-08-22,0139,020547,NA,4,3,6,1950,0,1,3,NA,2,021,SR-14 S/B FROM PALMDALE BLVD E/B,PALMDALE BLVD,275,S,N,A,-,Y,NA,NA,14,NA,NA,NA,R,NA,S,Y,4,0,1,1,A,-,01,23152,A,N,E,I,A,A,H,-,D,D,0,NA,NA,NA,NA,Y,Y,A,01,0,0,1,0,0,0,0,0,0,-,-,34.58137130737305,-118.13446807861328,LOS ANGELES,PALMDALE,-118.13446807861328,34.58137130737305
91059910,2019,2019-08-27,9590,2019-08-26,0755,013179,NA,1,1,7,1942,0,1,1,NA,2,061,I-10 W/B (SANTA MONICA FREEWAY),LA BREA AVENUE U/C,150,W,N,A,-,Y,NA,NA,10,NA,NA,NA,NA,NA,W,N,4,0,1,2,A,-,03,22350,NA,N,C,C,A,A,H,-,A,D,0,NA,NA,NA,NA,Y,NA,A,08,0,0,1,0,0,0,0,0,0,-,-,34.034881591796875,-118.34300994873048,LOS ANGELES,LOS ANGELES,-118.34300231933594,34.03475570678711
91059913,2019,2019-08-27,9590,2019-08-26,1635,021535,NA,1,2,7,1942,0,1,3,NA,2,094,SR-2 E/B (GLENDALE FREEWAY),COLORADO STREET,700,E,N,A,-,Y,NA,NA,2,NA,NA,NA,NA,NA,E,Y,4,0,1,2,A,-,03,22350,NA,N,C,C,A,A,H,-,A,D,0,NA,NA,NA,NA,Y,NA,D,22,0,0,1,0,0,0,0,0,0,-,-,34.14204025268555,-118.22756958007813,LOS ANGELES,LOS ANGELES,-118.2275161743164,34.142024993896484
91059945,2019,2019-08-27,9525,2019-08-16,1700,021967,NA,5,2,9,1900,0,3,5,NA,2,002,HOLLENBECK ST. (4500 BLOCK),EDNA PL,200,N,N,A,-,N,NA,NA,NA,NA,NA,NA,NA,NA,NA,N,3,0,1,1,A,-,08,22107,NA,N,F,A,A,A,H,-,A,A,0,NA,NA,Y,NA,Y,NA,C,02,0,1,0,0,0,0,0,0,1,-,-,34.092769622802734,-117.89900207519533,LOS ANGELES,UNINCORPORATED,-117.89898681640624,34.0931282043457
91059950,2019,2019-08-27,9590,2019-08-24,1215,021606,NA,6,1,7,1942,0,1,2,NA,2,073,US-101 S/B (HOLLYWOOD FREEWAY),PILGRIMAGE BRIDGE,500,N,N,A,-,Y,NA,NA,101,NA,NA,NA,NA,NA,S,Y,4,0,1,3,A,-,03,22350,NA,N,C,C,A,A,H,-,A,D,0,NA,NA,NA,NA,Y,NA,A,01,0,0,1,0,0,0,0,0,0,-,-,34.11677932739258,-118.33728790283205,LOS ANGELES,LOS ANGELES,-118.33726501464844,34.11678695678711
91059956,2019,2019-08-27,9525,2019-08-16,2355,019188,NA,5,3,9,1900,0,1,3,NA,1,024,SR-39 (SAN GABRIEL CANYON RD.),S. NORTH FORK BRIDGE,8818,S,N,A,-,N,NA,NA,39,NA,NA,NA,NA,NA,NA,Y,4,0,2,1,A,-,03,22350,NA,N,H,I,A,A,H,-,D,D,0,NA,NA,NA,NA,Y,NA,A,01,0,0,2,0,0,0,0,0,0,-,-,34.26231002807617,-117.85075378417967,LOS ANGELES,UNINCORPORATED,-117.85076141357422,34.26230239868164
91059968,2019,2019-08-27,9530,2019-08-15,1445,022109,NA,4,2,9,1900,0,3,5,NA,2,001,SLAUSON AVE.,HOOPER AVE.,0,NA,Y,A,-,N,NA,NA,NA,NA,NA,NA,NA,NA,NA,N,3,0,1,2,A,-,12,21453,A,N,D,G,A,A,H,-,A,A,0,NA,Y,NA,NA,Y,NA,L,04,0,1,0,0,0,0,1,0,0,-,-,33.989341735839844,-118.25211334228516,LOS ANGELES,UNINCORPORATED,-118.25212097167967,33.98931884765625
91059972,2019,2019-08-27,9540,2019-08-16,1425,019508,NA,5,2,6,1985,0,1,3,NA,1,144,SR-14 N/B (ANTELOPE VALLEY FREEWAY),PLACERITA CANYON RD,1056,S,N,A,-,Y,NA,NA,14,NA,NA,NA,NA,NA,N,Y,4,0,1,4,A,-,03,22350,NA,N,C,C,A,A,H,-,A,D,0,NA,NA,NA,NA,Y,NA,A,07,0,0,1,0,0,0,0,0,0,-,-,34.37416076660156,-118.4973602294922,LOS ANGELES,SANTA CLARITA,-118.49739837646484,34.37420654296875
91059976,2019,2019-08-27,9565,2019-08-15,2055,021484,NA,4,2,7,1942,0,1,1,NA,2,063,I-405 (SAN DIEGO FREEWAY),MONTANA AVENUE,100,S,N,A,-,Y,NA,NA,405,NA,NA,NA,NA,NA,NA,Y,4,0,1,2,A,-,03,22350,NA,N,C,C,A,A,H,-,D,D,0,NA,NA,NA,NA,Y,NA,A,01,0,0,1,0,0,0,0,0,0,-,-,34.066829681396484,-118.4613037109375,LOS ANGELES,LOS ANGELES,-118.46128845214844,34.066837310791016
91059980,2019,2019-08-27,9545,2019-08-15,0743,018862,NA,4,1,9,1900,0,1,3,NA,2,031,SR-14 S/B FROM SIERRA HWY,VINCENT RAMP,1584,S,N,A,-,Y,NA,NA,14,NA,NA,NA,R,NA,S,Y,4,0,1,1,A,-,03,22350,NA,N,E,I,A,A,H,-,A,D,0,NA,NA,NA,NA,Y,NA,A,07,0,0,1,0,0,0,0,0,0,-,-,34.50735092163086,-118.11363220214844,LOS ANGELES,UNINCORPORATED,-118.11363220214844,34.50735092163086
91059983,2019,2019-08-27,9535,2019-08-15,1000,016869,NA,4,1,3,1914,0,1,1,NA,2,501,I-5 (SANTA ANA FREEWAY) S/B,SLAUSON AVE,1800,N,N,A,-,Y,NA,NA,5,NA,NA,NA,NA,NA,S,N,4,0,3,3,A,-,03,22350,NA,N,C,C,A,A,H,-,A,D,0,NA,NA,NA,NA,Y,NA,A,01,0,0,3,0,0,0,0,0,0,-,-,33.97930908203125,-118.12848663330078,LOS ANGELES,COMMERCE,-118.12845611572266,33.979347229003906
91059984,2019,2019-08-27,9565,2019-08-05,0005,022056,NA,1,3,6,1933,0,1,1,NA,2,060,I-405 N/B (SAN DIEGO FREEWAY),CENTURY BOULEVARD,190,N,N,A,-,Y,NA,NA,405,NA,NA,NA,NA,NA,N,Y,3,0,1,2,A,-,01,23152,A,N,A,C,A,A,H,-,D,D,0,NA,NA,NA,NA,Y,Y,A,07,0,1,0,0,0,0,0,0,0,-,-,33.94607925415039,-118.36833190917967,LOS ANGELES,INGLEWOOD,-118.36822509765624,33.946083068847656
91059985,2019,2019-08-27,9530,2019-08-15,1935,022109,NA,4,2,9,1900,0,3,5,NA,2,002,SAN PEDRO STREET,124TH STREET,0,NA,Y,A,-,N,NA,NA,NA,NA,NA,NA,NA,NA,NA,Y,4,0,2,3,A,-,09,21802,A,N,D,C,A,A,H,-,C,A,0,NA,NA,NA,NA,Y,NA,A,07,0,0,2,0,0,0,0,0,0,-,-,33.92007064819336,-118.26959991455078,LOS ANGELES,UNINCORPORATED,-118.26959991455078,33.92007064819336
91059986,2019,2019-08-27,9590,2019-08-04,0210,021823,NA,7,3,7,1942,0,1,1,NA,2,012,SR-110 N/B (ARROYO SECO PARKWAY),VIA MARISOL,250,S,N,A,-,Y,NA,NA,110,NA,NA,NA,NA,NA,N,Y,3,0,2,3,A,-,01,23152,A,M,C,C,A,A,H,-,C,D,0,NA,NA,NA,NA,Y,Y,A,01,0,2,0,0,0,0,0,0,0,-,-,34.10348129272461,-118.19171905517578,LOS ANGELES,LOS ANGELES,-118.19171905517578,34.10348129272461
91059994,2019,2019-08-27,9540,2019-08-20,2108,019772,NA,2,2,6,1985,0,1,3,NA,1,145,SR-14 S/B (ANTELOPE VALLEY FREEWAY),GOLDEN VALLEY RD,2640,S,N,A,-,Y,NA,NA,14,NA,NA,NA,NA,NA,S,Y,4,0,2,2,A,-,08,22107,NA,N,B,C,A,A,H,-,D,D,0,NA,NA,NA,NA,Y,NA,D,22,0,0,2,0,0,0,0,0,0,-,-,34.3880615234375,-118.47998046875,LOS ANGELES,SANTA CLARITA,-118.47998046875,34.388057708740234
91060000,2019,2019-08-27,9530,2019-08-15,1650,021610,NA,4,2,7,1941,0,1,1,NA,2,072,I-710 N/B (LONG BEACH FREEWAY),PACIFIC COAST HWY.,730,S,N,A,-,Y,NA,NA,NA,NA,NA,NA,NA,NA,NA,Y,4,0,1,4,A,-,07,21658,A,M,B,C,A,B,H,-,A,D,0,NA,NA,NA,NA,Y,NA,-,99,0,0,1,0,0,0,0,0,0,-,-,33.471439361572266,-118.12278747558594,LOS ANGELES,LONG BEACH,-118.20762634277344,33.78791427612305
91060002,2019,2019-08-27,9540,2019-08-16,1055,021572,NA,5,1,7,1942,0,1,1,NA,1,502,I-5 N/B (GOLDEN STATE FREEWAY),BALBOA BLVD,188,N,N,A,-,Y,NA,NA,5,NA,NA,NA,NA,NA,N,Y,4,0,2,4,A,-,03,22350,NA,N,C,C,A,A,H,-,A,D,0,NA,NA,NA,NA,Y,NA,D,22,0,0,2,0,0,0,0,0,0,-,-,34.321319580078125,-118.49675750732422,LOS ANGELES,LOS ANGELES,-118.49671936035156,34.3213996887207
91060019,2019,2019-08-27,9525,2019-08-18,1030,020989,NA,7,1,9,1900,0,1,3,NA,1,024,SR-39 (SAN GABRIEL CANYON RD.),CRYSTAL LAKE RD,7392,S,N,A,-,N,NA,NA,39,NA,NA,NA,NA,NA,NA,Y,2,0,1,1,A,-,03,22350,NA,N,E,I,A,A,H,-,A,D,0,NA,NA,Y,NA,Y,NA,C,02,1,0,0,0,0,0,0,0,1,-,-,34.302711486816406,-117.8464126586914,LOS ANGELES,UNINCORPORATED,-117.84634399414064,34.30271911621094