CASE_ID,ACCIDENT_YEAR,PROC_DATE,JURIS,COLLISION_DATE,COLLISION_TIME,OFFICER_ID,REPORTING_DISTRICT,DAY_OF_WEEK,CHP_SHIFT,POPULATION,CNTY_CITY_LOC,SPECIAL_COND,BEAT_TYPE,CHP_BEAT_TYPE,CITY_DIVISION_LAPD,CHP_BEAT_CLASS,BEAT_NUMBER,PRIMARY_RD,SECONDARY_RD,DISTANCE,DIRECTION,INTERSECTION,WEATHER_1,WEATHER_2,STATE_HWY_IND,CALTRANS_COUNTY,CALTRANS_DISTRICT,STATE_ROUTE,ROUTE_SUFFIX,POSTMILE_PREFIX,POSTMILE,LOCATION_TYPE,RAMP_INTERSECTION,SIDE_OF_HWY,TOW_AWAY,COLLISION_SEVERITY,NUMBER_KILLED,NUMBER_INJURED,PARTY_COUNT,PRIMARY_COLL_FACTOR,PCF_CODE_OF_VIOL,PCF_VIOL_CATEGORY,PCF_VIOLATION,PCF_VIOL_SUBSECTION,HIT_AND_RUN,TYPE_OF_COLLISION,MVIW,PED_ACTION,ROAD_SURFACE,ROAD_COND_1,ROAD_COND_2,LIGHTING,CONTROL_DEVICE,CHP_ROAD_TYPE,PEDESTRIAN_ACCIDENT,BICYCLE_ACCIDENT,MOTORCYCLE_ACCIDENT,TRUCK_ACCIDENT,NOT_PRIVATE_PROPERTY,ALCOHOL_INVOLVED,STWD_VEHTYPE_AT_FAULT,CHP_VEHTYPE_AT_FAULT,COUNT_SEVERE_INJ,COUNT_VISIBLE_INJ,COUNT_COMPLAINT_PAIN,COUNT_PED_KILLED,COUNT_PED_INJURED,COUNT_BICYCLIST_KILLED,COUNT_BICYCLIST_INJURED,COUNT_MC_KILLED,COUNT_MC_INJURED,PRIMARY_RAMP,SECONDARY_RAMP,LATITUDE,LONGITUDE,COUNTY,CITY,POINT_X,POINT_Y
9106305,2020,2020-08-24,1942,2020-06-04,1815,34426,0182,4,5,7,1942,0,0,0,A,0,1A61,FLOWER ST,OLYMPIC BL,90,S,N,A,-,N,NA,NA,NA,NA,NA,NA,NA,NA,NA,N,4,0,1,2,A,-,21,22106,NA,N,B,G,A,A,H,-,A,A,0,NA,Y,NA,NA,Y,NA,A,01,0,0,1,0,0,0,1,0,0,-,-,NA,NA,LOS ANGELES,LOS ANGELES,-118.26297760009766,34.044189453125
9106309,2020,2020-08-24,1942,2020-06-05,1030,36356,0143,5,5,7,1942,0,0,0,A,0,1A85,5TH ST,SPRING ST,0,NA,Y,A,-,N,NA,NA,NA,NA,NA,NA,NA,NA,NA,N,4,0,1,2,A,-,12,21453,A,N,-,G,A,A,H,-,A,A,0,NA,Y,NA,NA,Y,NA,L,04,0,0,1,0,0,0,1,0,0,-,-,NA,NA,LOS ANGELES,LOS ANGELES,-118.2496337890625,34.04738998413086
9106313,2020,2020-08-24,1942,2020-06-05,0730,39938,0129,5,5,7,1942,0,0,0,A,0,1A29,1ST ST,VIGNES ST,560,W,N,A,-,N,NA,NA,NA,NA,NA,NA,NA,NA,NA,N,4,0,1,1,A,-,17,21462,NA,N,H,G,A,A,H,-,A,A,0,NA,Y,NA,NA,Y,NA,L,04,0,0,1,0,0,0,1,0,0,-,-,NA,NA,LOS ANGELES,LOS ANGELES,-118.23575592041016,34.04863357543945
9106317,2020,2020-08-24,1942,2020-06-05,1910,34426,1125,5,5,7,1942,0,0,0,K,0,11A25,YORK BL,AVENUE 49,230,E,N,A,-,N,NA,NA,NA,NA,NA,NA,NA,NA,NA,N,4,0,1,2,A,-,21,22106,NA,N,D,C,A,A,H,-,A,D,0,NA,NA,Y,NA,Y,NA,A,01,0,0,1,0,0,0,0,0,1,-,-,NA,NA,LOS ANGELES,LOS ANGELES,-118.20828247070313,34.12174606323242
9106367,2020,2020-08-17,1942,2020-05-11,1325,44178,1118,1,5,7,1942,0,0,0,K,0,11X19,FIGUEROA ST,AVENUE 58,36,N,N,A,-,N,NA,NA,NA,NA,NA,NA,NA,NA,NA,NA,4,0,1,2,A,-,08,22107,NA,F,G,G,A,A,H,-,A,D,0,NA,Y,NA,NA,Y,Y,-,99,0,0,1,0,0,0,1,0,0,-,-,NA,NA,LOS ANGELES,LOS ANGELES,-118.19190979003906,34.11003112792969
91063837,2019,2019-08-30,9590,2019-08-24,1950,022127,NA,6,2,7,1942,0,1,1,NA,2,013,SR-110 S/B (ASP) FROM AVENUE 52,AVENUE 52,200,S,N,A,-,Y,NA,NA,110,NA,NA,NA,R,NA,S,N,4,0,2,2,A,-,03,22350,NA,N,C,C,A,A,H,-,C,D,0,NA,NA,NA,NA,Y,NA,A,01,0,0,2,0,0,0,0,0,0,-,-,34.102970123291016,-118.19773864746094,LOS ANGELES,LOS ANGELES,-118.19773864746094,34.102970123291016
91063846,2019,2019-08-30,9550,2019-08-24,0250,021578,NA,6,3,9,1900,0,1,3,NA,2,600,SR-60 E/B,7TH AVE.,1000,W,N,A,-,Y,NA,NA,60,NA,NA,NA,NA,NA,E,Y,4,0,1,2,A,-,01,23152,A,N,C,C,A,A,H,-,C,D,0,NA,NA,NA,Y,Y,Y,A,01,0,0,1,0,0,0,0,0,0,-,-,34.02281188964844,-117.9916534423828,LOS ANGELES,UNINCORPORATED,-117.99155426025392,34.02289962768555
91063847,2019,2019-08-30,9590,2019-08-21,1826,022344,NA,3,2,7,1942,0,1,1,NA,2,064,I-10 E/B (SANTA MONICA FREEWAY),SANTA FE AVENUE,50,W,N,A,-,Y,NA,NA,10,NA,NA,NA,NA,NA,E,Y,2,0,1,3,A,-,08,22107,NA,F,C,C,A,A,H,-,A,D,0,NA,NA,Y,NA,Y,NA,C,02,1,0,0,0,0,0,0,0,1,-,-,34.02793884277344,-118.23162841796876,LOS ANGELES,LOS ANGELES,-118.2315673828125,34.02776336669922
91063881,2019,2019-08-30,9590,2019-08-22,1515,021583,NA,4,2,7,1942,0,1,2,NA,2,072,US-101 N/B (HOLLYWOOD FREEWAY),BARHAM BOULEVARD,50,N,N,A,-,Y,NA,NA,101,NA,NA,NA,NA,NA,N,Y,4,0,1,2,A,-,03,22350,NA,N,C,C,A,A,H,-,A,D,0,NA,NA,NA,NA,Y,NA,A,01,0,0,1,0,0,0,0,0,0,-,-,34.12900161743164,-118.34706878662108,LOS ANGELES,LOS ANGELES,-118.34706115722656,34.12900924682617
91063883,2019,2019-08-30,9525,2019-08-17,2000,021355,NA,6,2,5,1906,0,1,1,NA,2,103,I-10 W/B (SAN BERNARDINO FWY),I-605,1056,E,N,A,-,Y,NA,NA,10,NA,NA,NA,NA,NA,W,Y,4,0,1,3,A,-,03,22350,NA,N,C,C,A,A,H,-,C,D,0,NA,NA,NA,Y,Y,NA,G,25,0,0,1,0,0,0,0,0,0,-,-,34.066078186035156,-117.99378967285156,LOS ANGELES,BALDWIN PARK,-117.99378204345705,34.066009521484375
91063884,2019,2019-08-30,9575,2019-08-28,1437,020291,NA,3,2,6,1953,0,1,3,NA,2,040,SR-134 E/B (VENTURA FREEWAY),SAN RAFAEL AVE,357,E,N,A,-,Y,NA,NA,134,NA,NA,NA,NA,NA,E,Y,4,0,1,2,A,-,03,22350,NA,N,C,C,A,A,H,-,A,D,0,NA,NA,NA,NA,Y,NA,A,08,0,0,1,0,0,0,0,0,0,-,-,34.14365005493164,-118.16932678222656,LOS ANGELES,PASADENA,-118.16940307617188,34.1437873840332
91063887,2019,2019-08-30,9575,2019-08-28,1455,021492,NA,3,2,5,1902,0,1,1,NA,2,065,I-210 E/B (FOOTHILL FREEWAY),FIFTH AVE,200,W,N,A,-,Y,NA,NA,210,NA,NA,NA,NA,NA,E,Y,4,0,1,3,A,-,03,22350,NA,N,C,C,A,A,H,-,A,D,0,NA,NA,NA,NA,Y,NA,A,08,0,0,1,0,0,0,0,0,0,-,-,34.142948150634766,-118.02113342285156,LOS ANGELES,ARCADIA,-118.02114105224608,34.14292907714844
91063894,2019,2019-08-30,9590,2019-07-12,0905,021762,NA,5,1,7,1942,1,1,1,NA,2,053,I-110 S/B (HARBOR FREEWAY),28TH STREET,275,S,N,A,-,Y,NA,NA,110,NA,NA,NA,NA,NA,S,Y,4,0,1,3,A,-,03,22350,NA,N,C,C,A,A,H,-,A,D,0,NA,NA,NA,NA,Y,NA,D,22,0,0,1,0,0,0,0,0,0,-,-,34.025211334228516,-118.27593231201172,LOS ANGELES,LOS ANGELES,-118.27595520019533,34.02522277832031
91063902,2019,2019-08-30,9530,2019-08-20,1750,021792,NA,2,2,7,1941,0,1,1,NA,2,420,I-405 N/B TO I-710 N/B,I-710,850,S,N,A,-,Y,NA,NA,405,NA,NA,NA,R,NA,N,Y,2,0,2,3,A,-,01,23152,A,N,C,C,A,A,H,-,A,D,0,NA,NA,NA,NA,Y,Y,A,01,1,0,1,0,0,0,0,0,0,-,-,33.82653045654297,-118.20416259765624,LOS ANGELES,LONG BEACH,-118.20416259765624,33.82653045654297
91063922,2019,2019-08-30,9540,2019-08-28,1030,013644,NA,3,1,9,1900,0,2,4,NA,1,104,SAN FRANCISQUITO CANYON ROAD,DILLON CYN RD (PRVT),0,NA,N,A,-,N,NA,NA,NA,NA,NA,NA,NA,NA,NA,Y,3,0,1,1,A,-,08,22107,NA,N,E,J,A,A,H,-,A,D,0,NA,NA,NA,NA,Y,NA,A,07,0,1,0,0,0,0,0,0,0,-,-,34.50912094116211,-118.53616333007813,LOS ANGELES,UNINCORPORATED,NA,NA
91063925,2019,2019-08-30,9565,2019-08-20,0750,017574,NA,2,1,5,1928,0,1,1,NA,2,060,I-405 S/B,120TH STREET,200,N,N,A,-,Y,NA,NA,405,NA,NA,NA,NA,NA,S,Y,4,0,1,2,A,-,03,22350,NA,N,C,C,A,A,H,-,A,D,0,NA,NA,NA,NA,Y,NA,A,01,0,0,1,0,0,0,0,0,0,-,-,33.92300033569336,-118.36840057373048,LOS ANGELES,HAWTHORNE,-118.36885833740234,33.923091888427734
91063932,2019,2019-08-30,9525,2019-08-20,1223,018992,NA,2,1,9,1900,0,3,5,NA,2,001,WEST HONDO PKWY (11100 BLOCK),FLORINDA AVE,20,E,N,A,-,N,NA,NA,NA,NA,NA,NA,NA,NA,NA,Y,4,0,2,2,A,-,03,22350,NA,N,C,C,A,A,H,-,A,D,0,NA,NA,NA,NA,Y,NA,D,22,0,0,2,0,0,0,0,0,0,-,-,34.097251892089844,-118.02699279785156,LOS ANGELES,UNINCORPORATED,-118.02684020996094,34.097320556640625
91063937,2019,2019-08-30,9565,2019-08-20,0749,015587,NA,2,1,4,1918,0,1,1,NA,2,061,I-405 N/B (SAN DIEGO FREEWAY),CULVER BLVD,528,N,N,A,-,Y,NA,NA,405,NA,NA,NA,NA,NA,N,N,4,0,1,2,A,-,08,22107,NA,N,B,C,A,A,H,-,A,D,0,NA,NA,Y,NA,Y,NA,A,01,0,0,1,0,0,0,0,0,1,-,-,34.004791259765625,-118.41249847412108,LOS ANGELES,CULVER CITY,-118.41246795654295,34.00481414794922
91063944,2019,2019-08-30,9530,2019-07-21,1440,022060,NA,7,2,9,1900,0,3,5,NA,2,001,SLAUSON AVE. (1446 BLOCK),COMPTON AVE.,160,W,N,A,-,N,NA,NA,NA,NA,NA,NA,NA,NA,NA,N,4,0,1,2,A,-,06,21750,A,N,B,C,A,A,H,-,A,D,0,NA,NA,NA,NA,Y,NA,A,07,0,0,1,0,0,0,0,0,0,-,-,33.989341735839844,-118.2484130859375,LOS ANGELES,UNINCORPORATED,-118.24828338623048,33.989341735839844
91063953,2019,2019-08-30,9530,2019-08-20,0902,021004,NA,2,1,7,1941,0,1,1,NA,2,072,I-710 S/B (LONG BEACH FREEWAY),WILLOW ST.,981,N,N,A,-,Y,NA,NA,710,NA,NA,NA,NA,NA,S,N,4,0,1,2,A,-,03,22350,NA,N,C,C,A,A,H,-,A,D,0,NA,NA,NA,NA,Y,NA,A,01,0,0,1,0,0,0,0,0,0,-,-,33.80765914916992,-118.20697784423828,LOS ANGELES,LONG BEACH,-118.20712280273438,33.807682037353516
91063971,2019,2019-08-30,9525,2019-08-08,2140,021505,NA,4,2,9,1900,0,3,5,NA,2,003,GEMINI ST (17000 BLOCK),AZUSA AVE,50,E,N,A,-,N,NA,NA,NA,NA,NA,NA,NA,NA,NA,N,4,0,1,2,A,-,01,23152,A,M,A,E,A,A,H,-,C,D,0,NA,NA,NA,NA,Y,Y,A,08,0,0,1,0,0,0,0,0,0,-,-,34.01844024658203,-117.91953277587892,LOS ANGELES,UNINCORPORATED,-117.91999816894533,34.01857376098633
91063972,2019,2019-08-30,9550,2019-08-20,1750,020551,NA,2,2,6,1920,0,1,1,NA,2,500,I-5 SOUTHBOUND,I-605,50,S,N,A,-,Y,NA,NA,5,NA,NA,NA,NA,NA,S,Y,4,0,1,2,A,-,03,22350,NA,N,B,C,A,A,H,-,A,D,0,NA,NA,NA,Y,Y,NA,A,01,0,0,1,0,0,0,0,0,0,-,-,33.940948486328125,-118.09651947021484,LOS ANGELES,DOWNEY,-118.09654998779295,33.94093322753906
91063982,2019,2019-08-30,9530,2019-08-20,0935,020938,NA,2,1,7,1941,0,1,1,NA,2,071,I-710 N/B (LONG BEACH FREEWAY),ARTESIA BLVD.,1056,S,N,A,-,Y,NA,NA,710,NA,NA,NA,NA,NA,N,N,4,0,1,2,A,-,03,22350,NA,N,C,C,A,A,H,-,A,D,0,NA,NA,NA,NA,Y,NA,A,01,0,0,1,0,0,0,0,0,0,-,-,33.87147903442383,-118.19390869140624,LOS ANGELES,LONG BEACH,-118.19405364990234,33.871524810791016
91064004,2019,2019-08-30,9525,2019-08-20,1725,021074,NA,2,2,4,1946,0,1,1,NA,2,202,I-210 E/B (FOOTHILL FWY),HUNTINGTON DR.,1000,W,N,A,-,Y,NA,NA,210,NA,NA,NA,NA,NA,E,Y,4,0,1,2,A,-,03,22350,NA,N,C,C,A,A,H,-,A,D,0,NA,NA,NA,NA,Y,NA,A,01,0,0,1,0,0,0,0,0,0,-,-,34.142250061035156,-118.01960754394533,LOS ANGELES,MONROVIA,-118.01962280273438,34.14221954345703
9106401,2020,2020-08-21,1951,2020-06-08,1849,749,707,1,5,3,1951,0,0,0,NA,0,002,PALOS VERDES DR WEST,VIA CORTA,113,E,N,A,-,N,NA,NA,NA,NA,NA,NA,NA,NA,NA,N,3,0,1,2,A,-,10,21950,A,N,D,G,A,A,H,-,A,A,0,NA,Y,NA,NA,Y,NA,A,01,0,1,0,0,0,0,1,0,0,-,-,NA,NA,LOS ANGELES,PALOS VERDES EST,-118.3901824951172,33.80032730102539
91064041,2019,2019-08-30,9550,2019-08-24,1835,022023,NA,6,2,5,1908,0,1,3,NA,2,091,SR-91 (W/B),I-605,500,W,N,A,-,Y,NA,NA,NA,NA,NA,NA,NA,NA,NA,Y,4,0,1,3,A,-,03,22350,NA,N,C,C,A,A,H,-,A,D,0,NA,NA,NA,NA,Y,NA,D,22,0,0,1,0,0,0,0,0,0,-,-,33.87641143798828,-118.10247802734376,LOS ANGELES,BELLFLOWER,NA,NA
91064067,2019,2019-08-30,9535,2019-08-20,1230,022335,NA,2,1,5,1901,0,1,1,NA,2,420,I-10 E/B FROM GARFIELD AVENUE N/B,GARFIELD AVE,190,E,N,A,-,Y,NA,NA,10,NA,NA,NA,R,NA,E,N,4,0,1,2,A,-,03,22350,NA,N,C,C,A,A,H,-,A,A,0,NA,NA,NA,NA,Y,NA,A,01,0,0,1,0,0,0,0,0,0,-,-,34.07135009765625,-118.12216949462892,LOS ANGELES,ALHAMBRA,-118.12216949462892,34.07135009765625
91064077,2019,2019-08-30,9530,2019-08-20,0930,021004,NA,2,1,7,1941,0,1,1,NA,2,420,I-405 S/B (SAN DIEGO FREEWAY),I-710 S/B (LONG BEACH FREEWAY),263,N,N,A,-,Y,NA,NA,405,NA,NA,NA,NA,NA,S,Y,3,0,2,5,A,-,08,22107,NA,N,E,I,A,A,H,-,A,D,0,NA,NA,NA,Y,Y,NA,G,25,0,1,1,0,0,0,0,0,0,-,-,33.826148986816406,-118.20826721191406,LOS ANGELES,LONG BEACH,-118.20825958251952,33.82644271850586
91064079,2019,2019-08-30,9525,2019-08-21,0830,014971,NA,3,1,5,1906,0,1,1,NA,2,103,I-10 W/B (SAN BERNARDINO FWY),FRAZIER ST.,1056,E,N,A,-,Y,NA,NA,10,NA,NA,NA,NA,NA,W,N,4,0,15,2,A,-,03,22350,NA,N,C,C,A,A,H,-,A,D,0,NA,NA,NA,NA,Y,NA,I,10,0,0,15,0,0,0,0,0,0,-,-,34.066959381103516,-117.98744201660156,LOS ANGELES,BALDWIN PARK,-117.9874267578125,34.06686019897461
91064089,2019,2019-08-30,9550,2019-08-25,1620,020974,NA,7,2,6,1949,0,1,1,NA,2,500,I-5 S/B,IMPERIAL HIGHWAY,800,S,N,A,-,Y,NA,NA,5,NA,NA,NA,NA,NA,S,N,4,0,3,2,A,-,03,22350,NA,N,C,C,A,A,H,-,A,D,0,NA,NA,NA,NA,Y,NA,A,07,0,0,3,0,0,0,0,0,0,-,-,33.91510009765625,-118.07808685302734,LOS ANGELES,NORWALK,-118.07817840576172,33.915000915527344
91064101,2019,2019-08-30,9575,2019-08-22,1530,021932,NA,4,2,5,1902,0,1,1,NA,2,065,I-210 E/B (FOOTHILL FREEWAY),MICHILLINDA AVE,1000,E,N,A,-,Y,NA,NA,210,NA,NA,NA,NA,NA,E,Y,3,0,2,2,A,-,03,22350,NA,N,C,C,A,A,H,-,A,D,0,NA,NA,NA,NA,Y,NA,A,01,0,1,1,0,0,0,0,0,0,-,-,34.148590087890625,-118.06436920166016,LOS ANGELES,ARCADIA,-118.06436920166016,34.148582458496094
91064106,2019,2019-08-30,9525,2019-08-21,1605,018729,NA,3,2,9,1900,0,1,3,NA,1,024,SR-39 (SAN GABRIEL CANYON RD.),CRYSTAL LAKE RD.,26400,S,N,A,-,Y,NA,NA,39,NA,NA,NA,NA,NA,NA,Y,4,0,1,2,A,-,05,21460,A,N,F,A,A,A,H,-,A,D,0,NA,NA,Y,NA,Y,NA,A,01,0,0,1,0,0,0,0,0,1,-,-,34.291229248046875,-117.83892059326172,LOS ANGELES,UNINCORPORATED,-117.8389129638672,34.291202545166016
91064120,2019,2019-08-30,9590,2019-08-24,1420,021622,NA,6,2,7,1942,0,1,1,NA,2,065,I-10 W/B (SANTA MONICA FREEWAY),ALAMEDA STREET,200,W,N,A,-,Y,NA,NA,10,NA,NA,NA,NA,NA,W,N,4,0,1,2,A,-,03,22350,NA,F,C,C,A,A,H,-,A,D,0,NA,NA,NA,NA,Y,NA,-,99,0,0,1,0,0,0,0,0,0,-,-,34.024391174316406,-118.23999786376952,LOS ANGELES,LOS ANGELES,-118.24002838134766,34.02445602416992
9106414,2020,2020-08-19,1942,2020-06-01,1000,30452,0952,1,5,7,1942,0,0,0,I,0,9A63,N SEPULVEDA BL,MAGNOLIA BL,100,S,N,A,-,N,NA,NA,NA,NA,NA,NA,NA,NA,NA,N,4,0,1,2,C,-,18,NA,NA,N,D,C,A,A,H,-,A,D,0,NA,NA,NA,NA,Y,NA,-,-,0,0,1,0,0,0,0,0,0,-,-,NA,NA,LOS ANGELES,LOS ANGELES,-118.46614837646484,34.16458511352539
9106415,2020,2020-08-19,1942,2020-06-02,1155,41316,1017,2,5,7,1942,0,0,0,J,0,10A17,BALBOA BL,SHERMAN WY,0,NA,Y,A,-,N,NA,NA,NA,NA,NA,NA,NA,NA,NA,Y,4,0,1,2,A,-,09,21801,A,N,A,C,A,A,H,-,A,D,0,NA,NA,NA,NA,Y,NA,A,01,0,0,1,0,0,0,0,0,0,-,-,NA,NA,LOS ANGELES,LOS ANGELES,-118.50112152099608,34.201229095458984
91064151,2019,2019-08-30,9530,2019-08-07,0215,021756,NA,3,3,7,1941,0,1,1,NA,2,072,I-710 N/B (LONG BEACH FREEWAY),PACIFIC COAST HWY.,1584,N,N,A,-,Y,NA,NA,710,NA,NA,NA,NA,NA,N,Y,3,0,1,2,A,-,01,23152,A,N,C,C,A,A,H,-,D,D,0,NA,NA,NA,NA,Y,Y,A,01,0,1,0,0,0,0,0,0,0,-,-,33.79425048828125,-118.20704650878906,LOS ANGELES,LONG BEACH,-118.20703125,33.794246673583984
9106416,2020,2020-08-19,1942,2020-06-02,1435,34561,1792,2,5,7,1942,0,0,0,Q,0,17A81,SHIRLEY AV,PARTHENIA ST,30,S,N,A,-,N,NA,NA,NA,NA,NA,NA,NA,NA,NA,Y,4,0,1,2,A,-,03,22350,NA,N,D,C,A,A,H,-,A,A,0,NA,NA,NA,NA,Y,NA,A,01,0,0,1,0,0,0,0,0,0,-,-,NA,NA,LOS ANGELES,LOS ANGELES,-118.55792236328124,34.2281379699707
91064161,2019,2019-08-30,9565,2019-08-21,1210,016945,NA,3,1,7,1942,0,1,1,NA,2,063,I-405 S/B (SAN DIEGO FWY),SANTA MONICA BLVD,415,S,N,A,-,Y,NA,NA,405,NA,NA,NA,NA,NA,S,N,4,0,2,3,A,-,03,22350,NA,N,C,C,A,A,H,-,A,D,0,NA,NA,NA,NA,Y,NA,A,07,0,0,2,0,0,0,0,0,0,-,-,34.04262924194336,-118.4431610107422,LOS ANGELES,LOS ANGELES,-118.443115234375,34.04267120361328
9106417,2020,2020-08-19,1942,2020-06-02,0820,41316,1513,2,5,7,1942,0,0,0,O,0,15A21,WHITSETT AV,VANOWEN ST,0,NA,Y,A,-,N,NA,NA,NA,NA,NA,NA,NA,NA,NA,Y,4,0,3,2,A,-,12,21453,A,N,D,C,A,A,H,-,A,A,0,NA,NA,NA,NA,Y,NA,A,01,0,0,3,0,0,0,0,0,0,-,-,NA,NA,LOS ANGELES,LOS ANGELES,-118.40528106689452,34.19395065307617
91064175,2019,2019-08-30,9580,2019-08-20,1730,019715,NA,2,2,7,1942,0,1,3,NA,2,115,SR-118 W/B (RONALD REAGAN FWY.),SEPULVEDA BLVD,140,W,N,A,-,Y,NA,NA,118,NA,NA,NA,NA,NA,W,Y,4,0,1,2,A,-,03,22350,NA,N,C,C,A,A,H,-,A,D,0,NA,NA,NA,NA,Y,NA,D,22,0,0,1,0,0,0,0,0,0,-,-,34.266048431396484,-118.46768188476564,LOS ANGELES,LOS ANGELES,-118.46768188476564,34.26606369018555
91064228,2019,2019-08-30,9575,2019-08-27,0920,020492,NA,2,1,7,1942,0,1,1,NA,2,061,I-210 W/B (FOOTHILL FREEWAY),WHEATLAND AVE,155,E,N,A,-,Y,NA,NA,210,NA,NA,NA,NA,NA,W,Y,3,0,2,1,A,-,08,22107,NA,N,E,I,A,A,H,-,A,D,0,NA,NA,NA,NA,Y,NA,A,08,0,2,0,0,0,0,0,0,0,-,-,34.2722282409668,-118.35237884521484,LOS ANGELES,LOS ANGELES,-118.35237884521484,34.27223205566406
91064271,2019,2019-08-30,9535,2019-08-20,0545,022335,NA,2,3,5,1959,0,1,1,NA,2,401,I-10 (SAN BERNARDINO FREEWAY) WESTBOUND,WALNUT GROVE AVE,50,E,N,A,-,Y,NA,NA,10,NA,NA,NA,NA,NA,W,Y,4,0,3,3,A,-,03,22350,NA,N,C,C,A,A,H,-,B,D,0,NA,NA,NA,NA,Y,NA,A,01,0,0,3,0,0,0,0,0,0,-,-,34.07225036621094,-118.08157348632813,LOS ANGELES,ROSEMEAD,-118.08157348632813,34.07230758666992
91064277,2019,2019-08-30,9565,2019-08-20,0811,017574,NA,2,1,5,1928,0,1,1,NA,2,060,I-405 SB,EL SEGUNDO BLVD,200,S,N,A,-,Y,NA,NA,NA,NA,NA,NA,NA,NA,NA,Y,4,0,2,4,A,-,08,22107,NA,F,C,C,A,A,H,-,A,D,0,NA,NA,NA,Y,Y,NA,-,99,0,0,2,0,0,0,0,0,0,-,-,33.915000915527344,-118.38999938964844,LOS ANGELES,HAWTHORNE,-118.37044525146484,33.915775299072266
91064286,2019,2019-08-30,9530,2019-08-19,1140,018745,NA,1,1,7,1941,0,1,1,NA,2,430,I-405 N/B (SAN DIEGO FREEWAY),L.A. / ORANGE CO. LINE,300,N,N,A,-,Y,NA,NA,405,NA,NA,NA,NA,NA,N,N,4,0,1,2,A,-,03,22350,NA,N,C,C,A,A,H,-,A,D,0,NA,NA,NA,NA,Y,NA,A,07,0,0,1,0,0,0,0,0,0,-,-,33.78654098510742,-118.09384918212892,LOS ANGELES,LONG BEACH,-118.09385681152344,33.786529541015625
91064287,2019,2019-08-30,9565,2019-08-21,1426,021372,NA,3,2,9,1900,0,1,1,NA,2,063,I-405 SOUTHBOUND (SAN DIEGO FWY),CONSTITUTION AVENUE,600,S,N,A,-,Y,NA,NA,405,NA,NA,NA,NA,NA,S,Y,3,0,1,4,A,-,03,22350,NA,N,C,C,A,A,H,-,A,D,0,NA,NA,NA,NA,Y,NA,A,07,0,1,0,0,0,0,0,0,0,-,-,34.05833053588867,-118.4542999267578,LOS ANGELES,UNINCORPORATED,-118.454345703125,34.058292388916016
91064293,2019,2019-08-30,9580,2019-08-20,0735,019319,NA,2,1,7,1942,0,1,3,NA,2,114,SR-118 W/B (RONALD REAGAN FWY.),SEPULUEDA WAY,2112,E,N,A,-,Y,NA,NA,118,NA,NA,NA,NA,NA,W,Y,4,0,2,3,A,-,03,22350,NA,N,C,C,A,A,H,-,A,D,0,NA,NA,NA,NA,Y,NA,A,07,0,0,2,0,0,0,0,0,0,-,-,34.26599884033203,-118.45939636230467,LOS ANGELES,LOS ANGELES,-118.45940399169922,34.26603317260742
91064306,2019,2019-08-30,9565,2019-08-20,0750,016945,NA,2,1,7,1942,0,1,1,NA,2,064,I-405 N/B (SAN DIEGO FWY),MULHOLLAND DR,610,S,N,A,-,Y,NA,NA,405,NA,NA,NA,NA,NA,N,N,4,0,1,3,A,-,03,22350,NA,F,C,C,A,A,H,-,A,D,0,NA,NA,NA,NA,Y,NA,-,99,0,0,1,0,0,0,0,0,0,-,-,34.119930267333984,-118.48068237304688,LOS ANGELES,LOS ANGELES,-118.48062896728516,34.11989212036133
91064309,2019,2019-08-30,9535,2019-08-20,0520,022330,NA,2,3,9,1900,0,2,4,NA,2,022,OLYMPIC BLVD. (4700 BLOCK),ARIZONA AVE.,20,E,N,A,-,N,NA,NA,NA,NA,NA,NA,NA,NA,NA,Y,3,0,3,2,A,-,03,22350,NA,N,C,C,A,A,H,-,C,A,0,NA,NA,NA,NA,Y,NA,D,22,0,1,2,0,0,0,0,0,0,-,-,34.01839065551758,-118.16832733154295,LOS ANGELES,UNINCORPORATED,-118.1682586669922,34.01834487915039
91064312,2019,2019-08-30,9535,2019-08-20,2150,022277,NA,2,2,9,1900,0,3,5,NA,2,002,S BONNIE BEACH PL (1000 BLOCK),DENNISON ST,218,N,N,A,-,N,NA,NA,NA,NA,NA,NA,NA,NA,NA,N,3,0,1,3,A,-,08,22107,NA,F,G,B,E,A,H,-,C,D,0,Y,NA,NA,NA,Y,NA,-,99,0,1,0,0,1,0,0,0,0,-,-,34.021148681640625,-118.18129730224608,LOS ANGELES,UNINCORPORATED,-118.18125915527344,34.02131652832031
91064324,2019,2019-09-05,9590,2019-08-11,2155,018402,NA,7,2,7,1942,0,2,S,NA,2,904,EXPOSITION PARK DRIVE,FIGUEROA ST,870,W,N,A,-,N,NA,NA,NA,NA,NA,NA,NA,NA,NA,N,3,0,1,1,C,-,18,NA,NA,N,H,A,A,A,G,-,C,A,0,NA,NA,NA,NA,Y,NA,-,-,0,1,0,0,0,0,0,0,0,-,-,34.014930725097656,-118.2857666015625,LOS ANGELES,LOS ANGELES,-118.28541564941406,34.01418685913086