CASE_ID,ACCIDENT_YEAR,PROC_DATE,JURIS,COLLISION_DATE,COLLISION_TIME,OFFICER_ID,REPORTING_DISTRICT,DAY_OF_WEEK,CHP_SHIFT,POPULATION,CNTY_CITY_LOC,SPECIAL_COND,BEAT_TYPE,CHP_BEAT_TYPE,CITY_DIVISION_LAPD,CHP_BEAT_CLASS,BEAT_NUMBER,PRIMARY_RD,SECONDARY_RD,DISTANCE,DIRECTION,INTERSECTION,WEATHER_1,WEATHER_2,STATE_HWY_IND,CALTRANS_COUNTY,CALTRANS_DISTRICT,STATE_ROUTE,ROUTE_SUFFIX,POSTMILE_PREFIX,POSTMILE,LOCATION_TYPE,RAMP_INTERSECTION,SIDE_OF_HWY,TOW_AWAY,COLLISION_SEVERITY,NUMBER_KILLED,NUMBER_INJURED,PARTY_COUNT,PRIMARY_COLL_FACTOR,PCF_CODE_OF_VIOL,PCF_VIOL_CATEGORY,PCF_VIOLATION,PCF_VIOL_SUBSECTION,HIT_AND_RUN,TYPE_OF_COLLISION,MVIW,PED_ACTION,ROAD_SURFACE,ROAD_COND_1,ROAD_COND_2,LIGHTING,CONTROL_DEVICE,CHP_ROAD_TYPE,PEDESTRIAN_ACCIDENT,BICYCLE_ACCIDENT,MOTORCYCLE_ACCIDENT,TRUCK_ACCIDENT,NOT_PRIVATE_PROPERTY,ALCOHOL_INVOLVED,STWD_VEHTYPE_AT_FAULT,CHP_VEHTYPE_AT_FAULT,COUNT_SEVERE_INJ,COUNT_VISIBLE_INJ,COUNT_COMPLAINT_PAIN,COUNT_PED_KILLED,COUNT_PED_INJURED,COUNT_BICYCLIST_KILLED,COUNT_BICYCLIST_INJURED,COUNT_MC_KILLED,COUNT_MC_INJURED,PRIMARY_RAMP,SECONDARY_RAMP,LATITUDE,LONGITUDE,COUNTY,CITY,POINT_X,POINT_Y
91069286,2019,2019-09-06,9590,2019-08-27,1530,022344,NA,2,2,7,1942,0,1,1,NA,2,065,I-10 W/B (SANTA MONICA FREEWAY),MATEO STREET,230,W,N,A,-,Y,NA,NA,10,NA,NA,NA,NA,NA,W,N,4,0,1,2,A,-,07,21658,A,F,B,C,A,A,H,-,A,D,0,NA,NA,NA,NA,Y,NA,-,99,0,0,1,0,0,0,0,0,0,-,-,34.027278900146484,-118.2329330444336,LOS ANGELES,LOS ANGELES,-118.23296356201172,34.0273551940918
91069337,2019,2019-09-11,9540,2019-08-31,0218,021151,NA,6,3,6,1985,0,1,3,NA,1,144,SR-14 N/B (ANTELOPE VALLEY FWY.),GOLDEN VALLEY ROAD,2640,S,N,A,-,Y,NA,NA,14,NA,NA,NA,NA,NA,N,Y,4,0,1,2,A,-,01,23152,A,M,C,C,A,A,H,-,D,D,0,NA,NA,Y,NA,Y,Y,C,02,0,0,1,0,0,0,0,0,1,-,-,34.38652038574219,-118.4814682006836,LOS ANGELES,SANTA CLARITA,-118.4814682006836,34.38652038574219
91069365,2019,2019-09-06,9550,2019-08-30,0655,022222,NA,5,1,9,1900,0,1,1,NA,2,500,I-605 SOUTHBOUND,DUNLAP CROSSING ROAD,750,S,N,A,-,Y,NA,NA,605,NA,NA,NA,NA,NA,S,Y,4,0,2,3,A,-,03,22350,NA,N,C,C,A,A,H,-,A,D,0,NA,NA,NA,NA,Y,NA,A,01,0,0,2,0,0,0,0,0,0,-,-,33.98265838623047,-118.07404327392578,LOS ANGELES,UNINCORPORATED,-118.07408142089844,33.98270034790039
91069379,2019,2019-09-06,9550,2019-08-27,0635,016109,NA,2,1,9,1900,0,1,3,NA,2,601,STATE ROUTE 60 WESTBOUND,HACIENDA BOULEVARD,750,E,N,A,-,Y,NA,NA,60,NA,NA,NA,NA,NA,W,N,3,0,1,2,A,-,03,22350,NA,N,C,C,A,A,H,-,A,D,0,NA,NA,Y,NA,Y,NA,C,02,0,1,0,0,0,0,0,0,1,-,-,34.00587844848633,-117.96034240722656,LOS ANGELES,UNINCORPORATED,-117.96038055419922,34.00575256347656
91069418,2019,2019-09-06,9580,2019-09-01,1245,017386,NA,7,1,9,1900,0,3,5,NA,1,030,LATIGO CANYON RD,CALICUT RD,1584,N,N,A,-,N,NA,NA,NA,NA,NA,NA,NA,NA,NA,Y,4,0,1,1,A,-,03,22350,NA,N,F,A,A,A,H,-,A,D,0,NA,NA,Y,NA,Y,NA,C,02,0,0,1,0,0,0,0,0,1,-,-,34.04499816894531,-118.7744598388672,LOS ANGELES,UNINCORPORATED,-118.76907348632813,34.03911590576172
91069426,2019,2019-09-06,9580,2019-08-30,0630,019573,NA,5,1,7,1942,0,1,1,NA,2,405,I-405 S/B (SAN DIEGO FWY),VICTORY BLVD,900,N,N,A,-,Y,NA,NA,405,NA,NA,NA,NA,NA,S,Y,4,0,1,3,A,-,03,22350,NA,N,C,C,A,A,H,-,A,D,0,NA,NA,NA,NA,Y,NA,A,01,0,0,1,0,0,0,0,0,0,-,-,34.189701080322266,-118.47460174560548,LOS ANGELES,LOS ANGELES,-118.47434997558594,34.18970489501953
91069442,2019,2019-09-06,9580,2019-08-28,1110,020400,NA,3,1,7,1942,0,1,1,NA,2,405,I-405 S/B (SAN DIEGO FWY),BURBANK BLVD,2640,N,N,A,-,Y,NA,NA,405,NA,NA,NA,NA,NA,S,Y,4,0,2,3,A,-,07,21658,A,N,C,C,A,A,H,-,A,D,0,NA,NA,NA,NA,Y,NA,D,22,0,0,2,0,0,0,0,0,0,-,-,34.18009948730469,-118.47042846679688,LOS ANGELES,LOS ANGELES,-118.4704360961914,34.18009567260742
91069447,2019,2019-09-06,9530,2019-08-28,1735,021493,NA,3,2,7,1941,0,1,1,NA,2,071,I-710 N/B (LONG BEACH FREEWAY),DEL AMO BLVD.,1320,S,N,A,-,Y,NA,NA,710,NA,NA,NA,NA,NA,N,N,4,0,1,3,A,-,03,22350,NA,N,C,C,A,A,H,-,A,D,0,NA,NA,NA,NA,Y,NA,A,01,0,0,1,0,0,0,0,0,0,-,-,33.84284973144531,-118.2063217163086,LOS ANGELES,LONG BEACH,-118.20631408691406,33.84284591674805
91069467,2019,2019-09-06,9590,2019-08-29,1135,017878,NA,4,1,7,1942,0,1,1,NA,2,052,I-110 N/B (HAF),I-10 (SMF),150,N,N,A,-,Y,NA,NA,110,NA,NA,NA,NA,NA,N,Y,3,0,1,4,A,-,03,22350,NA,N,C,C,A,A,H,-,A,D,0,NA,NA,NA,Y,Y,NA,A,01,0,1,0,0,0,0,0,0,0,-,-,34.038150787353516,-118.27384948730467,LOS ANGELES,LOS ANGELES,-118.2739028930664,34.03815841674805
91069474,2019,2019-09-06,9550,2019-08-30,1230,020245,NA,5,1,6,1949,0,1,1,NA,2,501,I-5 N/B,ROSECRANS AVENUE,1000,S,N,A,-,Y,NA,NA,5,NA,NA,NA,NA,NA,N,Y,4,0,1,3,A,-,03,22350,NA,N,C,C,A,A,H,-,A,D,0,NA,NA,NA,NA,Y,NA,A,07,0,0,1,0,0,0,0,0,0,-,-,33.89908981323242,-118.05602264404295,LOS ANGELES,NORWALK,-118.0561294555664,33.89888381958008
91069481,2019,2019-09-06,9590,2019-08-31,0508,022189,NA,6,3,7,1942,0,1,2,NA,2,072,US-101 N/B (HOF),LANKERSHIM BLVD,1000,S,N,A,-,Y,NA,NA,101,NA,NA,NA,NA,NA,N,Y,3,0,1,2,A,-,07,21658,A,F,E,I,A,A,H,-,B,D,0,NA,NA,NA,NA,Y,NA,-,99,0,1,0,0,0,0,0,0,0,-,-,34.13648986816406,-118.36062622070313,LOS ANGELES,LOS ANGELES,-118.36073303222656,34.1363525390625
91069495,2019,2019-09-06,9525,2019-08-24,1350,021355,NA,6,1,6,1955,0,1,1,NA,2,108,I-10 E/B (SAN BERNARDINO FWY),SR-71,30,E,N,A,-,Y,NA,NA,10,NA,NA,NA,NA,NA,E,N,4,0,1,2,A,-,03,22350,NA,N,C,C,A,A,H,-,A,D,0,NA,NA,NA,NA,Y,NA,A,01,0,0,1,0,0,0,0,0,0,-,-,34.06578826904297,-117.8049087524414,LOS ANGELES,POMONA,-117.80492401123048,34.065818786621094
91069501,2019,2019-09-06,9535,2019-07-30,2345,022305,NA,2,3,9,1900,0,1,1,NA,2,651,I-605 S/B,VALLEY BLVD,2640,S,N,A,-,Y,NA,NA,605,NA,NA,NA,NA,NA,S,Y,2,0,2,3,A,-,03,22350,NA,N,C,C,A,A,H,-,D,D,0,NA,NA,NA,Y,Y,NA,G,25,1,1,0,0,0,0,0,0,0,-,-,34.047218322753906,-118.00846862792967,LOS ANGELES,UNINCORPORATED,-118.00841522216795,34.04718780517578
91069591,2019,2019-09-06,9535,2019-08-13,1355,022264,NA,2,1,5,1915,0,1,1,NA,2,074,I-710 (LONG BEACH FREEWAY) N/B,ALONDRA BLVD,1040,S,N,A,-,Y,NA,NA,710,NA,NA,NA,NA,NA,N,Y,3,0,2,4,A,-,03,22350,NA,N,C,C,A,A,H,-,A,D,0,NA,NA,NA,NA,Y,NA,A,08,0,2,0,0,0,0,0,0,0,-,-,33.887001037597656,-118.1893310546875,LOS ANGELES,COMPTON,-118.1894989013672,33.887062072753906
91069609,2019,2019-09-06,9550,2019-08-30,1605,021954,NA,5,2,9,1900,0,1,1,NA,2,650,INTERSTATE 605 NORTHBOUND,SARAGOSA STREET,1000,N,N,A,-,Y,NA,NA,605,NA,NA,NA,NA,NA,N,N,4,0,1,2,A,-,03,22350,NA,N,C,C,A,A,H,-,A,D,0,NA,NA,NA,NA,Y,NA,D,22,0,0,1,0,0,0,0,0,0,-,-,33.98128890991211,-118.07521057128906,LOS ANGELES,UNINCORPORATED,-118.07516479492188,33.98124313354492
91069625,2019,2019-09-06,9550,2019-08-30,1714,021954,NA,5,2,9,1900,0,1,1,NA,2,650,INTERSTATE 605 NORTHBOUND,SLAUSON AVENUE,1000,S,N,A,-,Y,NA,NA,605,NA,NA,NA,NA,NA,N,Y,4,0,1,2,A,-,03,22350,NA,F,C,C,A,A,H,-,A,D,0,NA,NA,NA,NA,Y,NA,-,99,0,0,1,0,0,0,0,0,0,-,-,33.96318817138672,-118.08503723144533,LOS ANGELES,UNINCORPORATED,-118.08489990234376,33.963130950927734
91069656,2019,2019-09-09,9525,2019-08-28,0520,019495,NA,3,3,4,1913,0,1,1,NA,2,109,I-10 W/B (SAN BERNARDINO FWY),MILLS AVE,100,W,N,A,-,Y,NA,NA,10,NA,NA,NA,NA,NA,W,Y,3,0,1,2,A,-,07,21658,A,N,F,A,A,A,H,-,C,D,0,NA,NA,Y,NA,Y,NA,D,22,0,1,0,0,0,0,0,0,1,-,-,34.08190155029297,-117.71050262451172,LOS ANGELES,CLAREMONT,-117.71050262451172,34.08195877075195
9106966,2020,2020-09-22,1942,2020-08-23,1005,44333,1717,7,5,7,1942,0,0,0,Q,0,17A35,SAN FERNANDO MISSION BL,WOODLEY AV,0,NA,Y,A,-,N,NA,NA,NA,NA,NA,NA,NA,NA,NA,Y,4,0,4,2,A,-,12,21453,A,N,A,C,A,A,H,-,A,A,0,NA,NA,NA,NA,Y,NA,-,-,0,0,4,0,0,0,0,0,0,-,-,NA,NA,LOS ANGELES,LOS ANGELES,-118.48470306396484,34.27191925048828
91069661,2019,2019-09-09,9525,2019-08-29,0005,019491,NA,4,3,9,1900,0,3,5,NA,2,005,GLENDORA MOUNTAIN ROAD,GLENDORA RIDGE ROAD JUNCTION,4000,N,N,A,-,N,NA,NA,NA,NA,NA,NA,NA,NA,NA,Y,2,0,1,1,A,-,03,22350,NA,N,E,I,A,A,H,-,D,D,0,NA,NA,NA,NA,Y,NA,A,01,1,0,0,0,0,0,0,0,0,-,-,34.207969665527344,-117.81390380859376,LOS ANGELES,UNINCORPORATED,NA,NA
91069664,2019,2019-09-09,9525,2019-08-29,0525,019291,NA,4,3,1,1934,0,1,1,NA,2,204,I-210 E/B (FOOTHILL FWY),I-605,2640,E,N,A,-,Y,NA,NA,210,NA,NA,NA,NA,NA,E,Y,3,0,1,2,A,-,07,21658,A,F,B,C,A,A,H,-,C,D,0,NA,NA,Y,NA,Y,NA,A,01,0,1,0,0,0,0,0,0,1,-,-,34.13180160522461,-117.94915008544922,LOS ANGELES,IRWINDALE,-117.94918823242188,34.13169479370117
9106967,2020,2020-11-30,1942,2020-08-19,0810,30851,2114,3,5,7,1942,0,0,0,NA,0,21A443,TOPANGA CYN,SATICOY,0,NA,Y,A,-,Y,LA,7,27,-,-,15.041,I,5,S,N,4,0,2,2,A,-,12,21453,A,N,B,C,A,A,H,-,A,A,0,NA,NA,NA,NA,Y,NA,A,01,0,0,2,0,0,0,0,0,0,-,-,NA,NA,LOS ANGELES,LOS ANGELES,-118.60604858398438,34.208282470703125
91069670,2019,2019-09-09,9525,2019-08-29,0730,015445,NA,4,1,6,1955,0,1,1,NA,2,107,I-10 W/B (SAN BERNARDINO FWY),DUDLEY ST.,700,W,N,A,-,Y,NA,NA,10,NA,NA,NA,NA,NA,W,Y,4,0,1,3,A,-,07,21658,A,N,B,C,A,A,H,-,A,D,0,NA,NA,NA,Y,Y,NA,G,25,0,0,1,0,0,0,0,0,0,-,-,34.0730094909668,-117.77921295166016,LOS ANGELES,POMONA,-117.77921295166016,34.07297134399414
91069673,2019,2019-09-09,9525,2019-08-29,0745,019291,NA,4,1,6,1955,0,1,1,NA,2,108,I-10 E/B (SAN BERNARDINO FWY),KELLOGG DR,2640,W,N,A,-,Y,NA,NA,NA,NA,NA,NA,NA,NA,NA,N,4,0,1,5,A,-,04,21703,NA,N,C,C,A,A,D,-,A,D,0,NA,NA,NA,NA,Y,NA,A,01,0,0,1,0,0,0,0,0,0,-,-,34.063629150390625,-117.8224868774414,LOS ANGELES,POMONA,-117.82069396972656,34.0635871887207
91069675,2019,2019-09-09,9525,2019-08-29,1110,014971,NA,4,1,6,1975,0,1,1,NA,2,103,I-10 W/B (SAN BERNARDINO FWY),PACIFIC AVE,1584,E,N,A,-,Y,NA,NA,10,NA,NA,NA,NA,NA,W,N,4,0,2,3,A,-,03,22350,NA,N,C,C,A,A,D,-,A,D,0,NA,NA,NA,NA,Y,NA,A,01,0,0,2,0,0,0,0,0,0,-,-,34.0723991394043,-117.93080902099608,LOS ANGELES,WEST COVINA,-117.93080902099608,34.072479248046875
91069677,2019,2019-09-09,9525,2019-08-29,0840,019495,NA,4,1,6,1955,0,1,1,NA,2,109,I-10 W/B (SAN BERNARDINO FWY),TOWNE AVE,2112,E,N,A,-,Y,NA,NA,10,NA,NA,NA,NA,NA,W,Y,4,0,1,3,A,-,07,21658,A,F,C,C,A,A,H,-,A,D,0,NA,NA,Y,NA,Y,NA,A,07,0,0,1,0,0,0,0,0,1,-,-,34.08110046386719,-117.7345962524414,LOS ANGELES,POMONA,-117.73461151123048,34.08113098144531
91069684,2019,2019-12-05,9525,2019-08-29,0745,021250,NA,4,1,5,1926,0,1,1,NA,2,206,I-210 E/B (FOOTHILL FWY),SUNFLOWER AVE,2000,E,N,A,-,Y,NA,NA,210,NA,NA,NA,NA,NA,E,N,2,0,1,2,A,-,03,22350,NA,N,C,C,A,A,H,-,A,D,0,NA,NA,Y,Y,Y,NA,C,02,1,0,0,0,0,0,0,0,1,-,-,34.118839263916016,-117.84037017822266,LOS ANGELES,GLENDORA,-117.84037017822266,34.11884307861328
9106970,2020,2020-12-15,1941,2020-08-26,1030,6033,NA,3,5,7,1941,0,0,0,NA,0,NA,PACIFIC COAST HWY,STUDEBAKER RD,34,N,N,A,-,Y,LA,7,1,-,-,0.23,H,-,S,Y,4,0,1,2,A,-,04,21703,NA,N,C,C,A,A,H,-,A,A,0,NA,NA,NA,Y,Y,NA,F,NA,0,0,1,0,0,0,0,0,0,-,-,NA,NA,LOS ANGELES,LONG BEACH,-118.10755157470705,33.7540397644043
9106971,2020,2020-11-30,1942,2020-08-31,1730,40141,941,1,5,7,1942,0,0,0,NA,0,9A41,BURBANK BL,SEPULVEDA BL,500,W,N,A,-,Y,LA,7,405,-,-,40.171,R,4,N,N,4,0,1,2,A,-,12,21453,A,N,D,C,A,A,H,-,A,A,0,NA,NA,NA,NA,Y,NA,-,-,0,0,1,0,0,0,0,0,0,-,-,NA,NA,LOS ANGELES,LOS ANGELES,-118.46758270263672,34.170440673828125
9106974,2020,2020-11-30,1942,2020-08-30,1255,38191,1721,7,5,7,1942,0,0,0,Q,0,17A23,TOPANGA CANYON BL,SIOUX DR,113,N,N,A,-,Y,LA,7,27,-,-,20.034,I,5,S,Y,2,0,5,2,A,-,12,21453,A,N,D,C,A,A,H,-,A,A,0,NA,NA,NA,NA,Y,Y,A,01,2,1,2,0,0,0,0,0,0,-,-,NA,NA,LOS ANGELES,LOS ANGELES,-118.60491180419922,34.2773551940918
9106975,2020,2020-11-30,1941,2020-08-24,2030,5970,NA,1,5,7,1941,0,0,0,NA,0,NA,PACIFIC COAST HWY,HAYES AV,80,W,N,A,-,Y,LA,7,1,-,-,7.98,H,-,N,Y,2,0,1,2,A,-,11,21955,NA,N,H,B,E,A,H,-,C,D,0,Y,NA,NA,NA,Y,Y,N,NA,1,0,0,0,1,0,0,0,0,-,-,NA,NA,LOS ANGELES,LONG BEACH,-118.21902465820313,33.789913177490234
9106976,2020,2020-09-16,1942,2020-03-12,2045,42251,2136,4,5,7,1942,0,0,0,NA,0,21A57,SHERMAN WY,ETON AV,190,E,N,C,-,N,NA,NA,NA,NA,NA,NA,NA,NA,NA,Y,2,0,1,2,A,-,11,21954,A,N,G,B,D,A,H,-,C,A,0,Y,NA,NA,NA,Y,Y,N,60,1,0,0,0,1,0,0,0,0,-,-,NA,NA,LOS ANGELES,LOS ANGELES,-118.59485626220705,34.20108413696289
9106978,2020,2020-11-30,1942,2020-08-24,1200,40141,2125,1,5,7,1942,0,0,0,NA,0,21A1,TOPANGA CANYON BL,ELKWOOD ST,30,S,N,A,-,Y,LA,7,27,-,-,15.35,H,-,N,Y,3,0,3,2,A,-,09,21804,A,N,D,C,A,A,H,-,A,D,0,NA,NA,NA,NA,Y,NA,A,07,0,2,1,0,0,0,0,0,0,-,-,NA,NA,LOS ANGELES,LOS ANGELES,-118.60589599609376,34.2127799987793
91069785,2019,2019-09-09,9550,2019-09-06,1310,022023,NA,5,1,5,1919,0,1,1,NA,2,652,I-605 (N/B),SOUTH STREET,1000,S,N,A,-,Y,NA,NA,NA,NA,NA,NA,NA,NA,NA,Y,3,0,1,2,A,-,01,23152,A,F,C,C,A,A,H,-,A,D,0,NA,NA,NA,NA,Y,Y,A,07,0,1,0,0,0,0,0,0,0,-,-,34.019771575927734,-118.04924774169922,LOS ANGELES,CERRITOS,-118.09628295898438,33.85831832885742
91069786,2019,2019-09-09,9550,2019-09-06,1315,022023,NA,5,1,5,1919,0,1,1,NA,2,652,I-605 (N/B) TO SOUTH ST.,SOUTH STREET,50,S,N,A,-,Y,NA,NA,605,NA,NA,NA,R,NA,NA,Y,3,0,1,2,A,-,01,23152,A,N,C,C,A,A,H,-,A,D,0,NA,NA,NA,NA,Y,Y,A,07,0,1,0,0,0,0,0,0,0,-,-,33.85791015625,-118.09465789794922,LOS ANGELES,CERRITOS,-118.09465789794922,33.85791015625
9106979,2020,2020-09-22,1941,2020-08-20,1942,10002,NA,4,5,7,1941,0,0,0,NA,0,NA,BROADWAY,OLIVE AV,9,E,N,A,-,N,NA,NA,NA,NA,NA,NA,NA,NA,NA,NA,3,0,1,2,A,-,12,22450,A,N,B,G,A,A,H,-,B,A,0,NA,Y,NA,NA,Y,NA,L,NA,0,1,0,0,0,0,1,0,0,-,-,NA,NA,LOS ANGELES,LONG BEACH,-118.18238830566406,33.76929473876953
91069806,2019,2019-09-09,9590,2019-09-01,1200,022160,NA,7,1,7,1942,0,1,1,NA,2,085,I-5 S/B (GSF),GILROY ST.,200,S,N,A,-,Y,NA,NA,5,NA,NA,NA,NA,NA,S,Y,4,0,1,5,A,-,03,22350,NA,N,C,C,A,A,H,-,A,D,0,NA,NA,NA,NA,Y,NA,D,22,0,0,1,0,0,0,0,0,0,-,-,34.10430908203125,-118.25254821777344,LOS ANGELES,LOS ANGELES,-118.25254821777344,34.104312896728516
91069812,2019,2019-09-09,9590,2019-08-26,2334,021996,NA,1,3,7,1942,0,1,2,NA,2,070,US-101 (HOLLYWOOD FWY) AT VIGENES ST.,VIGNES ST.,255,N,N,A,-,Y,NA,NA,101,NA,NA,NA,R,NA,NA,Y,4,0,1,1,A,-,08,22107,NA,N,E,I,A,A,H,-,D,D,0,NA,NA,NA,NA,Y,NA,A,01,0,0,1,0,0,0,0,0,0,-,-,34.0538215637207,-118.23338317871094,LOS ANGELES,LOS ANGELES,-118.23338317871094,34.0538215637207
9106982,2020,2020-11-30,1942,2020-08-18,1942,35410,2103,2,5,7,1942,0,0,0,NA,0,21A73,TOPANGA CANYON BL,GRESHAM ST,30,S,N,A,-,Y,LA,7,27,-,-,16.69,H,-,S,Y,3,0,1,4,A,-,03,22350,NA,N,C,E,A,A,H,-,C,D,0,NA,NA,NA,NA,Y,NA,A,01,0,1,0,0,0,0,0,0,0,-,-,NA,NA,LOS ANGELES,LOS ANGELES,-118.60292053222656,34.23124694824219
91069821,2019,2019-09-09,9590,2019-08-25,2054,022198,NA,7,2,7,1942,0,1,1,NA,2,041,SR-60 W/B (POMONA AVE),LORENA STREET,350,E,N,A,-,Y,NA,NA,60,NA,NA,NA,NA,NA,W,Y,3,0,1,3,A,-,03,22350,NA,N,C,C,A,A,H,-,C,D,0,NA,NA,NA,NA,Y,NA,A,01,0,1,0,0,0,0,0,0,0,-,-,34.029781341552734,-118.19867706298828,LOS ANGELES,LOS ANGELES,-118.1986846923828,34.0297966003418
91069848,2019,2019-09-09,9525,2019-08-26,1540,021224,NA,1,2,5,1990,0,1,3,NA,2,603,SR-60 W/B (POMONA FWY),GOLDEN SPRINGS DRIVE,3168,E,N,A,-,Y,NA,NA,60,NA,NA,NA,NA,NA,W,Y,3,0,1,1,A,-,08,22107,NA,N,E,I,A,A,H,-,A,D,0,NA,NA,NA,NA,Y,NA,D,22,0,1,0,0,0,0,0,0,0,-,-,34.02553176879883,-117.78556060791016,LOS ANGELES,DIAMOND BAR,-117.78556060791016,34.02537155151367
91069879,2019,2019-09-09,9525,2019-08-29,1803,021138,NA,4,2,9,1900,0,1,1,NA,2,106,I-10 E/B (SAN BERNARDINO FWY),HOLT AVE,2112,E,N,A,-,Y,NA,NA,10,NA,NA,NA,NA,NA,E,Y,3,0,1,1,A,-,08,22107,NA,N,E,I,A,A,D,E,A,D,0,NA,NA,NA,NA,Y,NA,D,22,0,1,0,0,0,0,0,0,0,-,-,34.06781005859375,-117.85742950439452,LOS ANGELES,UNINCORPORATED,-117.85743713378906,34.067955017089844
91069882,2019,2019-09-09,9575,2019-08-29,0725,019990,NA,4,1,6,1953,0,1,3,NA,2,300,SR-2 (ANGELES CREST HIGHWAY),GEORGES GAP,200,E,N,A,-,Y,NA,NA,NA,NA,NA,NA,NA,NA,NA,N,2,0,1,2,A,-,03,22350,NA,N,C,G,A,A,H,-,A,D,0,NA,Y,NA,NA,Y,NA,A,01,1,0,0,0,0,0,1,0,0,-,-,34.26955032348633,-118.16664123535156,LOS ANGELES,PASADENA,NA,NA
91069889,2019,2019-09-09,9530,2019-08-24,2113,021995,NA,6,2,7,1942,0,1,1,NA,2,110,I-110 N/B TO SR-91 W/B,SR-91 E/B (ARTESIA FREEWAY),130,N,N,B,-,Y,NA,NA,110,NA,NA,NA,R,NA,N,N,2,0,1,2,A,-,11,21954,A,N,G,B,E,A,H,-,D,D,0,Y,NA,NA,NA,Y,Y,N,60,1,0,0,0,1,0,0,0,0,-,-,33.87139892578125,-118.28389739990234,LOS ANGELES,LOS ANGELES,-118.28389739990234,33.87139892578125
9106990,2020,2020-11-30,1941,2020-08-20,0130,10324,NA,4,5,7,1941,0,0,0,NA,0,NA,PACIFIC COAST HWY,LOCUST AV,0,NA,Y,A,-,Y,LA,7,1,-,-,6.371,I,5,N,N,3,0,1,2,A,-,03,22350,NA,F,H,G,A,A,H,-,C,D,0,NA,Y,NA,NA,Y,NA,A,NA,0,1,0,0,0,0,1,0,0,-,-,NA,NA,LOS ANGELES,LONG BEACH,-118.1912078857422,33.789920806884766
91069902,2019,2019-09-09,9525,2019-08-25,1800,021355,NA,7,2,6,1955,0,1,1,NA,2,108,I-10 E/B FROM DUDLEY ST.,DUDLEY ST.,130,W,N,A,-,Y,NA,NA,10,NA,NA,NA,R,NA,E,Y,3,0,1,1,A,-,01,23152,A,N,E,I,A,A,H,-,A,D,0,NA,NA,NA,NA,Y,Y,A,01,0,1,0,0,0,0,0,0,0,-,-,34.07265090942383,-117.779052734375,LOS ANGELES,POMONA,-117.779052734375,34.07265090942383
91069921,2019,2019-09-09,9525,2019-08-28,0417,019970,NA,3,3,6,1955,0,1,1,NA,2,110,I-10 E/B (SAN BERNARDINO FWY),TOWNE AVE,2640,E,N,B,-,Y,NA,NA,10,NA,NA,NA,NA,NA,E,Y,3,0,3,3,A,-,03,22350,NA,N,C,C,A,A,H,-,D,D,0,NA,NA,NA,NA,Y,NA,A,01,0,3,0,0,0,0,0,0,0,-,-,34.081260681152344,-117.73345184326172,LOS ANGELES,POMONA,-117.73345184326172,34.081260681152344
91069963,2019,2020-02-28,9530,2019-08-28,1105,019357,NA,3,1,9,1900,0,3,5,NA,2,006,VERMONT AVE. (19000 BLOCK),190TH ST.,175,S,N,A,-,N,NA,NA,NA,NA,NA,NA,NA,NA,NA,Y,3,0,1,2,A,-,09,21804,A,N,D,C,A,A,H,-,A,D,0,NA,NA,Y,NA,Y,NA,A,01,0,1,0,0,0,0,0,0,1,-,-,33.512969970703125,-118.17259979248048,LOS ANGELES,UNINCORPORATED,-118.29054260253906,33.85834884643555
9106998,2020,2020-11-30,1976,2020-08-16,1524,410,NA,7,5,5,1976,0,0,0,NA,0,004,WHITTIER BL,COLIMA RD,0,NA,Y,A,-,Y,LA,7,72,-,-,1.853,I,5,S,N,3,0,1,1,A,-,03,22350,NA,N,F,A,A,A,H,-,A,A,0,NA,NA,Y,NA,Y,NA,C,02,0,1,0,0,0,0,0,0,1,-,-,NA,NA,LOS ANGELES,WHITTIER,-118.00656127929688,33.9487419128418
91069989,2019,2019-09-09,9525,2019-08-25,0830,021684,NA,7,1,6,1955,0,1,3,NA,2,605,SR-60 W/B (POMONA FWY),PHILLIPS RANCH RD,600,E,N,A,-,Y,NA,NA,60,NA,NA,NA,NA,NA,W,Y,4,0,1,2,A,-,07,21658,A,N,D,C,A,A,H,-,A,D,0,NA,NA,NA,NA,Y,NA,A,07,0,0,1,0,0,0,0,0,0,-,-,34.023719787597656,-117.76828002929688,LOS ANGELES,POMONA,-117.76828002929688,34.023719787597656
9107002,2020,2020-11-30,1967,2020-08-30,0120,143,NA,7,5,2,1967,0,0,0,NA,0,SOUTH,RT 10,CORONADO AV,16,W,N,A,-,Y,LA,7,1,-,-,4.181,I,5,N,Y,2,0,1,1,A,-,08,22107,NA,N,E,I,A,A,H,-,C,D,0,NA,NA,NA,NA,Y,NA,A,01,1,0,0,0,0,0,0,0,0,-,-,NA,NA,LOS ANGELES,SIGNAL HILL,-118.15321350097656,33.789913177490234
91070020,2019,2019-09-09,9550,2019-08-30,2035,020948,NA,5,2,9,1900,0,3,5,NA,2,003,JURADO AVENUE,ROJAS STREET,45,S,N,A,-,N,NA,NA,NA,NA,NA,NA,NA,NA,NA,Y,3,0,2,2,A,-,08,22107,NA,N,A,E,A,A,H,-,C,D,0,NA,NA,NA,NA,Y,NA,A,01,0,2,0,0,0,0,0,0,0,-,-,33.990631103515625,-117.98261260986328,LOS ANGELES,UNINCORPORATED,-117.98251342773438,33.99065399169922