CASE_ID,ACCIDENT_YEAR,PROC_DATE,JURIS,COLLISION_DATE,COLLISION_TIME,OFFICER_ID,REPORTING_DISTRICT,DAY_OF_WEEK,CHP_SHIFT,POPULATION,CNTY_CITY_LOC,SPECIAL_COND,BEAT_TYPE,CHP_BEAT_TYPE,CITY_DIVISION_LAPD,CHP_BEAT_CLASS,BEAT_NUMBER,PRIMARY_RD,SECONDARY_RD,DISTANCE,DIRECTION,INTERSECTION,WEATHER_1,WEATHER_2,STATE_HWY_IND,CALTRANS_COUNTY,CALTRANS_DISTRICT,STATE_ROUTE,ROUTE_SUFFIX,POSTMILE_PREFIX,POSTMILE,LOCATION_TYPE,RAMP_INTERSECTION,SIDE_OF_HWY,TOW_AWAY,COLLISION_SEVERITY,NUMBER_KILLED,NUMBER_INJURED,PARTY_COUNT,PRIMARY_COLL_FACTOR,PCF_CODE_OF_VIOL,PCF_VIOL_CATEGORY,PCF_VIOLATION,PCF_VIOL_SUBSECTION,HIT_AND_RUN,TYPE_OF_COLLISION,MVIW,PED_ACTION,ROAD_SURFACE,ROAD_COND_1,ROAD_COND_2,LIGHTING,CONTROL_DEVICE,CHP_ROAD_TYPE,PEDESTRIAN_ACCIDENT,BICYCLE_ACCIDENT,MOTORCYCLE_ACCIDENT,TRUCK_ACCIDENT,NOT_PRIVATE_PROPERTY,ALCOHOL_INVOLVED,STWD_VEHTYPE_AT_FAULT,CHP_VEHTYPE_AT_FAULT,COUNT_SEVERE_INJ,COUNT_VISIBLE_INJ,COUNT_COMPLAINT_PAIN,COUNT_PED_KILLED,COUNT_PED_INJURED,COUNT_BICYCLIST_KILLED,COUNT_BICYCLIST_INJURED,COUNT_MC_KILLED,COUNT_MC_INJURED,PRIMARY_RAMP,SECONDARY_RAMP,LATITUDE,LONGITUDE,COUNTY,CITY,POINT_X,POINT_Y
91074325,2019,2019-09-13,9590,2019-09-02,1140,018997,NA,1,1,4,1970,0,1,1,NA,2,015,SR-110 S/B (ARROYO SECO PARKWAY),FREMONT AVE.,275,N,N,A,-,Y,NA,NA,110,NA,NA,NA,NA,NA,S,Y,4,0,2,3,A,-,08,22107,NA,N,B,C,A,A,H,-,A,D,0,NA,NA,NA,NA,Y,NA,A,07,0,0,2,0,0,0,0,0,0,-,-,34.11920166015625,-118.1523895263672,LOS ANGELES,SOUTH PASADENA,-118.1523895263672,34.11916732788086
91074332,2019,2019-09-13,9565,2019-09-03,1800,021678,NA,2,2,9,1900,0,2,4,NA,2,024,IMPERIAL HWY,NEW HAMPSHIRE AVE,125,W,N,A,-,N,NA,NA,NA,NA,NA,NA,NA,NA,NA,Y,3,0,4,2,A,-,09,21801,A,F,D,C,A,A,H,-,A,D,0,NA,NA,NA,NA,Y,NA,A,01,0,3,1,0,0,0,0,0,0,-,-,33.93096160888672,-118.29364776611328,LOS ANGELES,UNINCORPORATED,-118.29360961914064,33.93097686767578
91074344,2019,2019-09-13,9535,2019-09-03,0730,021131,NA,2,1,9,1900,0,2,4,NA,2,014,CESAR E. CHAVEZ AVE.,MARIANNA AVE.,0,NA,Y,A,-,N,NA,NA,NA,NA,NA,NA,NA,NA,NA,N,4,0,1,1,A,-,03,22350,NA,N,E,I,A,A,H,-,A,A,0,NA,Y,NA,NA,Y,NA,L,04,0,0,1,0,0,0,1,0,0,-,-,34.04056167602539,-118.1757583618164,LOS ANGELES,UNINCORPORATED,-118.1757583618164,34.04056167602539
91074354,2019,2019-09-13,9580,2019-09-06,2300,021167,NA,5,3,9,1900,0,3,5,NA,1,010,PACIFIC COAST HWY,TOPANGA CANYON BLVD,1000,S,N,A,-,N,NA,NA,NA,NA,NA,NA,NA,NA,NA,Y,4,0,2,3,A,-,08,22107,NA,N,D,C,A,A,H,-,C,D,0,NA,NA,NA,NA,Y,NA,A,01,0,0,2,0,0,0,0,0,0,-,-,34.040279388427734,-118.5753173828125,LOS ANGELES,UNINCORPORATED,-118.57927703857422,34.04011917114258
91074360,2019,2019-09-13,9535,2019-08-16,1240,022223,NA,5,1,9,1900,0,3,5,NA,2,002,DOWNEY RD. (800 BLOCK) S/B,WHITTIER BLVD,30,N,N,A,-,N,NA,NA,NA,NA,NA,NA,NA,NA,NA,Y,4,0,2,2,A,-,03,22350,NA,N,C,C,A,A,H,-,A,D,0,NA,NA,NA,NA,Y,NA,A,01,0,0,2,0,0,0,0,0,0,-,-,34.02399826049805,-118.18009185791016,LOS ANGELES,UNINCORPORATED,-118.18006896972656,34.02402114868164
91074364,2019,2019-09-13,9550,2019-09-11,0800,017637,NA,3,1,5,1919,0,1,3,NA,2,091,SR-91 E/B (ARTESIA FREEWAY),STUDEBAKER ROAD,250,E,N,A,-,Y,NA,NA,91,NA,NA,NA,NA,NA,E,Y,3,0,1,3,A,-,03,22350,NA,N,C,C,A,A,H,-,A,D,0,NA,NA,Y,NA,Y,NA,C,02,0,1,0,0,0,0,0,0,1,-,-,33.87622833251953,-118.09676361083984,LOS ANGELES,CERRITOS,-118.09676361083984,33.87639617919922
91074388,2019,2019-09-13,9575,2019-09-03,0730,017491,NA,2,1,7,1942,1,4,S,NA,2,901,TELFAIR AVE. (8900 BLOCK),LANKERSHIM BLVD.,199,W,N,A,-,N,NA,NA,NA,NA,NA,NA,NA,NA,NA,N,4,0,1,1,C,-,18,NA,NA,N,H,A,A,A,H,-,A,D,0,NA,NA,NA,NA,Y,NA,-,-,0,0,1,0,0,0,0,0,0,-,-,34.22842025756836,-118.38835906982422,LOS ANGELES,LOS ANGELES,-118.38818359375,34.22827911376953
91074390,2019,2019-09-13,9580,2019-09-06,0645,018101,NA,5,1,7,1942,0,1,3,NA,2,116,SR-118 W/B (RONALD REAGAN FWY.),HAYVENHURST AVE,1500,E,N,A,-,Y,NA,NA,118,NA,NA,NA,NA,NA,W,N,4,0,1,2,A,-,03,22350,NA,N,C,C,A,A,H,-,A,D,0,NA,NA,NA,NA,Y,NA,D,22,0,0,1,0,0,0,0,0,0,-,-,34.270931243896484,-118.48856353759766,LOS ANGELES,LOS ANGELES,-118.48851776123048,34.27098083496094
91074414,2019,2019-09-13,9580,2019-09-06,0630,016413,NA,5,1,7,1942,0,1,1,NA,2,404,I-405 N/B (SAN DIEGO FWY),SHERMAN WAY,1056,S,N,A,-,Y,NA,NA,405,NA,NA,NA,NA,NA,N,Y,4,0,2,3,A,-,07,21658,A,N,B,C,A,A,H,-,A,D,0,NA,NA,NA,NA,Y,NA,A,01,0,0,2,0,0,0,0,0,0,-,-,34.1993293762207,-118.4736328125,LOS ANGELES,LOS ANGELES,-118.47373199462892,34.1993522644043
91074420,2019,2019-09-13,9530,2019-07-22,0720,020816,NA,1,1,6,1972,0,1,1,NA,2,400,I-405 N/B (SAN DIEGO FREEWAY),CRENSHAW BLVD.,500,N,N,B,-,Y,NA,NA,405,NA,NA,NA,NA,NA,N,Y,2,0,1,2,A,-,07,21658,A,N,C,C,A,A,H,-,A,D,0,NA,NA,Y,NA,Y,NA,A,01,1,0,0,0,0,0,0,0,1,-,-,33.86545944213867,-118.32904052734376,LOS ANGELES,TORRANCE,-118.32904052734376,33.86547088623047
91074424,2019,2019-09-13,9565,2019-08-21,1325,021303,NA,3,1,6,1933,0,1,1,NA,2,060,I-405 N/B (SAN DIEGO FWY),ARBOR VITAE ST,1300,S,N,A,-,Y,NA,NA,405,NA,NA,NA,NA,NA,N,Y,4,0,1,1,C,-,18,NA,NA,N,E,I,A,A,H,-,A,D,0,NA,NA,NA,Y,Y,NA,-,-,0,0,1,0,0,0,0,0,0,-,-,33.94915008544922,-118.36829376220705,LOS ANGELES,INGLEWOOD,-118.36842346191406,33.94913101196289
91074425,2019,2019-09-13,9535,2019-09-03,1610,022105,NA,2,2,5,1901,0,1,1,NA,2,420,I-10 (SAN BERNARDINO FREEWAY) E/B,NEW AVE,2112,W,N,A,-,Y,NA,NA,10,NA,NA,NA,NA,NA,E,N,4,0,1,2,A,-,03,22350,NA,N,C,C,A,A,H,-,A,D,0,NA,NA,NA,NA,Y,NA,A,07,0,0,1,0,0,0,0,0,0,-,-,34.07183837890625,-118.11679077148438,LOS ANGELES,ALHAMBRA,-118.11678314208984,34.071537017822266
91074431,2019,2019-09-13,9580,2019-09-07,0715,017386,NA,6,1,9,1900,0,1,3,NA,1,270,SR-27,WOODLAND CREST DR,1584,N,N,A,-,Y,NA,NA,27,NA,NA,NA,NA,NA,NA,Y,4,0,1,2,A,-,03,22350,NA,N,A,C,A,A,H,-,A,D,0,NA,NA,NA,NA,Y,NA,A,01,0,0,1,0,0,0,0,0,0,-,-,34.14411163330078,-118.60678863525392,LOS ANGELES,UNINCORPORATED,-118.60678863525392,34.144107818603516
91074441,2019,2019-09-13,9535,2019-09-03,1620,022343,NA,2,2,5,1948,0,1,3,NA,2,620,SR-60 (POMONA FREEWAY) E/B,ATLANTIC AVE,650,W,N,A,-,Y,NA,NA,60,NA,NA,NA,NA,NA,E,N,4,0,1,2,A,-,03,22350,NA,N,C,C,A,A,H,-,A,D,0,NA,NA,NA,NA,Y,NA,A,08,0,0,1,0,0,0,0,0,0,-,-,34.03596115112305,-118.15219879150392,LOS ANGELES,MONTEREY PARK,-118.15220642089844,34.035926818847656
91074443,2019,2019-09-13,9530,2019-08-11,0045,021325,NA,7,3,5,1915,0,1,3,NA,2,310,SR-91 W/B (ARTESIA FREEWAY),ALAMEDA ST.,1584,W,N,A,-,Y,NA,NA,NA,NA,NA,NA,NA,NA,NA,Y,2,0,5,2,A,-,03,22350,NA,N,C,C,A,A,H,-,C,D,0,NA,NA,NA,NA,Y,NA,A,01,2,2,1,0,0,0,0,0,0,-,-,33.52262878417969,-118.13179779052734,LOS ANGELES,COMPTON,-118.22203826904295,33.873985290527344
91074468,2019,2019-09-13,9525,2019-09-12,1056,019291,NA,4,1,1,1934,0,1,1,NA,2,203,I-210 W/B (FOOTHILL FWY),I-605,50,W,N,A,-,Y,NA,NA,210,NA,NA,NA,NA,NA,W,Y,4,0,1,4,A,-,04,21703,NA,N,C,C,A,A,H,-,A,D,0,NA,NA,NA,NA,Y,NA,A,07,0,0,1,0,0,0,0,0,0,-,-,34.13433837890625,-117.95729064941406,LOS ANGELES,IRWINDALE,-117.95728302001952,34.134368896484375
91074485,2019,2019-09-13,9580,2019-09-06,1642,021291,NA,5,2,7,1942,0,1,3,NA,2,116,SR-118 E/B (RONALD REAGAN FREEWAY),WOODLEY AVE,100,W,N,A,-,Y,NA,NA,118,NA,NA,NA,NA,NA,E,Y,3,0,1,1,A,-,08,22107,NA,N,E,I,A,A,H,-,A,D,0,NA,NA,NA,NA,Y,NA,D,22,0,1,0,0,0,0,0,0,0,-,-,34.26805114746094,-118.48536682128906,LOS ANGELES,LOS ANGELES,-118.48535919189452,34.26806640625
91074488,2019,2019-09-13,9530,2019-09-04,0742,020080,NA,3,1,7,1941,0,1,3,NA,2,320,SR-91 E/B (ARTESIA FREEWAY),LONG BEACH BLVD.,98,W,N,A,-,Y,NA,NA,91,NA,NA,NA,NA,NA,E,Y,4,0,3,3,A,-,07,21658,A,N,E,I,A,A,H,-,A,D,0,NA,NA,NA,NA,Y,NA,A,07,0,0,3,0,0,0,0,0,0,-,-,33.87310028076172,-118.20574188232422,LOS ANGELES,LONG BEACH,-118.20575714111328,33.87303924560547
91074489,2019,2019-09-13,9580,2019-09-06,0330,017371,NA,5,3,7,1942,0,1,2,NA,2,104,US-101 N/B (VENTURA FREEWAY),RESEDA BLVD,1584,N,N,A,-,Y,NA,NA,101,NA,NA,NA,NA,NA,N,Y,4,0,1,1,A,-,08,22107,NA,N,E,I,A,A,H,-,D,D,0,NA,NA,NA,NA,Y,NA,A,01,0,0,1,0,0,0,0,0,0,-,-,34.173458099365234,-118.5420379638672,LOS ANGELES,LOS ANGELES,-118.5420379638672,34.17346954345703
91074491,2019,2019-09-13,9580,2019-09-06,1930,021780,NA,5,2,7,1942,0,1,2,NA,2,100,US-101 N/B (VENTURA FREEWAY),COLDWATER CANYON AVE,1478,S,N,A,-,Y,NA,NA,NA,NA,NA,NA,NA,NA,NA,Y,4,0,1,2,A,-,03,22350,NA,N,B,C,A,A,H,-,C,D,0,NA,NA,NA,NA,Y,NA,A,01,0,0,1,0,0,0,0,0,0,-,-,34.92430114746094,-118.24310302734376,LOS ANGELES,LOS ANGELES,-118.41378784179688,34.156829833984375
91074498,2019,2019-09-13,9530,2019-09-04,1730,020315,NA,3,2,5,1977,0,1,1,NA,2,410,I-405 S/B (SAN DIEGO FREEWAY),AVALON BOULEVARD,300,S,N,A,-,Y,NA,NA,405,NA,NA,NA,NA,NA,S,N,4,0,1,2,A,-,03,22350,NA,N,C,C,A,A,H,-,A,D,0,NA,NA,NA,NA,Y,NA,A,01,0,0,1,0,0,0,0,0,0,-,-,33.83549880981445,-118.26014709472656,LOS ANGELES,CARSON,-118.25997161865234,33.83567428588867
91074503,2019,2019-09-13,9580,2019-09-09,2040,021780,NA,1,2,7,1942,0,1,2,NA,2,100,US-101 N/B (VENTURA FREEWAY),COLFAX AVE,302,S,N,A,-,Y,NA,NA,NA,NA,NA,NA,NA,NA,NA,Y,4,0,3,3,A,-,03,22350,NA,N,C,C,A,A,H,-,C,D,0,NA,NA,NA,NA,Y,NA,A,01,0,0,3,0,0,0,0,0,0,-,-,34.916500091552734,-118.23119354248048,LOS ANGELES,LOS ANGELES,-118.3877410888672,34.154541015625
91074504,2019,2019-09-13,9580,2019-09-09,1600,021780,NA,1,2,7,1942,0,1,2,NA,2,100,US-101 N/B (HOLLYWOOD FREEWAY),MOORPARK ST,661,S,N,A,-,Y,NA,NA,NA,NA,NA,NA,NA,NA,NA,N,4,0,1,4,A,-,03,22350,NA,M,C,C,A,A,H,-,A,D,0,NA,NA,NA,NA,Y,NA,-,35,0,0,1,0,0,0,0,0,0,-,-,34.85559844970703,-118.22219848632813,LOS ANGELES,LOS ANGELES,-118.37281036376952,34.148841857910156
91074519,2019,2019-09-13,9565,2019-07-27,2015,022153,NA,6,2,9,1900,0,2,4,NA,2,022,NORMANDIE AVENUE,120TH STREET,0,NA,Y,A,-,N,NA,NA,NA,NA,NA,NA,NA,NA,NA,N,4,0,1,2,A,-,12,21453,A,F,D,C,A,A,H,-,C,A,0,NA,NA,NA,NA,Y,NA,-,99,0,0,1,0,0,0,0,0,0,-,-,33.92401123046875,-118.3003387451172,LOS ANGELES,UNINCORPORATED,-118.30036163330078,33.9239616394043
91074520,2019,2019-09-13,9535,2019-09-03,1500,022330,NA,2,2,9,1900,0,1,1,NA,2,651,I-605 (SAN GABRIEL RIVER FREEWAY) S/B,SR-60,950,N,N,A,-,Y,NA,NA,NA,NA,NA,NA,NA,NA,NA,Y,4,0,1,4,A,-,03,22350,NA,N,C,C,A,A,H,-,A,D,0,NA,NA,NA,NA,Y,NA,A,07,0,0,1,0,0,0,0,0,0,-,-,34.036720275878906,-118.03672027587892,LOS ANGELES,UNINCORPORATED,-118.02509307861328,34.03574752807617
91074527,2019,2019-09-13,9525,2019-09-11,0630,019291,NA,3,1,9,1900,0,3,5,NA,2,003,VALINDA AVE,SUMMER PL,0,NA,Y,A,-,N,NA,NA,NA,NA,NA,NA,NA,NA,NA,N,4,0,1,2,A,-,12,21453,A,F,D,C,A,A,H,-,A,D,0,NA,Y,NA,NA,Y,NA,A,01,0,0,1,0,0,0,1,0,0,-,-,34.04037857055664,-117.92645263671876,LOS ANGELES,UNINCORPORATED,-117.92658233642578,34.04029083251953
91074543,2019,2019-09-13,9580,2019-09-11,1842,019715,NA,3,2,7,1942,0,1,2,NA,2,100,US-101 N/B (VENTURA FREEWAY),WOODMAN AVE,2640,S,N,A,-,Y,NA,NA,NA,NA,NA,NA,NA,NA,NA,N,4,0,2,2,A,-,03,22350,NA,M,C,C,A,A,H,-,B,D,0,NA,NA,NA,NA,Y,NA,-,99,0,0,2,0,0,0,0,0,0,-,-,34.09239959716797,-118.25209808349608,LOS ANGELES,LOS ANGELES,-118.43121337890624,34.15570831298828
91074550,2019,2019-09-13,9580,2019-09-11,2228,020353,NA,3,3,7,1942,0,1,3,NA,2,116,SR-118 E/B FROM TAMPA AVE,TAMPA AVE,450,E,N,A,-,Y,NA,NA,118,NA,NA,NA,R,NA,E,Y,4,0,1,2,A,-,03,22350,NA,N,C,C,A,A,H,-,D,D,0,NA,NA,NA,NA,Y,NA,A,01,0,0,1,0,0,0,0,0,0,-,-,34.27201843261719,-118.55428314208984,LOS ANGELES,LOS ANGELES,-118.55428314208984,34.27201843261719
91074556,2019,2019-09-13,9580,2019-09-11,2315,020404,NA,3,3,9,1900,0,2,4,NA,1,130,STUNT RD. (500 BLOCK),SCHUEREN RD,5280,N,N,A,-,N,NA,NA,NA,NA,NA,NA,NA,NA,NA,Y,3,0,1,1,A,-,03,22350,NA,N,E,I,A,A,H,-,D,D,0,NA,NA,NA,NA,Y,NA,A,01,0,1,0,0,0,0,0,0,0,-,-,34.08501052856445,-118.65685272216795,LOS ANGELES,UNINCORPORATED,-118.65745544433594,34.08598709106445
91074591,2019,2019-09-13,9580,2019-09-12,0630,016413,NA,4,1,7,1942,0,1,3,NA,2,117,SR-118 W/B (RONALD REAGAN FWY.),I-405 S/B (SAN DIEGO FWY),200,W,N,A,-,Y,NA,NA,118,NA,NA,NA,NA,NA,W,Y,4,0,2,3,A,-,03,22350,NA,N,C,C,A,A,H,-,A,D,0,NA,NA,NA,NA,Y,NA,A,01,0,0,2,0,0,0,0,0,0,-,-,34.26625061035156,-118.47614288330078,LOS ANGELES,LOS ANGELES,-118.47614288330078,34.26612091064453
91074596,2019,2019-09-13,9580,2019-09-12,0200,019876,NA,4,3,9,1900,0,2,4,NA,1,129,KANAN DUME RD,LATIGO CANYON RD,1584,S,N,A,-,N,NA,NA,NA,NA,NA,NA,NA,NA,NA,Y,3,0,1,1,A,-,08,22107,NA,N,E,I,A,A,H,-,C,D,0,NA,NA,NA,NA,Y,NA,A,07,0,1,0,0,0,0,0,0,0,-,-,34.08382034301758,-118.81622314453124,LOS ANGELES,UNINCORPORATED,-118.816162109375,34.086082458496094
91074601,2019,2019-09-13,9580,2019-09-12,1405,022158,NA,4,2,7,1942,0,1,1,NA,2,405,I-405 S/B (SAN DIEGO FWY),SEPULVEDA BLVD,100,N,N,A,-,Y,NA,NA,405,NA,NA,NA,NA,NA,S,Y,4,0,1,3,A,-,08,22107,NA,N,B,C,A,A,H,-,A,D,0,NA,NA,NA,Y,Y,NA,A,01,0,0,1,0,0,0,0,0,0,-,-,34.14944076538086,-118.46897888183594,LOS ANGELES,LOS ANGELES,-118.46900177001952,34.149452209472656
91074605,2019,2019-09-13,9535,2019-09-03,0720,022338,NA,2,1,5,1947,0,1,3,NA,2,601,SR-60 W/B (POMONA FWY.) TO MARKLAND DR.,MARKLAND DR.,573,W,N,A,-,Y,NA,NA,60,NA,NA,NA,R,NA,W,Y,3,0,1,2,A,-,06,21755,NA,N,B,C,A,A,H,-,A,D,0,NA,NA,Y,NA,Y,NA,C,02,0,1,0,0,0,0,0,0,1,-,-,34.03390121459961,-118.11888885498048,LOS ANGELES,MONTEBELLO,-118.11888885498048,34.03390121459961
91074609,2019,2020-01-14,9580,2019-09-03,1400,017427,NA,2,2,9,1900,0,3,5,NA,2,013,WOOLSEY CANYON RD. (24000 BLOCK),ROCKY MESA PL.,787,E,N,A,-,N,NA,NA,NA,NA,NA,NA,NA,NA,NA,Y,2,0,2,2,A,-,09,21804,A,N,A,C,A,A,H,-,A,D,0,NA,NA,NA,NA,Y,NA,A,07,1,1,0,0,0,0,0,0,0,-,-,34.23657989501953,-118.65186309814452,LOS ANGELES,UNINCORPORATED,-118.65180206298828,34.23659133911133
91074613,2019,2019-09-13,9580,2019-09-06,0935,017386,NA,5,1,7,1942,0,1,2,NA,2,102,US-101 N/B (VENTURA FREEWAY),SEPULVEDA BLVD,1320,S,N,A,-,Y,NA,NA,NA,NA,NA,NA,NA,NA,NA,Y,4,0,2,3,A,-,03,22350,NA,N,C,C,A,A,H,-,A,D,0,NA,NA,NA,NA,Y,NA,A,01,0,0,2,0,0,0,0,0,0,-,-,34.159610748291016,-118.14620208740234,LOS ANGELES,LOS ANGELES,-118.46180725097656,34.15955352783203
91074615,2019,2019-09-13,9580,2019-09-09,1300,020879,NA,1,1,7,1942,0,1,2,NA,2,102,US-101 N/B (VENTURA FREEWAY),BALBOA BLVD,500,S,N,A,-,Y,NA,NA,101,NA,NA,NA,NA,NA,N,N,4,0,1,2,A,-,03,22350,NA,N,C,C,A,A,H,-,A,D,0,NA,NA,NA,NA,Y,NA,D,22,0,0,1,0,0,0,0,0,0,-,-,34.17013931274414,-118.49984741210938,LOS ANGELES,LOS ANGELES,-118.49993133544922,34.16999816894531
91074616,2019,2019-09-13,9590,2019-09-13,1225,019303,NA,5,1,7,1942,0,1,1,NA,2,063,I-10 W/B (SANTA MONICA FREEWAY) (SMF),HILL ST.,100,E,N,A,-,Y,NA,NA,10,NA,NA,NA,NA,NA,W,Y,4,0,1,2,A,-,03,22350,NA,N,C,C,A,A,H,-,A,D,0,NA,NA,NA,NA,Y,NA,A,01,0,0,1,0,0,0,0,0,0,-,-,34.03351974487305,-118.26487731933594,LOS ANGELES,LOS ANGELES,-118.26490783691406,34.03347396850586
91074630,2019,2019-09-13,9535,2019-08-27,2050,021773,NA,2,2,3,1914,0,1,1,NA,2,501,I-5 (SANTA ANA FREEWAY) S/B,ATLANTIC BLVD.,5000,S,N,A,-,Y,NA,NA,5,NA,NA,NA,NA,NA,S,N,3,0,2,2,A,-,03,22350,NA,N,C,C,A,A,H,-,C,D,0,NA,NA,NA,NA,Y,NA,A,01,0,1,1,0,0,0,0,0,0,-,-,34.00722885131836,-118.15672302246094,LOS ANGELES,COMMERCE,-118.15673828125,34.007198333740234
91074654,2019,2019-09-16,9575,2019-09-04,1500,016536,NA,3,2,7,1942,0,1,1,NA,2,061,I-210 W/B (FOOTHILL FREEWAY),WHEATLAND AVE.,2000,E,N,A,-,Y,NA,NA,210,NA,NA,NA,NA,NA,W,Y,2,0,1,2,A,-,08,22107,NA,N,E,I,A,A,H,-,A,D,0,NA,NA,NA,NA,Y,NA,A,01,1,0,0,0,0,0,0,0,0,-,-,34.26959991455078,-118.339599609375,LOS ANGELES,LOS ANGELES,-118.33969879150392,34.269432067871094
91074669,2019,2019-09-16,9575,2019-09-11,1230,020918,NA,3,1,6,1912,0,1,1,NA,2,051,I-5 S/B (GOLDEN STATE FREEWAY),BUENA VISTA ST.,792,S,N,A,-,Y,NA,NA,5,NA,NA,NA,NA,NA,S,N,4,0,2,2,A,-,03,22350,NA,N,C,C,A,A,H,-,A,D,0,NA,NA,NA,NA,Y,NA,A,08,0,0,2,0,0,0,0,0,0,-,-,34.19712829589844,-118.33592987060548,LOS ANGELES,BURBANK,-118.3359146118164,34.19715118408203
91074689,2019,2019-09-16,9575,2019-09-09,1730,012803,NA,1,2,6,1925,0,1,3,NA,2,042,SR-134 W/B (VENTURA FREEWAY),N JACKSON ST.,120,W,N,A,-,Y,NA,NA,134,NA,NA,NA,NA,NA,W,N,3,0,2,2,A,-,03,22350,NA,N,C,C,A,A,H,-,A,A,0,NA,NA,NA,NA,Y,NA,A,01,0,2,0,0,0,0,0,0,0,-,-,34.156558990478516,-118.25079345703124,LOS ANGELES,GLENDALE,-118.25079345703124,34.156455993652344
91074690,2019,2019-09-16,9580,2019-09-03,0010,022016,NA,2,3,7,1942,0,1,3,NA,2,116,SR-118 E/B (RONALD REAGAN FWY.),HASKELL AVE.,500,W,N,A,-,Y,NA,NA,118,NA,NA,NA,NA,NA,E,Y,3,0,1,1,A,-,08,22107,NA,N,F,A,A,A,H,-,C,D,0,NA,NA,Y,NA,Y,NA,C,02,0,1,0,0,0,0,0,0,1,-,-,34.26594161987305,-118.47979736328124,LOS ANGELES,LOS ANGELES,-118.47979736328124,34.26596450805664
91074691,2019,2019-09-16,9575,2019-09-06,1045,019990,NA,5,1,9,1900,0,2,4,NA,2,014,MONTROSE AVENUE (2040 BLOCK),FLORENCITA DR.,60,E,N,A,-,N,NA,NA,NA,NA,NA,NA,NA,NA,NA,Y,3,0,2,2,A,-,08,22107,NA,N,C,E,A,A,H,-,A,D,0,NA,NA,NA,NA,Y,NA,A,01,0,1,1,0,0,0,0,0,0,-,-,34.20623016357422,-118.22489166259766,LOS ANGELES,UNINCORPORATED,-118.23199462890624,34.21104431152344
91074696,2019,2019-09-16,9575,2019-09-10,1815,016543,NA,2,2,6,1925,0,1,3,NA,2,042,SR-134 W/B (VENTURA FREEWAY),LOUISE STREET,50,W,N,A,-,Y,NA,NA,134,NA,NA,NA,NA,NA,W,Y,4,0,1,3,A,-,03,22350,NA,N,C,C,A,A,H,-,A,D,0,NA,NA,NA,NA,Y,NA,A,07,0,0,1,0,0,0,0,0,0,-,-,34.15644073486328,-118.2543487548828,LOS ANGELES,GLENDALE,-118.2543487548828,34.15644073486328
91074699,2019,2019-09-16,9575,2019-09-07,0630,019990,NA,6,1,9,1900,0,1,3,NA,2,303,SR-2 (ANGELES CREST HIGHWAY),CALTRANS SAND SHED,2112,E,N,A,-,Y,NA,NA,2,NA,NA,NA,NA,NA,NA,Y,3,0,1,1,A,-,03,22350,NA,N,E,I,A,A,H,-,A,D,0,NA,NA,NA,NA,Y,NA,A,01,0,1,0,0,0,0,0,0,0,-,-,34.29302978515625,-117.99717712402344,LOS ANGELES,UNINCORPORATED,-117.99718475341795,34.29310989379883
91074700,2019,2019-09-16,9580,2019-09-07,2115,017427,NA,6,2,9,1900,0,1,3,NA,1,270,SR-27 N/B (TOPANGA CYN. BLVD.),CIRCLE TRL,82,S,N,A,-,Y,NA,NA,27,NA,NA,NA,NA,NA,N,Y,2,0,1,1,A,-,01,23152,A,N,F,A,A,A,H,-,C,D,0,NA,NA,Y,NA,Y,Y,C,02,1,0,0,0,0,0,0,0,1,-,-,34.09600830078125,-118.60088348388672,LOS ANGELES,UNINCORPORATED,-118.60092926025392,34.09601593017578
91074702,2019,2019-09-16,9575,2019-09-10,1925,018762,NA,2,2,6,1912,0,1,1,NA,2,051,I-5 S/B (GOLDEN STATE FREEWAY),OLIVE AVENUE,170,S,N,A,-,Y,NA,NA,5,NA,NA,NA,NA,NA,S,N,4,0,3,4,A,-,03,22350,NA,N,C,C,A,A,H,-,C,D,0,NA,NA,NA,NA,Y,NA,A,01,0,0,3,0,0,0,0,0,0,-,-,34.17837905883789,-118.31047058105467,LOS ANGELES,BURBANK,-118.31047058105467,34.178382873535156
91074708,2019,2019-09-16,9575,2019-09-13,1555,018762,NA,5,2,6,1912,0,1,3,NA,2,044,SR-134 E/B (VENTURA FREEWAY),BOB HOPE DRIVE,100,E,N,A,-,Y,NA,NA,134,NA,NA,NA,NA,NA,E,Y,4,0,3,3,A,-,03,22350,NA,N,C,C,A,A,H,-,A,D,0,NA,NA,NA,NA,Y,NA,A,07,0,0,3,0,0,0,0,0,0,-,-,34.15288162231445,-118.32942962646484,LOS ANGELES,BURBANK,-118.32943725585938,34.15290451049805
91074762,2019,2019-09-16,9550,2019-09-14,0430,021950,NA,6,3,3,1964,0,1,1,NA,2,650,INTERSTATE 605 N/B,TELEGRAPH ROAD,500,S,N,A,-,Y,NA,NA,605,NA,NA,NA,NA,NA,N,Y,3,0,1,2,A,-,01,23152,A,N,C,C,A,A,H,-,C,D,0,NA,NA,NA,NA,Y,Y,A,01,0,1,0,0,0,0,0,0,0,-,-,33.94847106933594,-118.09255981445313,LOS ANGELES,SANTA FE SPRINGS,-118.09254455566406,33.94845962524414