CASE_ID,ACCIDENT_YEAR,PROC_DATE,JURIS,COLLISION_DATE,COLLISION_TIME,OFFICER_ID,REPORTING_DISTRICT,DAY_OF_WEEK,CHP_SHIFT,POPULATION,CNTY_CITY_LOC,SPECIAL_COND,BEAT_TYPE,CHP_BEAT_TYPE,CITY_DIVISION_LAPD,CHP_BEAT_CLASS,BEAT_NUMBER,PRIMARY_RD,SECONDARY_RD,DISTANCE,DIRECTION,INTERSECTION,WEATHER_1,WEATHER_2,STATE_HWY_IND,CALTRANS_COUNTY,CALTRANS_DISTRICT,STATE_ROUTE,ROUTE_SUFFIX,POSTMILE_PREFIX,POSTMILE,LOCATION_TYPE,RAMP_INTERSECTION,SIDE_OF_HWY,TOW_AWAY,COLLISION_SEVERITY,NUMBER_KILLED,NUMBER_INJURED,PARTY_COUNT,PRIMARY_COLL_FACTOR,PCF_CODE_OF_VIOL,PCF_VIOL_CATEGORY,PCF_VIOLATION,PCF_VIOL_SUBSECTION,HIT_AND_RUN,TYPE_OF_COLLISION,MVIW,PED_ACTION,ROAD_SURFACE,ROAD_COND_1,ROAD_COND_2,LIGHTING,CONTROL_DEVICE,CHP_ROAD_TYPE,PEDESTRIAN_ACCIDENT,BICYCLE_ACCIDENT,MOTORCYCLE_ACCIDENT,TRUCK_ACCIDENT,NOT_PRIVATE_PROPERTY,ALCOHOL_INVOLVED,STWD_VEHTYPE_AT_FAULT,CHP_VEHTYPE_AT_FAULT,COUNT_SEVERE_INJ,COUNT_VISIBLE_INJ,COUNT_COMPLAINT_PAIN,COUNT_PED_KILLED,COUNT_PED_INJURED,COUNT_BICYCLIST_KILLED,COUNT_BICYCLIST_INJURED,COUNT_MC_KILLED,COUNT_MC_INJURED,PRIMARY_RAMP,SECONDARY_RAMP,LATITUDE,LONGITUDE,COUNTY,CITY,POINT_X,POINT_Y
91074791,2019,2019-09-16,9580,2019-09-04,0545,019573,NA,3,3,7,1942,0,1,1,NA,2,407,I-405 S/B (SAN DIEGO FWY),DEVONSHIRE ST,900,N,N,A,-,Y,NA,NA,405,NA,NA,NA,NA,NA,S,Y,2,0,2,3,A,-,07,21658,A,N,C,C,A,A,H,-,B,D,0,NA,NA,NA,NA,Y,NA,A,01,1,0,1,0,0,0,0,0,0,-,-,34.25790023803711,-118.47239685058594,LOS ANGELES,LOS ANGELES,-118.47235870361328,34.25790023803711
91074811,2019,2019-09-16,9580,2019-09-08,0835,020296,NA,7,1,7,1942,0,1,1,NA,2,404,I-405 N/B (SAN DIEGO FWY),U S 101,1175,S,N,A,-,Y,NA,NA,405,NA,NA,NA,NA,NA,N,Y,3,0,1,1,C,-,18,NA,NA,N,E,J,A,A,H,-,A,D,0,NA,NA,NA,NA,Y,NA,-,-,0,1,0,0,0,0,0,0,0,-,-,34.156368255615234,-118.46851348876952,LOS ANGELES,LOS ANGELES,-118.46865844726564,34.156314849853516
91074903,2019,2019-09-16,9575,2019-09-04,1530,021492,NA,3,2,6,1953,0,1,1,NA,2,064,I-210 E/B (FOOTHILL FREEWAY),ORANGE GROVE BLVD,400,W,N,A,-,Y,NA,NA,210,NA,NA,NA,NA,NA,E,N,4,0,1,2,A,-,03,22350,NA,M,C,C,A,A,H,-,A,D,0,NA,NA,NA,NA,Y,NA,-,99,0,0,1,0,0,0,0,0,0,-,-,34.15501022338867,-118.1578369140625,LOS ANGELES,PASADENA,-118.15765380859376,34.155094146728516
91074909,2019,2019-09-16,9575,2019-09-07,1125,021978,NA,6,1,6,1953,0,1,1,NA,2,064,I-210 W/B (FOOTHILL FREEWAY),SIERRA MADRE VILLA AVENUE,470,E,N,A,-,Y,NA,NA,210,NA,NA,NA,NA,NA,W,Y,4,0,1,2,A,-,07,21658,A,N,B,C,A,A,H,-,A,D,0,NA,NA,NA,Y,Y,NA,G,25,0,0,1,0,0,0,0,0,0,-,-,34.148048400878906,-118.080322265625,LOS ANGELES,PASADENA,-118.08031463623048,34.147987365722656
91074914,2019,2019-09-16,9575,2019-09-04,1815,020119,NA,3,2,7,1942,0,1,1,NA,2,050,COLORADO BLVD. EXTENSION W/B,EDENHURST AVE.,200,W,N,A,-,N,NA,NA,NA,NA,NA,NA,NA,NA,NA,Y,4,0,1,3,A,-,03,22350,NA,M,C,C,A,A,H,-,A,D,0,NA,NA,NA,NA,Y,NA,A,07,0,0,1,0,0,0,0,0,0,-,-,34.14165115356445,-118.2741470336914,LOS ANGELES,LOS ANGELES,-118.27373504638672,34.14093017578125
91074930,2019,2019-09-16,9575,2019-09-04,1055,020182,NA,3,1,7,1942,0,1,1,NA,2,050,I-5 S/B (GOLDEN STATE FREEWAY),SR-134 E/B (VENTURA FREEWAY),100,N,N,A,-,Y,NA,NA,5,NA,NA,NA,NA,NA,S,Y,4,0,1,2,A,-,03,22350,NA,N,C,C,A,A,H,-,A,D,0,NA,NA,NA,NA,Y,NA,A,01,0,0,1,0,0,0,0,0,0,-,-,34.15245056152344,-118.2834701538086,LOS ANGELES,LOS ANGELES,-118.28348541259766,34.15240478515625
91074931,2019,2019-09-16,9540,2019-09-14,2330,021434,NA,6,3,6,1985,0,1,1,NA,2,506,I-5 N/B (GOLDEN STATE FREEWAY),BISCAILUZ DRIVE,1056,S,N,A,-,Y,NA,NA,5,NA,NA,NA,NA,NA,N,Y,4,0,1,2,A,-,01,23152,A,N,C,C,A,A,D,E,D,A,0,NA,NA,NA,NA,Y,Y,D,22,0,0,1,0,0,0,0,0,0,-,-,34.448001861572266,-118.61186981201172,LOS ANGELES,SANTA CLARITA,-118.61188507080078,34.4479866027832
91074935,2019,2019-09-16,9565,2019-09-13,1759,022153,NA,5,2,5,1965,0,1,1,NA,2,081,I-10 E/B (SANTA MONICA FREEWAY),CLOVERFIELD BOULEVARD,300,E,N,A,-,Y,NA,NA,10,NA,NA,NA,NA,NA,E,Y,3,0,2,3,A,-,01,23152,A,N,C,C,A,A,H,-,A,D,0,NA,NA,NA,NA,Y,Y,A,07,0,1,1,0,0,0,0,0,0,-,-,34.0247802734375,-118.46813201904295,LOS ANGELES,SANTA MONICA,-118.46812438964844,34.02475357055664
91074936,2019,2019-09-16,9530,2019-09-15,1945,021709,NA,7,2,9,1900,0,1,1,NA,2,210,I-105 W/B (GLENN ANDERSON FWY),WILMINGTON AVE.,500,W,N,A,-,Y,NA,NA,105,NA,NA,NA,NA,NA,W,N,4,0,1,2,A,-,01,23152,A,N,C,C,A,A,H,-,C,A,0,NA,NA,NA,NA,Y,Y,D,22,0,0,1,0,0,0,0,0,0,-,-,33.92864990234375,-118.24053955078124,LOS ANGELES,UNINCORPORATED,-118.24054718017578,33.928585052490234
91074943,2019,2019-09-16,9540,2019-08-30,1840,021374,NA,5,2,9,1900,0,2,4,NA,2,010,THE OLD ROAD (25200 BLOCK),CHIQUELLA LN,280,S,N,A,-,N,NA,NA,NA,NA,NA,NA,NA,NA,NA,Y,4,0,1,2,A,-,08,22107,NA,N,D,C,A,A,H,-,A,D,0,NA,NA,NA,NA,Y,NA,A,01,0,0,1,0,0,0,0,0,0,-,-,34.37651824951172,-118.56507110595705,LOS ANGELES,UNINCORPORATED,-118.56532287597656,34.37665557861328
91074944,2019,2019-09-16,9545,2019-09-04,0604,019951,NA,3,1,9,1900,0,1,3,NA,2,031,SR-14 S/B,CROWN VALLEY ROAD,500,S,N,A,-,Y,NA,NA,14,NA,NA,NA,NA,NA,S,Y,2,0,1,2,A,-,07,21658,A,N,B,C,A,A,H,-,A,D,0,NA,NA,Y,NA,Y,NA,A,07,1,0,0,0,0,0,0,0,1,-,-,34.49140167236328,-118.2027587890625,LOS ANGELES,UNINCORPORATED,-118.2027587890625,34.491451263427734
91074948,2019,2019-09-16,9530,2019-09-03,1540,022302,NA,2,2,9,1900,0,3,5,NA,2,002,AVALON BLVD.,COMPTON BLVD.,40,N,N,A,-,N,NA,NA,NA,NA,NA,NA,NA,NA,NA,N,4,0,1,2,A,-,03,22350,NA,N,C,C,A,A,H,-,A,A,0,NA,NA,NA,NA,Y,NA,A,01,0,0,1,0,0,0,0,0,0,-,-,33.89542007446289,-118.26538848876952,LOS ANGELES,UNINCORPORATED,-118.265380859375,33.89530944824219
91074953,2019,2019-09-16,9565,2019-09-04,1018,017574,NA,3,1,7,1942,0,1,1,NA,2,061,I-405 NB,HOWARD HUGHES PKWY ONRAMP OC,900,N,N,A,-,Y,NA,NA,405,NA,NA,NA,NA,NA,N,Y,3,0,2,3,C,-,18,NA,NA,N,C,C,A,A,H,-,A,D,0,NA,NA,NA,NA,Y,NA,-,-,0,1,1,0,0,0,0,0,0,-,-,33.97959899902344,-118.39250183105467,LOS ANGELES,LOS ANGELES,-118.39249420166016,33.9796028137207
91074955,2019,2019-09-16,9580,2019-09-08,0840,018101,NA,7,1,3,1989,0,1,2,NA,2,106,US-101 N/B (VENTURA FREEWAY),MUREAU RD,2500,N,N,A,-,Y,NA,NA,101,NA,NA,NA,NA,NA,N,Y,4,0,1,2,A,-,03,22350,NA,N,C,C,A,A,H,-,A,D,0,NA,NA,NA,NA,Y,NA,A,01,0,0,1,0,0,0,0,0,0,-,-,34.149349212646484,-118.67347717285156,LOS ANGELES,CALABASAS,-118.67346954345705,34.1494140625
91074956,2019,2019-09-16,9575,2019-09-04,1052,020918,NA,3,1,7,1942,0,1,1,NA,2,052,I-5 N/B (GOLDEN STATE FREEWAY),HOLLYWOOD WAY,898,N,N,A,-,Y,NA,NA,5,NA,NA,NA,NA,NA,N,Y,4,0,3,3,A,-,03,22350,NA,N,C,C,A,A,H,-,A,D,0,NA,NA,NA,Y,Y,NA,G,25,0,0,3,0,0,0,0,0,0,-,-,34.21424102783203,-118.35079956054688,LOS ANGELES,LOS ANGELES,-118.35081481933594,34.21422576904297
91074958,2019,2019-10-08,9540,2019-09-06,0910,019853,NA,5,1,7,1942,0,1,1,NA,1,503,I-5 S/B TO BALBOA BLVD.,FOOTHILL BLVD,5,N,N,A,-,Y,NA,NA,5,NA,NA,NA,R,NA,S,Y,4,0,1,4,A,-,21,22106,NA,N,B,C,A,A,H,-,A,D,0,NA,NA,NA,NA,Y,NA,A,01,0,0,1,0,0,0,0,0,0,-,-,34.32421112060547,-118.50350189208984,LOS ANGELES,LOS ANGELES,-118.50350189208984,34.32421112060547
91074985,2019,2019-09-16,9525,2019-09-06,1731,021980,NA,5,2,5,1926,0,1,1,NA,2,205,I-210 W/B (FOOTHILL FWY),LONE HILL AVE,500,W,N,A,-,Y,NA,NA,210,NA,NA,NA,NA,NA,W,N,4,0,1,2,A,-,03,22350,NA,N,C,C,A,A,H,-,A,D,0,NA,NA,NA,NA,Y,NA,A,07,0,0,1,0,0,0,0,0,0,-,-,34.12118148803711,-117.83068084716795,LOS ANGELES,GLENDORA,-117.83068084716795,34.121219635009766
91074991,2019,2019-09-16,9545,2019-09-05,1935,017495,NA,4,2,9,1900,0,3,5,NA,1,005,AVENUE N-4,FIELDSPRING ST,0,NA,Y,B,-,N,NA,NA,NA,NA,NA,NA,NA,NA,NA,N,3,0,1,1,A,-,08,22107,NA,N,F,A,A,A,H,-,B,D,0,NA,NA,Y,NA,Y,NA,C,06,0,1,0,0,0,0,0,0,1,-,-,34.62746810913086,-117.83480072021484,LOS ANGELES,UNINCORPORATED,-117.8347396850586,34.627540588378906
91074993,2019,2019-09-16,9580,2019-09-10,1130,019511,NA,2,1,7,1942,0,1,2,NA,2,102,US-101 N/B (VENTURA FREEWAY),SEPULVEDA BLVD,500,S,N,A,-,Y,NA,NA,101,NA,NA,NA,NA,NA,N,Y,3,0,1,3,A,-,03,22350,NA,N,C,C,A,A,H,-,A,D,0,NA,NA,NA,NA,Y,NA,A,01,0,1,0,0,0,0,0,0,0,-,-,34.15959930419922,-118.46219635009766,LOS ANGELES,LOS ANGELES,-118.46219635009766,34.159507751464844
91075020,2019,2019-09-16,9575,2019-09-06,0932,020620,NA,5,1,9,1900,0,2,4,NA,2,026,NEW YORK DR. (2200 BLOCK),CRAIG AVE.,45,W,N,A,-,N,NA,NA,NA,NA,NA,NA,NA,NA,NA,Y,4,0,1,2,A,-,08,22107,NA,N,B,E,A,A,H,-,A,D,0,NA,NA,NA,NA,Y,NA,A,01,0,0,1,0,0,0,0,0,0,-,-,34.17502975463867,-118.10565185546876,LOS ANGELES,UNINCORPORATED,-118.10560607910156,34.17502975463867
91075026,2019,2019-09-16,9530,2019-09-04,1025,021623,NA,3,1,9,1900,0,3,5,NA,2,002,SAN PEDRO ST.,135TH ST.,100,N,N,A,-,N,NA,NA,NA,NA,NA,NA,NA,NA,NA,Y,4,0,1,3,A,-,09,21801,A,N,D,C,A,A,H,-,A,D,0,NA,NA,NA,NA,Y,NA,A,01,0,0,1,0,0,0,0,0,0,-,-,33.910011291503906,-118.26963806152344,LOS ANGELES,UNINCORPORATED,-118.26966857910156,33.9094352722168
91075031,2019,2019-09-16,9545,2019-09-05,0435,021695,NA,4,3,9,1900,0,3,5,NA,2,004,AVENUE R,90TH STREET EAST,1200,W,N,A,-,N,NA,NA,NA,NA,NA,NA,NA,NA,NA,Y,3,0,1,1,A,-,03,22350,NA,N,E,I,A,A,H,-,C,A,0,NA,NA,NA,NA,Y,NA,A,08,0,1,0,0,0,0,0,0,0,-,-,34.57229995727539,-117.97348022460938,LOS ANGELES,UNINCORPORATED,-117.97354125976564,34.57231903076172
91075038,2019,2019-09-16,9525,2019-09-04,1050,020847,NA,3,1,5,1990,0,1,3,NA,2,601,SR-60 W/B (POMONA FWY),BREA CANYON RD.,100,W,N,A,-,Y,NA,NA,60,NA,NA,NA,NA,NA,W,Y,3,0,1,2,A,-,07,21658,A,N,B,C,A,A,H,-,A,D,0,NA,NA,Y,NA,Y,NA,C,02,0,1,0,0,0,0,0,0,1,-,-,33.99932098388672,-117.85215759277344,LOS ANGELES,DIAMOND BAR,-117.85216522216795,33.99933624267578
91075050,2019,2019-09-16,9565,2019-08-14,2213,021453,NA,3,3,9,1900,0,3,5,NA,2,002,99TH ST.,VERMONT AVE.,150,W,N,A,-,N,NA,NA,NA,NA,NA,NA,NA,NA,NA,Y,3,0,2,2,A,-,08,22107,NA,F,A,C,A,A,H,-,C,D,0,NA,NA,NA,NA,Y,Y,A,07,0,2,0,0,0,0,0,0,0,-,-,33.94602966308594,-118.2924575805664,LOS ANGELES,UNINCORPORATED,-118.29239654541016,33.94603729248047
91075054,2019,2019-09-16,9530,2019-09-04,1430,022302,NA,3,2,7,1942,0,1,1,NA,2,110,I-110 N/B (HARBOR FREEWAY),111TH PL.,500,N,N,A,-,Y,NA,NA,110,NA,NA,NA,NA,NA,N,N,3,0,1,2,A,-,07,21658,A,N,B,C,A,A,H,-,A,D,0,NA,NA,Y,NA,Y,NA,A,01,0,1,0,0,0,0,0,0,1,-,-,33.93532943725586,-118.27984619140624,LOS ANGELES,LOS ANGELES,-118.27972412109376,33.93532180786133
9107506,2020,2020-08-18,1942,2020-05-30,0010,43876,0914,6,5,7,1942,0,0,0,I,0,9A23,VANOWEN ST,NOBLE ST,60,E,N,A,-,N,NA,NA,NA,NA,NA,NA,NA,NA,NA,N,4,0,1,3,A,-,01,23152,A,N,C,E,A,A,H,-,C,D,0,NA,NA,NA,NA,Y,Y,A,07,0,0,1,0,0,0,0,0,0,-,-,NA,NA,LOS ANGELES,LOS ANGELES,-118.46163940429688,34.193931579589844
9107507,2020,2020-10-29,1942,2020-05-31,1900,42151,1218,7,5,7,1942,0,0,0,L,0,12A39,SLAUSON AV,HOOVER ST,0,NA,Y,A,-,N,NA,NA,NA,NA,NA,NA,NA,NA,NA,N,4,0,1,2,A,-,12,21453,A,F,D,C,A,-,H,-,A,A,0,NA,NA,NA,NA,Y,NA,-,99,0,0,1,0,0,0,0,0,0,-,-,NA,NA,LOS ANGELES,LOS ANGELES,-118.28713989257813,33.989139556884766
91075070,2019,2019-09-16,9545,2019-09-06,2335,019345,NA,5,3,6,1950,0,1,3,NA,2,021,SR-14 S/B,AVENUE Q U/C,0,NA,Y,A,-,Y,NA,NA,14,NA,NA,NA,NA,NA,S,N,4,0,2,2,A,-,03,22350,NA,N,C,C,A,A,D,-,D,D,0,NA,NA,NA,NA,Y,NA,A,01,0,0,2,0,0,0,0,0,0,-,-,34.587158203125,-118.134033203125,LOS ANGELES,PALMDALE,-118.134033203125,34.587158203125
91075073,2019,2019-09-16,9535,2019-07-17,0330,022286,NA,3,3,9,1900,0,3,5,NA,2,006,FAMOSA ST. (12400 BLOCK),PELLISSIER ROAD,285,N,N,A,-,N,NA,NA,NA,NA,NA,NA,NA,NA,NA,Y,3,0,1,1,A,-,01,23152,A,M,E,I,A,A,H,-,C,D,0,NA,NA,NA,NA,Y,NA,A,01,0,1,0,0,0,0,0,0,0,-,-,34.03451156616211,-118.03085327148438,LOS ANGELES,UNINCORPORATED,-118.03036499023438,34.03439712524414
91075088,2019,2019-09-16,9540,2019-09-14,0605,020862,NA,6,1,9,1900,0,1,3,NA,2,147,SR-14 SOUTHBOUND (ANTELOPE VALLEY FWY),2000 FOOT LEVEL,400,S,N,A,-,Y,NA,NA,14,NA,NA,NA,NA,NA,S,Y,4,0,3,2,A,-,08,22107,NA,N,B,C,A,A,H,-,A,D,0,NA,NA,NA,NA,Y,NA,A,01,0,0,3,0,0,0,0,0,0,-,-,34.44717025756836,-118.359619140625,LOS ANGELES,UNINCORPORATED,-118.3596649169922,34.4472541809082
9107511,2020,2020-10-29,1942,2020-05-31,2245,43529,1283,7,5,7,1942,0,0,0,L,0,12A15,WESTERN,CENTURY BL,0,NA,Y,A,-,N,NA,NA,NA,NA,NA,NA,NA,NA,NA,N,4,0,1,2,A,-,08,22100,NA,N,A,C,A,A,H,-,C,A,0,NA,NA,NA,NA,Y,NA,-,-,0,0,1,0,0,0,0,0,0,-,-,NA,NA,LOS ANGELES,LOS ANGELES,-118.30902862548828,33.94544982910156
91075137,2019,2019-09-16,9540,2019-09-10,0610,015093,NA,2,1,9,1900,0,2,4,NA,1,201,SIERRA HIGHWAY (7100 BLOCK),THOMAS ROAD,1056,N,N,B,-,N,NA,NA,NA,NA,NA,NA,NA,NA,NA,Y,2,0,2,2,A,-,05,21460,A,N,A,C,A,A,H,-,B,D,0,NA,NA,NA,NA,Y,NA,A,01,2,0,0,0,0,0,0,0,0,-,-,34.522239685058594,-118.25599670410156,LOS ANGELES,UNINCORPORATED,-118.25660705566406,34.52248764038086
91075160,2019,2019-09-16,9525,2019-09-09,0850,019966,NA,1,1,4,1913,0,1,1,NA,2,209,SR-210 W/B (FOOTHILL FWY),BASELINE RD.,120,W,N,A,-,Y,NA,NA,210,NA,NA,NA,NA,NA,W,N,4,0,1,2,A,-,03,22350,NA,N,C,C,A,A,H,-,A,C,0,NA,NA,NA,NA,Y,NA,A,01,0,0,1,0,0,0,0,0,0,-,-,34.121280670166016,-117.69740295410156,LOS ANGELES,CLAREMONT,-117.6973876953125,34.12125015258789
91075172,2019,2019-09-16,9525,2019-09-07,1403,021138,NA,6,2,6,1955,0,1,3,NA,2,072,SR-71 N/B (CHINO VALLEY FWY),SR-60 W/B (POMONA FWY),1584,N,N,A,-,Y,NA,NA,71,NA,NA,NA,NA,NA,N,Y,3,0,1,2,A,-,08,22107,NA,N,B,C,A,A,H,-,A,D,0,NA,NA,NA,NA,Y,NA,A,01,0,1,0,0,0,0,0,0,0,-,-,34.0263786315918,-117.75200653076172,LOS ANGELES,POMONA,-117.75215911865234,34.026222229003906
91075178,2019,2019-09-16,9535,2019-09-04,0836,022335,NA,3,1,3,1914,0,1,1,NA,2,500,I-5 (SANTA ANA FREEWAY) NORTHBOUND,GARFIELD AVENUE,2240,S,N,A,-,Y,NA,NA,5,NA,NA,NA,NA,NA,N,N,4,0,1,2,A,-,03,22350,NA,N,C,C,A,A,H,-,A,D,0,NA,NA,NA,NA,Y,NA,A,07,0,0,1,0,0,0,0,0,0,-,-,33.983158111572266,-118.13200378417967,LOS ANGELES,COMMERCE,-118.13201141357422,33.98314666748047
91075190,2019,2019-09-16,9525,2019-09-10,1610,021595,NA,2,2,9,1900,0,1,1,NA,2,108,I-10 E/B (SAN BERNARDINO FWY),VIA VERDE,1700,E,N,A,-,Y,NA,NA,10,NA,NA,NA,NA,NA,E,Y,4,0,2,3,A,-,07,21658,A,N,B,C,A,A,D,E,A,D,0,NA,NA,NA,Y,Y,NA,G,27,0,0,2,0,0,0,0,0,0,-,-,34.067138671875,-117.83394622802734,LOS ANGELES,UNINCORPORATED,-117.8339614868164,34.067108154296875
91075204,2019,2019-09-16,9535,2019-07-12,1535,022246,NA,5,2,5,1943,0,1,1,NA,2,104,I-105 (CENTURY FREEWAY) E/B,I-710 (LONG BEACH FREEWAY) S/B,200,W,N,A,-,Y,NA,NA,105,NA,NA,NA,NA,NA,E,Y,2,0,1,2,A,-,08,22107,NA,N,B,C,A,A,H,-,A,D,0,NA,NA,Y,NA,Y,NA,A,08,1,0,0,0,0,0,0,0,1,-,-,33.91270065307617,-118.1803970336914,LOS ANGELES,LYNWOOD,-118.18038177490234,33.912750244140625
91075225,2019,2019-09-16,9535,2019-08-11,1600,022234,NA,7,2,5,1959,0,1,3,NA,2,621,SR-60 (POMONA FREEWAY) W/B,SANTA ANITA AVE,100,W,N,A,-,Y,NA,NA,NA,NA,NA,NA,NA,NA,NA,Y,4,0,1,1,A,-,08,22107,NA,N,E,I,A,A,H,-,A,D,0,NA,NA,NA,NA,Y,NA,A,01,0,0,1,0,0,0,0,0,0,-,-,34.04029846191406,-118.0543975830078,LOS ANGELES,ROSEMEAD,-118.05203247070313,34.0399169921875
91075252,2019,2019-09-16,9535,2019-07-28,1125,022243,NA,7,1,1,1973,0,1,1,NA,2,073,I-710 (LONG BEACH FREEWAY) S/B,BANDINI BLVD,350,N,N,A,-,Y,NA,NA,710,NA,NA,NA,NA,NA,S,Y,3,0,1,2,A,-,03,22350,NA,N,C,C,A,A,H,-,A,D,0,NA,NA,Y,NA,Y,NA,C,02,0,1,0,0,0,0,0,0,1,-,-,34.00040054321289,-118.1750030517578,LOS ANGELES,VERNON,-118.17510223388672,34.00046920776367
91075262,2019,2019-09-16,9535,2019-09-04,1940,022354,NA,3,2,5,1947,0,1,3,NA,2,600,SR-60 (POMONA FREEWAY) E/B,ATLANTIC BLVD.,1056,E,N,A,-,Y,NA,NA,NA,NA,NA,NA,NA,NA,NA,N,2,0,1,2,A,-,03,22350,NA,N,C,C,A,A,H,-,C,D,0,NA,NA,Y,NA,Y,NA,C,02,1,0,0,0,0,0,0,0,1,-,-,34.03369903564453,-118.1472396850586,LOS ANGELES,MONTEBELLO,-118.14714813232422,34.03371810913086
91075271,2019,2019-09-16,9550,2019-09-04,2250,020795,NA,3,3,9,1900,0,3,5,NA,2,002,MILLER ROAD NB,EDDERTON AVENUE,115,S,N,A,-,N,NA,NA,NA,NA,NA,NA,NA,NA,NA,Y,4,0,1,1,A,-,08,22107,NA,N,E,I,A,A,H,-,C,D,0,NA,NA,NA,NA,Y,NA,A,07,0,0,1,0,0,0,0,0,0,-,-,33.9276008605957,-118.01796722412108,LOS ANGELES,UNINCORPORATED,-118.01805114746094,33.92758560180664
91075273,2019,2019-09-16,9565,2019-09-04,1425,021575,NA,3,2,9,1900,0,3,5,NA,2,003,OLYMPIAD DRIVE,VICTORIA AVENUE,0,NA,Y,A,-,N,NA,NA,NA,NA,NA,NA,NA,NA,NA,Y,3,0,2,2,A,-,09,21801,A,N,A,C,A,A,H,-,A,A,0,NA,NA,NA,NA,Y,NA,A,07,0,1,1,0,0,0,0,0,0,-,-,34.0029182434082,-118.3331298828125,LOS ANGELES,UNINCORPORATED,-118.33309173583984,34.0029296875
91075279,2019,2019-09-16,9545,2019-09-07,1730,021819,NA,6,2,9,1900,0,3,5,NA,1,006,WEST AVE. L-12,50TH ST  W,103,E,N,A,-,N,NA,NA,NA,NA,NA,NA,NA,NA,NA,Y,4,0,1,2,A,-,01,23152,A,N,E,I,A,A,H,-,A,D,0,NA,NA,NA,NA,Y,Y,A,01,0,0,1,0,0,0,0,0,0,-,-,34.64934158325195,-118.21803283691406,LOS ANGELES,UNINCORPORATED,-118.218183,34.649235
91075287,2019,2019-09-16,9530,2019-09-04,1620,022197,NA,3,2,9,1900,0,3,5,NA,2,002,SAN PEDRO ST. (14000 BLOCK),140TH ST.,100,S,N,B,-,N,NA,NA,NA,NA,NA,NA,NA,NA,NA,Y,2,0,1,2,A,-,08,22107,NA,F,B,C,A,A,H,-,A,D,0,NA,NA,NA,NA,Y,NA,D,22,1,0,0,0,0,0,0,0,0,-,-,33.903751373291016,-118.26947784423828,LOS ANGELES,UNINCORPORATED,-118.26946258544922,33.90400314331055
91075338,2019,2019-09-16,9545,2019-09-11,0730,018058,NA,3,1,9,1900,0,3,5,NA,2,002,27TH STREET WEST,AVENUE N,0,NA,Y,A,-,N,NA,NA,NA,NA,NA,NA,NA,NA,NA,Y,4,0,1,2,A,-,09,21802,A,N,D,C,A,A,H,-,A,A,0,NA,NA,NA,NA,Y,NA,A,01,0,0,1,0,0,0,0,0,0,-,-,34.631141662597656,-118.17884826660156,LOS ANGELES,UNINCORPORATED,-118.17884063720705,34.63113021850586
91075341,2019,2019-09-16,9575,2019-09-07,1555,021932,NA,6,2,7,1942,0,1,1,NA,2,053,I-5 N/B (GOLDEN STATE FREEWAY),VAN NUYS BLVD,250,N,N,A,-,Y,NA,NA,5,NA,NA,NA,NA,NA,N,Y,4,0,1,2,A,-,03,22350,NA,N,C,C,A,A,H,-,A,D,0,NA,NA,NA,NA,Y,NA,D,22,0,0,1,0,0,0,0,0,0,-,-,34.257381439208984,-118.4355010986328,LOS ANGELES,LOS ANGELES,-118.43557739257813,34.257301330566406
91075347,2019,2019-09-16,9550,2019-09-05,0115,022139,NA,4,3,9,1900,0,3,5,NA,2,003,HALLIBURTON ROAD EASTBOUND,STIMSON AVENUE,225,W,N,A,-,N,NA,NA,NA,NA,NA,NA,NA,NA,NA,Y,3,0,1,2,A,-,08,22107,NA,N,C,E,A,A,H,-,C,D,0,NA,NA,NA,Y,Y,NA,A,01,0,1,0,0,0,0,0,0,0,-,-,33.996368408203125,-117.96453857421876,LOS ANGELES,UNINCORPORATED,-117.96432495117188,33.996456146240234
91075354,2019,2019-09-16,9535,2019-08-13,1115,017781,NA,2,1,9,1900,0,3,5,NA,2,001,MEDNIK AVE. (300 BLOCK),CESAR E. CHAVEZ AVE.,330,S,N,A,-,N,NA,NA,NA,NA,NA,NA,NA,NA,NA,N,4,0,1,2,A,-,03,22350,NA,N,C,C,A,A,H,-,A,D,0,NA,NA,NA,NA,Y,NA,A,07,0,0,1,0,0,0,0,0,0,-,-,34.03963088989258,-118.16187286376952,LOS ANGELES,UNINCORPORATED,-118.16188049316406,34.039703369140625
91075371,2019,2019-09-16,9575,2019-09-10,0625,014892,NA,2,1,7,1942,0,1,3,NA,2,043,SR-134 W/B TO FOREST LAWN DRIVE,FOREST LAWN DRIVE,200,E,N,B,-,Y,NA,NA,134,NA,NA,NA,R,NA,W,Y,4,0,1,2,A,-,03,22350,NA,N,C,C,A,B,H,-,A,D,0,NA,NA,NA,NA,Y,NA,A,01,0,0,1,0,0,0,0,0,0,-,-,34.15549850463867,-118.31060028076172,LOS ANGELES,LOS ANGELES,-118.31060028076172,34.15549850463867