CASE_ID,ACCIDENT_YEAR,PROC_DATE,JURIS,COLLISION_DATE,COLLISION_TIME,OFFICER_ID,REPORTING_DISTRICT,DAY_OF_WEEK,CHP_SHIFT,POPULATION,CNTY_CITY_LOC,SPECIAL_COND,BEAT_TYPE,CHP_BEAT_TYPE,CITY_DIVISION_LAPD,CHP_BEAT_CLASS,BEAT_NUMBER,PRIMARY_RD,SECONDARY_RD,DISTANCE,DIRECTION,INTERSECTION,WEATHER_1,WEATHER_2,STATE_HWY_IND,CALTRANS_COUNTY,CALTRANS_DISTRICT,STATE_ROUTE,ROUTE_SUFFIX,POSTMILE_PREFIX,POSTMILE,LOCATION_TYPE,RAMP_INTERSECTION,SIDE_OF_HWY,TOW_AWAY,COLLISION_SEVERITY,NUMBER_KILLED,NUMBER_INJURED,PARTY_COUNT,PRIMARY_COLL_FACTOR,PCF_CODE_OF_VIOL,PCF_VIOL_CATEGORY,PCF_VIOLATION,PCF_VIOL_SUBSECTION,HIT_AND_RUN,TYPE_OF_COLLISION,MVIW,PED_ACTION,ROAD_SURFACE,ROAD_COND_1,ROAD_COND_2,LIGHTING,CONTROL_DEVICE,CHP_ROAD_TYPE,PEDESTRIAN_ACCIDENT,BICYCLE_ACCIDENT,MOTORCYCLE_ACCIDENT,TRUCK_ACCIDENT,NOT_PRIVATE_PROPERTY,ALCOHOL_INVOLVED,STWD_VEHTYPE_AT_FAULT,CHP_VEHTYPE_AT_FAULT,COUNT_SEVERE_INJ,COUNT_VISIBLE_INJ,COUNT_COMPLAINT_PAIN,COUNT_PED_KILLED,COUNT_PED_INJURED,COUNT_BICYCLIST_KILLED,COUNT_BICYCLIST_INJURED,COUNT_MC_KILLED,COUNT_MC_INJURED,PRIMARY_RAMP,SECONDARY_RAMP,LATITUDE,LONGITUDE,COUNTY,CITY,POINT_X,POINT_Y
91079236,2019,2019-09-20,9565,2019-09-10,1010,015587,NA,2,1,7,1942,0,1,1,NA,2,064,I-405 N/B (SAN DIEGO FREEWAY),SKIRBALL CENTER DR,2640,S,N,B,-,Y,NA,NA,405,NA,NA,NA,NA,NA,N,Y,4,0,1,2,A,-,03,22350,NA,N,C,C,A,A,H,-,A,D,0,NA,NA,NA,NA,Y,NA,A,01,0,0,1,0,0,0,0,0,0,-,-,34.11511993408203,-118.48188018798828,LOS ANGELES,LOS ANGELES,-118.48185729980467,34.11511993408203
91079244,2019,2019-09-20,9540,2019-09-17,1042,013644,NA,2,1,9,1900,0,2,4,NA,2,010,THE OLD ROAD,VALENCIA BL.,0,NA,Y,A,-,N,NA,NA,NA,NA,NA,NA,NA,NA,NA,Y,3,0,1,2,A,-,12,21453,A,N,D,C,A,A,H,-,A,A,0,NA,NA,NA,NA,Y,NA,A,07,0,1,0,0,0,0,0,0,0,-,-,34.407501220703125,-118.57959747314452,LOS ANGELES,UNINCORPORATED,-118.57984924316406,34.40755081176758
91079263,2019,2019-09-20,9525,2019-09-07,1210,020552,NA,6,1,5,1990,0,1,3,NA,2,601,SR-60 E/B (POMONA FWY),GRAND AVE,1056,E,N,A,-,Y,NA,NA,60,NA,NA,NA,NA,NA,E,Y,4,0,2,6,A,-,03,22350,NA,F,C,C,A,B,H,-,A,D,0,NA,NA,NA,NA,Y,NA,A,01,0,0,2,0,0,0,0,0,0,-,-,34.01607894897461,-117.8180923461914,LOS ANGELES,DIAMOND BAR,-117.8179168701172,34.01595687866211
91079287,2019,2019-09-20,9565,2019-09-10,1330,021473,NA,2,1,5,1928,0,1,1,NA,2,010,I-105 E/B (CENTURY FWY),IMPERIAL HWY,30,E,N,B,-,Y,NA,NA,105,NA,NA,NA,NA,NA,E,Y,4,0,1,2,A,-,03,22350,NA,N,C,C,A,A,H,-,A,D,0,NA,NA,NA,NA,Y,NA,D,22,0,0,1,0,0,0,0,0,0,-,-,33.93067932128906,-118.34520721435548,LOS ANGELES,HAWTHORNE,-118.34520721435548,33.93067932128906
91079299,2019,2019-09-20,9565,2019-09-08,0405,021951,NA,7,3,5,1928,0,1,1,NA,2,012,I-105 W/B (CENTURY FWY),YUKON AVE,250,W,N,A,-,Y,NA,NA,105,NA,NA,NA,NA,NA,W,N,4,0,1,2,A,-,08,22107,NA,F,B,C,A,A,H,-,C,D,0,NA,NA,NA,NA,Y,NA,-,99,0,0,1,0,0,0,0,0,0,-,-,33.925331115722656,-118.33573150634766,LOS ANGELES,HAWTHORNE,-118.33572387695313,33.92534637451172
91079332,2019,2019-09-20,9565,2019-09-10,1706,021663,NA,2,2,9,1900,0,3,5,NA,2,003,CENTINELA AVE,SHERBOURNE DR,30,E,N,A,-,N,NA,NA,NA,NA,NA,NA,NA,NA,NA,N,4,0,1,2,A,-,21,22106,NA,N,C,C,A,A,H,-,A,D,0,NA,NA,NA,NA,Y,NA,A,07,0,0,1,0,0,0,0,0,0,-,-,33.97645950317383,-118.38143920898438,LOS ANGELES,UNINCORPORATED,-118.3815689086914,33.97642517089844
91079334,2019,2019-09-20,9540,2019-09-12,1050,019853,NA,4,1,9,1900,0,2,4,NA,2,010,THE OLD RD,MARKET CENTER DR.,0,NA,Y,A,-,Y,NA,NA,NA,NA,NA,NA,NA,NA,NA,Y,2,0,3,2,A,-,09,21801,A,N,D,C,A,A,H,-,A,A,0,NA,NA,NA,NA,Y,NA,D,22,1,1,1,0,0,0,0,0,0,-,-,34.387611389160156,-118.57257843017578,LOS ANGELES,UNINCORPORATED,NA,NA
91079347,2019,2019-09-20,9565,2019-07-24,1138,022145,NA,3,1,9,1900,0,2,4,NA,2,021,VERMONT AVENUE S/B,99TH STREET,0,NA,Y,A,-,N,NA,NA,NA,NA,NA,NA,NA,NA,NA,Y,4,0,3,3,A,-,08,22107,NA,N,B,C,A,A,H,-,A,D,0,NA,NA,NA,NA,Y,NA,A,07,0,0,3,0,0,0,0,0,0,-,-,33.946041107177734,-118.29192352294922,LOS ANGELES,UNINCORPORATED,-118.29190063476564,33.946041107177734
91079348,2019,2019-09-20,9550,2019-09-17,2335,018412,NA,2,3,9,1900,0,3,5,NA,2,002,LEFFINGWELL RD.,KIBBIE AVE.,135,E,N,A,-,N,NA,NA,NA,NA,NA,NA,NA,NA,NA,Y,4,0,1,2,A,-,08,22107,NA,N,C,E,A,A,H,-,C,D,0,NA,NA,NA,NA,Y,NA,A,01,0,0,1,0,0,0,0,0,0,-,-,33.930320739746094,-117.99656677246094,LOS ANGELES,UNINCORPORATED,-117.99675750732422,33.930545806884766
91079370,2019,2019-09-20,9535,2019-09-10,1440,022330,NA,2,2,6,1922,0,1,1,NA,2,400,I-10 (SAN BERNARDINO FREEWAY) E/B,I-605,900,W,N,A,-,Y,NA,NA,NA,NA,NA,NA,NA,NA,NA,N,4,0,1,2,A,-,03,22350,NA,N,C,C,A,A,H,-,A,D,0,NA,NA,NA,NA,Y,NA,D,22,0,0,1,0,0,0,0,0,0,-,-,34.064918518066406,-118.0002670288086,LOS ANGELES,EL MONTE,-118.00293731689452,34.06486129760742
91079393,2019,2019-09-20,9575,2019-09-11,0930,020492,NA,3,1,7,1942,0,1,1,NA,2,052,I-5 S/B (GOLDEN STATE FREEWAY),LANKERSHIM BLVD,792,N,N,A,-,Y,NA,NA,5,NA,NA,NA,NA,NA,S,N,4,0,2,2,A,-,03,22350,NA,N,C,C,A,A,H,-,A,D,0,NA,NA,NA,NA,Y,NA,A,01,0,0,2,0,0,0,0,0,0,-,-,34.2275505065918,-118.390380859375,LOS ANGELES,LOS ANGELES,-118.3904037475586,34.22749328613281
91079405,2019,2019-09-20,9550,2019-09-19,0302,018412,NA,4,3,5,1919,0,1,3,NA,2,092,SR-91 W/B,ARTESIA BOULEVARD,264,W,N,A,-,Y,NA,NA,91,NA,NA,NA,NA,NA,W,Y,2,0,1,2,A,-,01,23152,A,F,C,C,A,A,H,-,D,D,0,NA,NA,NA,NA,Y,Y,A,01,1,0,0,0,0,0,0,0,0,-,-,33.87371826171875,-118.0608367919922,LOS ANGELES,CERRITOS,-118.06089782714844,33.873634338378906
91079415,2019,2019-09-20,9565,2019-09-10,1637,022153,NA,2,2,9,1900,0,3,5,NA,2,002,120TH STREET,WESTERN AVENUE,50,W,N,A,-,N,NA,NA,NA,NA,NA,NA,NA,NA,NA,N,3,0,1,2,A,-,08,22107,NA,N,B,C,A,A,H,-,A,D,0,NA,NA,NA,NA,Y,NA,A,01,0,1,0,0,0,0,0,0,0,-,-,33.92393112182617,-118.30973052978516,LOS ANGELES,UNINCORPORATED,-118.30921936035156,33.92399215698242
91079416,2019,2019-09-20,9550,2019-09-17,0115,018412,NA,2,3,7,1941,0,1,1,NA,2,653,I-605 S/B,SPRING STREET,572,S,N,A,-,Y,NA,NA,605,NA,NA,NA,NA,NA,S,Y,3,0,1,1,A,-,03,22350,NA,N,E,J,A,A,H,-,D,D,0,NA,NA,NA,NA,Y,NA,A,01,0,1,0,0,0,0,0,0,0,-,-,33.808868408203125,-118.08157348632813,LOS ANGELES,LONG BEACH,-118.08158111572266,33.808868408203125
91079423,2019,2019-09-20,9550,2019-09-16,1225,016109,NA,1,1,9,1900,0,1,3,NA,2,601,STATE ROUTE 60 WESTBOUND,BARFORD AVE PED O/C,1250,E,N,A,-,Y,NA,NA,60,NA,NA,NA,NA,NA,W,Y,4,0,1,3,A,-,03,22350,NA,N,C,C,A,A,H,-,A,D,0,NA,NA,NA,Y,Y,NA,G,27,0,0,1,0,0,0,0,0,0,-,-,34.002960205078125,-117.95095825195313,LOS ANGELES,UNINCORPORATED,-117.9509735107422,34.002906799316406
91079428,2019,2019-09-20,9535,2019-09-11,1933,022250,NA,3,2,4,1907,0,1,1,NA,2,073,I-710 (LONG BEACH FREEWAY) S/B,GAGE AVE,550,S,N,A,-,Y,NA,NA,710,NA,NA,NA,NA,NA,S,Y,4,0,1,3,A,-,07,21658,A,N,B,C,A,A,H,-,C,D,0,NA,NA,NA,NA,Y,NA,A,01,0,0,1,0,0,0,0,0,0,-,-,33.973670959472656,-118.16802978515624,LOS ANGELES,BELL,-118.16795349121094,33.973663330078125
91079435,2019,2019-09-20,9565,2019-09-10,1050,019031,NA,2,1,9,1900,0,3,5,NA,2,005,VIA MARINA S/B,ADMIRALTY WAY,100,S,N,A,-,N,NA,NA,NA,NA,NA,NA,NA,NA,NA,N,3,0,1,2,A,-,07,21658,A,N,F,A,A,A,H,-,A,D,0,NA,NA,Y,NA,Y,NA,A,01,0,1,0,0,0,0,0,0,1,-,-,33.98060989379883,-118.45947265625,LOS ANGELES,UNINCORPORATED,-118.45989990234376,33.98114013671875
91079437,2019,2019-09-20,9535,2019-09-01,1535,22130,NA,7,2,9,1900,0,3,5,NA,2,002,ARIZONA ST. (200 BLOCK),3RD ST.,275,N,N,A,-,N,NA,NA,NA,NA,NA,NA,NA,NA,NA,Y,4,0,1,2,A,-,09,21801,A,N,A,C,A,A,H,-,A,D,0,NA,NA,NA,NA,Y,NA,A,08,0,0,1,0,0,0,0,0,0,-,-,34.034210205078125,-118.16380310058594,LOS ANGELES,UNINCORPORATED,-118.49706268310548,34.01752853393555
91079438,2019,2019-09-20,9525,2019-09-15,1550,021138,NA,7,2,6,1955,0,1,3,NA,2,072,SR-71 N/B (CHINO VALLEY FWY),RIO RANCHO RD,50,S,N,A,-,Y,NA,NA,71,NA,NA,NA,NA,NA,N,Y,4,0,1,2,A,-,03,22350,NA,N,C,C,A,A,H,-,A,D,0,NA,NA,NA,NA,Y,NA,A,01,0,0,1,0,0,0,0,0,0,-,-,34.03171157836914,-117.7580337524414,LOS ANGELES,POMONA,-117.75801849365234,34.0317268371582
9107944,2020,2020-08-12,1942,2020-05-23,0045,40105,1841,6,5,7,1942,0,0,0,R,0,18A41,W 107TH ST,S FIGUEROA ST,1,W,N,A,-,N,NA,NA,NA,NA,NA,NA,NA,NA,NA,N,4,0,1,2,D,-,00,NA,NA,N,G,B,E,A,H,-,C,A,0,Y,NA,NA,NA,Y,NA,-,-,0,0,1,0,1,0,0,0,0,-,-,NA,NA,LOS ANGELES,LOS ANGELES,-118.28260803222656,33.939178466796875
9107946,2020,2020-08-12,1942,2020-05-15,2220,36553,1492,5,5,7,1942,0,0,0,N,0,14A73,VISTA DEL MAR,CENTENNIAL ST,33,S,N,A,-,N,NA,NA,NA,NA,NA,NA,NA,NA,NA,Y,3,0,1,4,A,-,01,23152,A,F,C,E,E,A,H,-,C,D,0,Y,NA,NA,NA,Y,Y,A,01,0,1,0,0,1,0,0,0,0,-,-,NA,NA,LOS ANGELES,LOS ANGELES,NA,NA
91079468,2019,2019-09-20,9565,2019-09-10,1745,021678,NA,2,2,9,1900,0,3,5,NA,2,004,OCEAN GATE AVE.,142ND ST.,0,NA,Y,A,-,N,NA,NA,NA,NA,NA,NA,NA,NA,NA,N,3,0,1,2,A,-,09,21802,A,N,D,C,A,A,H,-,A,D,0,NA,NA,NA,NA,Y,NA,A,01,0,1,0,0,0,0,0,0,0,-,-,33.902801513671875,-118.36705017089844,LOS ANGELES,UNINCORPORATED,-118.36711120605467,33.90277862548828
9107947,2020,2020-08-12,1942,2020-04-14,2110,31652,1546,2,5,7,1942,0,0,0,O,0,15A43,MAGNOLIA BL,LEMP AV,80,E,N,A,-,N,NA,NA,NA,NA,NA,NA,NA,NA,NA,N,4,0,2,2,A,-,21,22106,NA,N,D,C,A,A,H,-,C,D,0,NA,NA,NA,NA,Y,NA,J,48,0,0,2,0,0,0,0,0,0,-,-,NA,NA,LOS ANGELES,LOS ANGELES,-118.38424682617188,34.164913177490234
91079491,2019,2019-09-20,9525,2019-09-16,1525,021757,NA,1,2,6,1955,0,1,3,NA,2,071,SR-71 S/B (CHINO VALLEY FWY),VALLEY BLVD,100,S,N,A,-,Y,NA,NA,NA,NA,NA,NA,NA,NA,NA,Y,4,0,1,2,A,-,07,21658,A,N,B,C,A,A,H,-,A,D,0,NA,NA,Y,NA,Y,NA,A,01,0,0,1,0,0,0,0,0,1,-,-,34.06114959716797,-117.8900909423828,LOS ANGELES,POMONA,-117.78926849365234,34.06132888793945
9107950,2020,2020-08-12,1942,2020-04-12,0130,43432,0514,7,5,7,1942,0,0,0,E,0,5A25,W ANAHEIM ST,FIGUEROA ST,191,W,N,A,-,N,NA,NA,NA,NA,NA,NA,NA,NA,NA,Y,4,0,2,1,A,-,03,22350,NA,N,E,I,A,A,H,-,C,A,0,NA,NA,NA,NA,Y,NA,J,48,0,0,2,0,0,0,0,0,0,-,-,NA,NA,LOS ANGELES,LOS ANGELES,-118.28015899658205,33.77899932861328
9107951,2020,2020-08-26,1942,2020-05-14,1353,40275,0112,4,5,7,1942,0,0,0,A,0,1A1,N BROADWAY,ALISO ST,0,NA,Y,A,-,Y,LA,7,101,-,-,1.181,R,4,S,Y,3,0,1,3,A,-,12,21453,A,N,D,C,A,A,H,-,A,A,0,NA,NA,NA,NA,Y,NA,A,01,0,1,0,0,0,0,0,0,0,-,-,NA,NA,LOS ANGELES,LOS ANGELES,-118.24381256103516,34.05778503417969
91079516,2019,2019-09-20,9565,2019-09-11,1643,021663,NA,3,2,7,1942,0,1,1,NA,2,083,I-10 E/B (SANTA MONICA FREEWAY),MOTOR AVE,50,W,N,A,-,Y,NA,NA,10,NA,NA,NA,NA,NA,E,N,4,0,1,3,A,-,07,21658,A,N,C,C,A,A,H,-,A,D,0,NA,NA,Y,NA,Y,NA,A,07,0,0,1,0,0,0,0,0,1,-,-,34.0306396484375,-118.41114044189452,LOS ANGELES,LOS ANGELES,-118.41114807128906,34.030616760253906
9107952,2020,2020-08-12,1942,2020-04-09,1300,39746,0923,4,5,7,1942,0,0,0,I,0,9A41,VICTORY BL,VESPER AV,187,W,N,C,-,N,NA,NA,NA,NA,NA,NA,NA,NA,NA,N,4,0,1,2,A,-,03,22350,NA,N,C,C,A,B,H,-,A,A,0,NA,NA,NA,NA,Y,NA,A,08,0,0,1,0,0,0,0,0,0,-,-,NA,NA,LOS ANGELES,LOS ANGELES,-118.45154571533205,34.18666076660156
91079523,2019,2019-09-20,9535,2019-08-03,1200,022245,NA,6,1,5,1969,0,1,1,NA,2,075,I-710 (LONG BEACH FREEWAY) S/B,IMPERIAL HWY,500,S,N,A,-,Y,NA,NA,NA,NA,NA,NA,NA,NA,NA,N,4,0,2,2,D,-,00,NA,NA,N,B,C,A,A,H,-,A,D,0,NA,NA,NA,Y,Y,NA,-,-,0,0,2,0,0,0,0,0,0,-,-,33.92620086669922,-118.1781005859375,LOS ANGELES,SOUTH GATE,-118.17897033691406,33.929481506347656
9107953,2020,2020-08-12,1942,2020-04-30,0930,42640,0859,4,5,7,1942,0,0,0,H,0,8A59,S SHENANDOAH ST,W 18TH ST,0,NA,Y,B,-,N,NA,NA,NA,NA,NA,NA,NA,NA,NA,N,3,0,1,2,C,-,18,NA,NA,N,H,B,B,A,H,-,A,D,0,Y,NA,NA,NA,Y,NA,-,-,0,1,0,0,1,0,0,0,0,-,-,NA,NA,LOS ANGELES,LOS ANGELES,-118.38311767578124,34.045738220214844
91079530,2019,2019-12-31,9550,2019-09-13,0756,016299,NA,5,1,9,1900,0,3,5,NA,2,002,GUNN AVENUE,LIGHT STREET,15,S,N,A,-,N,NA,NA,NA,NA,NA,NA,NA,NA,NA,N,4,0,1,2,A,-,10,21950,A,F,G,B,B,A,H,-,A,A,0,Y,NA,NA,NA,Y,NA,D,22,0,0,1,0,1,0,0,0,0,-,-,33.94390106201172,-118.03466796875,LOS ANGELES,UNINCORPORATED,-118.03462982177734,33.943965911865234
91079537,2019,2019-09-20,9525,2019-09-11,0500,018195,NA,3,3,6,1955,0,1,3,NA,2,072,SR-71 N/B (CHINO VALLEY FWY),RIO RANCHO RD,500,S,N,A,-,Y,NA,NA,71,NA,NA,NA,NA,NA,N,Y,3,0,2,2,A,-,03,22350,NA,N,C,C,A,A,H,-,D,D,0,NA,NA,NA,NA,Y,NA,A,01,0,1,1,0,0,0,0,0,0,-,-,34.030399322509766,-117.75659942626952,LOS ANGELES,POMONA,-117.756591796875,34.0304069519043
9107954,2020,2020-08-12,1942,2020-04-24,2011,41661,0462,5,5,7,1942,0,0,0,D,0,4A71,S SAINT LOUIS ST,S BOYLE AV,0,NA,Y,A,-,N,NA,NA,NA,NA,NA,NA,NA,NA,NA,N,4,0,1,2,A,-,09,21802,A,N,B,C,A,A,H,-,C,A,0,NA,NA,NA,NA,Y,NA,A,01,0,0,1,0,0,0,0,0,0,-,-,NA,NA,LOS ANGELES,LOS ANGELES,-118.21893310546876,34.03668975830078
91079547,2019,2019-09-20,9565,2019-09-10,1550,021678,NA,2,2,9,1900,0,3,5,NA,2,002,CENTURY BLVD.,VERMONT AVE.,70,W,N,A,-,N,NA,NA,NA,NA,NA,NA,NA,NA,NA,N,3,0,1,2,A,-,08,22107,NA,F,B,C,A,A,H,-,A,D,0,NA,NA,Y,NA,Y,NA,-,99,0,1,0,0,0,0,0,0,1,-,-,33.94551086425781,-118.29215240478516,LOS ANGELES,UNINCORPORATED,-118.29215240478516,33.945491790771484
91079560,2019,2019-09-20,9525,2019-09-13,1210,015445,NA,5,1,6,1955,0,1,1,NA,2,108,I-10 E/B (SAN BERNARDINO FWY),KELLOGG DRIVE,470,W,N,A,-,Y,NA,NA,10,NA,NA,NA,NA,NA,E,Y,4,0,1,1,A,-,08,22107,NA,N,E,I,A,A,D,E,A,C,0,NA,NA,NA,NA,Y,NA,A,07,0,0,1,0,0,0,0,0,0,-,-,34.0637092590332,-117.81841278076172,LOS ANGELES,POMONA,-117.8184051513672,34.06357192993164
91079563,2019,2019-09-20,9535,2019-09-11,1458,022343,NA,3,2,5,1906,0,1,1,NA,2,650,I-605 (SAN GABRIEL RIVER FREEWAY) N/B,VALLEY BLVD,930,S,N,A,-,Y,NA,NA,NA,NA,NA,NA,NA,NA,NA,N,4,0,2,2,A,-,03,22350,NA,N,C,C,A,A,H,-,A,D,0,NA,NA,NA,NA,Y,NA,A,01,0,0,2,0,0,0,0,0,0,-,-,34.051849365234375,-118.00546264648438,LOS ANGELES,BALDWIN PARK,-118.00545501708984,34.05200958251953
91079592,2019,2019-09-20,9580,2019-09-15,1435,021807,NA,7,2,7,1942,0,1,1,NA,2,406,I-405 N/B (SAN DIEGO FWY),NORDHOFF ST,196,S,N,A,-,Y,NA,NA,405,NA,NA,NA,NA,NA,N,N,4,0,1,2,A,-,03,22350,NA,N,C,C,A,A,H,-,A,D,0,NA,NA,NA,NA,Y,NA,A,01,0,0,1,0,0,0,0,0,0,-,-,34.234901428222656,-118.472900390625,LOS ANGELES,LOS ANGELES,-118.47295379638672,34.234901428222656
91079612,2019,2019-09-20,9535,2019-09-11,0400,022325,NA,3,3,5,1947,0,1,3,NA,2,600,SR-60 (POMONA FREEWAY) E/B,WILCOX AVE,300,E,N,A,-,Y,NA,NA,60,NA,NA,NA,NA,NA,E,Y,4,0,3,2,A,-,07,21658,A,N,C,C,A,A,H,-,C,D,0,NA,NA,NA,NA,Y,NA,A,07,0,0,3,0,0,0,0,0,0,-,-,34.033180236816406,-118.12403106689452,LOS ANGELES,MONTEBELLO,-118.12403106689452,34.033119201660156
91079615,2019,2019-10-17,9580,2019-09-11,0825,016592,NA,3,1,7,1942,0,1,3,NA,2,117,SR-118 W/B (RONALD REAGAN FWY.),WILBUR AVE,30,E,N,A,-,Y,NA,NA,118,NA,NA,NA,NA,NA,W,Y,3,0,1,4,A,-,03,22350,NA,N,C,C,A,A,H,-,A,D,0,NA,NA,NA,Y,Y,NA,F,26,0,1,0,0,0,0,0,0,0,-,-,34.272911071777344,-118.55168151855467,LOS ANGELES,LOS ANGELES,-118.55166625976564,34.272865295410156
91079620,2019,2019-09-20,9580,2019-09-14,1609,021780,NA,6,2,7,1942,0,1,2,NA,2,101,US-101 S/B (VENTURA FREEWAY),WOODMAN AVE,845,S,N,A,-,Y,NA,NA,NA,NA,NA,NA,NA,NA,NA,Y,3,0,4,3,A,-,03,22350,NA,N,C,C,A,A,H,-,A,D,0,NA,NA,NA,NA,Y,NA,A,01,0,1,3,0,0,0,0,0,0,-,-,34.919700622558594,-118.25418090820313,LOS ANGELES,LOS ANGELES,-118.43121337890624,34.155540466308594
91079622,2019,2019-09-20,9525,2019-09-16,1715,016342,NA,1,2,5,1990,0,1,3,NA,2,574,SR-57 N/B (ORANGE FWY),PATHFINDER RD.,600,S,N,B,-,Y,NA,NA,57,NA,NA,NA,NA,NA,N,N,3,0,1,3,A,-,07,21658,A,M,B,C,A,A,H,-,A,D,0,NA,NA,NA,NA,Y,NA,-,99,0,1,0,0,0,0,0,0,0,-,-,33.98310852050781,-117.8421630859375,LOS ANGELES,DIAMOND BAR,-117.84222412109376,33.98308563232422
9107965,2020,2020-08-14,1900,2020-07-16,1715,647468,0453,4,5,6,1949,0,0,0,NA,0,43K2P,IMPERIAL HWY,ORR AND DAY RD,304,W,N,A,-,N,NA,NA,NA,NA,NA,NA,NA,NA,NA,Y,4,0,1,2,A,-,08,22107,NA,N,C,E,A,A,H,-,A,D,0,NA,NA,NA,NA,Y,NA,D,22,0,0,1,0,0,0,0,0,0,-,-,NA,NA,LOS ANGELES,NORWALK,-118.09269714355467,33.91704559326172
91079657,2019,2019-09-20,9525,2019-09-17,1645,021757,NA,2,2,5,1906,0,1,1,NA,2,104,I-10 E/B (SAN BERNARDINO FWY),BALDWIN PARK BLVD,100,W,N,A,-,Y,NA,NA,10,NA,NA,NA,NA,NA,E,Y,4,0,1,2,A,-,07,21658,A,N,C,C,A,A,H,-,A,D,0,NA,NA,NA,NA,Y,NA,A,07,0,0,1,0,0,0,0,0,0,-,-,34.06740951538086,-117.98236846923828,LOS ANGELES,BALDWIN PARK,-117.98236846923828,34.06742477416992
91079660,2019,2019-09-20,9525,2019-09-12,1415,020505,NA,4,2,6,1955,0,1,3,NA,2,571,SR-57 S/B (ORANGE FWY),VIA VERDE AVE,1056,S,N,A,-,Y,NA,NA,NA,NA,NA,NA,NA,NA,NA,Y,3,0,1,1,A,-,08,22107,NA,N,E,I,A,A,H,-,A,D,0,NA,NA,NA,NA,Y,NA,A,07,0,1,0,0,0,0,0,0,0,-,-,34.074668884277344,-117.81099700927734,LOS ANGELES,POMONA,-117.81199645996094,34.07566833496094
91079662,2019,2019-09-20,9545,2019-09-10,1245,018862,NA,2,1,9,1900,0,1,3,NA,1,012,SR-138 (AVENUE D),150TH ST W,330,E,N,A,-,Y,NA,NA,138,NA,NA,NA,NA,NA,NA,Y,4,0,1,1,A,-,08,22107,NA,N,F,A,A,A,H,-,A,D,0,NA,NA,NA,Y,Y,NA,G,25,0,0,1,0,0,0,0,0,0,-,-,34.775550842285156,-118.39520263671876,LOS ANGELES,UNINCORPORATED,-118.39520263671876,34.77549362182617
91079663,2019,2019-09-20,9550,2019-09-19,1515,020959,NA,4,2,9,1900,0,1,1,NA,2,650,INTERSTATE 605 (SAN GABRIEL RIVER FREEW,WHITTIER BOULEVARD,1150,N,N,A,-,Y,NA,NA,605,NA,NA,NA,NA,NA,NA,Y,4,0,1,3,A,-,03,22350,NA,N,C,C,A,A,H,-,A,D,0,NA,NA,NA,Y,Y,NA,G,25,0,0,1,0,0,0,0,0,0,-,-,33.99681091308594,-118.06852722167967,LOS ANGELES,UNINCORPORATED,-118.06855010986328,33.9968147277832
91079664,2019,2019-09-20,9530,2019-08-31,1030,021623,NA,6,1,5,1943,0,1,1,NA,2,210,I-105 E/B (GLENN ANDERSON FWY),ALAMEDA ST.,200,W,N,A,-,Y,NA,NA,105,NA,NA,NA,NA,NA,E,Y,4,0,5,2,A,-,07,21658,A,N,B,C,A,A,A,-,A,D,0,NA,NA,NA,NA,Y,NA,A,01,0,0,5,0,0,0,0,0,0,-,-,33.92897033691406,-118.22737121582033,LOS ANGELES,LYNWOOD,-118.22737121582033,33.92897033691406
9107969,2020,2020-08-14,1910,2020-07-17,2300,04616,NA,5,5,4,1910,0,0,0,NA,0,004,NORTH SANTA MONICA BL,N BEVERLY DR,0,NA,Y,A,-,N,NA,NA,NA,NA,NA,NA,NA,NA,NA,Y,4,0,2,2,A,-,09,21801,A,N,C,A,A,A,A,-,C,A,0,NA,NA,NA,NA,Y,NA,J,48,0,0,2,0,0,0,0,0,0,-,-,34.071781158447266,-118.40371704101564,LOS ANGELES,BEVERLY HILLS,-118.40367126464844,34.07167053222656
91079699,2019,2019-09-20,9565,2019-09-11,1025,016945,NA,3,1,9,1900,0,3,5,NA,2,002,NORMANDIE AVANUE,111TH ST,6,S,N,A,-,N,NA,NA,NA,NA,NA,NA,NA,NA,NA,Y,4,0,2,3,A,-,21,22106,NA,N,B,C,A,A,H,-,A,D,0,NA,NA,NA,NA,Y,NA,A,01,0,0,2,0,0,0,0,0,0,-,-,33.9340705871582,-118.30027770996094,LOS ANGELES,UNINCORPORATED,-118.30032348632813,33.9332275390625
91079701,2019,2019-09-20,9530,2019-09-12,1630,022122,NA,4,2,9,1900,0,3,5,NA,2,001,ZAMORA AVE (8100 BLOCK),ALDIS ST.,20,S,N,A,-,N,NA,NA,NA,NA,NA,NA,NA,NA,NA,N,4,0,1,2,A,-,09,21804,A,N,D,G,A,A,H,-,A,D,0,NA,Y,NA,NA,Y,NA,L,04,0,0,1,0,0,0,1,0,0,-,-,33.96501159667969,-118.25100708007813,LOS ANGELES,UNINCORPORATED,-118.25106811523438,33.9649658203125
91079722,2019,2019-09-20,9525,2019-09-15,1535,021355,NA,7,2,4,1905,0,3,5,NA,2,002,EAST FORK RD.,SR-39 (SAN GABRIEL CANYON RD.),5280,E,N,A,-,N,NA,NA,NA,NA,NA,NA,NA,NA,NA,Y,4,0,1,1,A,-,01,23152,A,N,E,I,A,A,H,-,A,D,0,NA,NA,NA,NA,Y,Y,D,22,0,0,1,0,0,0,0,0,0,-,-,34.238731384277344,-117.8359832763672,LOS ANGELES,AZUSA,-117.86872863769533,34.24119186401367