CASE_ID,ACCIDENT_YEAR,PROC_DATE,JURIS,COLLISION_DATE,COLLISION_TIME,OFFICER_ID,REPORTING_DISTRICT,DAY_OF_WEEK,CHP_SHIFT,POPULATION,CNTY_CITY_LOC,SPECIAL_COND,BEAT_TYPE,CHP_BEAT_TYPE,CITY_DIVISION_LAPD,CHP_BEAT_CLASS,BEAT_NUMBER,PRIMARY_RD,SECONDARY_RD,DISTANCE,DIRECTION,INTERSECTION,WEATHER_1,WEATHER_2,STATE_HWY_IND,CALTRANS_COUNTY,CALTRANS_DISTRICT,STATE_ROUTE,ROUTE_SUFFIX,POSTMILE_PREFIX,POSTMILE,LOCATION_TYPE,RAMP_INTERSECTION,SIDE_OF_HWY,TOW_AWAY,COLLISION_SEVERITY,NUMBER_KILLED,NUMBER_INJURED,PARTY_COUNT,PRIMARY_COLL_FACTOR,PCF_CODE_OF_VIOL,PCF_VIOL_CATEGORY,PCF_VIOLATION,PCF_VIOL_SUBSECTION,HIT_AND_RUN,TYPE_OF_COLLISION,MVIW,PED_ACTION,ROAD_SURFACE,ROAD_COND_1,ROAD_COND_2,LIGHTING,CONTROL_DEVICE,CHP_ROAD_TYPE,PEDESTRIAN_ACCIDENT,BICYCLE_ACCIDENT,MOTORCYCLE_ACCIDENT,TRUCK_ACCIDENT,NOT_PRIVATE_PROPERTY,ALCOHOL_INVOLVED,STWD_VEHTYPE_AT_FAULT,CHP_VEHTYPE_AT_FAULT,COUNT_SEVERE_INJ,COUNT_VISIBLE_INJ,COUNT_COMPLAINT_PAIN,COUNT_PED_KILLED,COUNT_PED_INJURED,COUNT_BICYCLIST_KILLED,COUNT_BICYCLIST_INJURED,COUNT_MC_KILLED,COUNT_MC_INJURED,PRIMARY_RAMP,SECONDARY_RAMP,LATITUDE,LONGITUDE,COUNTY,CITY,POINT_X,POINT_Y
91079734,2019,2019-09-20,9525,2019-09-18,0615,015445,NA,3,1,6,1975,0,1,1,NA,2,105,I-10 W/B (SAN BERNARDINO FWY),AZUSA AVE.,550,E,N,A,-,Y,NA,NA,10,NA,NA,NA,NA,NA,W,Y,4,0,1,2,A,-,03,22350,NA,N,B,C,A,A,D,E,A,D,0,NA,NA,NA,NA,Y,NA,A,01,0,0,1,0,0,0,0,0,0,-,-,34.072139739990234,-117.90292358398438,LOS ANGELES,WEST COVINA,-117.90291595458984,34.07219696044922
91079744,2019,2019-09-20,9565,2019-09-11,0145,021889,NA,3,3,7,1942,0,1,1,NA,2,082,I-10 EB (SANTA MONICA FREEWAY),BARRINGTON AVE,20,W,N,A,-,Y,NA,NA,10,NA,NA,NA,NA,NA,E,Y,4,0,1,1,A,-,08,22107,NA,N,E,I,A,A,H,-,C,D,0,NA,NA,NA,NA,Y,NA,A,01,0,0,1,0,0,0,0,0,0,-,-,34.029598236083984,-118.4439697265625,LOS ANGELES,LOS ANGELES,-118.44395446777344,34.02952575683594
91079754,2019,2019-09-20,9525,2019-09-18,0905,014971,NA,3,1,4,1946,0,1,1,NA,2,201,I-210 W/B (FOOTHILL FWY),MYRTLE AVE,430,W,N,A,-,Y,NA,NA,210,NA,NA,NA,NA,NA,W,N,4,0,1,2,A,-,03,22350,NA,N,C,C,A,A,H,-,A,D,0,NA,NA,NA,NA,Y,NA,A,01,0,0,1,0,0,0,0,0,0,-,-,34.13555908203125,-118.00238037109376,LOS ANGELES,MONROVIA,-118.00238037109376,34.135562896728516
91079771,2019,2019-09-20,9535,2019-08-16,1455,021551,NA,5,2,9,1900,0,2,4,NA,2,024,OLYMPIC BLVD.,WILLIAMSON AVE.,0,NA,Y,A,-,N,NA,NA,NA,NA,NA,NA,NA,NA,NA,Y,4,0,1,2,A,-,09,21801,A,N,A,C,A,A,H,-,A,A,0,NA,NA,NA,NA,Y,NA,A,07,0,0,1,0,0,0,0,0,0,-,-,34.284488677978516,-118.35481262207033,LOS ANGELES,UNINCORPORATED,NA,NA
91079780,2019,2019-09-20,9565,2019-09-11,2020,021575,NA,3,2,6,1933,0,1,1,NA,2,060,I-405 SOUTHBOUND (SAN DIEGO FREEWAY),LA CIENEGA BOULEVARD,1000,N,N,A,-,Y,NA,NA,405,NA,NA,NA,NA,NA,S,N,4,0,1,2,A,-,03,22350,NA,F,C,C,A,A,H,-,C,D,0,NA,NA,NA,NA,Y,NA,A,01,0,0,1,0,0,0,0,0,0,-,-,33.96892166137695,-118.37290191650392,LOS ANGELES,INGLEWOOD,-118.37285614013672,33.96897888183594
91079787,2019,2019-09-20,9530,2019-09-13,1115,014654,NA,5,1,7,1941,0,1,1,NA,2,430,I-405 N/B (SAN DIEGO FREEWAY),WOODRUFF AVE.,528,N,N,A,-,Y,NA,NA,NA,NA,NA,NA,NA,NA,NA,Y,3,0,1,2,A,-,07,21658,A,N,F,A,A,A,H,-,A,D,0,NA,NA,Y,NA,Y,NA,A,08,0,1,0,0,0,0,0,0,1,-,-,33.489830017089844,-118.779296875,LOS ANGELES,LONG BEACH,-118.11628723144533,33.80253601074219
91079810,2019,2019-09-20,9530,2019-09-14,1545,020956,NA,6,2,7,1941,0,1,1,NA,2,072,I-710 S/B (LONG BEACH FREEWAY),WILLOW ST.,1584,S,N,A,-,Y,NA,NA,710,NA,NA,NA,NA,NA,S,Y,4,0,1,1,A,-,08,22107,NA,N,E,I,A,A,H,-,A,D,0,NA,NA,NA,NA,Y,NA,A,01,0,0,1,0,0,0,0,0,0,-,-,33.79999923706055,-118.20670318603516,LOS ANGELES,LONG BEACH,-118.20703125,33.799991607666016
91079814,2019,2019-09-20,9525,2019-09-19,1430,016342,NA,4,2,5,1990,0,1,3,NA,2,584,SR-57 N/B (ORANGE FWY),PATHFINDER RD.,500,N,N,A,-,Y,NA,NA,57,NA,NA,NA,NA,NA,N,N,3,0,1,2,A,-,08,22107,NA,N,B,C,A,A,H,-,A,D,0,NA,NA,Y,NA,Y,NA,A,07,0,1,0,0,0,0,0,0,1,-,-,33.989410400390625,-117.84259796142578,LOS ANGELES,DIAMOND BAR,-117.84271240234376,33.98942184448242
91079815,2019,2019-09-20,9535,2019-08-31,1800,021080,NA,6,2,9,1900,0,1,1,NA,2,651,I-605 N/B (SAN GABRIEL RIVER FWY),VALLEY BLVD,350,S,N,A,-,Y,NA,NA,605,NA,NA,NA,NA,NA,N,Y,4,0,1,2,A,-,03,22350,NA,N,C,C,A,A,H,-,A,D,0,NA,NA,NA,NA,Y,NA,A,01,0,0,1,0,0,0,0,0,0,-,-,34.05318832397461,-118.00472259521484,LOS ANGELES,UNINCORPORATED,-118.00474548339844,34.05320358276367
91079822,2019,2019-11-04,9525,2019-09-12,1625,020505,NA,4,2,6,1955,0,1,3,NA,2,571,SR-57 S/B TO TEMPLE AVE,TEMPLE AVE,150,N,N,A,-,Y,NA,NA,57,NA,NA,NA,R,NA,S,N,4,0,1,2,D,-,00,NA,NA,N,C,C,A,A,H,-,A,D,0,NA,NA,NA,Y,Y,NA,-,-,0,0,1,0,0,0,0,0,0,-,-,34.04558181762695,-117.80210876464844,LOS ANGELES,POMONA,-117.80210876464844,34.04558181762695
91079828,2019,2019-09-20,9530,2019-09-14,1830,022122,NA,6,2,9,1900,0,3,5,NA,2,002,EL SEGUNDO BLVD.,MAIN STREET,0,NA,Y,A,-,N,NA,NA,NA,NA,NA,NA,NA,NA,NA,N,4,0,1,2,A,-,12,21453,A,N,D,C,A,A,H,-,A,A,0,NA,NA,NA,NA,Y,NA,A,01,0,0,1,0,0,0,0,0,0,-,-,33.91648864746094,-118.27391052246094,LOS ANGELES,UNINCORPORATED,-118.41594696044922,33.9163703918457
91079836,2019,2019-09-20,9565,2019-09-11,1617,021372,NA,3,2,7,1942,0,1,1,NA,2,083,I-10 WESTBOUND (SANTA MONICA FWY),BAGLEY AVENUE,600,W,N,A,-,Y,NA,NA,10,NA,NA,NA,NA,NA,W,Y,3,0,2,5,A,-,03,22350,NA,N,C,C,A,A,H,-,A,D,0,NA,NA,NA,NA,Y,NA,A,01,0,1,1,0,0,0,0,0,0,-,-,34.02936935424805,-118.3988037109375,LOS ANGELES,LOS ANGELES,-118.3988037109375,34.029361724853516
91079837,2019,2019-09-20,9525,2019-09-15,1502,021931,NA,7,2,1,1934,0,1,1,NA,2,652,I-605 N/B (SAN GABRIEL RIVER FWY),I-210 E/B (FOOTHILL FWY),2112,S,N,A,-,Y,NA,NA,605,NA,NA,NA,NA,NA,N,Y,3,0,1,2,A,-,07,21658,A,N,E,I,A,A,H,-,A,D,0,NA,NA,NA,NA,Y,NA,D,22,0,1,0,0,0,0,0,0,0,-,-,34.128108978271484,-117.96221160888672,LOS ANGELES,IRWINDALE,-117.96221160888672,34.12811279296875
91079839,2019,2019-09-20,9550,2019-09-19,1410,021656,NA,4,2,3,1964,0,1,1,NA,2,650,N/B INTERSTATE 605,INTERSTATE 5 (SANTA ANA FREEWAY),500,N,N,A,-,Y,NA,NA,605,NA,NA,NA,NA,NA,NA,N,4,0,1,2,A,-,03,22350,NA,N,C,C,A,A,H,-,A,D,0,NA,NA,NA,NA,Y,NA,A,07,0,0,1,0,0,0,0,0,0,-,-,33.94247055053711,-118.09584045410156,LOS ANGELES,SANTA FE SPRINGS,-118.09583282470705,33.942466735839844
91079845,2019,2019-09-20,9565,2019-09-11,1705,021473,NA,3,2,7,1942,0,1,1,NA,2,010,I-105 E/B (CENTURY FWY),AVIATION BLVD,10,E,N,A,-,Y,NA,NA,105,NA,NA,NA,NA,NA,E,N,3,0,1,2,A,-,03,22350,NA,N,C,C,A,A,H,-,A,D,0,NA,NA,NA,NA,Y,NA,A,01,0,1,0,0,0,0,0,0,0,-,-,33.930450439453125,-118.37847137451172,LOS ANGELES,LOS ANGELES,-118.3784637451172,33.930477142333984
91079849,2019,2019-09-20,9535,2019-08-18,1045,022286,NA,7,1,3,1914,0,1,1,NA,2,500,NORTHBOUND I-5,SIMONS RR U/P,200,S,N,A,-,Y,NA,NA,5,NA,NA,NA,NA,NA,NA,N,4,0,1,2,A,-,07,21658,A,N,B,C,A,A,H,-,A,D,0,NA,NA,NA,NA,Y,NA,A,01,0,0,1,0,0,0,0,0,0,-,-,33.98860168457031,-118.13841247558594,LOS ANGELES,COMMERCE,-118.13841247558594,33.98859405517578
91079851,2019,2019-09-20,9565,2019-09-11,1045,017713,NA,3,1,9,1900,0,3,5,NA,2,003,LA BREA AVE.,NORTHRIDGE DR.,0,NA,Y,A,-,N,NA,NA,NA,NA,NA,NA,NA,NA,NA,Y,3,0,2,2,A,-,09,21802,A,N,D,C,A,A,H,-,A,A,0,NA,NA,NA,NA,Y,NA,A,07,0,2,0,0,0,0,0,0,0,-,-,33.99266815185547,-118.35883331298828,LOS ANGELES,UNINCORPORATED,-118.35884857177734,33.99258041381836
91079861,2019,2019-09-20,9525,2019-09-14,1640,020505,NA,6,2,5,1990,0,1,3,NA,2,602,SR-60 E/B (POMONA FWY),BREA CANYON RD.,2640,E,N,A,-,Y,NA,NA,60,NA,NA,NA,NA,NA,E,N,3,0,1,2,A,-,03,22350,NA,N,C,C,A,A,H,-,A,D,0,NA,NA,NA,NA,Y,NA,A,07,0,1,0,0,0,0,0,0,0,-,-,34.00165939331055,-117.8359832763672,LOS ANGELES,DIAMOND BAR,-117.8359832763672,34.001686096191406
91079867,2019,2019-09-23,9530,2019-09-15,1205,018745,NA,7,1,9,1900,0,3,5,NA,2,006,SEPULVEDA BLVD. (800 BLOCK),VERMONT AVE.,60,E,N,B,-,Y,NA,NA,NA,NA,NA,NA,NA,NA,NA,Y,4,0,2,3,A,-,03,22350,NA,N,C,C,A,A,H,-,A,A,0,NA,NA,NA,NA,Y,NA,A,01,0,0,2,0,0,0,0,0,0,-,-,33.810089111328125,-118.29002380371094,LOS ANGELES,UNINCORPORATED,-118.29022979736328,33.81018829345703
91079869,2019,2019-09-23,9550,2019-09-19,1715,021656,NA,4,2,9,1900,0,1,1,NA,2,650,INTERSTATE 605 SOUTHBOUND,ROSE HILLS ROAD,1200,N,N,A,-,Y,NA,NA,NA,NA,NA,NA,NA,NA,NA,Y,4,0,8,4,A,-,03,22350,NA,N,C,C,A,A,H,-,A,D,0,NA,NA,NA,NA,Y,NA,A,01,0,0,8,0,0,0,0,0,0,-,-,34.019901275634766,-118.04971313476564,LOS ANGELES,UNINCORPORATED,-118.04974365234376,34.01996612548828
91079876,2019,2019-09-23,9530,2019-09-16,1730,019412,NA,1,2,2,1967,0,1,1,NA,2,420,I-405 S/B (SAN DIEGO FREEWAY),WALNUT AVE.,300,S,N,A,-,Y,NA,NA,405,NA,NA,NA,NA,NA,S,N,4,0,1,2,A,-,03,22350,NA,N,C,C,A,A,H,-,A,D,0,NA,NA,NA,NA,Y,NA,A,01,0,0,1,0,0,0,0,0,0,-,-,33.813961029052734,-118.1696319580078,LOS ANGELES,SIGNAL HILL,-118.16962432861328,33.81398391723633
91079877,2019,2019-09-23,9530,2019-09-16,1200,013990,NA,1,1,9,1900,0,3,5,NA,2,003,WHITE AVE.,MYRRH ST.,0,NA,Y,A,-,N,NA,NA,NA,NA,NA,NA,NA,NA,NA,N,3,0,3,2,A,-,09,21802,A,N,D,C,A,A,H,-,A,A,0,NA,NA,NA,NA,Y,NA,A,01,0,1,2,0,0,0,0,0,0,-,-,33.89244842529297,-118.19547271728516,LOS ANGELES,UNINCORPORATED,-118.19537353515624,33.89244079589844
91079883,2019,2019-09-23,9550,2019-09-04,1055,022268,NA,3,1,9,1900,0,2,4,NA,1,031,HACIENDA BOULEVARD (N/B),GALE AVENUE,50,S,N,A,-,N,NA,NA,NA,NA,NA,NA,NA,NA,NA,N,4,0,1,2,A,-,03,22350,NA,N,C,C,A,A,H,-,A,D,0,NA,NA,NA,NA,Y,NA,J,48,0,0,1,0,0,0,0,0,0,-,-,33.01060104370117,-117.96289825439452,LOS ANGELES,UNINCORPORATED,-117.96306610107422,34.01070785522461
91079892,2019,2019-09-23,9575,2019-09-11,1200,015204,NA,3,1,9,1900,0,1,3,NA,2,302,SR-2 (ANGELES CREST HWY),UPPER BIG TUJUNGA CANYON RD,4541,E,N,A,-,Y,NA,NA,2,NA,NA,NA,NA,NA,NA,Y,3,0,1,1,C,-,18,NA,NA,N,H,H,A,A,H,-,A,D,0,NA,NA,Y,NA,Y,NA,-,-,0,1,0,0,0,0,0,0,1,-,-,34.27294158935547,-118.02796173095705,LOS ANGELES,UNINCORPORATED,-118.02796173095705,34.27295684814453
91079893,2019,2019-09-23,9575,2019-08-12,0200,021566,NA,1,3,7,1942,0,1,3,NA,2,041,SR-134 E/B (VENTURA FREEWAY),SR-2 E/B (GLENDALE FREEWAY),3489,E,N,A,-,Y,NA,NA,134,NA,NA,NA,NA,NA,E,Y,3,0,3,2,A,-,01,23152,A,N,C,C,A,A,H,-,D,D,0,NA,NA,NA,NA,Y,Y,A,01,0,2,1,0,0,0,0,0,0,-,-,34.14487075805664,-118.21482849121094,LOS ANGELES,LOS ANGELES,-118.21482849121094,34.14486312866211
91079901,2019,2019-09-23,9525,2019-09-10,2035,021224,NA,2,2,6,1955,0,1,3,NA,2,606,SR-60 E/B (POMONA FWY),GAREY AVENUE,1056,E,N,A,-,Y,NA,NA,60,NA,NA,NA,NA,NA,E,Y,3,0,1,2,C,-,18,NA,NA,N,E,J,A,A,H,-,D,D,0,NA,NA,Y,NA,Y,NA,-,-,0,1,0,0,0,0,0,0,1,-,-,34.02391052246094,-117.74331665039064,LOS ANGELES,POMONA,-117.74333190917967,34.02396774291992
91079907,2019,2019-09-23,9535,2019-09-11,0655,022298,NA,3,1,5,1952,0,1,1,NA,2,075,I-710 S/B (LONG BEACH FREEWAY),ROSECRANS AVENUE,30,N,N,A,-,Y,NA,NA,710,NA,NA,NA,NA,NA,S,Y,4,0,1,2,A,-,03,22350,NA,N,C,C,A,A,H,-,A,D,0,NA,NA,NA,NA,Y,NA,A,01,0,0,1,0,0,0,0,0,0,-,-,33.90338897705078,-118.18572998046876,LOS ANGELES,PARAMOUNT,-118.18576049804688,33.90340805053711
91079916,2019,2019-09-23,9535,2019-09-12,0030,022277,NA,4,3,5,1906,0,1,1,NA,2,650,VALLEY BLVD ON-RAMP TO I-710 N/B,VALLEY BLVD,50,N,N,A,-,Y,NA,NA,NA,NA,NA,NA,NA,NA,NA,Y,4,0,1,1,A,-,08,22107,NA,N,E,I,A,A,H,-,C,D,0,NA,NA,NA,Y,Y,NA,F,55,0,0,1,0,0,0,0,0,0,-,-,34.055519104003906,-118.00515747070313,LOS ANGELES,BALDWIN PARK,NA,NA
91079926,2019,2019-09-23,9535,2019-09-12,0715,19495,NA,4,1,6,1922,0,1,1,NA,2,401,I-10 W/B (SAN BERNARDINO FWY),PECK RD.,1056,W,N,A,-,Y,NA,NA,10,NA,NA,NA,NA,NA,W,Y,3,0,6,5,A,-,07,21658,A,N,B,C,A,A,H,-,A,D,0,NA,NA,NA,NA,Y,NA,A,01,0,1,5,0,0,0,0,0,0,-,-,34.06800079345703,-118.03330230712892,LOS ANGELES,EL MONTE,-118.03330230712892,34.068050384521484
91079933,2019,2019-09-23,9535,2019-09-12,2115,022017,NA,4,2,9,1900,0,2,4,NA,2,025,ATLANTIC BOULEVARD (600 BLOCK),6TH STREET,25,S,N,A,-,N,NA,NA,NA,NA,NA,NA,NA,NA,NA,Y,3,0,2,2,A,-,03,22350,NA,N,C,C,A,A,H,-,C,A,0,NA,NA,NA,NA,Y,Y,A,01,0,1,1,0,0,0,0,0,0,-,-,34.02479934692383,-118.15592956542967,LOS ANGELES,UNINCORPORATED,-118.15595245361328,34.02482223510742
91079935,2019,2019-09-23,9535,2019-09-13,1920,022214,NA,5,2,5,1952,0,1,1,NA,2,104,I-105 (CENTURY FREEWAY) E/B,GARFIELD AVE,800,W,N,A,-,Y,NA,NA,105,NA,NA,NA,NA,NA,E,Y,4,0,1,3,A,-,07,21658,A,M,B,C,A,A,H,-,D,D,0,NA,NA,NA,NA,Y,NA,-,99,0,0,1,0,0,0,0,0,0,-,-,33.91093063354492,-118.1716537475586,LOS ANGELES,PARAMOUNT,-118.17164611816406,33.91094970703125
91079939,2019,2019-09-23,9535,2019-09-01,0558,021713,NA,7,3,5,1959,0,1,1,NA,2,401,I-10 W/B (SAN BERNARDINO FWY),SAN GABRIEL BLVD,1584,E,N,A,-,Y,NA,NA,10,NA,NA,NA,NA,NA,W,Y,4,0,1,1,A,-,08,22107,NA,N,E,I,A,A,H,-,B,D,0,NA,NA,NA,NA,Y,NA,A,01,0,0,1,0,0,0,0,0,0,-,-,34.072330474853516,-118.08518981933594,LOS ANGELES,ROSEMEAD,-118.08518981933594,34.072261810302734
91079947,2019,2019-09-23,9535,2019-09-13,1650,022287,NA,5,2,9,1900,0,2,4,NA,2,018,3RD STREET E/B (BLOCK 5000),LA VERNE AVE,150,E,N,A,-,N,NA,NA,NA,NA,NA,NA,NA,NA,NA,Y,4,0,1,4,A,-,03,22350,NA,N,C,C,A,A,H,-,B,D,0,NA,NA,NA,NA,Y,NA,D,22,0,0,1,0,0,0,0,0,0,-,-,34.03329849243164,-118.15740203857422,LOS ANGELES,UNINCORPORATED,-118.15816497802734,34.03348922729492
91079949,2019,2019-09-23,9535,2019-09-13,1600,022298,NA,5,2,9,1900,0,3,5,NA,2,002,VERONA STREET,ARIZONA AVENUE,0,NA,Y,A,-,N,NA,NA,NA,NA,NA,NA,NA,NA,NA,N,3,0,2,2,A,-,12,21453,A,N,D,C,A,A,H,-,A,A,0,NA,NA,NA,NA,Y,NA,A,01,0,1,1,0,0,0,0,0,0,-,-,34.02067947387695,-118.16764831542967,LOS ANGELES,UNINCORPORATED,-118.16766357421876,34.02069091796875
91080001,2019,2019-09-23,9535,2019-09-12,1605,022105,NA,4,2,5,1948,0,1,1,NA,2,420,I-10 (SAN BERNARDINO FREEWAY) E/B,I-710 S/B,130,W,N,A,-,Y,NA,NA,NA,NA,NA,NA,NA,NA,NA,Y,3,0,4,4,A,-,03,22350,NA,N,C,C,A,A,H,-,A,D,0,NA,NA,NA,NA,Y,NA,A,01,0,1,3,0,0,0,0,0,0,-,-,34.062530517578125,-118.16554260253906,LOS ANGELES,MONTEREY PARK,NA,NA
91080002,2019,2019-09-23,9575,2019-09-17,0808,017354,NA,2,1,6,1925,0,1,1,NA,2,050,I-5 N/B (GOLDEN STATE FREEWAY),WESTERN AVE. U/C,500,N,N,A,-,Y,NA,NA,5,NA,NA,NA,NA,NA,N,Y,4,0,1,2,A,-,03,22350,NA,N,C,C,A,A,H,-,A,D,0,NA,NA,NA,NA,Y,NA,A,01,0,0,1,0,0,0,0,0,0,-,-,34.16571044921875,-118.29783630371094,LOS ANGELES,GLENDALE,-118.29784393310548,34.16570281982422
91080004,2019,2019-09-23,9535,2019-09-13,1500,022259,NA,5,2,6,1922,0,1,1,NA,2,400,I-10 (SAN BERNARDINO FREEWAY) E/B,VALLEY BLVD,1000,W,N,A,-,Y,NA,NA,10,NA,NA,NA,NA,NA,E,Y,4,0,3,3,A,-,03,22350,NA,N,C,C,A,A,H,-,A,D,0,NA,NA,NA,NA,Y,NA,D,22,0,0,3,0,0,0,0,0,0,-,-,34.068599700927734,-118.04238128662108,LOS ANGELES,EL MONTE,-118.04236602783205,34.0687141418457
91080015,2019,2019-09-23,9535,2019-09-14,1645,022259,NA,6,2,6,1922,0,1,3,NA,2,620,SR-60 (POMONA FREEWAY) E/B,PARAMOUNT BLVD,1000,W,N,A,-,Y,NA,NA,NA,NA,NA,NA,NA,NA,NA,N,4,0,1,2,A,-,03,22350,NA,M,C,C,A,A,H,-,A,D,0,NA,NA,NA,NA,Y,NA,A,01,0,0,1,0,0,0,0,0,0,-,-,34.035728454589844,-118.10022735595705,LOS ANGELES,EL MONTE,-118.09619140625,34.03561019897461
91080030,2019,2019-09-23,9565,2019-09-12,1430,020796,NA,4,2,7,1942,0,1,1,NA,2,063,I-405 N/B FROM SUNSET BLVD E/B,SUNSET BLVD,50,S,N,A,-,Y,NA,NA,405,NA,NA,NA,R,NA,N,N,4,0,1,2,A,-,03,22350,NA,N,C,C,A,A,H,-,A,D,0,NA,NA,NA,NA,Y,NA,D,22,0,0,1,0,0,0,0,0,0,-,-,34.07283020019531,-118.46546173095705,LOS ANGELES,LOS ANGELES,-118.46546173095705,34.07283020019531
91080034,2019,2019-09-23,9575,2019-09-15,1920,021685,NA,7,2,9,1900,0,1,3,NA,2,304,SR-2 (ANGELES CREST HIGHWAY),SR-2 TUNNELS,900,W,N,A,-,Y,NA,NA,2,NA,NA,NA,NA,NA,NA,Y,4,0,3,1,A,-,08,22107,NA,N,E,I,A,A,H,-,D,D,0,NA,NA,NA,NA,Y,NA,A,01,0,0,3,0,0,0,0,0,0,-,-,34.3626708984375,-117.86515808105467,LOS ANGELES,UNINCORPORATED,-117.86515808105467,34.36262512207031
91080038,2019,2019-09-23,9535,2019-09-15,1600,022254,NA,7,2,4,1962,0,1,1,NA,2,400,I-10 (SAN BERNARDINO FREEWAY) E/B,NEW AVE,180,E,N,A,-,Y,NA,NA,10,NA,NA,NA,NA,NA,E,N,4,0,2,2,A,-,03,22350,NA,N,C,C,A,A,H,-,A,D,0,NA,NA,NA,NA,Y,NA,A,01,0,0,2,0,0,0,0,0,0,-,-,34.07154083251953,-118.1072998046875,LOS ANGELES,SAN GABRIEL,-118.1072998046875,34.0716667175293
91080044,2019,2019-09-23,9565,2019-09-12,1605,021575,NA,4,2,4,1918,0,1,3,NA,2,070,SR-90 EASTBOUND (MARINA FREEWAY),INGLEWOOD AVENUE,100,E,N,A,-,Y,NA,NA,NA,NA,NA,NA,NA,NA,NA,Y,4,0,2,4,A,-,07,21658,A,N,C,C,A,A,H,-,A,D,0,NA,NA,NA,Y,Y,NA,A,01,0,0,2,0,0,0,0,0,0,-,-,33.98780822753906,-118.40918731689452,LOS ANGELES,CULVER CITY,-118.40933990478516,33.98781204223633
91080048,2019,2019-09-23,9575,2019-09-13,1610,022110,NA,5,2,6,1953,0,1,1,NA,2,080,SR-710 N/B (LONG BEACH FREEWAY),DEL MAR BLVD,700,N,N,A,-,Y,NA,NA,710,NA,NA,NA,NA,NA,N,Y,4,0,1,2,A,-,08,22107,NA,N,B,C,A,A,H,-,A,D,0,NA,NA,NA,NA,Y,NA,A,01,0,0,1,0,0,0,0,0,0,-,-,34.142818450927734,-118.15474700927734,LOS ANGELES,PASADENA,-118.15482330322266,34.142818450927734
91080049,2019,2019-09-23,9565,2019-09-12,1620,021372,NA,4,2,5,1965,0,1,1,NA,2,081,I-10 WESTBOUND (SANTA MONICA FWY),11TH STREET,700,W,N,A,-,Y,NA,NA,10,NA,NA,NA,NA,NA,W,Y,3,0,1,1,A,-,08,22107,NA,N,E,I,A,A,H,-,A,D,0,NA,NA,NA,NA,Y,NA,A,01,0,1,0,0,0,0,0,0,0,-,-,34.01552963256836,-118.48478698730467,LOS ANGELES,SANTA MONICA,-118.48482513427734,34.015586853027344
91080066,2019,2019-09-23,9535,2019-09-16,1600,022259,NA,1,2,5,1969,0,1,1,NA,2,074,I-710 (LONG BEACH FREEWAY) S/B,FILESTONE BLVD,2000,N,N,A,-,Y,NA,NA,710,NA,NA,NA,NA,NA,S,N,4,0,1,2,A,-,03,22350,NA,N,C,C,A,A,H,-,A,D,0,NA,NA,NA,NA,Y,NA,A,01,0,0,1,0,0,0,0,0,0,-,-,33.95555114746094,-118.17079925537108,LOS ANGELES,SOUTH GATE,-118.17070770263672,33.95554733276367
91080068,2019,2019-09-23,9575,2019-09-11,1400,020119,NA,3,2,6,1953,0,1,1,NA,2,064,I-210 E/B (FOOTHILL FREEWAY),HILL AVE.,1000,W,N,A,-,Y,NA,NA,210,NA,NA,NA,NA,NA,E,Y,4,0,1,2,A,-,03,22350,NA,N,C,C,A,A,H,-,A,D,0,NA,NA,NA,NA,Y,NA,A,01,0,0,1,0,0,0,0,0,0,-,-,34.15177917480469,-118.12563323974608,LOS ANGELES,PASADENA,-118.12564086914064,34.1518440246582
91080073,2019,2019-09-23,9535,2019-08-04,2042,022214,NA,7,2,5,1959,0,1,1,NA,2,401,I-10 W/B TO DEL MAR AVE,DEL MAR AVE,50,E,N,A,-,Y,NA,NA,10,NA,NA,NA,R,NA,W,Y,3,0,2,1,A,-,03,22350,NA,N,E,I,A,A,H,-,C,D,0,NA,NA,NA,NA,Y,NA,A,01,0,2,0,0,0,0,0,0,0,-,-,34.072391510009766,-118.09889221191406,LOS ANGELES,ROSEMEAD,-118.09889221191406,34.072391510009766
91080075,2019,2019-09-23,9535,2019-08-11,1505,022214,NA,7,2,5,1959,0,1,1,NA,2,400,I-10 (SAN BERNARDINO FREEWAY) E/B,DEL MAR AVE,500,E,N,A,-,Y,NA,NA,10,NA,NA,NA,NA,NA,E,N,2,0,1,2,A,-,03,22350,NA,N,C,C,A,A,H,-,A,D,0,NA,NA,NA,NA,Y,NA,D,22,1,0,0,0,0,0,0,0,0,-,-,34.07183074951172,-118.09774017333984,LOS ANGELES,ROSEMEAD,-118.09774017333984,34.07175064086914
91080077,2019,2019-09-23,9535,2019-09-16,0955,022342,NA,1,1,9,1900,0,3,5,NA,2,001,GERHART AVE,POMONA BLVD,0,NA,Y,A,-,N,NA,NA,NA,NA,NA,NA,NA,NA,NA,Y,3,0,1,2,A,-,12,21453,A,N,D,C,A,A,H,-,A,A,0,NA,NA,NA,NA,Y,NA,A,01,0,1,0,0,0,0,0,0,0,-,-,34.03260040283203,-118.14409637451172,LOS ANGELES,UNINCORPORATED,-118.14417266845705,34.033470153808594