CASE_ID,ACCIDENT_YEAR,PROC_DATE,JURIS,COLLISION_DATE,COLLISION_TIME,OFFICER_ID,REPORTING_DISTRICT,DAY_OF_WEEK,CHP_SHIFT,POPULATION,CNTY_CITY_LOC,SPECIAL_COND,BEAT_TYPE,CHP_BEAT_TYPE,CITY_DIVISION_LAPD,CHP_BEAT_CLASS,BEAT_NUMBER,PRIMARY_RD,SECONDARY_RD,DISTANCE,DIRECTION,INTERSECTION,WEATHER_1,WEATHER_2,STATE_HWY_IND,CALTRANS_COUNTY,CALTRANS_DISTRICT,STATE_ROUTE,ROUTE_SUFFIX,POSTMILE_PREFIX,POSTMILE,LOCATION_TYPE,RAMP_INTERSECTION,SIDE_OF_HWY,TOW_AWAY,COLLISION_SEVERITY,NUMBER_KILLED,NUMBER_INJURED,PARTY_COUNT,PRIMARY_COLL_FACTOR,PCF_CODE_OF_VIOL,PCF_VIOL_CATEGORY,PCF_VIOLATION,PCF_VIOL_SUBSECTION,HIT_AND_RUN,TYPE_OF_COLLISION,MVIW,PED_ACTION,ROAD_SURFACE,ROAD_COND_1,ROAD_COND_2,LIGHTING,CONTROL_DEVICE,CHP_ROAD_TYPE,PEDESTRIAN_ACCIDENT,BICYCLE_ACCIDENT,MOTORCYCLE_ACCIDENT,TRUCK_ACCIDENT,NOT_PRIVATE_PROPERTY,ALCOHOL_INVOLVED,STWD_VEHTYPE_AT_FAULT,CHP_VEHTYPE_AT_FAULT,COUNT_SEVERE_INJ,COUNT_VISIBLE_INJ,COUNT_COMPLAINT_PAIN,COUNT_PED_KILLED,COUNT_PED_INJURED,COUNT_BICYCLIST_KILLED,COUNT_BICYCLIST_INJURED,COUNT_MC_KILLED,COUNT_MC_INJURED,PRIMARY_RAMP,SECONDARY_RAMP,LATITUDE,LONGITUDE,COUNTY,CITY,POINT_X,POINT_Y
91086767,2019,2019-09-30,9550,2019-09-21,0210,022180,NA,6,3,5,1908,0,1,3,NA,2,090,SR-91 W/B (ARTESIA FWY),LAKEWOOD BOULEVARD,200,E,N,A,-,Y,NA,NA,91,NA,NA,NA,NA,NA,W,Y,4,0,2,2,A,-,03,22350,NA,N,C,C,A,A,D,-,C,D,0,NA,NA,NA,NA,Y,NA,A,01,0,0,2,0,0,0,0,0,0,-,-,33.87730026245117,-118.13485717773438,LOS ANGELES,BELLFLOWER,-118.13485717773438,33.87730407714844
9108677,2020,2020-08-18,1942,2020-06-09,1800,40325,1383,2,5,7,1942,0,0,0,M,0,13A93,MAIN ST,GAGE AVE,0,NA,Y,A,-,N,NA,NA,NA,NA,NA,NA,NA,NA,NA,N,4,0,1,3,A,-,12,21453,A,F,D,C,A,A,H,-,A,A,0,NA,NA,NA,NA,Y,NA,-,99,0,0,1,0,0,0,0,0,0,-,-,NA,NA,LOS ANGELES,LOS ANGELES,-118.2739486694336,33.982421875
9108678,2020,2020-08-20,1942,2020-06-09,1940,39062,0248,2,5,7,1942,0,0,0,B,0,2A69,W 6TH STREET,WITMER ST,0,NA,Y,A,-,N,NA,NA,NA,NA,NA,NA,NA,NA,NA,N,4,0,1,2,A,-,09,21804,A,N,H,G,A,A,H,-,A,A,0,NA,Y,NA,NA,Y,NA,L,04,0,0,1,0,0,0,1,0,0,-,-,NA,NA,LOS ANGELES,LOS ANGELES,-118.26558685302734,34.055511474609375
9108679,2020,2020-08-20,1942,2020-06-09,0955,42394,0139,2,5,7,1942,0,0,0,A,0,1A29,3RD ST,CENTRAL,0,NA,Y,A,-,N,NA,NA,NA,NA,NA,NA,NA,NA,NA,N,3,0,1,2,A,-,08,22104,NA,F,H,A,A,A,H,-,A,A,0,NA,NA,Y,NA,Y,NA,-,99,0,1,0,0,0,0,0,0,1,-,-,NA,NA,LOS ANGELES,LOS ANGELES,-118.2395477294922,34.04608917236328
91086798,2019,2019-09-30,9565,2019-09-22,1220,021512,NA,7,1,5,1965,0,1,1,NA,2,081,I-10 W/B (SANTA MONICA FWY),11TH ST.,50,E,N,A,-,Y,NA,NA,10,NA,NA,NA,NA,NA,W,Y,4,0,1,3,A,-,03,22350,NA,N,C,C,A,A,H,-,A,D,0,NA,NA,NA,NA,Y,NA,A,08,0,0,1,0,0,0,0,0,0,-,-,34.0171012878418,-118.48258972167967,LOS ANGELES,SANTA MONICA,-118.48256683349608,34.01707077026367
9108680,2020,2020-09-02,1900,2020-06-01,1530,611249,2812,1,5,5,1915,0,0,0,NA,0,282T4,COMPTON AV,EL SEGUNDO BL,0,NA,Y,A,-,N,NA,NA,NA,NA,NA,NA,NA,NA,NA,Y,4,0,1,2,A,-,12,21453,NA,N,D,C,A,A,H,-,A,A,0,NA,NA,NA,NA,Y,NA,-,-,0,0,1,0,0,0,0,0,0,-,-,NA,NA,LOS ANGELES,COMPTON,-118.24623107910156,33.916221618652344
91086817,2019,2019-09-30,9525,2019-09-19,1400,021080,NA,4,2,5,1926,0,1,1,NA,2,206,I-210 E/B (FOOTHILL FWY),SUNFLOWER AVE,528,W,N,A,-,Y,NA,NA,210,NA,NA,NA,NA,NA,E,N,4,0,3,3,A,-,03,22350,NA,N,C,C,A,A,H,-,A,D,0,NA,NA,NA,NA,Y,NA,A,01,0,0,3,0,0,0,0,0,0,-,-,34.117088317871094,-117.85720825195313,LOS ANGELES,GLENDORA,-117.85723114013672,34.11723709106445
91086834,2019,2019-09-30,9525,2019-09-19,1800,021080,NA,4,2,4,1905,0,1,1,NA,2,206,I-210 E/B (FOOTHILL FWY),CITRUS AVE,1584,E,N,A,-,Y,NA,NA,210,NA,NA,NA,NA,NA,E,N,4,0,2,2,A,-,03,22350,NA,N,C,C,A,A,H,-,A,D,0,NA,NA,NA,NA,Y,NA,A,01,0,0,2,0,0,0,0,0,0,-,-,34.12078094482422,-117.88384246826172,LOS ANGELES,AZUSA,-117.88384246826172,34.1208381652832
91086843,2019,2019-09-30,9535,2019-09-22,1700,022214,NA,7,2,9,1900,0,1,3,NA,2,600,SR-60 (POMONA FREEWAY) E/B,WOODS AVE,500,W,N,B,-,Y,NA,NA,60,NA,NA,NA,NA,NA,E,N,4,0,1,2,A,-,07,21658,A,M,B,C,A,A,H,-,A,D,0,NA,NA,NA,NA,Y,NA,-,99,0,0,1,0,0,0,0,0,0,-,-,34.036529541015625,-118.15744018554688,LOS ANGELES,UNINCORPORATED,-118.15744018554688,34.036495208740234
91086886,2019,2019-09-30,9580,2019-09-22,1430,021291,NA,7,2,3,1989,0,1,2,NA,2,107,US-101 S/B  (VENTURA FREEWAY),VALLEY CIRCLE BLVD,2000,N,N,A,-,Y,NA,NA,101,NA,NA,NA,NA,NA,S,Y,4,0,1,2,A,-,03,22350,NA,N,C,C,A,A,H,-,A,D,0,NA,NA,NA,NA,Y,NA,A,01,0,0,1,0,0,0,0,0,0,-,-,34.157108306884766,-118.64327239990234,LOS ANGELES,CALABASAS,-118.6432647705078,34.157100677490234
91086905,2019,2019-09-30,9565,2019-09-20,0700,022117,NA,5,1,9,1900,0,1,1,NA,2,012,I-105 W/B (CENTURY FREEWAY),VERMONT AVE.,155,W,N,A,-,Y,NA,NA,105,NA,NA,NA,NA,NA,W,Y,3,0,1,3,A,-,07,21658,A,N,B,C,A,A,H,-,A,D,0,NA,NA,Y,NA,Y,NA,A,01,0,1,0,0,0,0,0,0,1,-,-,33.928829193115234,-118.29254913330078,LOS ANGELES,UNINCORPORATED,-118.29254913330078,33.92890930175781
91086914,2019,2019-09-30,9525,2019-09-19,1240,019495,NA,4,1,6,1955,0,1,3,NA,2,571,SR-57 S/B (ORANGE FWY),STATE ST.,528,N,N,A,-,Y,NA,NA,57,NA,NA,NA,NA,NA,S,Y,4,0,3,4,A,-,03,22350,NA,N,C,C,A,A,H,-,A,D,0,NA,NA,NA,NA,Y,NA,A,01,0,0,3,0,0,0,0,0,0,-,-,34.037498474121094,-117.8052978515625,LOS ANGELES,POMONA,-117.80548095703124,34.03767776489258
91086916,2019,2019-09-30,9590,2019-09-27,1045,019303,NA,5,1,7,1942,0,1,2,NA,2,071,US-101 S/B (HOF),GLENDALE BLVD,300,S,N,A,-,Y,NA,NA,101,NA,NA,NA,NA,NA,S,Y,4,0,1,2,A,-,03,22350,NA,N,C,C,A,A,H,-,A,D,0,NA,NA,NA,NA,Y,NA,A,07,0,0,1,0,0,0,0,0,0,-,-,34.06938171386719,-118.26036834716795,LOS ANGELES,LOS ANGELES,-118.26039123535156,34.06932830810547
91086950,2019,2019-09-30,9550,2019-09-28,1840,020948,NA,6,2,9,1900,0,3,5,NA,2,005,OTTERBEIN AVENUE,BRECKELLE STREET,45,N,N,A,-,N,NA,NA,NA,NA,NA,NA,NA,NA,NA,Y,3,0,3,4,A,-,09,21804,A,N,D,C,A,A,H,-,B,D,0,NA,NA,NA,NA,Y,NA,A,01,0,1,2,0,0,0,0,0,0,-,-,33.989471435546875,-117.8846435546875,LOS ANGELES,UNINCORPORATED,-117.88463592529295,33.989444732666016
91086959,2019,2019-10-18,9540,2019-09-26,0615,018037,NA,4,1,6,1985,0,1,3,NA,1,145,SR-14 S/B (ANTELOPE VALLEY FREEWAY),SAND CANYON RD. O/C,1056,S,N,B,-,Y,NA,NA,14,NA,NA,NA,NA,NA,S,Y,4,0,3,7,A,-,03,22350,NA,N,C,C,A,A,H,-,B,D,0,NA,NA,NA,NA,Y,NA,A,07,0,0,3,0,0,0,0,0,0,-,-,34.42382049560547,-118.42684173583984,LOS ANGELES,SANTA CLARITA,-118.42683410644533,34.423805236816406
91086962,2019,2019-09-30,9590,2019-09-28,1430,019303,NA,6,2,7,1942,0,1,1,NA,2,053,I-110 S/B (HARBOR FREEWAY),JEFFERSON BLVD,1000,N,N,B,C,Y,NA,NA,110,NA,NA,NA,NA,NA,S,N,4,0,2,2,A,-,03,22350,NA,N,C,C,A,B,H,-,A,D,0,NA,NA,NA,NA,Y,NA,A,01,0,0,2,0,0,0,0,0,0,-,-,34.022491455078125,-118.27755737304688,LOS ANGELES,LOS ANGELES,-118.27744293212892,34.022430419921875
91086985,2019,2019-09-30,9565,2019-09-20,0720,017060,NA,5,1,6,1933,0,1,1,NA,2,060,I-405 N/B (SAN DIEGO FREEWAY),MANCHESTER BLVD.,1000,S,N,A,-,Y,NA,NA,405,NA,NA,NA,NA,NA,N,Y,3,0,1,3,A,-,03,22350,NA,N,C,C,A,A,H,-,A,D,0,NA,NA,NA,NA,Y,NA,-,31,0,1,0,0,0,0,0,0,0,-,-,33.95962142944336,-118.3691864013672,LOS ANGELES,INGLEWOOD,-118.36920928955078,33.95962142944336
9108704,2020,2020-10-28,1942,2020-05-28,1235,41657,1102,4,5,7,1942,0,0,0,K,0,1141,CHEVY CHASE DR,CLEDE AV,200,W,N,A,-,N,NA,NA,NA,NA,NA,NA,NA,NA,NA,Y,4,0,1,2,A,-,21,22106,NA,N,G,C,A,A,H,-,A,D,0,NA,NA,NA,Y,Y,NA,F,25,0,0,1,0,0,0,0,0,0,-,-,NA,NA,LOS ANGELES,LOS ANGELES,-118.267589,34.133394
91087050,2019,2019-09-30,9530,2019-09-18,1750,021610,NA,3,2,7,1941,0,1,1,NA,2,072,I-710 N/B TO I-405 S/B,I-405 S/B (SAN DIEGO FREEWAY),494,S,N,A,-,Y,NA,NA,NA,NA,NA,NA,NA,NA,NA,Y,4,0,2,2,A,-,03,22350,NA,N,C,C,A,A,H,-,B,D,0,NA,NA,NA,NA,Y,NA,A,01,0,0,2,0,0,0,0,0,0,-,-,33.492950439453125,-118.12241363525392,LOS ANGELES,LONG BEACH,NA,NA
91087075,2019,2019-09-30,9550,2019-09-21,0940,021742,NA,6,1,5,1919,0,1,3,NA,2,091,SR-91 EASTBOUND,THE GRIDLEY ROAD OVERCROSSING,120,W,N,A,-,Y,NA,NA,91,NA,NA,NA,NA,NA,E,Y,4,0,1,2,A,-,03,22350,NA,N,C,C,A,A,H,-,A,D,0,NA,NA,NA,NA,Y,NA,A,01,0,0,1,0,0,0,0,0,0,-,-,33.87636184692383,-118.09201049804688,LOS ANGELES,CERRITOS,-118.09201049804688,33.87641525268555
9108708,2020,2020-10-28,1942,2020-05-30,1455,44178,0269,6,5,7,1942,0,0,0,B,0,11A19W,8TH ST,COLUMBIA,0,NA,Y,A,-,N,NA,NA,NA,NA,NA,NA,NA,NA,NA,Y,4,0,6,2,A,-,03,22350,NA,N,A,C,A,A,H,-,A,D,0,NA,NA,NA,NA,Y,NA,A,08,0,0,6,0,0,0,0,0,0,-,-,NA,NA,LOS ANGELES,LOS ANGELES,-118.26992034912108,34.05060958862305
91087087,2019,2019-09-30,9575,2019-09-18,2203,020521,NA,3,3,7,1942,0,1,1,NA,2,061,I-210 W/B TO SUNLAND BLVD,SUNLAND BOULEVARD,382,W,N,A,-,Y,NA,NA,210,NA,NA,NA,R,NA,W,Y,3,0,1,1,A,-,01,23152,A,N,E,I,A,A,H,-,D,D,0,NA,NA,NA,NA,Y,Y,A,01,0,1,0,0,0,0,0,0,0,-,-,34.260921478271484,-118.33232879638672,LOS ANGELES,LOS ANGELES,-118.33232879638672,34.260921478271484
91087095,2019,2019-09-30,9530,2019-09-18,1600,021380,NA,3,2,9,1900,0,3,5,NA,2,002,COMPTON AVENUE (11800 BLOCK),118TH PL.,14,S,N,A,-,N,NA,NA,NA,NA,NA,NA,NA,NA,NA,N,4,0,1,2,A,-,10,21950,A,N,G,B,B,A,H,-,A,D,0,Y,NA,NA,NA,Y,NA,A,07,0,0,1,0,1,0,0,0,0,-,-,33.9258918762207,-118.24629974365234,LOS ANGELES,UNINCORPORATED,-118.2462921142578,33.92510986328125
9108712,2020,2020-08-19,1922,2020-06-02,1650,687,2,2,5,6,1922,0,0,0,NA,0,NA,PECK RD,BASYE ST,0,NA,Y,A,-,N,NA,NA,NA,NA,NA,NA,NA,NA,NA,N,3,0,1,2,A,-,09,21802,A,N,D,C,A,A,H,-,A,A,0,NA,NA,NA,NA,Y,NA,A,01,0,1,0,0,0,0,0,0,0,-,-,34.08047103881836,-118.01973724365234,LOS ANGELES,EL MONTE,-118.01969909667967,34.080448150634766
91087123,2019,2019-09-30,9550,2019-09-18,1035,017719,NA,3,1,9,1900,0,1,3,NA,2,601,STATE ROUTE 60 (POMONA FREEWAY),STIMSON AVENUE,300,W,N,A,-,Y,NA,NA,60,NA,NA,NA,NA,NA,NA,Y,3,0,3,4,A,-,03,22350,NA,N,C,C,A,A,H,-,A,D,0,NA,NA,NA,NA,Y,NA,A,07,0,1,2,0,0,0,0,0,0,-,-,34.005428314208984,-117.95937347412108,LOS ANGELES,UNINCORPORATED,-117.95936584472656,34.00544357299805
91087129,2019,2019-09-30,9575,2019-09-18,0830,017148,NA,3,1,6,1953,0,1,1,NA,2,064,I-210 W/B (FOOTHILL FREEWAY),CRAIG AVE,85,W,N,A,-,Y,NA,NA,210,NA,NA,NA,NA,NA,W,Y,2,0,1,2,A,-,07,21658,A,N,B,C,A,A,H,-,A,D,0,NA,NA,Y,NA,Y,NA,A,07,1,0,0,0,0,0,0,0,1,-,-,34.152591705322266,-118.10588073730467,LOS ANGELES,PASADENA,-118.10588073730467,34.152679443359375
9108716,2020,2020-08-19,1922,2020-06-02,2112,563,NA,2,5,6,1922,0,0,0,NA,0,NA,COGSWELL RD,LAMBERT,200,S,N,A,-,N,NA,NA,NA,NA,NA,NA,NA,NA,NA,Y,3,0,1,2,A,-,08,22107,NA,N,B,E,A,A,H,-,C,D,0,NA,NA,NA,NA,Y,NA,A,07,0,1,0,0,0,0,0,0,0,-,-,34.08013916015625,-118.01032257080078,LOS ANGELES,EL MONTE,-118.01090240478516,34.078948974609375
91087166,2019,2019-09-30,9550,2019-09-20,1145,015746,NA,5,1,9,1900,0,2,4,NA,1,051,FULLERTON ROAD,SUNRISE DRIVE,0,NA,Y,A,-,N,NA,NA,NA,NA,NA,NA,NA,NA,NA,Y,4,0,2,3,A,-,09,21801,A,N,D,C,A,A,H,-,A,A,0,NA,NA,NA,NA,Y,NA,A,01,0,0,2,0,0,0,0,0,0,-,-,33.971500396728516,-117.9115982055664,LOS ANGELES,UNINCORPORATED,-117.91161346435548,33.97148895263672
9108717,2020,2020-09-01,1942,2020-05-21,1630,43918,1218,4,5,7,1942,0,0,0,L,0,12A45,SLAUSON AV,HOOVER ST,0,NA,Y,A,-,N,NA,NA,NA,NA,NA,NA,NA,NA,NA,N,4,0,2,3,A,-,03,22350,NA,N,C,C,A,A,H,-,A,A,0,NA,NA,NA,NA,Y,NA,A,01,0,0,2,0,0,0,0,0,0,-,-,NA,NA,LOS ANGELES,LOS ANGELES,-118.28713989257813,33.989139556884766
91087178,2019,2019-09-30,9550,2019-09-20,1005,022037,NA,5,1,6,1949,0,1,1,NA,2,651,INTERSTATE 605 (SAN GABRIEL RIVER FREEW,FIRESTONE BOULEVARD,1065,N,N,A,-,Y,NA,NA,605,NA,NA,NA,NA,NA,NA,Y,4,0,1,2,A,-,07,21658,A,N,B,C,A,A,H,-,A,D,0,NA,NA,NA,NA,Y,NA,A,01,0,0,1,0,0,0,0,0,0,-,-,33.92919158935547,-118.1026611328125,LOS ANGELES,NORWALK,-118.10259246826172,33.929161071777344
91087183,2019,2019-09-30,9550,2019-09-20,1728,022023,NA,5,2,9,1900,0,1,1,NA,2,650,I-605 (S/B),ROSE HILLS ROAD,100,S,N,A,-,Y,NA,NA,NA,NA,NA,NA,NA,NA,NA,N,3,0,1,2,A,-,07,21658,A,F,B,C,A,A,H,-,A,D,0,NA,NA,Y,NA,Y,NA,A,01,0,1,0,0,0,0,0,0,1,-,-,34.016048431396484,-118.05496215820313,LOS ANGELES,UNINCORPORATED,NA,NA
9108719,2020,2020-10-28,1942,2020-05-30,1230,44139,0216,6,5,7,1942,0,0,0,B,0,11A1,SUNSET BL,MOHAK ST,40,W,N,A,-,N,NA,NA,NA,NA,NA,NA,NA,NA,NA,N,4,0,1,2,A,-,03,22350,NA,F,C,C,A,A,H,-,A,A,0,NA,NA,NA,NA,Y,Y,-,99,0,0,1,0,0,0,0,0,0,-,-,NA,NA,LOS ANGELES,LOS ANGELES,-118.26548004150392,34.0775032043457
9108720,2020,2020-08-18,1922,2020-06-01,1349,650,NA,1,5,6,1922,0,0,0,NA,0,003,GARVEY AV,MERCED,180,E,N,A,-,N,NA,NA,NA,NA,NA,NA,NA,NA,NA,Y,3,0,2,2,C,-,18,NA,NA,N,A,E,A,A,H,-,A,D,0,NA,NA,NA,NA,Y,NA,-,-,0,2,0,0,0,0,0,0,0,-,-,34.06214904785156,-118.05039978027344,LOS ANGELES,EL MONTE,-118.05077362060548,34.062740325927734
91087200,2019,2019-09-30,9550,2019-09-20,1205,022037,NA,5,1,6,1949,0,1,1,NA,2,651,INTERSTATE 605 (SAN GABRIEL RIVER FREEW,FIRESTONE BLVD U/C,1510,N,N,A,-,Y,NA,NA,605,NA,NA,NA,NA,NA,NA,Y,3,0,2,3,A,-,03,22350,NA,N,C,C,A,A,H,-,A,D,0,NA,NA,NA,NA,Y,NA,A,07,0,1,1,0,0,0,0,0,0,-,-,33.92805099487305,-118.10308837890624,LOS ANGELES,NORWALK,-118.10301971435548,33.92802429199219
91087206,2019,2019-09-30,9545,2019-09-23,0550,020749,NA,1,3,9,1900,0,3,5,NA,2,003,SR-14 N/B,MOUNTAIN SPRINGS ROAD,1175,S,N,A,-,Y,NA,NA,14,NA,NA,NA,NA,NA,N,Y,3,0,1,2,A,-,03,22350,NA,M,B,C,A,A,H,-,C,D,0,NA,NA,NA,NA,Y,NA,A,01,0,1,0,0,0,0,0,0,0,-,-,34.49959945678711,-118.12100982666016,LOS ANGELES,UNINCORPORATED,-118.12106323242188,34.49964904785156
91087231,2019,2019-09-30,9550,2019-09-20,1640,022048,NA,5,2,5,1919,0,1,1,NA,2,652,INTERSTATE 605 S/B,STATE ROUTE 91 OVERCROSSING,1373,S,N,A,-,Y,NA,NA,605,NA,NA,NA,NA,NA,S,Y,4,0,1,2,A,-,03,22350,NA,N,C,C,A,A,H,-,A,D,0,NA,NA,NA,NA,Y,NA,A,07,0,0,1,0,0,0,0,0,0,-,-,33.872589111328125,-118.10118865966795,LOS ANGELES,CERRITOS,-118.10125732421876,33.8725700378418
9108728,2020,2020-11-05,1925,2020-05-29,1817,27423,4,5,5,6,1925,0,0,0,NA,0,237,GLENDALE AV,WILSON AV,128,S,N,A,-,N,NA,NA,NA,NA,NA,NA,NA,NA,NA,N,4,0,1,2,A,I,-,NA,NA,N,D,G,A,A,H,-,A,D,0,NA,Y,NA,NA,Y,NA,L,04,0,0,1,0,0,0,1,0,0,-,-,NA,NA,LOS ANGELES,GLENDALE,-118.24658966064452,34.14781951904297
9108731,2020,2020-10-29,1942,2020-05-25,1405,43676,1832,1,5,7,1942,0,0,0,R,0,18A,FIGUEROA,108TH ST,0,NA,Y,A,-,N,NA,NA,NA,NA,NA,NA,NA,NA,NA,Y,4,0,1,2,A,-,09,21801,A,N,D,C,A,A,H,-,A,D,0,NA,NA,NA,NA,Y,NA,A,07,0,0,1,0,0,0,0,0,0,-,-,NA,NA,LOS ANGELES,LOS ANGELES,-118.28260803222656,33.93825149536133
9108732,2020,2020-10-29,1942,2020-05-25,0020,44184,1823,1,5,7,1942,0,0,0,R,0,18A3,AVALON BL,E CENTURY,80,N,N,A,-,N,NA,NA,NA,NA,NA,NA,NA,NA,NA,N,3,0,1,2,A,-,11,21955,NA,N,G,B,D,A,H,-,C,D,0,Y,NA,NA,NA,Y,NA,N,60,0,1,0,0,1,0,0,0,0,-,-,NA,NA,LOS ANGELES,LOS ANGELES,-118.26517486572266,33.94582748413086
91087328,2019,2019-09-30,9590,2019-09-26,1650,021535,NA,4,2,7,1942,0,1,1,NA,2,085,I-5 S/B (GOLDEN STATE FREEWAY),FLETCHER DRIVE,900,N,N,B,-,Y,NA,NA,NA,NA,NA,NA,NA,NA,NA,N,4,0,1,2,A,-,03,22350,NA,N,C,C,A,A,H,-,A,D,0,NA,NA,NA,Y,Y,NA,G,25,0,0,1,0,0,0,0,0,0,-,-,34.1083984375,-118.24945068359376,LOS ANGELES,LOS ANGELES,-118.25836944580078,34.10787582397461
9108733,2020,2020-10-29,1942,2020-05-24,1950,42958,1821,7,5,7,1942,0,0,0,R,0,18A17,HOOVER AV,98TH ST,100,N,N,A,-,N,NA,NA,NA,NA,NA,NA,NA,NA,NA,N,4,0,1,2,A,-,03,22350,NA,N,C,-,A,A,H,-,A,D,0,NA,NA,NA,NA,Y,NA,A,01,0,0,1,0,0,0,0,0,0,-,-,NA,NA,LOS ANGELES,LOS ANGELES,-118.28696441650392,33.947513580322266
91087334,2019,2019-09-30,9590,2019-09-27,1718,021537,NA,5,2,7,1942,0,1,2,NA,2,070,US-101 N/B (HOF),EDGEWARE RD,250,S,N,B,-,Y,NA,NA,101,NA,NA,NA,NA,NA,N,Y,4,0,3,3,A,-,03,22350,NA,N,C,C,A,A,H,-,A,D,0,NA,NA,NA,NA,Y,NA,A,01,0,0,3,0,0,0,0,0,0,-,-,34.06647872924805,-118.25337982177734,LOS ANGELES,LOS ANGELES,-118.25338745117188,34.066471099853516
9108734,2020,2020-10-29,1942,2020-05-24,2250,43613,1834,7,5,7,1942,0,0,0,R,0,18A34,CENTURY,CLOVIS,60,E,N,A,-,N,NA,NA,NA,NA,NA,NA,NA,NA,NA,N,4,0,1,2,A,-,11,21954,A,N,C,B,E,A,H,-,C,D,0,Y,NA,NA,NA,Y,NA,N,60,0,0,1,0,1,0,0,0,0,-,-,NA,NA,LOS ANGELES,LOS ANGELES,-118.25633239746094,33.94565963745117
9108735,2020,2020-10-29,1942,2020-05-19,1430,36874,1844,2,5,7,1942,0,0,0,R,0,18A26,WADSWORTH AV,113TH ST,20,S,N,A,-,N,NA,NA,NA,NA,NA,NA,NA,NA,NA,NA,3,0,2,2,A,-,09,21802,A,N,A,C,A,A,H,-,A,A,0,NA,NA,NA,NA,Y,NA,A,01,0,1,1,0,0,0,0,0,0,-,-,NA,NA,LOS ANGELES,LOS ANGELES,-118.25862884521484,33.931854248046875
9108736,2020,2020-10-29,1942,2020-05-20,1425,38503,1804,3,5,7,1942,0,0,0,R,0,18A3,E 87TH PL,WADSWORTH AV,0,NA,Y,A,-,N,NA,NA,NA,NA,NA,NA,NA,NA,NA,Y,4,0,1,2,A,-,09,21802,A,N,D,C,A,A,H,-,A,A,0,NA,NA,NA,NA,Y,NA,A,01,0,0,1,0,0,0,0,0,0,-,-,NA,NA,LOS ANGELES,LOS ANGELES,-118.25863647460938,33.95835876464844
9108737,2020,2020-10-29,1942,2020-05-17,2100,40032,1831,7,5,7,1942,0,0,0,R,0,18A17,VERMONT AV,135TH ST,0,NA,Y,A,-,N,NA,NA,NA,NA,NA,NA,NA,NA,NA,N,4,0,1,2,A,-,09,21801,A,N,D,C,A,A,H,-,C,A,0,NA,NA,NA,NA,Y,NA,A,01,0,0,1,0,0,0,0,0,0,-,-,NA,NA,LOS ANGELES,LOS ANGELES,-118.29161071777344,33.909149169921875
91087376,2019,2019-10-01,9550,2019-09-21,1040,020688,NA,6,1,1,1932,0,1,3,NA,2,600,STATE ROUTE-60 W/B,WORKMAN MILL ROAD,800,E,N,A,-,Y,NA,NA,60,NA,NA,NA,NA,NA,W,Y,4,0,2,2,A,-,03,22350,NA,N,C,C,A,A,H,-,A,D,0,NA,NA,NA,NA,Y,NA,A,01,0,0,2,0,0,0,0,0,0,-,-,34.030460357666016,-118.01924896240234,LOS ANGELES,INDUSTRY,-118.01924896240234,34.030460357666016
9108738,2020,2020-10-29,1942,2020-05-16,1525,37269,1861,6,5,7,1942,0,0,0,R,0,18A,117TH ST,HOOVER ST,200,W,N,A,-,N,NA,NA,NA,NA,NA,NA,NA,NA,NA,NA,3,0,1,2,A,-,11,21955,NA,N,B,B,D,A,-,-,A,D,0,Y,NA,NA,NA,Y,NA,N,60,0,1,0,0,1,0,0,0,0,-,-,NA,NA,LOS ANGELES,LOS ANGELES,-118.28766632080078,33.92734146118164
91087381,2019,2019-10-03,9550,2019-09-21,2030,021100,NA,6,2,9,1900,0,3,5,NA,2,004,COLIMA RD. W/B,COUNTRYWOOD AVENUE,500,W,N,A,-,N,NA,NA,NA,NA,NA,NA,NA,NA,NA,N,4,0,1,2,A,-,07,21658,A,N,B,C,A,A,H,-,C,D,0,NA,NA,NA,NA,Y,NA,-,-,0,0,1,0,0,0,0,0,0,-,-,33.99100875854492,-117.9434814453125,LOS ANGELES,UNINCORPORATED,-117.943359375,33.99106216430664
91087385,2019,2019-10-01,9550,2019-09-21,1920,020948,NA,6,2,1,1932,0,1,3,NA,2,601,STATE ROUTE 60 W/B,FULLERTON ROAD,1200,W,N,A,-,Y,NA,NA,60,NA,NA,NA,NA,NA,W,Y,3,0,3,3,A,-,03,22350,NA,N,C,C,A,A,H,-,B,D,0,NA,NA,NA,Y,Y,NA,G,25,0,1,2,0,0,0,0,0,0,-,-,33.994510650634766,-117.91094970703124,LOS ANGELES,INDUSTRY,-117.91094970703124,33.994476318359375
9108739,2020,2020-11-10,1942,2020-05-15,1200,44205,18,5,5,7,1942,0,0,0,R,0,18A35,BROADWAY,93RD ST,0,NA,Y,A,-,N,NA,NA,NA,NA,NA,NA,NA,NA,NA,Y,4,0,1,2,A,-,07,21658,A,N,B,C,A,A,H,-,A,A,0,NA,NA,NA,NA,Y,NA,A,01,0,0,1,0,0,0,0,0,0,-,-,NA,NA,LOS ANGELES,LOS ANGELES,-118.27839660644533,33.95188903808594
9108740,2020,2020-10-29,1942,2020-05-12,0015,43431,1841,2,5,7,1942,0,0,0,R,0,18A41W,110TH ST,DENVER,15,E,N,A,-,N,NA,NA,NA,NA,NA,NA,NA,NA,NA,Y,3,0,1,3,A,-,03,22350,NA,N,C,E,A,A,H,-,C,D,0,NA,NA,NA,NA,Y,NA,A,01,0,1,0,0,0,0,0,0,0,-,-,NA,NA,LOS ANGELES,LOS ANGELES,-118.2847900390625,33.935611724853516