CASE_ID,ACCIDENT_YEAR,PROC_DATE,JURIS,COLLISION_DATE,COLLISION_TIME,OFFICER_ID,REPORTING_DISTRICT,DAY_OF_WEEK,CHP_SHIFT,POPULATION,CNTY_CITY_LOC,SPECIAL_COND,BEAT_TYPE,CHP_BEAT_TYPE,CITY_DIVISION_LAPD,CHP_BEAT_CLASS,BEAT_NUMBER,PRIMARY_RD,SECONDARY_RD,DISTANCE,DIRECTION,INTERSECTION,WEATHER_1,WEATHER_2,STATE_HWY_IND,CALTRANS_COUNTY,CALTRANS_DISTRICT,STATE_ROUTE,ROUTE_SUFFIX,POSTMILE_PREFIX,POSTMILE,LOCATION_TYPE,RAMP_INTERSECTION,SIDE_OF_HWY,TOW_AWAY,COLLISION_SEVERITY,NUMBER_KILLED,NUMBER_INJURED,PARTY_COUNT,PRIMARY_COLL_FACTOR,PCF_CODE_OF_VIOL,PCF_VIOL_CATEGORY,PCF_VIOLATION,PCF_VIOL_SUBSECTION,HIT_AND_RUN,TYPE_OF_COLLISION,MVIW,PED_ACTION,ROAD_SURFACE,ROAD_COND_1,ROAD_COND_2,LIGHTING,CONTROL_DEVICE,CHP_ROAD_TYPE,PEDESTRIAN_ACCIDENT,BICYCLE_ACCIDENT,MOTORCYCLE_ACCIDENT,TRUCK_ACCIDENT,NOT_PRIVATE_PROPERTY,ALCOHOL_INVOLVED,STWD_VEHTYPE_AT_FAULT,CHP_VEHTYPE_AT_FAULT,COUNT_SEVERE_INJ,COUNT_VISIBLE_INJ,COUNT_COMPLAINT_PAIN,COUNT_PED_KILLED,COUNT_PED_INJURED,COUNT_BICYCLIST_KILLED,COUNT_BICYCLIST_INJURED,COUNT_MC_KILLED,COUNT_MC_INJURED,PRIMARY_RAMP,SECONDARY_RAMP,LATITUDE,LONGITUDE,COUNTY,CITY,POINT_X,POINT_Y
91092393,2019,2019-10-08,9550,2019-10-01,1530,020861,NA,2,2,6,1949,0,1,1,NA,2,501,I-5 S/B (SANTA ANA FREEWAY),NORWALK BOULEVARD,100,S,N,A,-,Y,NA,NA,5,NA,NA,NA,NA,NA,S,N,4,0,1,2,A,-,03,22350,NA,N,C,C,A,A,H,-,A,D,0,NA,NA,NA,NA,Y,NA,A,01,0,0,1,0,0,0,0,0,0,-,-,33.911651611328125,-118.07315826416016,LOS ANGELES,NORWALK,-118.0730438232422,33.911869049072266
91092394,2019,2019-10-08,9540,2019-10-01,1910,020875,NA,2,2,9,1900,0,1,1,NA,2,511,I-5 S/B (GOLDEN STATE FREEWAY),VISTA DEL LAGO ROAD,15840,S,N,A,-,Y,NA,NA,5,NA,NA,NA,NA,NA,S,Y,3,0,1,3,A,-,08,22107,NA,F,B,C,A,A,H,-,D,D,0,NA,NA,NA,NA,Y,NA,A,01,0,1,0,0,0,0,0,0,0,-,-,34.6290283203125,-118.72564697265624,LOS ANGELES,UNINCORPORATED,-118.72553253173828,34.6291389465332
9109240,2020,2020-10-29,1922,2020-05-20,1850,677,NA,3,5,6,1922,0,0,0,NA,0,004,VALLEY BL,MAXSON RD,40,E,N,A,-,N,NA,NA,NA,NA,NA,NA,NA,NA,NA,N,3,0,1,3,A,-,03,22350,NA,N,C,C,A,A,H,-,A,D,0,NA,NA,NA,NA,Y,NA,A,07,0,1,0,0,0,0,0,0,0,-,-,34.06085968017578,-118.01355743408205,LOS ANGELES,EL MONTE,-118.01527404785156,34.06077194213867
91092414,2019,2019-10-08,9545,2019-09-29,0315,021851,NA,7,3,6,1950,0,1,3,NA,2,021,SR-14 N/B,AVENUE O-8,200,S,N,A,-,Y,NA,NA,14,NA,NA,NA,NA,NA,N,Y,4,0,1,1,A,-,01,23152,A,N,E,I,A,A,H,-,D,D,0,NA,NA,NA,NA,Y,Y,A,07,0,0,1,0,0,0,0,0,0,-,-,34.60789108276367,-118.15104675292967,LOS ANGELES,PALMDALE,-118.15080261230467,34.608150482177734
91092417,2019,2019-10-08,9535,2019-08-25,2245,022277,NA,7,3,9,1900,0,3,5,NA,2,002,LA VERNE AVE (900 BLOCK),VERONA ST,297,N,N,A,-,N,NA,NA,NA,NA,NA,NA,NA,NA,NA,Y,3,0,1,3,A,-,01,23152,F,N,B,E,A,A,H,-,C,D,0,NA,NA,NA,Y,Y,NA,D,22,0,1,0,0,0,0,0,0,0,-,-,34.02048873901367,-118.16290283203124,LOS ANGELES,UNINCORPORATED,-118.16294097900392,34.0205192565918
91092424,2019,2019-10-08,9550,2019-10-01,1440,018408,NA,2,2,9,1900,0,1,3,NA,2,600,SR-60 E/B,7TH AVENUE,350,W,N,A,-,Y,NA,NA,60,NA,NA,NA,NA,NA,E,Y,3,0,1,2,A,-,03,22350,NA,N,C,C,A,A,H,-,A,D,0,NA,NA,NA,NA,Y,NA,A,01,0,1,0,0,0,0,0,0,0,-,-,34.02130126953125,-117.99019622802734,LOS ANGELES,UNINCORPORATED,-117.99009704589844,34.02139663696289
91092431,2019,2019-10-08,9565,2019-09-26,1145,022206,NA,4,1,9,1900,0,3,5,NA,2,004,104TH STREET,GREVILLEA AVENUE,0,NA,Y,B,-,N,NA,NA,NA,NA,NA,NA,NA,NA,NA,N,4,0,1,2,A,-,10,21950,A,N,G,B,B,B,H,-,A,A,0,Y,NA,NA,NA,Y,NA,A,08,0,0,1,0,1,0,0,0,0,-,-,33.94184875488281,-118.35494232177734,LOS ANGELES,UNINCORPORATED,-118.35487365722656,33.941810607910156
91092443,2019,2019-10-08,9575,2019-10-03,1603,021978,NA,4,2,7,1942,0,1,1,NA,2,053,I-5 N/B (GOLDEN STATE FREEWAY),PAXTON STREET,1100,S,N,A,-,Y,NA,NA,5,NA,NA,NA,NA,NA,N,Y,4,0,3,3,A,-,03,22350,NA,N,C,C,A,A,H,-,A,D,0,NA,NA,NA,NA,Y,NA,A,01,0,0,3,0,0,0,0,0,0,-,-,34.26049041748047,-118.43878173828124,LOS ANGELES,LOS ANGELES,-118.43885803222656,34.260414123535156
91092456,2019,2019-10-08,9565,2019-09-27,0750,014952,NA,5,1,9,1900,0,3,5,NA,2,003,STOCKER ST.,PRESIDIO DR,0,NA,Y,B,-,N,NA,NA,NA,NA,NA,NA,NA,NA,NA,Y,3,0,3,2,A,-,09,21801,A,N,D,C,A,A,H,-,A,D,0,NA,NA,NA,NA,Y,NA,A,01,0,2,1,0,0,0,0,0,0,-,-,34.00815963745117,-118.3373794555664,LOS ANGELES,UNINCORPORATED,-118.34130096435548,34.00471115112305
91092462,2019,2019-10-08,9535,2019-08-18,0825,022223,NA,7,1,9,1900,0,2,4,NA,2,015,FORD (400 BLOCK),HAMMEL ST,0,NA,Y,A,-,N,NA,NA,NA,NA,NA,NA,NA,NA,NA,Y,3,0,1,2,A,-,12,22450,A,N,D,C,A,A,H,-,A,A,0,NA,NA,NA,NA,Y,NA,A,01,0,1,0,0,0,0,0,0,0,-,-,34.042388916015625,-118.16925811767578,LOS ANGELES,UNINCORPORATED,-118.16921997070313,34.04240036010742
91092468,2019,2019-11-26,9530,2019-09-26,0505,021623,NA,4,3,5,1915,0,1,3,NA,2,310,SR-91 E/B (ARTESIA FREEWAY),MAIN ST.,100,W,N,A,-,Y,NA,NA,NA,NA,NA,NA,NA,NA,NA,Y,4,0,1,2,A,-,07,21658,A,F,B,C,A,B,H,-,B,D,0,NA,NA,Y,NA,Y,NA,-,99,0,0,1,0,0,0,0,0,1,-,-,33.87253952026367,-118.27571868896484,LOS ANGELES,COMPTON,-118.27581787109376,33.872589111328125
91092484,2019,2019-10-08,9540,2019-10-03,0650,018759,NA,4,1,7,1942,0,1,1,NA,1,503,I-5 S/B (GOLDEN STATE FREEWAY),ROXFORD ST,2640,N,N,A,-,Y,NA,NA,5,NA,NA,NA,NA,NA,S,N,3,0,1,4,A,-,03,22350,NA,N,C,C,A,A,H,-,B,D,0,NA,NA,NA,NA,Y,NA,E,22,0,1,0,0,0,0,0,0,0,-,-,34.312381744384766,-118.48782348632813,LOS ANGELES,LOS ANGELES,-118.48782348632813,34.312381744384766
91092519,2019,2019-10-08,9545,2019-09-30,1655,015589,NA,1,2,9,1900,0,1,3,NA,2,031,WARD ROAD,SR-14 N/B FROM WARD ROAD,0,NA,Y,A,-,Y,NA,NA,NA,NA,NA,NA,NA,NA,NA,Y,4,0,1,2,A,-,09,21802,A,N,D,C,A,A,H,-,A,A,0,NA,NA,NA,NA,Y,NA,A,07,0,0,1,0,0,0,0,0,0,-,-,34.499359130859375,-118.2274932861328,LOS ANGELES,UNINCORPORATED,NA,NA
91092548,2019,2019-10-08,9530,2019-09-26,2225,021995,NA,4,3,7,1942,0,1,1,NA,2,110,I-110 N/B (HARBOR FREEWAY),REDONDO BEACH BLVD.,1584,S,N,B,-,Y,NA,NA,110,NA,NA,NA,NA,NA,N,N,4,0,2,2,A,-,08,22107,NA,N,C,C,A,A,H,-,E,D,0,NA,NA,NA,NA,Y,NA,A,01,0,0,2,0,0,0,0,0,0,-,-,33.885318756103516,-118.28520965576172,LOS ANGELES,LOS ANGELES,-118.28532409667967,33.885311126708984
91092549,2019,2019-10-08,9535,2019-10-01,1745,022298,NA,2,2,6,1922,0,1,1,NA,2,401,I-10 W/B (SAN BERNARDINO FREEWAY),RIO HONDO RIVER,100,E,N,A,-,Y,NA,NA,10,NA,NA,NA,NA,NA,W,Y,3,0,2,4,A,-,03,22350,NA,N,C,C,A,A,H,-,A,D,0,NA,NA,NA,NA,Y,NA,A,07,0,1,1,0,0,0,0,0,0,-,-,34.07112121582031,-118.0488510131836,LOS ANGELES,EL MONTE,-118.04886627197266,34.071075439453125
91092555,2019,2019-10-23,9545,2019-10-01,2124,021340,NA,2,2,6,1950,0,1,3,NA,2,021,SR-14 S/B (ANTELOPE VALLEY FREEWAY),SOUTH AMARGOSA CREEK BRIDGE,118,N,N,A,-,Y,NA,NA,14,NA,NA,NA,NA,NA,S,Y,3,0,3,3,A,-,03,22350,NA,N,C,C,A,A,D,-,D,D,0,NA,NA,NA,NA,Y,NA,D,22,0,3,0,0,0,0,0,0,0,-,-,34.60354995727539,-118.14523315429688,LOS ANGELES,PALMDALE,-118.1452865600586,34.60347366333008
91092583,2019,2019-10-08,9575,2019-09-29,0845,020182,NA,7,1,9,1900,0,1,3,NA,2,081,ROSEMEAD BLVD.,MOUNTAIN VIEW AVE.,4,N,N,A,-,N,NA,NA,NA,NA,NA,NA,NA,NA,NA,Y,4,0,2,2,A,-,07,21658,A,N,C,C,A,A,H,-,A,D,0,NA,NA,NA,NA,Y,NA,A,01,0,0,2,0,0,0,0,0,0,-,-,34.141448974609375,-118.07333374023438,LOS ANGELES,UNINCORPORATED,-118.07341766357422,34.141380310058594
91092589,2019,2019-10-08,9535,2019-10-01,1640,021773,NA,2,2,9,1900,0,3,5,NA,2,001,MARENGO ST (3100 BLOCK),DITMAN AVE.,140,W,N,A,-,N,NA,NA,NA,NA,NA,NA,NA,NA,NA,Y,4,0,1,2,A,-,08,22107,NA,N,C,E,A,A,H,-,A,D,0,NA,NA,NA,NA,Y,NA,A,01,0,0,1,0,0,0,0,0,0,-,-,34.05498123168945,-118.19087982177734,LOS ANGELES,UNINCORPORATED,-118.19081878662108,34.054988861083984
91092597,2019,2019-10-08,9535,2019-10-01,2000,021773,NA,2,2,9,1900,0,2,4,NA,2,022,OLYMPIC BLVD.,ALLSTON ST,0,NA,Y,A,-,N,NA,NA,NA,NA,NA,NA,NA,NA,NA,Y,4,0,1,2,A,-,09,21802,A,N,D,C,A,A,H,-,C,A,0,NA,NA,NA,NA,Y,NA,A,01,0,0,1,0,0,0,0,0,0,-,-,34.01369857788086,-118.14591217041016,LOS ANGELES,UNINCORPORATED,-118.14589691162108,34.01374053955078
91092604,2019,2019-10-08,9550,2019-10-01,0755,016299,NA,2,1,9,1900,0,2,4,NA,1,021,PAINTER AVENUE,CARMENITA ROAD,0,NA,Y,A,-,N,NA,NA,NA,NA,NA,NA,NA,NA,NA,N,3,0,1,2,A,-,05,21650,NA,N,D,G,A,A,H,-,A,A,0,NA,Y,NA,NA,Y,NA,L,04,0,1,0,0,0,0,1,0,0,-,-,33.94879913330078,-118.04660034179688,LOS ANGELES,UNINCORPORATED,-118.0465087890625,33.9488410949707
91092655,2019,2019-10-08,9575,2019-09-19,2020,018762,NA,4,2,7,1942,0,1,3,NA,2,044,SR-134 W/B (VENTURA FREEWAY),PASS AVENUE,1584,W,N,A,-,Y,NA,NA,134,NA,NA,NA,NA,NA,W,N,4,0,1,2,A,-,03,22350,NA,M,C,C,A,A,H,-,C,D,0,NA,NA,NA,NA,Y,NA,-,99,0,0,1,0,0,0,0,0,0,-,-,34.153438568115234,-118.35086059570313,LOS ANGELES,LOS ANGELES,-118.35086059570313,34.153438568115234
91092660,2019,2019-10-08,9580,2019-10-02,0850,018718,NA,3,1,7,1942,0,1,2,NA,2,104,US-101 N/B (VENTURA FREEWAY),WINNETKA AVE,1200,N,N,A,-,Y,NA,NA,101,NA,NA,NA,NA,NA,N,N,4,0,1,2,A,-,03,22350,NA,M,C,C,A,A,H,-,A,D,0,NA,NA,NA,NA,Y,NA,-,99,0,0,1,0,0,0,0,0,0,-,-,34.170841217041016,-118.57366943359376,LOS ANGELES,LOS ANGELES,-118.57383728027344,34.17125701904297
91092664,2019,2019-10-08,9550,2019-10-01,1635,021274,NA,2,2,5,1908,0,1,3,NA,2,090,STATE ROUTE 91 W/B,BIXBY AVENUE,205,W,N,A,-,Y,NA,NA,91,NA,NA,NA,NA,NA,W,Y,4,0,1,1,A,-,08,22107,NA,N,E,I,A,A,H,-,A,D,0,NA,NA,NA,NA,Y,NA,A,01,0,0,1,0,0,0,0,0,0,-,-,33.87635040283203,-118.12169647216795,LOS ANGELES,BELLFLOWER,-118.12169647216795,33.87630844116211
91092666,2019,2019-10-08,9580,2019-10-02,1922,020585,NA,3,2,7,1942,0,1,2,NA,2,102,US-101 NB (VENTURA FWY),VAN NUYS BLVD.,1000,N,N,A,-,Y,NA,NA,101,NA,NA,NA,NA,NA,N,N,4,0,1,3,A,-,03,22350,NA,N,C,C,A,A,H,-,A,D,0,NA,NA,NA,NA,Y,NA,A,01,0,0,1,0,0,0,0,0,0,-,-,34.157711029052734,-118.45175933837892,LOS ANGELES,LOS ANGELES,-118.45175933837892,34.1577033996582
91092670,2019,2019-10-08,9580,2019-10-03,0803,016523,NA,4,1,7,1942,0,1,3,NA,2,115,SR-118 W/B (RONALD REAGAN FWY.),I-5 SOUTHBOUND,100,W,N,A,-,Y,NA,NA,118,NA,NA,NA,NA,NA,W,Y,4,0,1,2,A,-,03,22350,NA,N,C,C,A,A,H,-,A,D,0,NA,NA,NA,NA,Y,NA,A,01,0,0,1,0,0,0,0,0,0,-,-,34.266841888427734,-118.44452667236328,LOS ANGELES,LOS ANGELES,-118.4445343017578,34.26687240600586
91092680,2019,2019-10-08,9525,2019-10-04,1155,014971,NA,5,1,4,1946,0,1,1,NA,2,201,I-210 W/B (FOOTHILL FWY),MYRTLE AVE,1584,W,N,A,-,Y,NA,NA,210,NA,NA,NA,NA,NA,W,Y,4,0,1,3,A,-,07,21658,A,N,B,C,A,A,H,-,A,D,0,NA,NA,NA,Y,Y,NA,A,01,0,0,1,0,0,0,0,0,0,-,-,34.13557815551758,-118.00536346435548,LOS ANGELES,MONROVIA,-118.00536346435548,34.13555145263672
91092736,2019,2019-10-08,9580,2019-10-04,0308,022036,NA,5,3,7,1942,0,1,3,NA,2,115,SR-118 W/B (RONALD REAGAN FWY.),SEPULVEDA BLVD,375,E,N,A,-,Y,NA,NA,118,NA,NA,NA,NA,NA,W,Y,3,0,2,2,A,-,01,23152,F,N,C,C,A,A,H,-,C,D,0,NA,NA,NA,NA,Y,NA,A,01,0,2,0,0,0,0,0,0,0,-,-,34.26599884033203,-118.4655990600586,LOS ANGELES,LOS ANGELES,-118.4655990600586,34.266048431396484
91092742,2019,2019-10-08,9590,2019-10-01,1720,022088,NA,2,2,7,1942,0,1,1,NA,2,052,I-110 NORTHBOUND (HARBOR FREEWAY),WASHINGTON BLVD.,200,N,N,A,-,Y,NA,NA,110,NA,NA,NA,NA,NA,N,N,4,0,2,2,A,-,03,22350,NA,N,C,C,A,A,H,-,A,D,0,NA,NA,NA,Y,Y,NA,A,01,0,0,2,0,0,0,0,0,0,-,-,34.03601837158203,-118.2741928100586,LOS ANGELES,LOS ANGELES,-118.27420806884766,34.0360221862793
91092750,2019,2019-10-08,9580,2019-10-05,2326,022080,NA,6,3,7,1942,0,1,2,NA,2,101,US-101 S/B (VENTURA FREEWAY),TUJUNGA AVE,1320,N,N,A,-,Y,NA,NA,101,NA,NA,NA,NA,NA,S,Y,4,0,1,2,A,-,03,22350,NA,N,C,C,A,A,H,-,D,D,0,NA,NA,NA,NA,Y,NA,A,01,0,0,1,0,0,0,0,0,0,-,-,34.1544303894043,-118.38282012939452,LOS ANGELES,LOS ANGELES,-118.38282012939452,34.15437698364258
91092766,2019,2019-10-08,9550,2019-10-01,1840,021954,NA,2,2,5,1976,0,1,1,NA,2,650,INTERSTATE 605 NORTHBOUND,BEVERLY BOULEVARD,1000,N,N,A,-,Y,NA,NA,NA,NA,NA,NA,NA,NA,NA,Y,4,0,1,2,A,-,03,22350,NA,N,C,C,A,A,H,-,A,D,0,NA,NA,NA,NA,Y,NA,A,01,0,0,1,0,0,0,0,0,0,-,-,33.006378173828125,-118.06124877929688,LOS ANGELES,WHITTIER,-118.0614013671875,34.00625228881836
91092784,2019,2019-10-08,9550,2019-10-02,1743,015045,NA,3,2,3,1903,0,1,3,NA,2,091,SR-91 E/B (ARTESIA FREEWAY),PIONEER BOULEVARD,150,E,N,A,-,Y,NA,NA,91,NA,NA,NA,NA,NA,E,Y,4,0,1,3,A,-,03,22350,NA,N,C,C,A,A,H,-,A,D,0,NA,NA,NA,NA,Y,NA,A,01,0,0,1,0,0,0,0,0,0,-,-,33.8763313293457,-118.07853698730467,LOS ANGELES,ARTESIA,-118.07853698730467,33.87647247314453
91092789,2019,2019-10-08,9540,2019-10-04,0720,018037,NA,5,1,6,1985,0,1,3,NA,1,145,SR-14 S/B (ANTELOPE VALLEY FREEWAY),VIA PRINCESSA WAY U/C,316,N,N,A,-,Y,NA,NA,14,NA,NA,NA,NA,NA,S,Y,4,0,3,3,A,-,03,22350,NA,N,C,C,A,A,H,-,A,D,0,NA,NA,NA,NA,Y,NA,A,01,0,0,3,0,0,0,0,0,0,-,-,34.403221130371094,-118.45395660400392,LOS ANGELES,SANTA CLARITA,-118.45397186279295,34.40324020385742
91092791,2019,2019-10-08,9525,2019-10-07,1005,014971,NA,1,1,4,1946,0,1,1,NA,2,201,I-210 W/B (FOOTHILL FWY),HUNTINGTON DR.,1584,E,N,A,-,Y,NA,NA,210,NA,NA,NA,NA,NA,W,N,4,0,1,3,A,-,03,22350,NA,N,C,C,A,A,H,-,A,D,0,NA,NA,NA,NA,Y,NA,A,01,0,0,1,0,0,0,0,0,0,-,-,34.13737869262695,-118.01255798339844,LOS ANGELES,MONROVIA,-118.01255798339844,34.13738250732422
91092794,2019,2019-11-18,9525,2019-10-01,1645,021542,NA,2,2,6,1955,0,1,1,NA,2,117,I-10 W/B (SAN BERNARDINO FWY),FAIRPLEX DR.,400,E,N,A,-,Y,NA,NA,10,NA,NA,NA,NA,NA,W,Y,4,0,2,3,A,-,07,21658,A,N,B,C,A,A,H,-,A,D,0,NA,NA,NA,NA,Y,NA,D,22,0,0,2,0,0,0,0,0,0,-,-,34.0730094909668,-117.78571319580078,LOS ANGELES,POMONA,-117.78571319580078,34.072967529296875
91092835,2019,2019-10-08,9525,2019-09-28,1510,021355,NA,6,2,9,1900,0,1,3,NA,1,024,SR-39 (SAN GABRIEL CANYON RD.),YUCCA FLATS,1056,S,N,A,-,Y,NA,NA,39,NA,NA,NA,NA,NA,NA,Y,3,0,1,1,A,-,03,22350,NA,N,E,I,A,A,H,-,A,D,0,NA,NA,NA,NA,Y,NA,A,01,0,1,0,0,0,0,0,0,0,-,-,34.29983901977539,-117.83390808105467,LOS ANGELES,UNINCORPORATED,-117.83393096923828,34.29988098144531
91092883,2019,2019-10-08,9535,2019-08-20,0346,022347,NA,2,3,3,1914,0,1,1,NA,2,501,I-5 N/B (SANTA ANA FREEWAY),EASTERN AVE,500,N,N,A,-,Y,NA,NA,5,NA,NA,NA,NA,NA,N,Y,4,0,1,1,A,-,08,22107,NA,N,E,I,A,A,H,-,C,D,0,NA,NA,NA,NA,Y,Y,A,01,0,0,1,0,0,0,0,0,0,-,-,34.017799377441406,-118.17569732666016,LOS ANGELES,COMMERCE,-118.17568969726564,34.017818450927734
91092884,2019,2019-10-08,9525,2019-10-02,1710,021542,NA,3,2,5,1906,0,1,1,NA,2,103,I-10 W/B (SAN BERNARDINO FWY),FRANCISQUITO AVE,600,E,N,A,-,Y,NA,NA,10,NA,NA,NA,NA,NA,W,N,4,0,1,4,A,-,03,22350,NA,N,C,C,A,A,H,-,A,A,0,NA,NA,NA,NA,Y,NA,A,07,0,0,1,0,0,0,0,0,0,-,-,34.06911087036133,-117.97110748291016,LOS ANGELES,BALDWIN PARK,-117.97109985351564,34.06904602050781
91092895,2019,2019-10-08,9575,2019-09-28,0350,021879,NA,6,3,7,1942,0,1,1,NA,2,053,I-5 S/B (GOLDEN STATE FREEWAY),OSBORNE ST,1500,S,N,A,-,Y,NA,NA,5,NA,NA,NA,NA,NA,S,Y,3,0,1,2,A,-,01,23152,A,N,C,C,A,A,H,-,D,D,0,NA,NA,NA,Y,Y,Y,A,01,0,1,0,0,0,0,0,0,0,-,-,34.2411994934082,-118.41886901855467,LOS ANGELES,LOS ANGELES,-118.41886138916016,34.2412109375
91092902,2019,2019-10-08,9575,2019-09-28,0353,021879,NA,6,3,7,1942,0,1,1,NA,2,053,I-5 S/B (GOLDEN STATE FREEWAY),OSBORNE ST.,1500,S,N,A,-,Y,NA,NA,5,NA,NA,NA,NA,NA,S,Y,4,0,1,2,C,-,18,NA,NA,N,C,C,A,A,C,-,D,D,0,NA,NA,NA,NA,Y,Y,-,-,0,0,1,0,0,0,0,0,0,-,-,34.2411994934082,-118.41886901855467,LOS ANGELES,LOS ANGELES,-118.41886138916016,34.2412109375
91092908,2019,2019-10-08,9590,2019-09-29,1747,022198,NA,7,2,7,1942,0,1,1,NA,2,062,I-10 E/B (SANTA MONICA FREEWAY),OAK ST PROLONGATION,150,E,N,A,-,Y,NA,NA,10,NA,NA,NA,NA,NA,E,N,4,0,2,3,A,-,03,22350,NA,N,C,C,A,A,H,-,A,D,0,NA,NA,NA,NA,Y,NA,A,07,0,0,2,0,0,0,0,0,0,-,-,34.03807067871094,-118.27622985839844,LOS ANGELES,LOS ANGELES,-118.27622985839844,34.03804397583008
91092909,2019,2019-10-08,9540,2019-10-01,1955,017150,NA,2,2,9,1900,0,2,4,NA,2,031,THE OLD ROAD,BISCAILUZ DR,400,N,N,A,-,N,NA,NA,NA,NA,NA,NA,NA,NA,NA,Y,3,0,1,1,C,-,18,NA,NA,N,E,I,A,A,H,-,C,D,0,NA,NA,NA,NA,Y,NA,-,-,0,1,0,0,0,0,0,0,0,-,-,34.45145034790039,-118.6151885986328,LOS ANGELES,UNINCORPORATED,-118.6143798828125,34.45038604736328
91092912,2019,2019-10-08,9580,2019-10-01,1800,020451,NA,2,2,9,1900,0,1,3,NA,1,270,SR-27 N/B (TOPANGA CYN. BLVD.),GRAND VIEW DR,30,S,N,A,-,N,NA,NA,27,NA,NA,NA,NA,NA,N,Y,4,0,1,2,A,-,21,22106,NA,M,C,C,A,A,H,-,B,D,0,NA,NA,NA,NA,Y,NA,-,99,0,0,1,0,0,0,0,0,0,-,-,34.08216857910156,-118.59848785400392,LOS ANGELES,UNINCORPORATED,-118.59850311279295,34.082149505615234
91092919,2019,2019-10-08,9580,2019-09-25,0348,021963,NA,3,3,7,1942,0,1,2,NA,2,100,US-101 N/B TO SR-170 N/B,MOORPARK ST,350,S,N,A,-,Y,NA,NA,101,NA,NA,NA,R,NA,N,Y,2,0,2,3,C,-,18,NA,NA,N,E,J,A,A,H,-,C,D,0,NA,NA,Y,Y,Y,NA,-,-,1,0,1,0,0,0,0,0,1,-,-,34.14942169189453,-118.37336730957033,LOS ANGELES,LOS ANGELES,-118.37336730957033,34.14942169189453
91092928,2019,2019-10-08,9535,2019-08-21,1930,021976,NA,3,2,5,1959,0,1,3,NA,2,620,SR-60 (POMONA FREEWAY) E/B,SAN GABRIEL BLVD,390,W,N,A,-,Y,NA,NA,60,NA,NA,NA,NA,NA,E,N,4,0,1,3,A,-,03,22350,NA,N,C,C,A,A,H,-,B,D,0,NA,NA,NA,NA,Y,NA,A,08,0,0,1,0,0,0,0,0,0,-,-,34.03887939453125,-118.08203887939452,LOS ANGELES,ROSEMEAD,-118.08203125,34.038856506347656
91092936,2019,2019-10-08,9535,2019-08-21,1415,022246,NA,3,2,9,1900,0,2,4,NA,2,024,WHITTIER BLVD,DOWNEY AVE,0,NA,Y,A,-,N,NA,NA,NA,NA,NA,NA,NA,NA,NA,N,4,0,1,2,A,-,09,21801,A,N,D,C,A,A,H,-,A,A,0,NA,NA,NA,NA,Y,NA,A,01,0,0,1,0,0,0,0,0,0,-,-,34.024070739746094,-118.18026733398438,LOS ANGELES,UNINCORPORATED,-118.18006896972656,34.02394104003906
91092950,2019,2019-10-08,9580,2019-10-01,0850,016592,NA,2,1,7,1942,0,1,2,NA,2,104,US-101 N/B (VENTURA FREEWAY),VENTURA BLVD,14,E,N,A,-,Y,NA,NA,101,NA,NA,NA,NA,NA,N,N,4,0,1,2,A,-,21,22106,NA,N,C,C,A,A,H,-,A,D,0,NA,NA,NA,NA,Y,NA,A,01,0,0,1,0,0,0,0,0,0,-,-,34.16912078857422,-118.61324310302734,LOS ANGELES,LOS ANGELES,-118.61302947998048,34.16883087158203
91092952,2019,2019-10-08,9525,2019-10-04,1855,022009,NA,5,2,5,1926,0,1,1,NA,2,215,I-210 W/B (FOOTHILL FWY),SUNFLOWER AVE,2112,W,N,A,-,Y,NA,NA,210,NA,NA,NA,NA,NA,W,N,4,0,2,2,A,-,03,22350,NA,N,C,C,A,A,H,-,B,D,0,NA,NA,NA,NA,Y,NA,A,01,0,0,2,0,0,0,0,0,0,-,-,34.11766052246094,-117.85263824462892,LOS ANGELES,GLENDORA,-117.85263824462892,34.117713928222656
91092974,2019,2019-10-08,9530,2019-09-28,2125,021325,NA,6,2,7,1941,0,1,1,NA,2,072,I-710 S/B (LONG BEACH FREEWAY),I-405,1056,N,N,A,-,Y,NA,NA,710,NA,NA,NA,NA,NA,S,Y,3,0,1,1,A,-,01,23152,A,N,E,I,A,A,H,-,C,D,0,NA,NA,NA,NA,Y,Y,A,01,0,1,0,0,0,0,0,0,0,-,-,33.830078125,-118.20868682861328,LOS ANGELES,LONG BEACH,-118.20861053466795,33.830101013183594
91092980,2019,2019-10-08,9545,2019-09-26,0735,013963,NA,4,1,9,1900,0,3,5,NA,1,006,AVENUE L 8,52ND ST  W,0,NA,Y,B,-,N,NA,NA,NA,NA,NA,NA,NA,NA,NA,N,3,0,1,2,A,-,05,21650,NA,N,D,G,A,A,H,-,A,A,0,NA,Y,NA,NA,Y,NA,L,04,0,1,0,0,0,0,1,0,0,-,-,34.6528205871582,-118.22306823730467,LOS ANGELES,UNINCORPORATED,-118.22302,34.65291