CASE_ID,ACCIDENT_YEAR,PROC_DATE,JURIS,COLLISION_DATE,COLLISION_TIME,OFFICER_ID,REPORTING_DISTRICT,DAY_OF_WEEK,CHP_SHIFT,POPULATION,CNTY_CITY_LOC,SPECIAL_COND,BEAT_TYPE,CHP_BEAT_TYPE,CITY_DIVISION_LAPD,CHP_BEAT_CLASS,BEAT_NUMBER,PRIMARY_RD,SECONDARY_RD,DISTANCE,DIRECTION,INTERSECTION,WEATHER_1,WEATHER_2,STATE_HWY_IND,CALTRANS_COUNTY,CALTRANS_DISTRICT,STATE_ROUTE,ROUTE_SUFFIX,POSTMILE_PREFIX,POSTMILE,LOCATION_TYPE,RAMP_INTERSECTION,SIDE_OF_HWY,TOW_AWAY,COLLISION_SEVERITY,NUMBER_KILLED,NUMBER_INJURED,PARTY_COUNT,PRIMARY_COLL_FACTOR,PCF_CODE_OF_VIOL,PCF_VIOL_CATEGORY,PCF_VIOLATION,PCF_VIOL_SUBSECTION,HIT_AND_RUN,TYPE_OF_COLLISION,MVIW,PED_ACTION,ROAD_SURFACE,ROAD_COND_1,ROAD_COND_2,LIGHTING,CONTROL_DEVICE,CHP_ROAD_TYPE,PEDESTRIAN_ACCIDENT,BICYCLE_ACCIDENT,MOTORCYCLE_ACCIDENT,TRUCK_ACCIDENT,NOT_PRIVATE_PROPERTY,ALCOHOL_INVOLVED,STWD_VEHTYPE_AT_FAULT,CHP_VEHTYPE_AT_FAULT,COUNT_SEVERE_INJ,COUNT_VISIBLE_INJ,COUNT_COMPLAINT_PAIN,COUNT_PED_KILLED,COUNT_PED_INJURED,COUNT_BICYCLIST_KILLED,COUNT_BICYCLIST_INJURED,COUNT_MC_KILLED,COUNT_MC_INJURED,PRIMARY_RAMP,SECONDARY_RAMP,LATITUDE,LONGITUDE,COUNTY,CITY,POINT_X,POINT_Y
91095638,2019,2019-10-11,9550,2019-09-22,0125,022194,NA,7,3,7,1941,0,1,3,NA,2,090,SR-91 WESTBOUND,ATLANTIC AVE.,1000,E,N,A,-,Y,NA,NA,91,NA,NA,NA,NA,NA,W,Y,4,0,1,2,A,-,03,22350,NA,N,C,C,A,A,H,-,C,D,0,NA,NA,NA,NA,Y,NA,A,01,0,0,1,0,0,0,0,0,0,-,-,33.87709045410156,-118.17386627197266,LOS ANGELES,LONG BEACH,-118.1738739013672,33.87689208984375
91095650,2019,2019-10-11,9590,2019-10-07,1155,015982,NA,1,1,7,1942,0,1,1,NA,2,053,I-110 S/B (HARBOR FREEWAY),WASHINGTON BLVD,600,S,N,A,-,Y,NA,NA,110,NA,NA,NA,NA,NA,S,Y,4,0,1,2,A,-,07,21658,NA,N,B,C,A,A,H,-,A,D,0,NA,NA,NA,NA,Y,NA,A,01,0,0,1,0,0,0,0,0,0,-,-,34.03422164916992,-118.27455902099608,LOS ANGELES,LOS ANGELES,-118.27466583251952,34.03423309326172
91095696,2019,2019-10-11,9535,2019-08-19,0330,022159,NA,1,3,6,1922,0,1,1,NA,2,401,I-10 (SAN BERNARDINO FREEWAY) W/B,DURFEE AVE,30,E,N,A,-,Y,NA,NA,10,NA,NA,NA,NA,NA,W,Y,3,0,1,2,A,-,03,22350,NA,N,C,C,A,A,H,-,D,D,0,NA,NA,NA,NA,Y,NA,A,08,0,1,0,0,0,0,0,0,0,-,-,34.06441116333008,-118.01083374023438,LOS ANGELES,EL MONTE,-118.01081848144533,34.064449310302734
91095747,2019,2019-12-06,9580,2019-10-03,1720,020462,NA,4,2,7,1942,0,1,2,NA,2,105,US-101 S/B (VENTURA FREEWAY),DE SOTO AVE,1500,S,N,A,-,Y,NA,NA,101,NA,NA,NA,NA,NA,S,Y,4,0,1,3,A,-,06,21755,NA,N,B,C,A,A,H,-,A,D,0,NA,NA,Y,NA,Y,NA,C,02,0,0,1,0,0,0,0,0,1,-,-,34.16802978515625,-118.58290100097656,LOS ANGELES,LOS ANGELES,-118.58290100097656,34.16805648803711
91095775,2019,2019-10-11,9565,2019-10-04,1115,017060,NA,5,1,6,1933,0,1,1,NA,2,060,I-405 N/B (SAN DIEGO FREEWAY),MANCHESTER BLVD.,1200,S,N,A,-,Y,NA,NA,405,NA,NA,NA,NA,NA,N,N,4,0,1,2,A,-,03,22350,NA,N,C,C,A,A,H,-,A,D,0,NA,NA,NA,NA,Y,NA,A,07,0,0,1,0,0,0,0,0,0,-,-,33.959171295166016,-118.36930084228516,LOS ANGELES,INGLEWOOD,-118.36920928955078,33.95916748046875
91095796,2019,2019-10-11,9550,2019-10-05,1410,021950,NA,6,2,9,1900,0,1,3,NA,2,600,STATE ROUTE 60 W/B,CROSSROADS PARKWAY,10,W,N,A,-,Y,NA,NA,60,NA,NA,NA,NA,NA,W,Y,4,0,1,3,A,-,03,22350,NA,N,C,C,A,A,H,-,A,D,0,NA,NA,NA,NA,Y,NA,A,01,0,0,1,0,0,0,0,0,0,-,-,34.02927017211914,-118.01481628417967,LOS ANGELES,UNINCORPORATED,-118.01482391357422,34.02923583984375
91095821,2019,2019-10-11,9525,2019-10-08,1300,018364,NA,2,1,9,1900,0,2,4,NA,2,045,VALLEY BOULEVARD W/B (14600 BLOCK),7TH AVENUE,440,E,N,A,-,N,NA,NA,NA,NA,NA,NA,NA,NA,NA,N,4,0,1,3,A,-,03,22350,NA,N,C,C,A,A,H,-,A,A,0,NA,NA,NA,NA,Y,NA,D,22,0,0,1,0,0,0,0,0,0,-,-,34.033939361572266,-117.97329711914064,LOS ANGELES,UNINCORPORATED,-117.97345733642578,34.03398895263672
91095823,2019,2019-10-11,9580,2019-10-08,1520,020451,NA,2,2,7,1942,0,1,2,NA,2,107,US-101 S/B (VENTURA FREEWAY),PARKWAY CALABASAS,2112,S,N,A,-,Y,NA,NA,NA,NA,NA,NA,NA,NA,NA,Y,4,0,1,2,A,-,03,22350,NA,N,C,C,A,A,H,-,A,D,0,NA,NA,NA,NA,Y,NA,A,01,0,0,1,0,0,0,0,0,0,-,-,34.15610885620117,-118.64543914794922,LOS ANGELES,LOS ANGELES,-118.65855407714844,34.15123748779297
91095830,2019,2019-10-11,9525,2019-10-11,0815,018505,NA,5,1,5,1990,0,1,3,NA,2,583,SR-57 S/B (ORANGE FWY),DIAMOND BAR BLVD,1000,N,N,A,-,Y,NA,NA,57,NA,NA,NA,NA,NA,S,N,3,0,3,3,A,-,03,22350,NA,N,C,C,A,A,H,-,A,D,0,NA,NA,NA,NA,Y,NA,A,01,0,3,0,0,0,0,0,0,0,-,-,33.97039031982422,-117.84776306152344,LOS ANGELES,DIAMOND BAR,-117.84768676757813,33.970333099365234
91095832,2019,2019-10-11,9580,2019-10-09,0035,020404,NA,3,3,7,1942,0,1,2,NA,2,102,US-101 N/B (HOLLYWOOD FREEWAY),HAYVENHURST AVE,350,N,N,A,-,Y,NA,NA,101,NA,NA,NA,NA,NA,N,N,3,0,3,3,A,-,08,22107,NA,F,B,D,A,A,H,-,D,D,0,NA,NA,NA,NA,Y,Y,-,99,0,3,0,0,0,0,0,0,0,-,-,34.16619873046875,-118.49423217773438,LOS ANGELES,LOS ANGELES,-118.4941864013672,34.16627502441406
91095843,2019,2019-10-14,9525,2019-10-02,1610,018651,NA,3,2,5,1990,0,1,3,NA,2,601,SR-60 W/B (POMONA FWY),FAIRWAY DR.,528,E,N,A,-,Y,NA,NA,60,NA,NA,NA,NA,NA,W,Y,3,0,1,8,A,-,07,21658,A,N,B,C,A,A,H,-,A,D,0,NA,NA,NA,NA,Y,NA,A,01,0,1,0,0,0,0,0,0,0,-,-,33.99745178222656,-117.86338043212892,LOS ANGELES,DIAMOND BAR,-117.86339569091795,33.99753952026367
9109586,2020,2020-11-04,1900,2020-05-19,0635,609942,0631,2,5,6,1985,0,0,0,NA,0,61T1,SIERRA HWY,LINDA VISTA ST,0,NA,Y,A,-,N,NA,NA,NA,NA,NA,NA,NA,NA,NA,Y,4,0,1,2,A,-,12,21453,A,N,D,D,A,A,H,-,A,A,0,NA,NA,NA,NA,Y,NA,A,07,0,0,1,0,0,0,0,0,0,-,-,34.43349075317383,-118.43805694580078,LOS ANGELES,SANTA CLARITA,-118.43814086914064,34.43349075317383
91095866,2019,2019-10-14,9575,2019-10-02,0315,021254,NA,3,3,6,1925,0,1,3,NA,2,042,SR-134 W/B TO FAIRMONT AVENUE,CONCORD STREET,100,W,N,A,-,Y,NA,NA,134,NA,NA,NA,R,NA,W,Y,3,0,1,1,A,-,08,22107,NA,N,E,I,A,A,H,-,D,D,0,NA,NA,NA,NA,Y,NA,A,01,0,1,0,0,0,0,0,0,0,-,-,34.15509033203125,-118.2709732055664,LOS ANGELES,GLENDALE,-118.2709732055664,34.15509033203125
91095872,2019,2019-10-14,9575,2019-10-03,1445,022110,NA,4,2,9,1900,0,2,4,NA,2,016,LA CRESCENTA AVENUE,I-210 E/B ON-RAMP/ MAYFIELD AVENUE,0,NA,Y,A,-,Y,NA,NA,NA,NA,NA,NA,NA,NA,NA,Y,4,0,1,2,A,-,09,21802,A,N,D,C,A,A,H,-,A,A,0,NA,NA,NA,NA,Y,NA,A,01,0,0,1,0,0,0,0,0,0,-,-,34.217708587646484,-118.2400131225586,LOS ANGELES,UNINCORPORATED,NA,NA
91095873,2019,2019-10-14,9590,2019-10-02,0250,022281,NA,3,3,7,1942,0,1,3,NA,2,094,SR-2 E/B (GLENDALE FREEWAY),ROUND TOP DR,127,W,N,A,-,Y,NA,NA,2,NA,NA,NA,NA,NA,E,Y,4,0,1,1,A,-,01,23152,A,N,E,I,A,A,H,-,C,D,0,NA,NA,NA,NA,Y,Y,A,01,0,0,1,0,0,0,0,0,0,-,-,34.132240295410156,-118.22899627685548,LOS ANGELES,LOS ANGELES,-118.22923278808594,34.132198333740234
91095882,2019,2019-10-14,9590,2019-10-02,1908,022088,NA,3,2,7,1942,0,1,3,NA,2,094,SR-2 EASTBOUND (GLENDALE FREEWAY),OAK GLEN PL.,800,E,N,A,-,Y,NA,NA,2,NA,NA,NA,NA,NA,E,N,4,0,1,2,A,-,03,22350,NA,N,C,C,A,A,H,-,C,D,0,NA,NA,NA,NA,Y,NA,D,22,0,0,1,0,0,0,0,0,0,-,-,34.09571075439453,-118.25393676757813,LOS ANGELES,LOS ANGELES,-118.2539520263672,34.09571838378906
91095884,2019,2020-04-03,9590,2019-10-03,0755,013179,NA,4,1,7,1942,0,1,1,NA,2,061,I-10 W/B (SANTA MONICA FREEWAY),NORMANDIE AVENUE,250,W,N,A,-,Y,NA,NA,10,NA,NA,NA,NA,NA,W,Y,3,0,1,3,A,-,07,21658,A,N,B,C,A,A,H,-,A,D,0,NA,NA,Y,NA,Y,NA,A,01,0,1,0,0,0,0,0,0,1,-,-,34.037288665771484,-118.30329895019533,LOS ANGELES,LOS ANGELES,-118.30329895019533,34.03719711303711
91095924,2019,2019-10-14,9540,2019-10-03,0254,021106,NA,4,3,7,1942,0,1,1,NA,1,405,I-405 S/B (SAN DIEGO FREEWAY),ROXFORD ST,1056,S,N,A,-,Y,NA,NA,NA,NA,NA,NA,NA,NA,NA,N,4,0,1,2,A,-,08,22107,NA,N,C,C,A,A,H,-,C,D,0,NA,NA,NA,NA,Y,NA,A,01,0,0,1,0,0,0,0,0,0,-,-,34.293128967285156,-118.46988677978516,LOS ANGELES,LOS ANGELES,NA,NA
91095926,2019,2019-10-14,9540,2019-10-04,1440,017150,NA,5,2,9,1900,0,3,5,NA,2,001,RAWLINGS COURT (PRIVATE ROADWAY),PICO CYN. RD.,0,NA,Y,A,-,N,NA,NA,NA,NA,NA,NA,NA,NA,NA,N,3,0,1,2,A,-,09,21804,A,N,H,G,A,A,H,-,A,A,0,NA,Y,NA,NA,Y,NA,A,01,0,1,0,0,0,0,1,0,0,-,-,34.38243103027344,-118.57772064208984,LOS ANGELES,UNINCORPORATED,-118.577392578125,34.38167190551758
91095932,2019,2019-10-14,9540,2019-10-07,0600,014277,NA,1,1,9,1900,0,2,4,NA,2,071,FERGUSON DR (27000 BLOCK),THE OLD RD,0,NA,Y,A,-,N,NA,NA,NA,NA,NA,NA,NA,NA,NA,Y,3,0,1,1,A,-,12,22450,A,N,E,I,A,A,H,-,C,A,0,NA,NA,NA,NA,Y,NA,D,22,0,1,0,0,0,0,0,0,0,-,-,34.49259948730469,-118.6218719482422,LOS ANGELES,UNINCORPORATED,-118.6220474243164,34.49272918701172
91095961,2019,2019-10-14,9575,2019-10-04,0258,021254,NA,5,3,7,1942,0,1,3,NA,2,043,SR-134 WB TO I-5 NB,ZOO DRIVE,505,W,N,A,-,Y,NA,NA,134,NA,NA,NA,R,NA,W,Y,3,0,1,1,A,-,01,23152,A,N,E,I,A,A,H,-,D,D,0,NA,NA,NA,NA,Y,Y,A,01,0,1,0,0,0,0,0,0,0,-,-,34.15299987792969,-118.28134155273438,LOS ANGELES,LOS ANGELES,-118.28134155273438,34.15299987792969
91095970,2019,2019-10-14,9575,2019-10-06,1351,021006,NA,7,1,7,1942,0,1,1,NA,2,052,I-5 S/B (GOLDEN STATE FREEWAY),COHASSET ST.,50,N,N,A,-,Y,NA,NA,5,NA,NA,NA,NA,NA,S,Y,3,0,2,1,A,-,08,22107,NA,N,E,I,A,A,H,-,A,D,0,NA,NA,NA,NA,Y,NA,A,07,0,1,1,0,0,0,0,0,0,-,-,34.206809997558594,-118.3433074951172,LOS ANGELES,LOS ANGELES,-118.34342193603516,34.20673751831055
91095976,2019,2019-10-14,9575,2019-10-03,1630,022110,NA,4,2,6,1953,0,1,1,NA,2,063,I-210 E/B (FOOTHILL FREEWAY),HOWARD STREET,130,E,N,A,-,Y,NA,NA,210,NA,NA,NA,NA,NA,E,Y,4,0,6,3,A,-,08,22107,NA,N,B,C,A,A,C,-,A,D,0,NA,NA,NA,NA,Y,NA,A,01,0,0,6,0,0,0,0,0,0,-,-,34.17308044433594,-118.1588897705078,LOS ANGELES,PASADENA,-118.15890502929688,34.173072814941406
9109599,2020,2020-07-22,1900,2020-01-01,1740,475342,2826,3,5,5,1915,0,0,0,NA,0,NA,ATLANTIC AV,SAN VICENTE ST,240,S,N,A,-,N,NA,NA,NA,NA,NA,NA,NA,NA,NA,Y,4,0,2,3,A,-,07,21658,A,N,B,C,A,A,H,-,B,D,0,NA,NA,NA,NA,Y,NA,A,07,0,0,2,0,0,0,0,0,0,-,-,NA,NA,LOS ANGELES,COMPTON,-118.19361877441406,33.8988037109375
91096009,2019,2019-10-14,9575,2019-10-07,1329,021006,NA,1,1,7,1942,0,1,1,NA,2,060,I-210 E/B (FOOTHILL FREEWAY),TERRA BELLA ST.,750,E,N,A,-,Y,NA,NA,210,NA,NA,NA,NA,NA,E,Y,4,0,1,4,A,-,07,21658,A,N,B,C,A,A,H,-,A,D,0,NA,NA,NA,Y,Y,NA,A,01,0,0,1,0,0,0,0,0,0,-,-,34.27690887451172,-118.38890838623048,LOS ANGELES,LOS ANGELES,-118.38890075683594,34.276947021484375
91096013,2019,2019-10-14,9575,2019-10-06,1940,021978,NA,7,2,9,1900,0,2,4,NA,2,020,ALTADENA DRIVE (1600 BLOCK),NEW YORK DRIVE,0,NA,Y,A,-,N,NA,NA,NA,NA,NA,NA,NA,NA,NA,Y,4,0,1,2,A,-,01,23152,A,N,A,C,A,A,H,-,A,A,0,NA,NA,NA,NA,Y,Y,A,01,0,0,1,0,0,0,0,0,0,-,-,34.17454147338867,-118.09828186035156,LOS ANGELES,UNINCORPORATED,-118.09818267822266,34.17457962036133
91096111,2019,2019-10-14,9590,2019-10-10,0700,021040,NA,4,1,7,1942,0,1,1,NA,2,081,I-5 S/B (GOLDEN STATE FREEWAY),CESAR CHAVEZ AVENUE,400,S,N,A,-,Y,NA,NA,5,NA,NA,NA,NA,NA,S,N,4,0,3,3,A,-,03,22350,NA,N,C,C,A,A,H,-,A,D,0,NA,NA,NA,Y,Y,NA,F,26,0,0,3,0,0,0,0,0,0,-,-,34.049339294433594,-118.21421051025392,LOS ANGELES,LOS ANGELES,-118.21424102783205,34.049346923828125
91096114,2019,2019-10-14,9590,2019-10-07,1045,021762,NA,1,1,7,1942,0,1,1,NA,2,080,I-5 N/B (GOLDEN STATE FREEWAY),SOTO STREET,225,N,N,A,-,Y,NA,NA,5,NA,NA,NA,NA,NA,N,N,4,0,1,2,A,-,03,22350,NA,N,C,C,A,A,H,-,A,D,0,NA,NA,NA,NA,Y,NA,A,07,0,0,1,0,0,0,0,0,0,-,-,34.031551361083984,-118.21835327148438,LOS ANGELES,LOS ANGELES,-118.21852111816406,34.031314849853516
91096116,2019,2019-10-14,9590,2019-10-06,1200,019146,NA,7,1,7,1942,0,1,1,NA,2,063,I-10 W/B (SANTA MONICA FREEWAY),BUDLONG AVE,200,E,N,A,-,Y,NA,NA,10,NA,NA,NA,NA,NA,W,Y,4,0,1,2,A,-,07,21658,A,N,B,C,A,A,H,-,A,D,0,NA,NA,NA,NA,Y,NA,A,01,0,0,1,0,0,0,0,0,0,-,-,34.0371208190918,-118.29546356201172,LOS ANGELES,LOS ANGELES,-118.29546356201172,34.037105560302734
91096117,2019,2019-10-14,9590,2019-10-07,1310,019146,NA,1,1,7,1942,0,1,1,NA,2,081,I-5 S/B (GOLDEN STATE FREEWAY),4TH STREET,200,S,N,A,-,Y,NA,NA,NA,NA,NA,NA,NA,NA,NA,N,4,0,1,4,A,-,03,22350,NA,N,C,C,A,A,H,-,A,D,0,NA,NA,NA,NA,Y,Y,E,22,0,0,1,0,0,0,0,0,0,-,-,34.04233169555664,-118.22120666503906,LOS ANGELES,LOS ANGELES,-118.07218933105467,33.92530059814453
91096123,2019,2019-10-14,9590,2019-10-10,0855,013179,NA,4,1,7,1942,0,1,1,NA,2,062,I-10 E/B (SMF) COLLECTOR ROAD,VERMONT AVENUE,100,E,N,A,-,Y,NA,NA,10,NA,NA,NA,NA,NA,E,N,4,0,1,2,A,-,03,22350,NA,N,C,C,A,A,H,-,A,D,0,NA,NA,NA,NA,Y,NA,A,01,0,0,1,0,0,0,0,0,0,-,-,34.036720275878906,-118.28498077392578,LOS ANGELES,LOS ANGELES,-118.28500366210938,34.036903381347656
91096131,2019,2019-10-14,9575,2019-10-05,0510,021669,NA,6,3,5,1902,0,1,1,NA,2,065,I-210 W/B (FOOTHILL FREEWAY),HUNTINGTON DRIVE,400,W,N,A,-,Y,NA,NA,210,NA,NA,NA,NA,NA,W,N,4,0,1,2,D,-,00,NA,NA,N,B,C,A,A,H,-,C,D,0,NA,NA,Y,NA,Y,NA,-,-,0,0,1,0,0,0,0,0,1,-,-,34.14167022705078,-118.0185089111328,LOS ANGELES,ARCADIA,-118.01840972900392,34.14183807373047
91096135,2019,2019-10-14,9590,2019-10-07,1530,022173,NA,1,2,7,1942,0,1,1,NA,2,053,I-110 S/B (HARBOR FREEWAY),ADAMS BLVD,500,S,N,A,-,Y,NA,NA,110,NA,NA,NA,NA,NA,S,N,4,0,1,2,A,-,03,22350,NA,N,C,C,A,A,H,-,A,D,0,NA,NA,NA,NA,Y,NA,A,01,0,0,1,0,0,0,0,0,0,-,-,34.027000427246094,-118.27490234375,LOS ANGELES,LOS ANGELES,-118.27488708496094,34.02699279785156
91096137,2019,2019-10-14,9590,2019-10-09,1400,022088,NA,3,2,7,1941,0,1,2,NA,2,071,US-101 SOUTHBOUND (HOLLYWOOD FREEWAY),ALVARADO STREET,100,N,N,A,-,Y,NA,NA,NA,NA,NA,NA,NA,NA,NA,N,4,0,1,2,A,-,03,22350,NA,F,C,C,A,A,H,-,A,D,0,NA,NA,NA,NA,Y,NA,-,99,0,0,1,0,0,0,0,0,0,-,-,34.07273864746094,-118.26885223388672,LOS ANGELES,LONG BEACH,-118.26726531982422,34.072086334228516
91096139,2019,2019-10-14,9590,2019-10-08,2103,022088,NA,2,2,7,1942,0,1,2,NA,2,071,US-101 SOUTHBOUND (HOLLYWOOD FREEWAY),ALVARADO ST.,300,S,N,A,-,Y,NA,NA,101,NA,NA,NA,NA,NA,S,N,4,0,2,2,A,-,03,22350,NA,N,C,C,A,A,H,-,C,D,0,NA,NA,NA,NA,Y,NA,A,08,0,0,2,0,0,0,0,0,0,-,-,34.071380615234375,-118.26579284667967,LOS ANGELES,LOS ANGELES,-118.26576995849608,34.07143020629883
9109614,2020,2020-10-29,1942,2020-05-23,2125,43371,1488,6,5,7,1942,0,0,0,N,0,14A67,MANCHESTER AV,AIRPORT BL,129,E,N,A,-,N,NA,NA,NA,NA,NA,NA,NA,NA,NA,N,3,0,1,2,A,-,11,21956,A,N,G,B,D,A,H,-,C,D,0,Y,NA,NA,NA,Y,NA,N,60,0,1,0,0,1,0,0,0,0,-,-,NA,NA,LOS ANGELES,LOS ANGELES,-118.38511657714844,33.95981979370117
91096144,2019,2019-10-14,9540,2019-10-07,0435,021360,NA,1,3,9,1900,0,1,3,NA,2,149,SR-14 (S/B)(AVF),AGUA DULCE CANYON ROAD,7392,N,N,A,-,Y,NA,NA,14,NA,NA,NA,NA,NA,NA,Y,2,0,1,2,A,-,07,21658,A,N,B,C,A,A,H,-,D,D,0,NA,NA,Y,NA,Y,NA,A,01,1,0,0,0,0,0,0,0,1,-,-,34.4752311706543,-118.30673980712892,LOS ANGELES,UNINCORPORATED,-118.30674743652344,34.47523880004883
9109615,2020,2020-10-29,1942,2020-05-26,1155,42640,1415,2,5,7,1942,0,0,0,N,0,14A25,WALGROVE AV,LAKE ST,0,NA,Y,A,-,N,NA,NA,NA,NA,NA,NA,NA,NA,NA,N,3,0,1,2,A,-,06,21760,C,N,B,G,A,A,H,-,A,D,0,NA,Y,NA,NA,Y,NA,A,07,0,1,0,0,0,0,1,0,0,-,-,NA,NA,LOS ANGELES,LOS ANGELES,-118.45423889160156,34.00754928588867
91096155,2019,2019-10-14,9575,2019-10-04,1705,021978,NA,5,2,6,1912,0,1,3,NA,2,044,SR-134 W/B (VENTURA FREEWAY),BUENA VISTA STREET,1500,E,N,A,-,Y,NA,NA,134,NA,NA,NA,NA,NA,W,Y,2,0,1,2,A,-,03,22350,NA,N,C,C,A,A,H,-,A,D,0,NA,NA,Y,NA,Y,NA,C,02,1,0,0,0,0,0,0,0,1,-,-,34.15488052368164,-118.32045745849608,LOS ANGELES,BURBANK,-118.32047271728516,34.15493392944336
91096157,2019,2019-10-14,9540,2019-10-02,0755,018513,NA,3,1,6,1985,0,1,3,NA,1,145,SR-14 S/B (ANTELOPE VALLEY FREEWAY),GOLDEN VALLEY RD,2640,N,N,A,-,Y,NA,NA,14,NA,NA,NA,NA,NA,S,Y,4,0,1,4,A,-,03,22350,NA,N,C,C,A,A,H,-,A,D,0,NA,NA,NA,NA,Y,NA,D,22,0,0,1,0,0,0,0,0,0,-,-,34.39781188964844,-118.46331024169922,LOS ANGELES,SANTA CLARITA,-118.46334075927734,34.39785385131836
91096158,2019,2019-10-14,9540,2019-10-05,0250,021058,NA,6,3,9,1900,0,3,5,NA,2,200,VASQUEZ CANYON RD.,LOST CREEK RD,1584,E,N,A,-,N,NA,NA,NA,NA,NA,NA,NA,NA,NA,Y,4,0,1,1,A,-,01,23152,A,N,E,I,A,A,H,-,D,D,0,NA,NA,NA,NA,Y,Y,A,01,0,0,1,0,0,0,0,0,0,-,-,34.4747200012207,-118.44943237304688,LOS ANGELES,UNINCORPORATED,-118.45027923583984,34.47454833984375
9109616,2020,2020-10-28,1942,2020-05-24,1649,41139,1407,7,5,7,1942,0,0,0,N,0,14A27,HUGHES AV,CHARNOCK AV,95,S,N,A,-,N,NA,NA,NA,NA,NA,NA,NA,NA,NA,N,4,0,1,2,A,-,08,22107,NA,N,D,G,A,A,H,-,A,D,0,NA,Y,NA,NA,Y,NA,A,01,0,0,1,0,0,0,1,0,0,-,-,NA,NA,LOS ANGELES,LOS ANGELES,-118.40100860595705,34.02619171142578
91096165,2019,2019-10-14,9575,2019-10-05,1250,021213,NA,6,1,7,1942,0,1,1,NA,2,053,I-5 N/B (GOLDEN STATE FREEWAY),VAN NUYS BLVD,410,N,N,A,-,Y,NA,NA,5,NA,NA,NA,NA,NA,N,Y,4,0,1,2,A,-,03,22350,NA,N,C,C,A,A,H,-,A,D,0,NA,NA,NA,NA,Y,NA,A,07,0,0,1,0,0,0,0,0,0,-,-,34.25774002075195,-118.43588256835938,LOS ANGELES,LOS ANGELES,-118.43595123291016,34.25766372680664
91096168,2019,2019-10-14,9575,2019-10-05,2344,021566,NA,6,3,6,1912,0,1,3,NA,2,044,SR-134 W/B (VENTURA FREEWAY),RIVERSIDE DR. U/C,1415,E,N,A,-,Y,NA,NA,134,NA,NA,NA,NA,NA,W,Y,2,0,2,1,A,-,01,23152,A,N,E,I,A,A,H,-,D,D,0,NA,NA,NA,NA,Y,Y,D,22,2,0,0,0,0,0,0,0,0,-,-,34.154659271240234,-118.32180786132813,LOS ANGELES,BURBANK,-118.32180786132813,34.1546630859375
9109617,2020,2020-10-29,1942,2020-05-17,0956,43454,1432,7,5,7,1942,0,0,0,N,0,14A13,VENICE BL,LINCOLN BL,0,NA,Y,A,-,N,NA,NA,NA,NA,NA,NA,NA,NA,NA,N,4,0,1,2,A,-,08,22107,NA,N,B,C,A,A,H,-,A,A,0,NA,NA,NA,NA,Y,NA,A,01,0,0,1,0,0,0,0,0,0,-,-,NA,NA,LOS ANGELES,LOS ANGELES,-118.45285034179688,33.99409866333008
91096172,2019,2019-10-14,9540,2019-10-10,0640,015093,NA,4,1,9,1900,0,2,4,NA,1,204,BOUQUET CANYON ROAD,QUARRY ROAD,1056,N,N,A,-,N,NA,NA,NA,NA,NA,NA,NA,NA,NA,Y,4,0,1,1,A,-,04,21703,NA,N,E,I,A,A,H,-,B,D,0,NA,NA,NA,NA,Y,NA,A,01,0,0,1,0,0,0,0,0,0,-,-,34.553428649902344,-118.41150665283205,LOS ANGELES,UNINCORPORATED,-118.411079,34.554146
91096174,2019,2019-10-14,9590,2019-09-15,1400,022198,NA,7,2,7,1942,0,1,1,NA,2,052,I-110 N/B (HARBOR FREEWAY),WILSHIRE BLVD,130,S,N,B,-,Y,NA,NA,110,NA,NA,NA,NA,NA,N,Y,3,0,1,2,A,-,07,21658,A,N,B,C,A,A,H,-,A,D,0,NA,NA,Y,NA,Y,NA,A,01,0,1,0,0,0,0,0,0,1,-,-,34.050941467285156,-118.26148223876952,LOS ANGELES,LOS ANGELES,-118.261474609375,34.05093002319336
9109618,2020,2020-10-28,1942,2020-05-17,1240,38262,1464,7,5,7,1942,0,0,0,N,0,14A45,JEFFERSON BL,CONCERT PARK DR,135,E,N,A,-,N,NA,NA,NA,NA,NA,NA,NA,NA,NA,N,4,0,2,2,A,-,08,22100,5,N,D,C,A,A,H,-,A,D,0,NA,NA,NA,NA,Y,NA,A,07,0,0,2,0,0,0,0,0,0,-,-,NA,NA,LOS ANGELES,LOS ANGELES,-118.42388153076172,33.974830627441406
91096184,2019,2019-10-14,9530,2019-10-13,0005,021123,NA,7,3,9,1900,0,3,5,NA,2,001,SLAUSON AVE.,HOOPER AVE.,0,NA,Y,A,-,N,NA,NA,NA,NA,NA,NA,NA,NA,NA,Y,2,0,2,2,A,-,01,23152,A,N,D,C,A,A,H,-,C,A,0,NA,NA,NA,NA,Y,Y,A,01,1,0,1,0,0,0,0,0,0,-,-,33.98931121826172,-118.25209808349608,LOS ANGELES,UNINCORPORATED,-118.25212097167967,33.98931884765625