CASE_ID,ACCIDENT_YEAR,PROC_DATE,JURIS,COLLISION_DATE,COLLISION_TIME,OFFICER_ID,REPORTING_DISTRICT,DAY_OF_WEEK,CHP_SHIFT,POPULATION,CNTY_CITY_LOC,SPECIAL_COND,BEAT_TYPE,CHP_BEAT_TYPE,CITY_DIVISION_LAPD,CHP_BEAT_CLASS,BEAT_NUMBER,PRIMARY_RD,SECONDARY_RD,DISTANCE,DIRECTION,INTERSECTION,WEATHER_1,WEATHER_2,STATE_HWY_IND,CALTRANS_COUNTY,CALTRANS_DISTRICT,STATE_ROUTE,ROUTE_SUFFIX,POSTMILE_PREFIX,POSTMILE,LOCATION_TYPE,RAMP_INTERSECTION,SIDE_OF_HWY,TOW_AWAY,COLLISION_SEVERITY,NUMBER_KILLED,NUMBER_INJURED,PARTY_COUNT,PRIMARY_COLL_FACTOR,PCF_CODE_OF_VIOL,PCF_VIOL_CATEGORY,PCF_VIOLATION,PCF_VIOL_SUBSECTION,HIT_AND_RUN,TYPE_OF_COLLISION,MVIW,PED_ACTION,ROAD_SURFACE,ROAD_COND_1,ROAD_COND_2,LIGHTING,CONTROL_DEVICE,CHP_ROAD_TYPE,PEDESTRIAN_ACCIDENT,BICYCLE_ACCIDENT,MOTORCYCLE_ACCIDENT,TRUCK_ACCIDENT,NOT_PRIVATE_PROPERTY,ALCOHOL_INVOLVED,STWD_VEHTYPE_AT_FAULT,CHP_VEHTYPE_AT_FAULT,COUNT_SEVERE_INJ,COUNT_VISIBLE_INJ,COUNT_COMPLAINT_PAIN,COUNT_PED_KILLED,COUNT_PED_INJURED,COUNT_BICYCLIST_KILLED,COUNT_BICYCLIST_INJURED,COUNT_MC_KILLED,COUNT_MC_INJURED,PRIMARY_RAMP,SECONDARY_RAMP,LATITUDE,LONGITUDE,COUNTY,CITY,POINT_X,POINT_Y
9110323,2020,2020-08-27,1942,2020-06-06,1745,42396,1472,6,5,7,1942,0,0,0,N,0,14A69-,CULVER BL,VISTA DEL MAR AV,0,NA,Y,A,-,N,NA,NA,NA,NA,NA,NA,NA,NA,NA,N,3,0,1,1,A,-,03,22350,A,N,F,A,A,A,H,-,A,A,0,NA,NA,NA,NA,Y,Y,A,01,0,1,0,0,0,0,0,0,0,-,-,NA,NA,LOS ANGELES,LOS ANGELES,-118.44850158691406,33.958831787109375
9110324,2020,2020-08-27,1942,2020-06-15,1545,43950,1453,1,5,7,1942,0,0,0,N,0,14A56,BEETHOVEN ST,SHORT AV,0,NA,Y,A,-,N,NA,NA,NA,NA,NA,NA,NA,NA,NA,N,3,0,1,2,A,-,12,22450,A,F,D,G,A,A,H,-,A,A,0,NA,Y,NA,NA,Y,Y,-,99,0,1,0,0,0,0,1,0,0,-,-,NA,NA,LOS ANGELES,LOS ANGELES,-118.4316864013672,33.98883056640625
91103242,2019,2019-10-22,9535,2019-10-10,1830,022105,NA,4,2,6,1922,0,1,1,NA,2,401,I-10 (SAN BERNARDINO FREEWAY) W/B,SANTA ANITA AVE,1500,W,N,A,-,Y,NA,NA,10,NA,NA,NA,NA,NA,W,Y,3,0,2,2,A,-,02,22400,A,N,C,C,A,A,H,-,A,D,0,NA,NA,NA,NA,Y,NA,A,07,0,1,1,0,0,0,0,0,0,-,-,34.070098876953125,-118.0468978881836,LOS ANGELES,EL MONTE,-118.0468521118164,34.07020950317383
91103247,2019,2019-10-22,9565,2019-10-13,2220,021658,NA,7,3,9,1900,0,3,5,NA,2,004,LA CIENEGA BLVD.,120TH ST.,0,NA,Y,A,-,N,NA,NA,NA,NA,NA,NA,NA,NA,NA,Y,4,0,4,2,A,-,12,21453,A,N,D,C,A,A,H,-,C,A,0,NA,NA,NA,NA,Y,Y,-,-,0,0,4,0,0,0,0,0,0,-,-,33.923641204833984,-118.37004089355467,LOS ANGELES,UNINCORPORATED,-118.37007904052734,33.92361831665039
9110325,2020,2020-08-27,1942,2020-06-13,1139,40059,1412,6,5,7,1942,0,0,0,N,0,14A11,MAIN ST,ROSE AV,75,N,N,A,-,N,NA,NA,NA,NA,NA,NA,NA,NA,NA,N,3,0,1,2,A,-,17,22109,NA,F,C,G,A,A,H,-,A,D,0,NA,Y,NA,NA,Y,NA,A,01,0,1,0,0,0,0,1,0,0,-,-,NA,NA,LOS ANGELES,LOS ANGELES,-118.47814178466795,33.99592971801758
91103253,2019,2019-10-22,9550,2019-09-28,0200,022208,NA,6,3,5,1908,0,1,3,NA,2,091,SR-91 E/B FROM LAKEWOOD BLVD,LAKEWOOD BOULEVARD,290,E,N,A,-,Y,NA,NA,91,NA,NA,NA,R,NA,E,Y,3,0,2,2,A,-,06,21750,NA,F,H,C,A,A,H,-,D,D,0,NA,NA,NA,NA,Y,Y,-,99,0,1,1,0,0,0,0,0,0,-,-,33.87771987915039,-118.1414794921875,LOS ANGELES,BELLFLOWER,-118.1414794921875,33.87771987915039
91103265,2019,2019-10-22,9590,2019-10-17,2025,021667,NA,4,2,7,1942,0,1,2,NA,2,070,US-101 N/B (HOLLYWOOD FREEWAY),FIGUEROA STREET,200,S,N,A,-,Y,NA,NA,101,NA,NA,NA,NA,NA,N,N,4,0,1,2,A,-,03,22350,NA,N,C,C,A,A,H,-,A,D,0,NA,NA,NA,NA,Y,NA,D,22,0,0,1,0,0,0,0,0,0,-,-,34.060569763183594,-118.24694061279295,LOS ANGELES,LOS ANGELES,-118.24690246582033,34.06060028076172
91103267,2019,2019-10-22,9550,2019-10-16,1830,021742,NA,3,2,5,1976,0,2,4,NA,1,021,MILLS AVENUE,THE ANOLA STREET PROLONGATION,150,W,N,A,-,Y,NA,NA,NA,NA,NA,NA,NA,NA,NA,Y,4,0,2,1,A,-,08,22107,NA,N,A,I,A,A,H,-,C,D,0,NA,NA,NA,NA,Y,NA,D,22,0,0,2,0,0,0,0,0,0,-,-,33.94001007080078,-118.03372192382813,LOS ANGELES,WHITTIER,NA,NA
9110328,2020,2020-08-27,1942,2020-06-19,1820,33403,1485,5,5,7,1942,0,0,0,N,0,8A59,LA TIJERA,SEPULVEDA BL,40,E,N,A,-,N,NA,NA,NA,NA,NA,NA,NA,NA,NA,N,4,0,1,2,A,-,03,22350,NA,F,C,C,A,A,H,-,A,A,0,NA,NA,NA,NA,Y,NA,-,99,0,0,1,0,0,0,0,0,0,-,-,NA,NA,LOS ANGELES,LOS ANGELES,-118.39609527587892,33.95724105834961
91103283,2019,2019-10-22,9565,2019-10-12,1625,022124,NA,6,2,5,1928,0,1,1,NA,2,012,E/B I-105 (CENTURY FREEWAY),PRAIRIE AVE,1000,E,N,A,-,Y,NA,NA,105,NA,NA,NA,NA,NA,NA,Y,4,0,1,2,A,-,03,22350,NA,N,C,C,A,A,H,-,A,D,0,NA,NA,NA,NA,Y,NA,A,01,0,0,1,0,0,0,0,0,0,-,-,33.92723083496094,-118.34042358398438,LOS ANGELES,HAWTHORNE,-118.3403778076172,33.92728805541992
9110329,2020,2020-08-27,1942,2020-06-12,2125,41957,1485,5,5,7,1942,0,0,0,N,0,14A73,WESTCHESTER PKWY,S SEPULVEDA BL,0,NA,Y,A,-,N,NA,NA,NA,NA,NA,NA,NA,NA,NA,Y,4,0,1,2,A,-,12,21453,A,F,D,C,A,A,H,-,C,A,0,NA,NA,NA,NA,Y,NA,-,99,0,0,1,0,0,0,0,0,0,-,-,NA,NA,LOS ANGELES,LOS ANGELES,-118.39620971679688,33.95460891723633
9110330,2020,2020-08-27,1942,2020-06-13,1225,38374,1437,6,5,7,1942,0,0,0,N,0,14A27,VENICE BL,SEPULVEDA BL,0,NA,Y,A,-,N,NA,NA,NA,NA,NA,NA,NA,NA,NA,N,4,0,2,3,A,-,05,21202,A,F,D,G,A,A,H,-,A,D,0,NA,Y,NA,NA,Y,NA,L,04,0,0,2,0,0,0,2,0,0,-,-,NA,NA,LOS ANGELES,LOS ANGELES,-118.41725158691406,34.01298141479492
9110331,2020,2020-08-27,1942,2020-06-11,0330,43943,1441,4,5,7,1942,0,0,0,N,0,14A27,WASHINGTON BL,OCEAN FRONT WALK,0,NA,Y,A,-,N,NA,NA,NA,NA,NA,NA,NA,NA,NA,Y,2,0,1,1,A,-,03,22350,NA,N,E,J,A,A,H,-,C,A,0,NA,NA,NA,NA,Y,NA,A,07,1,0,0,0,0,0,0,0,0,-,-,NA,NA,LOS ANGELES,LOS ANGELES,-118.46685791015624,33.97901916503906
9110332,2020,2020-08-27,1942,2020-06-20,1140,37336,1433,6,5,7,1942,0,0,0,N,0,14A25,VENICE BL,WALNUT AV,12,E,N,A,-,N,NA,NA,NA,NA,NA,NA,NA,NA,NA,N,2,0,1,2,A,-,17,21228,NA,N,A,C,A,A,H,-,A,A,0,NA,NA,NA,NA,Y,NA,M,94,1,0,0,0,0,0,0,0,0,-,-,NA,NA,LOS ANGELES,LOS ANGELES,-118.45016479492188,33.995426177978516
9110333,2020,2020-08-27,1942,2020-06-19,1150,24917,1438,5,5,7,1942,0,0,0,N,0,14A67,VENICE BL,OVERLAND AV,25,E,N,A,-,N,NA,NA,NA,NA,NA,NA,NA,NA,NA,N,4,0,2,3,A,-,03,22350,NA,N,C,C,A,A,H,-,A,A,0,NA,NA,NA,NA,Y,NA,A,07,0,0,2,0,0,0,0,0,0,-,-,NA,NA,LOS ANGELES,LOS ANGELES,-118.4069595336914,34.01881790161133
91103332,2019,2019-10-22,9550,2019-10-14,1430,022203,NA,1,2,9,1900,0,2,4,NA,1,031,GALE AVENUE,HACIENDA BOULEVARD,60,W,N,A,-,N,NA,NA,NA,NA,NA,NA,NA,NA,NA,Y,4,0,1,2,A,-,09,21804,A,N,D,C,A,A,H,-,A,D,0,NA,NA,NA,NA,Y,NA,A,01,0,0,1,0,0,0,0,0,0,-,-,34.01089859008789,-117.96356964111328,LOS ANGELES,UNINCORPORATED,-117.96320343017578,34.01089096069336
9110334,2020,2020-08-27,1942,2020-06-22,1750,40452,1407,1,5,7,1942,0,0,0,N,0,14A27,JASMINE AV,VENICE BL,3,S,N,A,-,N,NA,NA,NA,NA,NA,NA,NA,NA,NA,N,3,0,1,2,A,-,05,21650,NA,N,H,G,A,A,H,-,A,A,0,NA,Y,NA,NA,Y,NA,L,04,0,1,0,0,0,0,1,0,0,-,-,NA,NA,LOS ANGELES,LOS ANGELES,-118.40186309814452,34.02170181274414
91103340,2019,2019-10-22,9525,2019-10-13,1250,021250,NA,7,1,5,1990,0,1,3,NA,2,603,SR-60 W/B (POMONA FWY),GRAND AVE,2600,E,N,A,-,Y,NA,NA,60,NA,NA,NA,NA,NA,W,Y,4,0,1,3,A,-,03,22350,NA,N,C,C,A,A,H,-,A,D,0,NA,NA,NA,NA,Y,Y,A,01,0,0,1,0,0,0,0,0,0,-,-,34.016929626464844,-117.81748962402344,LOS ANGELES,DIAMOND BAR,-117.81752014160156,34.01695251464844
9110335,2020,2020-08-27,1942,2020-06-18,1520,38374,1443,4,5,7,1942,0,0,0,N,0,14A25,VENICE BL,WALGROVE AV,0,NA,Y,A,-,N,NA,NA,NA,NA,NA,NA,NA,NA,NA,Y,3,0,3,2,A,-,09,21801,A,N,D,C,A,A,H,-,A,A,0,NA,NA,NA,NA,Y,NA,A,01,0,1,2,0,0,0,0,0,0,-,-,NA,NA,LOS ANGELES,LOS ANGELES,-118.44642639160156,33.997310638427734
9110336,2020,2020-08-27,1942,2020-06-19,1505,40315,1469,5,5,7,1942,0,0,0,N,0,14A67,S LA CIENEGA BL,CENTINELA AV,14,S,N,A,-,N,NA,NA,NA,NA,NA,NA,NA,NA,NA,N,3,0,1,2,A,-,10,21950,A,N,G,B,B,A,H,-,A,A,0,Y,NA,NA,NA,Y,NA,A,01,0,1,0,0,1,0,0,0,0,-,-,NA,NA,LOS ANGELES,LOS ANGELES,-118.3702392578125,33.97726058959961
9110337,2020,2020-08-27,1942,2020-06-20,1607,24917,1497,6,5,7,1942,0,0,0,N,0,14A67,LA CIENEGA BL,104TH ST,0,NA,Y,A,-,N,NA,NA,NA,NA,NA,NA,NA,NA,NA,N,4,0,1,2,A,-,09,21801,A,N,D,C,A,A,H,-,A,A,0,NA,NA,NA,NA,Y,NA,A,01,0,0,1,0,0,0,0,0,0,-,-,NA,NA,LOS ANGELES,LOS ANGELES,-118.37010192871094,33.94178009033203
9110338,2020,2020-08-27,1942,2020-06-19,2110,37839,1441,5,5,7,1942,0,0,0,N,0,14A11,WASHINGTON BL,DELL AV,150,E,N,A,-,N,NA,NA,NA,NA,NA,NA,NA,NA,NA,N,4,0,3,2,A,-,03,22350,NA,N,C,C,A,A,A,-,C,A,0,NA,NA,NA,NA,Y,NA,A,01,0,0,3,0,0,0,0,0,0,-,-,NA,NA,LOS ANGELES,LOS ANGELES,-118.46312713623048,33.981300354003906
9110339,2020,2020-08-27,1942,2020-06-07,1510,43262,1476,7,5,7,1942,0,0,0,N,0,14A73,MANCHESTER AV,SEPULVEDA BL,0,NA,Y,A,-,N,NA,NA,NA,NA,NA,NA,NA,NA,NA,Y,4,0,2,2,A,-,08,22102,NA,N,A,C,A,A,H,-,A,D,0,NA,NA,NA,NA,Y,Y,-,NA,0,0,2,0,0,0,0,0,0,-,-,NA,NA,LOS ANGELES,LOS ANGELES,-118.39623260498048,33.95991897583008
9110340,2020,2020-08-27,1942,2020-06-20,1622,24917,1444,6,5,7,1942,0,0,0,N,0,14A67,LINCOLN BL,MAXXELLA AV,6,W,N,A,-,N,NA,NA,NA,NA,NA,NA,NA,NA,NA,N,4,0,1,2,A,-,05,21650,NA,N,H,G,A,A,H,-,A,A,0,NA,Y,NA,NA,Y,NA,L,04,0,0,1,0,0,0,1,0,0,-,-,NA,NA,LOS ANGELES,LOS ANGELES,-118.443475,33.985618
91103407,2019,2019-10-23,9590,2019-10-12,2352,021122,NA,6,3,7,1942,0,1,1,NA,2,052,I-110 N/B (HARBOR FREEWAY),1ST STREET,200,N,N,A,-,Y,NA,NA,110,NA,NA,NA,NA,NA,N,Y,3,0,5,4,A,-,03,22350,NA,N,C,C,A,A,H,-,C,D,0,NA,NA,NA,NA,Y,NA,A,01,0,2,3,0,0,0,0,0,0,-,-,34.05949020385742,-118.25227355957033,LOS ANGELES,LOS ANGELES,-118.2523193359375,34.05955505371094
91103425,2019,2019-10-23,9540,2019-10-09,0203,021802,NA,3,3,9,1900,0,1,1,NA,2,507,I-5 S/B (GOLDEN STATE FREEWAY),MAGIC MOUNTAIN PKY,1584,S,N,A,-,Y,NA,NA,5,NA,NA,NA,NA,NA,S,Y,4,0,1,2,A,-,03,22350,NA,N,C,C,A,A,D,-,D,A,0,NA,NA,NA,Y,Y,NA,A,07,0,0,1,0,0,0,0,0,0,-,-,34.419189453125,-118.581298828125,LOS ANGELES,UNINCORPORATED,-118.5813446044922,34.41916275024414
91103435,2019,2019-10-23,9535,2019-08-11,1841,022025,NA,7,2,3,1914,0,1,1,NA,2,501,I-5 (SANTA ANA FREEWAY) S/B,WASHINGTON BLVD,4410,N,N,A,-,Y,NA,NA,5,NA,NA,NA,NA,NA,S,Y,3,0,1,1,A,-,03,22350,NA,N,F,A,A,A,H,-,A,D,0,NA,NA,Y,NA,Y,NA,C,02,0,1,0,0,0,0,0,0,1,-,-,34.00529861450195,-118.15415954589844,LOS ANGELES,COMMERCE,-118.15419006347656,34.00526428222656
91103441,2019,2019-10-23,9575,2019-10-13,0420,021849,NA,7,3,9,1900,0,1,1,NA,2,062,I-210 E/B (FOOTHILL FREEWAY),BRIGGS AVE,170,E,N,A,-,Y,NA,NA,210,NA,NA,NA,NA,NA,E,Y,2,0,1,2,A,-,03,22350,NA,N,C,C,A,A,H,-,C,D,0,NA,NA,NA,Y,Y,NA,A,01,1,0,0,0,0,0,0,0,0,-,-,34.212791442871094,-118.23050689697266,LOS ANGELES,UNINCORPORATED,-118.23046875,34.21287155151367
91103446,2019,2019-10-23,9575,2019-10-13,0425,021849,NA,7,3,9,1900,0,1,1,NA,2,062,I-210 E/B (FOOTHILL FREEWAY),BRIGGS AVE,350,E,N,A,-,Y,NA,NA,210,NA,NA,NA,NA,NA,E,Y,2,0,1,2,A,-,03,22350,NA,N,D,C,A,A,C,-,D,D,0,NA,NA,NA,NA,Y,NA,D,22,1,0,0,0,0,0,0,0,0,-,-,34.212669372558594,-118.2300033569336,LOS ANGELES,UNINCORPORATED,-118.23001861572266,34.21263885498047
91103455,2019,2019-10-23,9590,2019-10-13,1745,022189,NA,7,2,7,1942,0,1,2,NA,2,071,US-101 S/B (SAF),LOS ANGELES ST.,200,S,N,A,-,Y,NA,NA,101,NA,NA,NA,NA,NA,S,N,4,0,1,3,A,-,03,22350,NA,N,C,C,A,A,H,-,A,D,0,NA,NA,NA,NA,Y,NA,A,01,0,0,1,0,0,0,0,0,0,-,-,34.05461883544922,-118.23880004882813,LOS ANGELES,LOS ANGELES,-118.2387924194336,34.054630279541016
91103460,2019,2019-10-23,9575,2019-10-14,2037,017491,NA,1,2,7,1942,0,1,1,NA,2,052,I-5 N/B (GOLDEN STATE FREEWAY),PENROSE STREET,1100,N,N,A,-,Y,NA,NA,5,NA,NA,NA,NA,NA,N,Y,4,0,4,2,A,-,03,22350,NA,N,C,C,A,A,H,-,D,D,0,NA,NA,NA,NA,Y,NA,A,01,0,0,4,0,0,0,0,0,0,-,-,34.22687911987305,-118.37911987304688,LOS ANGELES,LOS ANGELES,-118.37911987304688,34.226837158203125
91103462,2019,2019-10-23,9535,2019-10-11,1848,022105,NA,5,2,3,1914,0,1,1,NA,2,501,I-5 (SANTA ANA FREEWAY) S/B,S. EASTERN AVENUE,300,S,N,A,-,Y,NA,NA,5,NA,NA,NA,NA,NA,S,Y,3,0,1,4,A,-,03,22350,NA,N,C,C,A,A,H,-,A,D,0,NA,NA,NA,NA,Y,NA,A,01,0,1,0,0,0,0,0,0,0,-,-,34.01639938354492,-118.17379760742188,LOS ANGELES,COMMERCE,-118.1738052368164,34.016387939453125
91103468,2019,2019-10-23,9535,2019-10-11,0745,022319,NA,5,1,5,1959,0,1,1,NA,2,400,I-10 (SAN BERNARDINO FREEWAY) E/B,WALNUT GROVE AVE.,150,E,N,A,-,Y,NA,NA,10,NA,NA,NA,NA,NA,E,N,4,0,1,2,A,-,03,22350,NA,N,C,C,A,A,H,-,A,D,0,NA,NA,NA,NA,Y,NA,A,01,0,0,1,0,0,0,0,0,0,-,-,34.071998596191406,-118.081298828125,LOS ANGELES,ROSEMEAD,-118.081298828125,34.07194900512695
91103474,2019,2019-10-23,9575,2019-10-17,0630,014892,NA,4,1,6,1925,0,1,3,NA,2,042,SR-134 W/B (VENTURA FREEWAY),CONCORD STREET UNDERCROSSING,155,W,N,A,-,Y,NA,NA,134,NA,NA,NA,NA,NA,W,Y,4,0,1,2,A,-,03,22350,NA,N,C,C,A,A,H,-,B,D,0,NA,NA,NA,NA,Y,NA,A,01,0,0,1,0,0,0,0,0,0,-,-,34.15488815307617,-118.27178192138672,LOS ANGELES,GLENDALE,-118.2717514038086,34.15476989746094
91103476,2019,2019-10-23,9530,2019-10-11,0745,021493,NA,5,1,7,1941,0,1,3,NA,2,320,SR-91 W/B (ARTESIA FREEWAY),BUTLER AVE.,100,E,N,A,-,Y,NA,NA,91,NA,NA,NA,NA,NA,W,N,4,0,1,2,A,-,03,22350,NA,N,C,C,A,A,H,-,A,D,0,NA,NA,NA,NA,Y,NA,D,22,0,0,1,0,0,0,0,0,0,-,-,33.87413024902344,-118.19618988037108,LOS ANGELES,LONG BEACH,-118.19620513916016,33.87416458129883
91103488,2019,2019-10-23,9525,2019-10-16,0650,020216,NA,3,1,6,1955,0,1,3,NA,2,072,SR-71 N/B TO I-10 W/B,SR-57,1056,W,N,A,-,Y,NA,NA,NA,NA,NA,NA,NA,NA,NA,Y,4,0,1,2,A,-,03,22350,NA,N,C,C,A,A,D,-,A,D,0,NA,NA,NA,NA,Y,NA,J,41,0,0,1,0,0,0,0,0,0,-,-,34.06473159790039,-117.81120300292967,LOS ANGELES,POMONA,NA,NA
91103494,2019,2019-10-23,9575,2019-10-18,1620,017491,NA,5,2,6,1912,0,1,3,NA,2,044,SR-134 E/B (VENTURA FREEWAY),RIVERSIDE DRIVE,100,E,N,A,-,Y,NA,NA,134,NA,NA,NA,NA,NA,E,N,4,0,1,2,A,-,07,21658,A,N,C,C,A,A,H,-,A,D,0,NA,NA,NA,Y,Y,NA,A,07,0,0,1,0,0,0,0,0,0,-,-,34.15364074707031,-118.32617950439452,LOS ANGELES,BURBANK,-118.32616424560548,34.15357971191406
91103512,2019,2019-10-23,9550,2019-10-14,2025,022180,NA,1,2,9,1900,0,2,4,NA,1,022,TELEGRAPH ROAD,MILLS AVENUE,475,E,N,A,-,N,NA,NA,NA,NA,NA,NA,NA,NA,NA,N,4,0,1,2,A,-,11,21954,A,M,G,B,D,A,H,-,C,D,0,Y,NA,NA,NA,Y,NA,N,60,0,0,1,0,1,0,0,0,0,-,-,33.93592071533203,-118.04010009765624,LOS ANGELES,UNINCORPORATED,-118.0404052734375,33.93611145019531
91103521,2019,2019-10-23,9575,2019-10-18,1540,017491,NA,5,2,6,1912,0,1,3,NA,2,044,SR-134 W/B (VENTURA FREEWAY),CALIFORNIA STREET,100,W,N,A,-,Y,NA,NA,134,NA,NA,NA,NA,NA,W,Y,4,0,2,2,A,-,07,21658,A,N,C,C,A,A,H,-,A,D,0,NA,NA,NA,NA,Y,NA,A,01,0,0,2,0,0,0,0,0,0,-,-,34.15277099609375,-118.33566284179688,LOS ANGELES,BURBANK,-118.3356475830078,34.15283203125
91103522,2019,2019-10-23,9550,2019-10-17,0940,018161,NA,4,1,9,1900,0,1,1,NA,2,650,INTERSTATE 605 SOUTHBOUND,WHITTIER BOULEVARD,300,S,N,A,-,Y,NA,NA,605,NA,NA,NA,NA,NA,S,N,3,0,1,2,A,-,03,22350,NA,N,C,C,A,A,H,-,A,D,0,NA,NA,NA,NA,Y,NA,A,01,0,1,0,0,0,0,0,0,0,-,-,33.98432159423828,-118.07286071777344,LOS ANGELES,UNINCORPORATED,-118.07283020019533,33.98429870605469
91103528,2019,2019-10-23,9565,2019-10-13,1340,022251,NA,7,1,9,1900,0,3,5,NA,2,003,LA CIENEGA BLVD. S/B,SLAUSON AVE.,300,N,N,A,-,N,NA,NA,NA,NA,NA,NA,NA,NA,NA,Y,4,0,1,2,A,-,03,22350,NA,N,C,C,A,A,H,-,A,D,0,NA,NA,NA,NA,Y,NA,A,07,0,0,1,0,0,0,0,0,0,-,-,33.98862075805664,-118.3701171875,LOS ANGELES,UNINCORPORATED,-118.37054443359376,33.988525390625
91103535,2019,2019-10-23,9590,2019-10-14,1550,022087,NA,1,2,7,1942,0,1,1,NA,2,062,I-10 E/B (SANTA MONICA FREEWAY),UNION AVE.,300,E,N,A,-,Y,NA,NA,NA,NA,NA,NA,NA,NA,NA,N,4,0,1,1,A,-,08,22107,NA,N,F,A,A,A,H,-,A,D,0,NA,NA,Y,NA,Y,NA,C,02,0,0,1,0,0,0,0,0,1,-,-,34.02149963378906,-118.16480255126952,LOS ANGELES,LOS ANGELES,-118.28087615966795,34.03764724731445
91103568,2019,2019-10-23,9575,2019-10-18,1020,020902,NA,5,1,6,1953,0,1,1,NA,2,064,I-210 W/B (FOOTHILL FREEWAY),HILL AVE,800,E,N,A,-,Y,NA,NA,210,NA,NA,NA,NA,NA,W,N,4,0,1,2,A,-,03,22350,NA,N,C,C,A,A,H,-,A,D,0,NA,NA,NA,NA,Y,NA,A,07,0,0,1,0,0,0,0,0,0,-,-,34.152530670166016,-118.1186065673828,LOS ANGELES,PASADENA,-118.1186065673828,34.15251922607422
91103580,2019,2019-10-23,9575,2019-10-18,1245,014892,NA,5,1,7,1942,0,1,3,NA,2,043,SR-134 E/B (VENTURA FREEWAY),RIVERSIDE DRIVE OVERCROSSING,500,W,N,A,-,Y,NA,NA,134,NA,NA,NA,NA,NA,E,N,4,0,1,2,A,-,03,22350,NA,N,C,C,A,A,H,-,A,D,0,NA,NA,NA,NA,Y,NA,A,01,0,0,1,0,0,0,0,0,0,-,-,34.15583038330078,-118.29936981201172,LOS ANGELES,LOS ANGELES,-118.29934692382813,34.155975341796875
91103605,2019,2019-10-23,9550,2019-10-17,1720,021950,NA,4,2,9,1900,0,2,4,NA,1,052,COLIMA ROAD,BATSON AVE.,60,E,N,A,-,N,NA,NA,NA,NA,NA,NA,NA,NA,NA,N,4,0,1,2,A,-,03,22350,NA,N,C,C,A,A,H,-,A,A,0,NA,NA,NA,NA,Y,NA,A,01,0,0,1,0,0,0,0,0,0,-,-,33.98833084106445,-117.90355682373048,LOS ANGELES,UNINCORPORATED,-117.90372467041016,33.98825454711914
91103609,2019,2019-10-23,9550,2019-10-17,1758,018408,NA,4,2,9,1900,0,1,3,NA,2,600,SR-60 W/B,7TH AVENUE,1000,E,N,A,-,Y,NA,NA,60,NA,NA,NA,NA,NA,W,Y,3,0,3,4,A,-,03,22350,NA,N,C,C,A,A,H,-,A,D,0,NA,NA,NA,NA,Y,NA,A,01,0,3,0,0,0,0,0,0,0,-,-,34.01137924194336,-117.97837829589844,LOS ANGELES,UNINCORPORATED,-117.97840118408205,34.011329650878906
91103615,2019,2019-10-23,9535,2019-10-02,0938,021795,NA,3,1,6,1922,0,1,1,NA,2,401,I-10 (SAN BERNARDINO FREEWAY) W/B,SANTA ANITA AVE,500,W,N,A,-,Y,NA,NA,10,NA,NA,NA,NA,NA,W,N,4,0,1,2,A,-,03,22350,NA,N,C,C,A,A,H,-,A,D,0,NA,NA,NA,NA,Y,NA,A,01,0,0,1,0,0,0,0,0,0,-,-,34.0696907043457,-118.0457763671875,LOS ANGELES,EL MONTE,-118.04576110839844,34.06974792480469
91103634,2019,2019-10-23,9550,2019-10-17,1830,021274,NA,4,2,5,1935,0,1,1,NA,2,652,INTERSTATE 605 N/B,CENTRALIA ST.,640,S,N,A,-,Y,NA,NA,605,NA,NA,NA,NA,NA,N,N,4,0,2,3,A,-,03,22350,NA,N,C,C,A,A,H,-,A,D,0,NA,NA,NA,NA,Y,NA,A,01,0,0,2,0,0,0,0,0,0,-,-,33.83702087402344,-118.08712005615234,LOS ANGELES,LAKEWOOD,-118.08712768554688,33.837013244628906
91103642,2019,2019-10-23,9565,2019-10-12,1530,022206,NA,6,2,7,1942,0,1,1,NA,2,083,I-10 E/B (SANTA MONICA FREEWAY),CATTARAUGUS AVENUE,500,E,N,A,-,Y,NA,NA,10,NA,NA,NA,NA,NA,E,Y,4,0,2,2,A,-,03,22350,NA,N,C,C,A,A,H,-,A,D,0,NA,NA,NA,NA,Y,NA,A,01,0,0,2,0,0,0,0,0,0,-,-,34.03507995605469,-118.38353729248048,LOS ANGELES,LOS ANGELES,-118.38356018066406,34.03510665893555
91103645,2019,2019-10-23,9550,2019-10-17,1645,021274,NA,4,2,7,1941,0,1,3,NA,2,090,STATE ROUTE 91 E/B,MYRTLE AVENUE,190,W,N,A,-,Y,NA,NA,91,NA,NA,NA,NA,NA,E,Y,2,0,1,1,A,-,08,22107,NA,N,F,I,A,A,H,-,A,D,0,NA,NA,Y,NA,Y,NA,C,02,1,0,0,0,0,0,0,0,1,-,-,33.87677001953125,-118.18213653564452,LOS ANGELES,LONG BEACH,-118.18213653564452,33.876853942871094
91103646,2019,2019-10-23,9530,2019-10-13,0755,021610,NA,7,1,7,1941,0,1,1,NA,2,430,I-405 N/B (SAN DIEGO FREEWAY),STUDEBAKER RD.,585,S,N,A,-,Y,NA,NA,NA,NA,NA,NA,NA,NA,NA,Y,4,0,2,3,A,-,03,22350,NA,N,C,C,A,A,H,-,A,D,0,NA,NA,NA,NA,Y,NA,A,01,0,0,2,0,0,0,0,0,0,-,-,33.47220993041992,-118.55242919921876,LOS ANGELES,LONG BEACH,-118.09790802001952,33.78957748413086