CASE_ID,ACCIDENT_YEAR,PROC_DATE,JURIS,COLLISION_DATE,COLLISION_TIME,OFFICER_ID,REPORTING_DISTRICT,DAY_OF_WEEK,CHP_SHIFT,POPULATION,CNTY_CITY_LOC,SPECIAL_COND,BEAT_TYPE,CHP_BEAT_TYPE,CITY_DIVISION_LAPD,CHP_BEAT_CLASS,BEAT_NUMBER,PRIMARY_RD,SECONDARY_RD,DISTANCE,DIRECTION,INTERSECTION,WEATHER_1,WEATHER_2,STATE_HWY_IND,CALTRANS_COUNTY,CALTRANS_DISTRICT,STATE_ROUTE,ROUTE_SUFFIX,POSTMILE_PREFIX,POSTMILE,LOCATION_TYPE,RAMP_INTERSECTION,SIDE_OF_HWY,TOW_AWAY,COLLISION_SEVERITY,NUMBER_KILLED,NUMBER_INJURED,PARTY_COUNT,PRIMARY_COLL_FACTOR,PCF_CODE_OF_VIOL,PCF_VIOL_CATEGORY,PCF_VIOLATION,PCF_VIOL_SUBSECTION,HIT_AND_RUN,TYPE_OF_COLLISION,MVIW,PED_ACTION,ROAD_SURFACE,ROAD_COND_1,ROAD_COND_2,LIGHTING,CONTROL_DEVICE,CHP_ROAD_TYPE,PEDESTRIAN_ACCIDENT,BICYCLE_ACCIDENT,MOTORCYCLE_ACCIDENT,TRUCK_ACCIDENT,NOT_PRIVATE_PROPERTY,ALCOHOL_INVOLVED,STWD_VEHTYPE_AT_FAULT,CHP_VEHTYPE_AT_FAULT,COUNT_SEVERE_INJ,COUNT_VISIBLE_INJ,COUNT_COMPLAINT_PAIN,COUNT_PED_KILLED,COUNT_PED_INJURED,COUNT_BICYCLIST_KILLED,COUNT_BICYCLIST_INJURED,COUNT_MC_KILLED,COUNT_MC_INJURED,PRIMARY_RAMP,SECONDARY_RAMP,LATITUDE,LONGITUDE,COUNTY,CITY,POINT_X,POINT_Y
91108065,2019,2019-10-28,9590,2019-10-25,0300,021122,NA,5,3,7,1942,0,1,1,NA,2,062,I-10 E/B (SANTA MONICA FREEWAY),HOOVER STREET,500,W,N,A,-,Y,NA,NA,10,NA,NA,NA,NA,NA,E,Y,4,0,3,3,A,-,01,23152,A,N,C,C,A,A,H,-,C,D,0,NA,NA,NA,NA,Y,Y,A,01,0,0,3,0,0,0,0,0,0,-,-,34.03675079345703,-118.28450775146484,LOS ANGELES,LOS ANGELES,-118.28453826904295,34.036964416503906
91108069,2019,2019-10-28,9550,2019-10-21,1436,021954,NA,1,2,9,1900,0,1,1,NA,2,650,INTERSTATE 605 SOUTHBOUND,SARAGOSA STREET,1020,N,N,A,-,Y,NA,NA,605,NA,NA,NA,NA,NA,S,Y,4,0,1,5,A,-,03,22350,NA,N,C,C,A,A,H,-,A,D,0,NA,NA,NA,NA,Y,NA,A,01,0,0,1,0,0,0,0,0,0,-,-,33.982181549072266,-118.07450103759766,LOS ANGELES,UNINCORPORATED,-118.07453155517578,33.982208251953125
91108070,2019,2019-10-28,9565,2019-10-15,0715,017574,NA,2,1,7,1942,0,1,1,NA,2,063,INTERSTATE 405 NB,SANTA MONICA BLVD,926,S,N,A,-,Y,NA,NA,405,NA,NA,NA,NA,NA,N,Y,3,0,1,2,A,-,07,21658,A,N,C,C,A,A,H,-,A,D,0,NA,NA,Y,NA,Y,NA,A,01,0,1,0,0,0,0,0,0,1,-,-,34.04679870605469,-118.44609832763672,LOS ANGELES,LOS ANGELES,-118.4462661743164,34.04665756225586
91108082,2019,2019-10-28,9550,2019-10-16,0745,022012,NA,3,1,9,1900,0,3,5,NA,2,002,MILLS AVENUE,MYSTIC STREET,0,NA,Y,A,-,N,NA,NA,NA,NA,NA,NA,NA,NA,NA,Y,4,0,2,2,A,-,09,21802,A,N,D,C,A,A,H,-,A,A,0,NA,NA,NA,NA,Y,NA,A,01,0,0,2,0,0,0,0,0,0,-,-,33.94078063964844,-118.03224182128906,LOS ANGELES,UNINCORPORATED,-118.03230285644533,33.94076919555664
91108084,2019,2019-10-28,9545,2019-10-23,0850,018058,NA,3,1,9,1900,0,3,5,NA,2,003,MOUNT EMMA ROAD,ANGELES FOREST HWY,7920,E,N,A,-,N,NA,NA,NA,NA,NA,NA,NA,NA,NA,Y,4,0,1,1,A,-,08,22107,NA,N,E,I,A,A,H,-,A,D,0,NA,NA,NA,NA,Y,NA,A,01,0,0,1,0,0,0,0,0,0,-,-,34.462059020996094,-118.08609008789064,LOS ANGELES,UNINCORPORATED,-118.08603668212892,34.461891174316406
91108103,2019,2019-10-28,9530,2019-10-06,2055,021273,NA,7,2,7,1942,0,1,1,NA,2,110,I-110 S/B (HARBOR FREEWAY),SR-91,145,S,N,A,-,Y,NA,NA,110,NA,NA,NA,NA,NA,S,Y,3,0,4,3,A,-,03,22350,NA,N,C,C,A,A,H,-,D,D,0,NA,NA,NA,NA,Y,NA,A,01,0,1,3,0,0,0,0,0,0,-,-,33.87232971191406,-118.28520965576172,LOS ANGELES,LOS ANGELES,-118.2851333618164,33.87232971191406
91108143,2019,2019-10-28,9575,2019-10-16,1540,017491,NA,3,2,6,1925,0,1,3,NA,2,042,SR-134 E/B (VENTURA FREEWAY),GENEVA STREET,685,W,N,A,-,Y,NA,NA,134,NA,NA,NA,NA,NA,E,N,3,0,2,3,A,-,07,21658,A,N,D,C,A,A,H,-,A,D,0,NA,NA,NA,NA,Y,NA,D,22,0,1,1,0,0,0,0,0,0,-,-,34.156349182128906,-118.24920654296876,LOS ANGELES,GLENDALE,-118.24920654296876,34.156280517578125
91108154,2019,2019-10-28,9565,2019-10-15,0530,020796,NA,2,3,9,1900,0,3,5,NA,2,003,FAIRFAX AVE,CONDON AVE,334,S,N,A,-,N,NA,NA,NA,NA,NA,NA,NA,NA,NA,Y,4,0,1,3,A,-,08,22107,NA,N,D,C,A,A,H,-,C,D,0,NA,NA,Y,NA,Y,NA,A,01,0,0,1,0,0,0,0,0,1,-,-,33.98577880859375,-118.36195373535156,LOS ANGELES,UNINCORPORATED,-118.36190032958984,33.98579788208008
91108160,2019,2019-10-28,9580,2019-10-24,0820,019511,NA,4,1,7,1942,0,1,1,NA,2,405,I-405 S/B (SAN DIEGO FWY),MULHOLLAND DR,2640,N,N,A,-,Y,NA,NA,405,NA,NA,NA,NA,NA,S,N,4,0,1,3,A,-,07,21658,A,N,B,C,A,A,H,-,A,D,0,NA,NA,Y,NA,Y,NA,A,01,0,0,1,0,0,0,0,0,1,-,-,34.13249969482422,-118.472900390625,LOS ANGELES,LOS ANGELES,-118.47303771972656,34.13254165649414
91108169,2019,2019-10-28,9580,2019-10-24,1148,016523,NA,4,1,7,1942,0,1,1,NA,2,407,I-405 S/B (SAN DIEGO FWY),NORDHOFF ST,1320,N,N,A,G,Y,NA,NA,405,NA,NA,NA,NA,NA,S,N,4,0,1,2,A,-,03,22350,NA,N,C,C,A,A,H,-,A,D,0,NA,NA,NA,NA,Y,NA,A,07,0,0,1,0,0,0,0,0,0,-,-,34.23917007446289,-118.47312927246094,LOS ANGELES,LOS ANGELES,-118.47314453125,34.23917007446289
91108177,2019,2019-11-06,9590,2019-10-24,1150,022431,NA,4,1,7,1942,0,1,1,NA,2,041,I-5 SB SANTA ANA FWY,ESPERANZA AVE,330,N,N,A,-,Y,NA,NA,5,NA,NA,NA,NA,NA,S,Y,3,0,1,2,A,-,03,22350,NA,N,C,C,A,A,H,-,A,D,0,NA,NA,NA,NA,Y,NA,A,01,0,1,0,0,0,0,0,0,0,-,-,34.02296829223633,-118.19994354248048,LOS ANGELES,LOS ANGELES,-118.1999740600586,34.02288818359375
91108186,2019,2019-10-28,9580,2019-10-23,0750,019511,NA,3,1,7,1942,0,1,1,NA,2,407,I-405 S/B (SAN DIEGO FWY),PLUMMER ST,20,N,N,A,-,Y,NA,NA,405,NA,NA,NA,NA,NA,S,Y,4,0,2,3,A,-,03,22350,NA,N,C,C,A,A,H,-,A,D,0,NA,NA,NA,NA,Y,NA,A,01,0,0,2,0,0,0,0,0,0,-,-,34.243221282958984,-118.47322845458984,LOS ANGELES,LOS ANGELES,-118.47310638427734,34.24321746826172
91108203,2019,2019-10-28,9535,2019-10-16,0850,022286,NA,3,1,5,1959,0,1,1,NA,2,401,I-10 WESTBOUND TO WALNUT GROVE AVE,I-10 (SAN BERNARDINO FREEWAY) W/B,380,N,N,A,-,Y,NA,NA,10,NA,NA,NA,R,NA,W,Y,3,0,2,2,A,-,03,22350,NA,N,D,C,A,A,H,-,A,A,0,NA,NA,NA,NA,Y,NA,A,07,0,1,1,0,0,0,0,0,0,-,-,34.073421478271484,-118.08260345458984,LOS ANGELES,ROSEMEAD,-118.08260345458984,34.073421478271484
9110822,2020,2020-11-04,1910,2020-05-14,0925,05203,NA,4,5,4,1910,0,0,0,NA,0,005,WILSHIRE BL,S REXFORD DR,0,NA,Y,A,-,N,NA,NA,NA,NA,NA,NA,NA,NA,NA,Y,4,0,3,3,A,-,08,22100,A,N,B,C,A,A,H,-,A,A,0,NA,NA,NA,NA,Y,NA,A,08,0,0,3,0,0,0,0,0,0,-,-,NA,NA,LOS ANGELES,BEVERLY HILLS,-118.3939208984375,34.06705856323242
91108223,2019,2019-10-28,9525,2019-10-22,1455,021383,NA,2,2,5,1926,0,1,1,NA,2,206,I-210 E/B (FOOTHILL FWY),SUNFLOWER AVE,700,W,N,A,-,Y,NA,NA,210,NA,NA,NA,NA,NA,E,N,4,0,1,2,A,-,03,22350,NA,N,C,C,A,A,H,-,A,D,0,NA,NA,NA,NA,Y,NA,A,01,0,0,1,0,0,0,0,0,0,-,-,34.11750030517578,-117.8526611328125,LOS ANGELES,GLENDORA,-117.8526611328125,34.117530822753906
9110823,2020,2020-11-04,1910,2020-05-05,1956,04800,NA,2,5,4,1910,0,0,0,NA,0,005,E OLYMPIC BL,S ROXBURY DR,0,NA,Y,A,-,N,NA,NA,NA,NA,NA,NA,NA,NA,NA,Y,4,0,1,2,A,-,08,22100,A,N,C,C,A,A,H,-,A,A,0,NA,NA,NA,NA,Y,NA,-,NA,0,0,1,0,0,0,0,0,0,-,-,NA,NA,LOS ANGELES,BEVERLY HILLS,-118.40570068359376,34.0596809387207
91108233,2019,2019-10-28,9545,2019-10-24,1515,020749,NA,4,2,9,1900,0,3,5,NA,2,001,AVENUE I E/B,50TH STREET EAST,815,E,N,A,-,N,NA,NA,NA,NA,NA,NA,NA,NA,NA,Y,3,0,1,1,A,-,08,22107,NA,N,F,A,A,A,H,-,A,D,0,NA,NA,NA,NA,Y,NA,A,01,0,1,0,0,0,0,0,0,0,-,-,34.704559326171875,-118.03843688964844,LOS ANGELES,UNINCORPORATED,-118.03857421875,34.70452117919922
91108238,2019,2019-10-28,9565,2019-10-08,0530,021658,NA,2,3,7,1942,0,1,1,NA,2,064,I-405 N/B (SAN DIEGO FWY.),BEL AIR CREST RD,700,S,N,A,-,Y,NA,NA,405,NA,NA,NA,NA,NA,N,N,4,0,1,2,A,-,08,22107,NA,N,B,C,A,A,H,-,B,D,0,NA,NA,Y,NA,Y,NA,-,-,0,0,1,0,0,0,0,0,1,-,-,34.105350494384766,-118.47779846191406,LOS ANGELES,LOS ANGELES,-118.47783660888672,34.10533142089844
9110824,2020,2020-11-23,1910,2020-05-31,0802,03633,NA,7,5,4,1910,0,0,0,NA,0,004,NORTH SANTA MONICA BL,CAMDEN DR,45,E,N,A,-,N,NA,NA,NA,NA,NA,NA,NA,NA,NA,Y,4,0,1,2,A,-,03,22350,NA,N,C,C,A,A,H,-,A,D,0,NA,NA,NA,NA,Y,NA,A,01,0,0,1,0,0,0,0,0,0,-,-,NA,NA,LOS ANGELES,BEVERLY HILLS,-118.40559387207033,34.07033920288086
91108276,2019,2019-10-28,9525,2019-10-23,1800,021383,NA,3,2,6,1955,0,1,3,NA,2,071,SR-71 S/B (CHINO VALLEY FWY),MISSION BLVD,200,N,N,A,-,Y,NA,NA,71,NA,NA,NA,NA,NA,S,N,4,0,1,2,A,-,03,22350,NA,N,C,C,A,A,H,-,A,D,0,NA,NA,NA,NA,Y,NA,A,01,0,0,1,0,0,0,0,0,0,-,-,34.054351806640625,-117.78221893310548,LOS ANGELES,POMONA,-117.7822265625,34.054344177246094
91108338,2019,2019-10-28,9525,2019-10-21,0703,019291,NA,1,1,5,1926,0,1,1,NA,2,215,I-210 W/B (FOOTHILL FWY),SUNFLOWER AVE,2640,W,N,A,-,Y,NA,NA,210,NA,NA,NA,NA,NA,W,N,4,0,1,2,A,-,03,22350,NA,N,C,C,A,A,H,-,A,D,0,NA,NA,NA,NA,Y,NA,A,01,0,0,1,0,0,0,0,0,0,-,-,34.11737823486328,-117.85701751708984,LOS ANGELES,GLENDORA,-117.85703277587892,34.11746597290039
91108341,2019,2019-10-28,9525,2019-10-21,0918,019291,NA,1,1,4,1905,0,1,1,NA,2,203,I-210 W/B (FOOTHILL FWY),VERNON AVE,1584,E,N,A,-,Y,NA,NA,210,NA,NA,NA,NA,NA,W,N,4,0,1,2,A,-,07,21658,A,N,B,C,A,A,H,-,A,D,0,NA,NA,NA,NA,Y,NA,-,-,0,0,1,0,0,0,0,0,0,-,-,34.122840881347656,-117.91224670410156,LOS ANGELES,AZUSA,-117.91229248046876,34.1227912902832
91108364,2019,2019-10-28,9525,2019-10-24,0510,020552,NA,4,3,9,1900,0,3,5,NA,2,004,CALIFORNIA AVE,TEMPLE AVE,0,NA,Y,A,-,N,NA,NA,NA,NA,NA,NA,NA,NA,NA,Y,4,0,1,2,A,-,12,21453,A,N,D,C,A,A,H,-,C,A,0,NA,NA,NA,NA,Y,NA,-,-,0,0,1,0,0,0,0,0,0,-,-,34.0372200012207,-117.96331787109376,LOS ANGELES,UNINCORPORATED,-117.96331787109376,34.03718948364258
91108368,2019,2019-10-28,9525,2019-10-24,0615,019495,NA,4,1,4,1913,0,1,1,NA,2,109,I-10 W/B (SAN BERNARDINO FWY),INDIAN HILL BLVD,528,W,N,A,-,Y,NA,NA,10,NA,NA,NA,NA,NA,W,N,4,0,1,2,A,-,03,22350,NA,N,C,C,A,A,H,-,C,D,0,NA,NA,NA,Y,Y,NA,G,25,0,0,1,0,0,0,0,0,0,-,-,34.08190155029297,-117.72160339355467,LOS ANGELES,CLAREMONT,-117.72159576416016,34.0817985534668
91108393,2019,2019-10-28,9525,2019-10-25,0900,018364,NA,5,1,5,1906,0,1,1,NA,2,103,I-10 W/B (SAN BERNARDINO FWY),FRANCISQUITO AVENUE U/C,1584,W,N,A,-,Y,NA,NA,10,NA,NA,NA,NA,NA,W,N,4,0,1,2,A,-,03,22350,NA,N,C,C,A,A,H,-,A,D,0,NA,NA,NA,NA,Y,NA,E,22,0,0,1,0,0,0,0,0,0,-,-,34.06803894042969,-117.97943878173828,LOS ANGELES,BALDWIN PARK,-117.97942352294922,34.067928314208984
91108407,2019,2019-10-28,9550,2019-10-19,0455,020688,NA,6,3,9,1900,0,3,5,NA,2,005,HARBOR BLVD S/B,WELLINGTON LN,280,S,N,A,-,N,NA,NA,NA,NA,NA,NA,NA,NA,NA,Y,4,0,1,1,A,-,08,22107,NA,N,E,I,A,A,H,-,C,D,0,NA,NA,NA,NA,Y,NA,A,01,0,0,1,0,0,0,0,0,0,-,-,33.95840072631836,-117.91937255859376,LOS ANGELES,UNINCORPORATED,-117.9199676513672,33.95869445800781
91108419,2019,2019-10-29,9525,2019-10-27,0036,021980,NA,7,3,6,1975,0,1,1,NA,2,105,I-10 W/B (SAN BERNARDINO FWY),AZUSA AVE,1056,E,N,A,-,Y,NA,NA,10,NA,NA,NA,NA,NA,W,Y,4,0,1,2,C,-,18,NA,NA,N,C,C,A,A,D,E,D,D,0,NA,NA,NA,NA,Y,NA,-,-,0,0,1,0,0,0,0,0,0,-,-,34.07210159301758,-117.89611053466795,LOS ANGELES,WEST COVINA,-117.89611053466795,34.07213592529297
9110842,2020,2020-11-02,1900,2020-05-03,0146,624934,1137,7,5,6,1992,0,0,0,NA,0,111T1,BENFAR DR,BENFAR DR 2136,0,NA,Y,A,-,N,NA,NA,NA,NA,NA,NA,NA,NA,NA,Y,4,0,2,1,A,-,01,23152,A,N,E,J,A,A,H,-,C,D,0,NA,NA,NA,NA,Y,Y,A,01,0,0,2,0,0,0,0,0,0,-,-,NA,NA,LOS ANGELES,LANCASTER,-118.091215,34.675641
91108426,2019,2019-10-29,9550,2019-10-21,0710,021934,NA,1,1,9,1900,0,1,3,NA,2,600,SR-60 WB,CROSSROADS PARKWAY,200,W,N,A,-,Y,NA,NA,60,NA,NA,NA,NA,NA,W,N,4,0,1,2,A,-,03,22350,NA,N,C,C,A,A,H,-,A,D,0,NA,NA,NA,Y,Y,NA,D,22,0,0,1,0,0,0,0,0,0,-,-,34.02928161621094,-118.0134506225586,LOS ANGELES,UNINCORPORATED,-118.0134506225586,34.029197692871094
91108427,2019,2019-10-29,9525,2019-10-26,1930,021595,NA,6,2,5,1906,0,1,1,NA,2,103,I-10 W/B (SAN BERNARDINO FWY),BALDWIN PARK BLVD,200,E,N,A,-,Y,NA,NA,10,NA,NA,NA,NA,NA,W,Y,3,0,3,4,A,-,03,22350,NA,N,C,C,A,A,H,-,C,D,0,NA,NA,NA,Y,Y,NA,G,27,0,3,0,0,0,0,0,0,0,-,-,34.06801986694336,-117.98045349121094,LOS ANGELES,BALDWIN PARK,-117.98041534423828,34.06779861450195
9110843,2020,2020-11-02,1900,2020-05-24,1750,625432,1137,7,5,6,1992,0,0,0,NA,0,112T2,15TH ST EAST,MICHELLE AV,11,N,N,A,-,N,NA,NA,NA,NA,NA,NA,NA,NA,NA,Y,3,0,1,1,A,-,03,22350,NA,N,E,I,A,A,H,-,A,D,0,NA,NA,NA,NA,Y,NA,A,01,0,1,0,0,0,0,0,0,0,-,-,NA,NA,LOS ANGELES,LANCASTER,-118.1035385131836,34.677181243896484
91108430,2019,2019-10-29,9525,2019-10-27,1518,021595,NA,7,2,4,1946,0,1,1,NA,2,202,I-210 E/B (FOOTHILL FWY),MYRTLE AVE,1500,W,N,B,-,Y,NA,NA,210,NA,NA,NA,NA,NA,E,Y,3,0,3,1,A,-,08,22107,NA,N,E,I,A,A,H,-,A,D,0,NA,NA,NA,NA,Y,NA,A,08,0,2,1,0,0,0,0,0,0,-,-,34.13541030883789,-118.00496673583984,LOS ANGELES,MONROVIA,-118.00496673583984,34.135406494140625
91108433,2019,2019-10-29,9525,2019-10-17,1920,021250,NA,4,2,6,1955,0,1,3,NA,2,072,SR-71 N/B TO I-10 W/B,I-10 W/B (SAN BERNARDINO FWY),55,N,N,B,-,Y,NA,NA,NA,NA,NA,NA,NA,NA,NA,Y,4,0,1,3,A,-,03,22350,NA,N,C,C,A,A,H,-,D,D,0,NA,NA,NA,NA,Y,NA,A,01,0,0,1,0,0,0,0,0,0,-,-,34.06460952758789,-117.80986785888672,LOS ANGELES,POMONA,NA,NA
91108437,2019,2019-10-29,9550,2019-10-27,1525,022237,NA,7,2,9,1900,0,3,5,NA,2,002,TELEGRAPH ROAD,VALLEY VIEW AVENUE,609,W,N,A,-,N,NA,NA,NA,NA,NA,NA,NA,NA,NA,Y,3,0,2,1,A,-,01,23152,F,N,E,I,A,A,H,-,A,D,0,NA,NA,NA,NA,Y,NA,A,07,0,1,1,0,0,0,0,0,0,-,-,33.92945098876953,-118.03076934814452,LOS ANGELES,UNINCORPORATED,-118.0305633544922,33.92915344238281
9110844,2020,2020-11-17,1900,2020-05-14,1530,641105,1122,4,5,6,1992,0,0,0,NA,0,NA,10TH ST WEST,JACKMAN ST,0,NA,Y,A,-,N,NA,NA,NA,NA,NA,NA,NA,NA,NA,Y,3,0,2,2,A,-,09,21801,A,N,-,C,A,A,H,-,A,A,0,NA,NA,NA,NA,Y,NA,A,07,0,1,1,0,0,0,0,0,0,-,-,NA,NA,LOS ANGELES,LANCASTER,-118.14810180664064,34.700809478759766
9110845,2020,2020-10-30,1900,2020-05-16,1816,636283,1123,6,5,6,1992,0,0,0,NA,0,112T2,SIERRA HWY,AVENUE J-2,644,S,N,A,-,N,NA,NA,NA,NA,NA,NA,NA,NA,NA,Y,4,0,2,2,A,-,09,21804,A,N,D,C,A,A,H,-,A,D,0,NA,NA,NA,NA,Y,NA,A,01,0,0,2,0,0,0,0,0,0,-,-,NA,NA,LOS ANGELES,LANCASTER,-118.13459014892578,34.68582534790039
91108461,2019,2019-10-29,9590,2019-10-21,1810,022087,NA,1,2,7,1942,0,1,1,NA,2,051,I-110 S/B (HARBOR FREEWAY),54TH ST.,100,S,N,A,-,Y,NA,NA,NA,NA,NA,NA,NA,NA,NA,N,4,0,1,2,A,-,03,22350,NA,F,C,C,A,A,H,-,A,D,0,NA,NA,NA,NA,Y,NA,A,01,0,0,1,0,0,0,0,0,0,-,-,33.59339904785156,-118.16500091552734,LOS ANGELES,LOS ANGELES,NA,NA
91108467,2019,2019-10-29,9565,2019-10-16,1305,022219,NA,3,1,7,1942,0,1,1,NA,2,060,I-405 N/B (SAN DIEGO FREEWAY),LA TIJERA BLVD.,500,S,N,A,-,Y,NA,NA,405,NA,NA,NA,NA,NA,N,Y,3,0,1,1,A,-,08,22107,NA,N,E,I,A,A,H,-,A,D,0,NA,NA,NA,NA,Y,NA,D,22,0,1,0,0,0,0,0,0,0,-,-,33.96889114379883,-118.37242889404295,LOS ANGELES,LOS ANGELES,-118.37239837646484,33.968929290771484
91108477,2019,2019-10-29,9590,2019-10-18,1735,018345,NA,5,2,7,1942,0,1,1,NA,2,060,I-10 EB (SMF),WESTERN AVE.,30,W,N,A,-,Y,NA,NA,10,NA,NA,NA,NA,NA,E,Y,3,0,1,3,A,-,07,21658,A,N,B,C,A,A,H,-,A,D,0,NA,NA,Y,NA,Y,NA,A,01,0,1,0,0,0,0,0,0,1,-,-,34.03710174560547,-118.3113021850586,LOS ANGELES,LOS ANGELES,-118.3113021850586,34.037071228027344
91108485,2019,2019-10-29,9565,2019-10-27,2000,022251,NA,7,2,9,1900,0,3,5,NA,2,003,SLAUSON AVE.,MANSFIELD AVE.,200,E,N,A,-,N,NA,NA,NA,NA,NA,NA,NA,NA,NA,Y,4,0,1,3,A,-,01,23152,A,N,B,C,A,A,H,-,C,D,0,NA,NA,NA,NA,Y,Y,A,01,0,0,1,0,0,0,0,0,0,-,-,33.988651275634766,-118.35716247558594,LOS ANGELES,UNINCORPORATED,-118.3569564819336,33.988685607910156
91108493,2019,2019-10-29,9590,2019-10-13,2105,021883,NA,7,2,7,1942,0,1,1,NA,2,052,I-110 N/B (HARBOR FREEWAY),WASHINGTON BLVD.,100,S,N,A,-,Y,NA,NA,110,NA,NA,NA,NA,NA,N,N,3,0,2,1,A,-,08,22107,NA,N,F,A,A,A,H,-,D,D,0,NA,NA,Y,NA,Y,NA,C,02,0,2,0,0,0,0,0,0,2,-,-,34.034889221191406,-118.2742919921875,LOS ANGELES,LOS ANGELES,-118.27436065673828,34.0349006652832
9110850,2020,2020-10-30,1920,2020-05-30,1354,13118,1920,6,5,6,1920,0,0,0,NA,0,004,FIRESTONE BL,PANGBORN AV,0,NA,Y,A,-,N,NA,NA,NA,NA,NA,NA,NA,NA,NA,Y,3,0,1,2,A,-,09,21801,A,N,D,C,A,A,H,-,A,D,0,NA,NA,Y,NA,Y,NA,A,01,0,1,0,0,0,0,0,0,1,-,-,NA,NA,LOS ANGELES,DOWNEY,-118.11395263671876,33.930511474609375
9110851,2020,2020-10-30,1920,2020-05-28,0903,11792,1920,4,5,6,1920,0,0,0,NA,0,005,GALLATIN RD,PARAMOUNT BL,0,NA,Y,A,-,N,NA,NA,NA,NA,NA,NA,NA,NA,NA,N,3,0,1,2,A,-,12,21453,A,N,D,C,A,A,H,-,A,A,0,NA,NA,NA,NA,Y,NA,A,01,0,1,0,0,0,0,0,0,0,-,-,NA,NA,LOS ANGELES,DOWNEY,-118.12319183349608,33.96223068237305
91108519,2019,2019-10-29,9565,2019-10-17,1550,021892,NA,4,2,9,1900,0,2,4,NA,2,021,VERMONT AVE S/B,112TH ST  E,0,NA,Y,A,-,N,NA,NA,NA,NA,NA,NA,NA,NA,NA,Y,4,0,3,2,A,-,09,21802,A,N,D,C,A,A,H,-,A,A,0,NA,NA,NA,NA,Y,NA,A,01,0,0,3,0,0,0,0,0,0,-,-,33.93281173706055,-118.29190826416016,LOS ANGELES,UNINCORPORATED,-118.29193878173828,33.932830810546875
9110852,2020,2020-10-30,1920,2020-05-25,1624,13022,NA,1,5,6,1920,0,0,0,NA,0,003,PARAMOUNT BL,SUVA ST,0,NA,Y,A,-,N,NA,NA,NA,NA,NA,NA,NA,NA,NA,N,4,0,1,1,A,-,03,22350,NA,N,H,A,A,A,H,-,A,A,0,NA,NA,Y,NA,Y,NA,C,03,0,0,1,0,0,0,0,0,1,-,-,NA,NA,LOS ANGELES,DOWNEY,-118.12531280517578,33.95989990234375
91108525,2019,2019-10-29,9540,2019-01-14,0630,021869,NA,1,1,9,1900,0,2,4,NA,1,204,BOUQUET CANYON RD. (31800 BLOCK),VASQUEZ CANYON RD.,4224,N,N,B,C,N,NA,NA,NA,NA,NA,NA,NA,NA,NA,Y,1,1,0,1,A,-,03,22350,NA,N,E,I,A,B,H,-,D,D,0,NA,NA,NA,NA,Y,NA,A,01,0,0,0,0,0,0,0,0,0,-,-,34.5006103515625,-118.45472717285156,LOS ANGELES,UNINCORPORATED,-118.46471405029295,34.48478317260742
9110853,2020,2020-10-30,1920,2020-05-20,1659,13022,NA,3,5,6,1920,0,0,0,NA,0,002,RIVES AV,PHLOX ST,0,NA,Y,A,-,N,NA,NA,NA,NA,NA,NA,NA,NA,NA,N,4,0,1,2,A,-,09,21802,A,N,D,G,A,A,H,-,A,A,0,NA,Y,NA,NA,Y,NA,A,01,0,0,1,0,0,0,1,0,0,-,-,NA,NA,LOS ANGELES,DOWNEY,-118.14364624023438,33.94292068481445
9110854,2020,2020-10-30,1920,2020-05-20,1928,13022,NA,3,5,6,1920,0,0,0,NA,0,003,PARAMOUNT BL,GALLATIN RD,833,N,N,A,-,N,NA,NA,NA,NA,NA,NA,NA,NA,NA,Y,4,0,1,2,A,-,09,21802,A,N,D,C,A,A,H,-,A,A,0,NA,NA,NA,NA,Y,NA,A,01,0,0,1,0,0,0,0,0,0,-,-,NA,NA,LOS ANGELES,DOWNEY,-118.12149810791016,33.96339797973633
91108544,2019,2019-10-29,9525,2019-10-23,0830,016679,NA,3,1,6,1955,0,1,3,NA,2,604,SR-60 E/B (POMONA FWY),GAREY AVE.,528,W,N,A,-,Y,NA,NA,60,NA,NA,NA,NA,NA,E,Y,3,0,2,3,A,-,07,21658,A,N,B,C,A,A,H,-,A,D,0,NA,NA,NA,Y,Y,NA,G,25,0,1,1,0,0,0,0,0,0,-,-,34.02391052246094,-117.75401306152344,LOS ANGELES,POMONA,-117.75399780273438,34.02396011352539
9110855,2020,2020-10-30,1920,2020-05-03,0122,13321,1920,7,5,6,1920,0,0,0,NA,0,006,LAKEWOOD BL,ALAMEDA ST,0,NA,Y,A,-,N,NA,NA,NA,NA,NA,NA,NA,NA,NA,N,3,0,4,2,A,-,09,21801,A,N,D,C,A,A,H,-,C,A,0,NA,NA,NA,NA,Y,NA,A,01,0,2,2,0,0,0,0,0,0,-,-,NA,NA,LOS ANGELES,DOWNEY,-118.13288879394533,33.923580169677734
91108556,2019,2019-10-29,9565,2019-10-17,1850,022231,NA,4,2,9,1900,0,3,5,NA,2,005,ADMIRALTY WAY,BALI WAY,80,N,N,A,-,N,NA,NA,NA,NA,NA,NA,NA,NA,NA,Y,4,0,1,2,A,-,03,22350,NA,N,C,C,A,A,H,-,C,D,0,NA,NA,NA,NA,Y,NA,A,01,0,0,1,0,0,0,0,0,0,-,-,33.9822998046875,-118.44185638427734,LOS ANGELES,UNINCORPORATED,-118.4417724609375,33.9822998046875