CASE_ID,ACCIDENT_YEAR,PROC_DATE,JURIS,COLLISION_DATE,COLLISION_TIME,OFFICER_ID,REPORTING_DISTRICT,DAY_OF_WEEK,CHP_SHIFT,POPULATION,CNTY_CITY_LOC,SPECIAL_COND,BEAT_TYPE,CHP_BEAT_TYPE,CITY_DIVISION_LAPD,CHP_BEAT_CLASS,BEAT_NUMBER,PRIMARY_RD,SECONDARY_RD,DISTANCE,DIRECTION,INTERSECTION,WEATHER_1,WEATHER_2,STATE_HWY_IND,CALTRANS_COUNTY,CALTRANS_DISTRICT,STATE_ROUTE,ROUTE_SUFFIX,POSTMILE_PREFIX,POSTMILE,LOCATION_TYPE,RAMP_INTERSECTION,SIDE_OF_HWY,TOW_AWAY,COLLISION_SEVERITY,NUMBER_KILLED,NUMBER_INJURED,PARTY_COUNT,PRIMARY_COLL_FACTOR,PCF_CODE_OF_VIOL,PCF_VIOL_CATEGORY,PCF_VIOLATION,PCF_VIOL_SUBSECTION,HIT_AND_RUN,TYPE_OF_COLLISION,MVIW,PED_ACTION,ROAD_SURFACE,ROAD_COND_1,ROAD_COND_2,LIGHTING,CONTROL_DEVICE,CHP_ROAD_TYPE,PEDESTRIAN_ACCIDENT,BICYCLE_ACCIDENT,MOTORCYCLE_ACCIDENT,TRUCK_ACCIDENT,NOT_PRIVATE_PROPERTY,ALCOHOL_INVOLVED,STWD_VEHTYPE_AT_FAULT,CHP_VEHTYPE_AT_FAULT,COUNT_SEVERE_INJ,COUNT_VISIBLE_INJ,COUNT_COMPLAINT_PAIN,COUNT_PED_KILLED,COUNT_PED_INJURED,COUNT_BICYCLIST_KILLED,COUNT_BICYCLIST_INJURED,COUNT_MC_KILLED,COUNT_MC_INJURED,PRIMARY_RAMP,SECONDARY_RAMP,LATITUDE,LONGITUDE,COUNTY,CITY,POINT_X,POINT_Y
91110743,2019,2019-10-31,9535,2019-10-21,2112,021773,NA,1,2,9,1900,0,2,4,NA,2,025,ATLANTIC BLVD. (300 S. BLOCK),VIA CORONA ST,40,S,N,A,-,N,NA,NA,NA,NA,NA,NA,NA,NA,NA,Y,4,0,1,2,A,-,09,21802,A,M,E,I,A,A,H,-,C,A,0,NA,NA,NA,NA,Y,NA,A,08,0,0,1,0,0,0,0,0,0,-,-,34.03120040893555,-118.15415191650392,LOS ANGELES,UNINCORPORATED,-118.1540985107422,34.03120422363281
91110750,2019,2019-10-31,9550,2019-10-30,0740,019179,NA,3,1,5,1919,0,1,3,NA,2,091,STATE ROUTE 91 (ARTESIA FREEWAY),INTERSTATE 605 (SAN GABRIEL RIVER FREEWA,90,W,N,A,-,Y,NA,NA,91,NA,NA,NA,NA,NA,NA,Y,4,0,1,2,A,-,03,22350,NA,N,C,C,A,A,H,-,A,D,0,NA,NA,NA,NA,Y,NA,A,01,0,0,1,0,0,0,0,0,0,-,-,33.87644958496094,-118.10301971435548,LOS ANGELES,CERRITOS,-118.10301971435548,33.876373291015625
91110766,2019,2019-10-31,9550,2019-10-24,0600,020014,NA,4,1,9,1900,0,2,4,NA,1,013,NORWALK BOULEVARD,BURKE ST,0,NA,Y,A,-,N,NA,NA,NA,NA,NA,NA,NA,NA,NA,Y,4,0,3,2,A,-,09,21802,A,N,D,C,A,A,H,-,C,D,0,NA,NA,NA,NA,Y,NA,A,07,0,0,3,0,0,0,0,0,0,-,-,33.961219787597656,-118.07080841064452,LOS ANGELES,UNINCORPORATED,-118.07079315185548,33.96118927001953
91110776,2019,2019-10-31,9525,2019-10-24,1035,018505,NA,4,1,9,1900,0,3,5,NA,2,002,GLADSTONE ST.  (18100 E),ROCKVALE AVE,0,NA,Y,A,-,Y,NA,NA,NA,NA,NA,NA,NA,NA,NA,Y,4,0,1,2,A,-,12,21453,A,N,D,C,A,A,H,-,A,A,0,NA,NA,NA,NA,Y,NA,-,-,0,0,1,0,0,0,0,0,0,-,-,34.11418151855469,-117.89640808105467,LOS ANGELES,UNINCORPORATED,-117.89640045166016,34.11418914794922
91110784,2019,2019-10-31,9530,2019-10-21,1835,022292,NA,1,2,9,1900,0,3,5,NA,2,005,MANHATTAN BEACH BLVD. (3400 BLOCK),CERISE AVE.,150,W,N,A,-,N,NA,NA,NA,NA,NA,NA,NA,NA,NA,Y,4,0,1,2,A,-,03,22350,NA,N,C,C,A,A,H,-,C,D,0,NA,NA,NA,NA,Y,NA,A,01,0,0,1,0,0,0,0,0,0,-,-,33.88737869262695,-118.33397674560548,LOS ANGELES,UNINCORPORATED,-118.3339614868164,33.88737869262695
91110789,2019,2019-10-31,9590,2019-10-22,1605,021583,NA,2,2,7,1942,0,1,2,NA,2,073,US-101 S/B (HOLLYWOOD FREEWAY),SUNSET BOULEVARD,150,N,N,A,-,Y,NA,NA,101,NA,NA,NA,NA,NA,S,Y,4,0,1,3,A,-,03,22350,NA,N,C,C,A,A,H,-,A,D,0,NA,NA,NA,Y,Y,NA,G,27,0,0,1,0,0,0,0,0,0,-,-,34.09830093383789,-118.31479644775392,LOS ANGELES,LOS ANGELES,-118.31475830078124,34.09832763671875
91110791,2019,2019-10-31,9525,2019-10-28,0705,016679,NA,1,1,5,1990,0,1,3,NA,2,604,SR-60 E/B (POMONA FWY),GRAND AVE,1584,E,N,A,-,Y,NA,NA,60,NA,NA,NA,NA,NA,E,Y,3,0,1,2,A,-,03,22350,NA,N,C,C,A,A,H,-,A,D,0,NA,NA,NA,NA,Y,NA,A,01,0,1,0,0,0,0,0,0,0,-,-,34.017608642578125,-117.81661224365234,LOS ANGELES,DIAMOND BAR,-117.81666564941406,34.01765060424805
9111080,2020,2020-11-02,1942,2020-05-31,0930,42118,0557,7,5,7,1942,0,0,0,E,0,25T21,1ST ST,WALKER AVE,0,NA,Y,A,-,N,NA,NA,NA,NA,NA,NA,NA,NA,NA,Y,3,0,2,2,A,-,12,21453,A,N,D,C,A,A,H,-,A,A,0,NA,NA,NA,NA,Y,NA,A,07,0,1,1,0,0,0,0,0,0,-,-,NA,NA,LOS ANGELES,LOS ANGELES,-118.30429077148438,33.74333953857422
9111081,2020,2020-10-30,1942,2020-05-30,0555,44295,501,6,5,7,1942,0,0,0,NA,0,5A1,182ND ST,HOOVER ST,431,E,N,A,-,N,NA,NA,NA,NA,NA,NA,NA,NA,NA,Y,2,0,1,1,A,-,03,22350,A,N,-,I,A,A,H,-,A,-,0,NA,NA,NA,NA,Y,NA,A,01,1,0,0,0,0,0,0,0,0,-,-,NA,NA,LOS ANGELES,LOS ANGELES,-118.28531646728516,33.869808197021484
91110817,2019,2019-10-31,9530,2019-10-21,0250,021995,NA,1,3,5,1943,0,1,1,NA,2,210,I-105 W/B (GLENN ANDERSON FWY),LONG BEACH BLVD.,2300,E,N,A,-,Y,NA,NA,105,NA,NA,NA,NA,NA,W,Y,2,0,1,1,A,-,01,23152,A,N,E,I,A,A,H,-,D,D,0,NA,NA,NA,NA,Y,Y,A,01,1,0,0,0,0,0,0,0,0,-,-,33.92218017578125,-118.20320129394533,LOS ANGELES,LYNWOOD,-118.20321655273438,33.92213821411133
9111082,2020,2020-10-30,1942,2020-05-14,1320,43391,LOS A,4,5,7,1942,0,0,0,NA,0,3A54,S VERMONT AV,LEIGHTON AV,0,NA,Y,A,-,N,NA,NA,NA,NA,NA,NA,NA,NA,NA,N,4,0,1,2,A,-,09,21801,NA,N,G,G,A,A,H,-,A,D,0,NA,Y,NA,NA,Y,NA,-,NA,0,0,1,0,0,0,1,0,0,-,-,NA,NA,LOS ANGELES,LOS ANGELES,-118.29154205322266,34.013240814208984
9111083,2020,2020-10-30,1942,2020-05-14,1900,42675,0507,4,5,7,1942,0,0,0,E,0,5XL6,224TH ST,WESTERN AV,100,E,N,A,-,N,NA,NA,NA,NA,NA,NA,NA,NA,NA,N,4,0,1,2,A,-,05,21650,NA,N,A,C,A,A,H,-,A,D,0,NA,NA,NA,NA,Y,NA,-,-,0,0,1,0,0,0,0,0,0,-,-,NA,NA,LOS ANGELES,LOS ANGELES,-118.30860900878906,33.82333755493164
91110835,2019,2019-10-31,9575,2019-10-21,1845,016603,NA,1,2,7,1942,0,1,1,NA,2,050,I-5 N/B TO SR-134 W/B,COLORADO STREET EXTENSION,2112,N,N,A,-,Y,NA,NA,5,NA,NA,NA,R,NA,N,Y,4,0,1,3,A,-,03,22350,NA,M,C,C,A,A,H,-,B,D,0,NA,NA,NA,NA,Y,NA,A,01,0,0,1,0,0,0,0,0,0,-,-,34.147361755371094,-118.2790069580078,LOS ANGELES,LOS ANGELES,-118.2790069580078,34.147361755371094
9111084,2020,2020-11-02,1942,2020-05-12,1427,44292,0513,2,5,7,1942,0,0,0,E,0,005,FIGUEROA PL,L ST,0,NA,Y,A,-,N,NA,NA,NA,NA,NA,NA,NA,NA,NA,N,4,0,1,2,A,-,04,21703,NA,F,C,C,A,A,H,-,A,D,0,NA,NA,NA,NA,Y,NA,A,01,0,0,1,0,0,0,0,0,0,-,-,NA,NA,LOS ANGELES,LOS ANGELES,-118.28166198730467,33.78602981567383
9111087,2020,2020-11-02,1941,2020-05-26,2220,11563,NA,2,5,7,1941,0,0,0,NA,0,NA,CHERRY AV,143,0,NA,Y,A,-,N,NA,NA,NA,NA,NA,NA,NA,NA,NA,Y,4,0,2,7,A,-,01,23152,A,N,B,C,A,A,H,-,C,D,0,NA,NA,NA,NA,Y,Y,-,NA,0,0,2,0,0,0,0,0,0,-,NO,NA,NA,LOS ANGELES,LONG BEACH,NA,NA
9111088,2020,2020-11-02,1941,2020-05-26,1852,11521,NA,2,5,7,1941,0,0,0,NA,0,NA,4TH ST,PARK CT,0,NA,Y,A,-,N,NA,NA,NA,NA,NA,NA,NA,NA,NA,N,4,0,1,2,A,-,00,10480,NA,N,D,G,A,A,H,-,A,D,0,NA,Y,NA,NA,Y,NA,L,04,0,0,1,0,0,0,1,0,0,-,-,NA,NA,LOS ANGELES,LONG BEACH,-118.19438934326172,33.771728515625
91110889,2019,2019-10-31,9580,2019-10-27,1245,019573,NA,7,1,7,1942,0,1,2,NA,2,101,US-101 S/B (VENTURA FREEWAY),LAUREL CANYON BLVD,2640,S,N,A,-,Y,NA,NA,101,NA,NA,NA,NA,NA,S,Y,4,0,1,3,A,-,03,22350,NA,N,C,C,A,A,H,-,A,D,0,NA,NA,NA,NA,Y,NA,A,01,0,0,1,0,0,0,0,0,0,-,-,34.15449905395508,-118.38700103759766,LOS ANGELES,LOS ANGELES,-118.38700103759766,34.15436553955078
9111090,2020,2020-11-02,1941,2020-05-26,1800,10008,NA,2,5,7,1941,0,0,0,NA,0,NA,ATLANTA AV,MARKET ST,0,NA,Y,A,-,N,NA,NA,NA,NA,NA,NA,NA,NA,NA,N,4,0,1,2,A,-,05,21650,NA,N,A,G,A,A,H,-,A,A,0,NA,Y,NA,NA,Y,NA,L,04,0,0,1,0,0,0,1,0,0,-,-,NA,NA,LOS ANGELES,LONG BEACH,-118.18499755859376,33.854339599609375
91110902,2019,2019-10-31,9575,2019-10-17,1655,020556,NA,4,2,9,1900,0,3,5,NA,2,008,ROSEMEAD BLVD,HUNTINGTON DRIVE,0,NA,Y,A,-,N,NA,NA,NA,NA,NA,NA,NA,NA,NA,N,3,0,1,2,A,-,21,22106,NA,F,D,G,A,A,H,-,A,A,0,NA,Y,NA,NA,Y,NA,A,01,0,1,0,0,0,0,1,0,0,-,-,34.130531311035156,-118.07305145263672,LOS ANGELES,UNINCORPORATED,-118.07330322265624,34.130279541015625
91110907,2019,2019-10-31,9550,2019-10-24,0835,020014,NA,4,1,9,1900,0,3,5,NA,2,002,LOMA DR,LEFFINGWELL ROAD,150,N,N,A,-,N,NA,NA,NA,NA,NA,NA,NA,NA,NA,N,4,0,1,2,A,-,09,21804,A,N,D,C,A,A,H,-,A,D,0,NA,NA,NA,NA,Y,NA,A,01,0,0,1,0,0,0,0,0,0,-,-,33.92232894897461,-118.0335693359375,LOS ANGELES,UNINCORPORATED,-118.03352355957033,33.92216873168945
9111091,2020,2020-11-02,1941,2020-05-27,2127,11569+,NA,3,5,7,1941,0,0,0,NA,0,NA,LOS COYOTES DIAGONAL,CARSON ST,0,NA,Y,A,-,N,NA,NA,NA,NA,NA,NA,NA,NA,NA,N,3,0,1,2,D,-,00,NA,NA,N,G,B,B,A,H,-,C,A,0,Y,NA,NA,NA,Y,NA,-,-,0,1,0,0,1,0,0,0,0,-,-,NA,NA,LOS ANGELES,LONG BEACH,-118.09890747070313,33.832298278808594
91110910,2019,2019-10-31,9535,2019-10-21,2005,022269,NA,1,2,3,1914,0,1,1,NA,2,501,I-5 (SANTA ANA FREEWAY) S/B,TRIGGS ST,800,N,N,A,-,Y,NA,NA,5,NA,NA,NA,NA,NA,S,Y,4,0,1,2,A,-,03,22350,NA,N,C,C,A,A,H,-,C,D,0,NA,NA,NA,NA,Y,NA,A,07,0,0,1,0,0,0,0,0,0,-,-,34.011329650878906,-118.16168212890624,LOS ANGELES,COMMERCE,-118.16163635253906,34.011409759521484
91110918,2019,2019-10-31,9550,2019-10-20,0426,022208,NA,7,3,9,1900,0,1,3,NA,2,600,SR-60 E/B,SEVENTH AVE,500,W,N,A,-,Y,NA,NA,60,NA,NA,NA,NA,NA,E,Y,4,0,1,2,A,-,07,21658,A,F,D,C,A,A,H,-,D,D,0,NA,NA,NA,NA,Y,NA,-,99,0,0,1,0,0,0,0,0,0,-,-,34.01660919189453,-117.98516845703124,LOS ANGELES,UNINCORPORATED,-117.9853515625,34.016441345214844
91110940,2019,2019-10-31,9535,2019-10-21,1150,022342,NA,1,1,5,1959,0,1,1,NA,2,400,I-10 (SAN BERNARDINO FREEWAY) E/B,WALNUT GROVE AVE,530,W,N,A,-,Y,NA,NA,10,NA,NA,NA,NA,NA,E,Y,3,0,1,2,A,-,08,22107,NA,N,B,C,A,A,H,-,A,D,0,NA,NA,NA,NA,Y,NA,A,07,0,1,0,0,0,0,0,0,0,-,-,34.071998596191406,-118.08438873291016,LOS ANGELES,ROSEMEAD,-118.08438873291016,34.07190704345703
9111095,2020,2021-05-18,1913,2020-05-12,1542,3760,12,2,5,4,1913,0,0,0,NA,0,001,BERKELEY AV,8TH ST,10,N,N,A,-,N,NA,NA,NA,NA,NA,NA,NA,NA,NA,N,3,0,1,1,A,-,03,22350,NA,N,F,I,A,A,H,-,A,A,0,NA,Y,NA,NA,Y,NA,L,04,0,1,0,0,0,0,1,0,0,-,-,NA,NA,LOS ANGELES,CLAREMONT,-117.72245025634766,34.101627349853516
9111096,2020,2021-05-26,1913,2020-05-26,1918,3740,04,2,5,4,1913,0,0,0,NA,0,001,INDIAN HILL BL,SAN JOSE AV,0,NA,Y,A,-,N,NA,NA,NA,NA,NA,NA,NA,NA,NA,Y,4,0,3,4,A,-,09,21453,B,N,D,C,A,A,H,-,A,A,0,NA,NA,NA,NA,Y,NA,A,01,0,0,3,0,0,0,0,0,0,-,-,NA,NA,LOS ANGELES,CLAREMONT,-117.7193603515625,34.08320999145508
91110972,2019,2019-10-31,9565,2019-10-21,1530,022099,NA,1,2,9,1900,0,2,4,NA,2,024,IMPERIAL HWY,VERMONT AVE,800,W,N,A,-,N,NA,NA,NA,NA,NA,NA,NA,NA,NA,Y,4,0,2,2,A,-,03,22350,NA,N,C,C,A,A,H,-,A,A,0,NA,NA,NA,NA,Y,NA,A,01,0,0,2,0,0,0,0,0,0,-,-,33.93101119995117,-118.29579162597656,LOS ANGELES,UNINCORPORATED,-118.29454040527344,33.93096923828125
91110979,2019,2019-10-31,9550,2019-10-25,1240,022387,NA,5,1,5,1954,0,1,1,NA,2,650,INTERSTATE 605 SOUTHBOUND,PECK ROAD,2000,S,N,A,-,Y,NA,NA,605,NA,NA,NA,NA,NA,S,Y,4,0,1,3,A,-,03,22350,NA,N,C,C,A,A,H,-,A,D,0,NA,NA,Y,NA,Y,NA,C,02,0,0,1,0,0,0,0,0,1,-,-,34.02330017089844,-118.04456329345705,LOS ANGELES,PICO RIVERA,-118.04450988769533,34.02322006225586
91110993,2019,2019-10-31,9590,2019-10-26,0933,021762,NA,6,1,7,1942,0,1,1,NA,2,082,I-5 N/B (GOLDEN STATE FREEWAY),BROADWAY,1700,S,N,A,-,Y,NA,NA,5,NA,NA,NA,NA,NA,N,Y,4,0,1,3,A,-,03,22350,NA,N,C,C,A,A,H,-,A,D,0,NA,NA,NA,NA,Y,NA,A,01,0,0,1,0,0,0,0,0,0,-,-,34.068641662597656,-118.21672058105467,LOS ANGELES,LOS ANGELES,-118.21670532226564,34.06864547729492
91111014,2019,2019-10-31,9530,2019-10-21,1235,022438,NA,1,1,7,1941,0,1,1,NA,2,420,I-405 N/B TO I-710 N/B,PACIFIC PLACE,960,N,N,A,-,Y,NA,NA,405,NA,NA,NA,R,NA,N,Y,4,0,1,3,A,-,07,21658,A,F,B,C,A,A,H,-,A,D,0,NA,NA,NA,NA,Y,NA,A,01,0,0,1,0,0,0,0,0,0,-,-,33.82569885253906,-118.20279693603516,LOS ANGELES,LONG BEACH,-118.20279693603516,33.82569885253906
91111028,2019,2019-10-31,9550,2019-10-25,1435,020037,NA,5,2,5,1919,0,1,3,NA,2,092,STATE ROUTE 91 WESTBOUND (ARTESIA FWY),CARMENITA ROAD,1500,E,N,A,-,Y,NA,NA,91,NA,NA,NA,NA,NA,W,Y,4,0,1,3,A,-,03,22350,NA,N,C,C,A,A,H,-,A,D,0,NA,NA,NA,NA,Y,NA,D,22,0,0,1,0,0,0,0,0,0,-,-,33.86206817626953,-118.0417022705078,LOS ANGELES,CERRITOS,-118.04171752929688,33.86203384399414
91111133,2019,2019-10-31,9575,2019-10-27,1826,020476,NA,7,2,6,1925,0,1,3,NA,2,090,SR-2 W/B (GLENDALE FREEWAY),MOUNTAIN ST.,1000,E,N,A,-,Y,NA,NA,2,NA,NA,NA,NA,NA,W,Y,3,0,3,2,A,-,07,21658,A,N,B,C,A,A,H,-,C,D,0,NA,NA,NA,NA,Y,NA,A,01,0,1,2,0,0,0,0,0,0,-,-,34.169368743896484,-118.22348022460938,LOS ANGELES,GLENDALE,-118.22346496582033,34.16936492919922
91111137,2019,2019-11-01,9550,2019-10-24,0805,016228,NA,4,1,9,1900,0,3,5,NA,2,004,WEDGEWORTH DR. E/B,FIELDGATE AVENUE,330,E,N,A,-,N,NA,NA,NA,NA,NA,NA,NA,NA,NA,N,2,0,1,3,A,-,11,21954,A,N,G,B,D,A,H,-,A,D,0,Y,NA,NA,NA,Y,NA,N,60,1,0,0,0,1,0,0,0,0,-,-,33.997501373291016,-117.94860076904295,LOS ANGELES,UNINCORPORATED,-117.94869995117188,33.997528076171875
91111161,2019,2019-11-01,9575,2019-10-23,1705,022110,NA,3,2,7,1942,0,1,1,NA,2,060,I-210 W/B (FOOTHILL FREEWAY),PAXTON STREET,670,W,N,A,-,Y,NA,NA,210,NA,NA,NA,NA,NA,W,Y,4,0,1,2,A,-,03,22350,NA,N,C,C,A,A,H,-,A,D,0,NA,NA,NA,NA,Y,NA,A,01,0,0,1,0,0,0,0,0,0,-,-,34.28907012939453,-118.40850067138672,LOS ANGELES,LOS ANGELES,-118.40847778320313,34.289093017578125
91111187,2019,2019-11-01,9530,2019-10-16,0545,021623,NA,3,3,7,1942,0,1,1,NA,2,200,I-105 W/B (GLENN ANDERSON FWY),VERMONT AVE.,600,E,N,A,-,Y,NA,NA,105,NA,NA,NA,NA,NA,W,Y,2,0,1,3,A,-,07,21658,A,N,B,C,A,A,H,-,C,D,0,NA,NA,Y,NA,Y,NA,A,01,1,0,0,0,0,0,0,0,1,-,-,33.928768157958984,-118.2870635986328,LOS ANGELES,LOS ANGELES,-118.2870635986328,33.92885971069336
91111203,2019,2019-11-01,9540,2019-10-23,0110,021395,NA,3,3,6,1985,0,1,1,NA,2,506,I-5 N/B (GOLDEN STATE FREEWAY),VALENCIA BLVD,2720,S,N,A,-,Y,NA,NA,5,NA,NA,NA,NA,NA,N,Y,2,0,1,1,A,-,01,23152,F,N,E,I,A,A,H,-,C,D,0,NA,NA,NA,NA,Y,NA,A,07,1,0,0,0,0,0,0,0,0,-,-,34.401100158691406,-118.57276916503906,LOS ANGELES,SANTA CLARITA,-118.57292938232422,34.401031494140625
91111208,2019,2019-11-01,9575,2019-10-23,2100,021640,NA,3,2,6,1953,0,1,1,NA,2,065,I-210 W/B (FOOTHILL FREEWAY),SIERRA MADRE BLVD.,150,E,N,A,-,Y,NA,NA,210,NA,NA,NA,NA,NA,W,Y,3,0,1,2,A,-,01,23152,A,N,C,C,A,A,H,-,D,D,0,NA,NA,NA,NA,Y,Y,D,22,0,1,0,0,0,0,0,0,0,-,-,34.1526985168457,-118.0947036743164,LOS ANGELES,PASADENA,-118.09469604492188,34.152706146240234
91111227,2019,2019-11-01,9575,2019-10-23,1502,022110,NA,3,2,6,1953,0,1,1,NA,2,063,I-210 E/B (FOOTHILL FREEWAY),ORANGE GROVE BOULEVARD,460,W,N,A,-,Y,NA,NA,210,NA,NA,NA,NA,NA,E,Y,3,0,1,2,A,-,03,22350,NA,N,C,C,A,A,H,-,A,D,0,NA,NA,Y,NA,Y,NA,C,02,0,1,0,0,0,0,0,0,1,-,-,34.155189514160156,-118.15795135498048,LOS ANGELES,PASADENA,-118.15773010253906,34.1552848815918
91111266,2019,2019-11-01,9575,2019-10-25,1915,021978,NA,5,2,6,1912,0,1,3,NA,2,044,SR-134 E/B (VENTURA FREEWAY),BUENA VISTA STREET,500,E,N,A,-,Y,NA,NA,134,NA,NA,NA,NA,NA,E,Y,4,0,3,3,A,-,03,22350,NA,N,C,C,A,A,H,-,D,D,0,NA,NA,NA,NA,Y,NA,A,07,0,0,3,0,0,0,0,0,0,-,-,34.154029846191406,-118.32427978515624,LOS ANGELES,BURBANK,-118.3242645263672,34.15396499633789
91111278,2019,2019-11-01,9550,2019-10-28,0715,018161,NA,1,1,9,1900,0,1,1,NA,2,650,INTERSTATE 605 SOUTHBOUND,WHITTIER BOULEVARD,150,S,N,A,-,Y,NA,NA,605,NA,NA,NA,NA,NA,S,N,3,0,1,2,A,-,08,22107,NA,N,B,C,A,A,H,-,A,D,0,NA,NA,NA,Y,Y,NA,A,01,0,1,0,0,0,0,0,0,0,-,-,33.99053955078125,-118.07022857666016,LOS ANGELES,UNINCORPORATED,-118.07006072998048,33.99049758911133
91111279,2019,2019-11-01,9535,2019-10-22,0705,022339,NA,2,1,5,1943,0,1,1,NA,2,074,I-710 (LONG BEACH FREEWAY) N/B,IMPERIAL HWY,60,S,N,A,-,Y,NA,NA,710,NA,NA,NA,NA,NA,N,Y,4,0,1,4,A,-,03,22350,NA,N,C,C,A,A,H,-,A,D,0,NA,NA,NA,NA,Y,NA,A,01,0,0,1,0,0,0,0,0,0,-,-,33.93056869506836,-118.1785888671875,LOS ANGELES,LYNWOOD,-118.1787338256836,33.93058776855469
91111295,2019,2020-04-09,9530,2019-04-15,2138,021902,NA,1,2,7,1941,0,1,1,NA,2,420,I-405 S/B FROM LAKEWOOD BOULEVARD,WILLOW STREET,500,N,N,A,-,Y,NA,NA,405,NA,NA,NA,R,NA,S,Y,1,1,2,2,A,-,08,22107,NA,N,E,I,A,A,H,-,E,D,0,NA,NA,NA,NA,Y,NA,A,01,0,1,1,0,0,0,0,0,0,-,-,33.80448913574219,-118.14019775390624,LOS ANGELES,LONG BEACH,-118.14019775390624,33.80448913574219
91111303,2019,2019-11-01,9535,2019-10-22,1230,022325,NA,2,1,5,1947,0,1,3,NA,2,620,E/B SR-60 TO PARAMOUNT BLVD,PARAMOUNT BLVD,50,W,N,A,-,Y,NA,NA,60,NA,NA,NA,R,NA,NA,N,4,0,1,2,A,-,21,22106,NA,N,C,C,A,A,H,-,A,A,0,NA,NA,NA,NA,Y,NA,A,01,0,0,1,0,0,0,0,0,0,-,-,34.03485107421875,-118.09220886230467,LOS ANGELES,MONTEBELLO,-118.09220886230467,34.03485107421875
91111304,2019,2019-11-01,9565,2019-10-22,1645,021575,NA,2,2,5,1965,0,1,1,NA,2,081,I-10 WESTBOUND (SANTA MONICA FREEWAY),LINCOLN BOULEVARD,275,E,N,A,-,Y,NA,NA,10,NA,NA,NA,NA,NA,W,Y,3,0,2,2,A,-,03,22350,NA,N,C,C,A,A,H,-,A,D,0,NA,NA,NA,NA,Y,NA,A,01,0,1,1,0,0,0,0,0,0,-,-,34.01543045043945,-118.485107421875,LOS ANGELES,SANTA MONICA,-118.48509979248048,34.01541519165039
91111317,2019,2019-11-01,9565,2019-10-22,0600,018193,NA,2,1,5,1928,0,1,1,NA,2,060,I-405 N/B,ROSECRANS AVE,200,S,N,A,-,Y,NA,NA,405,NA,NA,NA,NA,NA,N,Y,4,0,1,2,A,-,03,22350,NA,N,C,C,A,A,H,-,B,D,0,NA,NA,Y,NA,Y,NA,C,02,0,0,1,0,0,0,0,0,1,-,-,33.90114974975586,-118.37033081054688,LOS ANGELES,HAWTHORNE,-118.37030029296876,33.90114974975586
91111321,2019,2019-11-01,9575,2019-10-26,1120,015375,NA,6,1,6,1912,0,1,1,NA,2,051,I-5 S/B (GOLDEN STATE FREEWAY),EMPIRE AVE,1000,N,N,A,-,Y,NA,NA,5,NA,NA,NA,NA,NA,S,Y,4,0,1,2,A,-,03,22350,NA,N,C,C,A,A,H,-,A,D,0,NA,NA,NA,NA,Y,NA,A,01,0,0,1,0,0,0,0,0,0,-,-,34.195098876953125,-118.3323974609375,LOS ANGELES,BURBANK,-118.33242034912108,34.19506072998047
91111341,2019,2019-11-01,9575,2019-10-25,1410,020119,NA,5,2,5,1902,0,1,1,NA,2,065,I-210 E/B (FOOTHILL FREEWAY),BALDWIN AVE.,500,W,N,A,-,Y,NA,NA,210,NA,NA,NA,NA,NA,E,Y,4,0,1,3,A,-,03,22350,NA,N,C,C,A,A,H,-,A,D,0,NA,NA,NA,NA,Y,NA,A,01,0,0,1,0,0,0,0,0,0,-,-,34.148460388183594,-118.05906677246094,LOS ANGELES,ARCADIA,-118.05907440185548,34.14858627319336
91111344,2019,2019-11-01,9530,2019-10-19,2350,021902,NA,6,3,9,1900,0,3,5,NA,2,002,EL SEGUNDO BLVD. (800 BLOCK),MCKINLEY AVE.,200,E,N,A,-,N,NA,NA,NA,NA,NA,NA,NA,NA,NA,Y,4,0,1,1,A,-,01,23152,A,N,E,I,A,A,H,-,C,D,0,NA,NA,NA,NA,Y,Y,A,07,0,0,1,0,0,0,0,0,0,-,-,33.916568756103516,-118.26084136962892,LOS ANGELES,UNINCORPORATED,-118.26081085205078,33.916351318359375
91111364,2019,2019-11-01,9530,2019-07-19,1425,021994,NA,5,2,9,1900,0,1,1,NA,2,120,I-110 S/B TO TORRANCE BOULEVARD,DEL AMO BOULEVARD,100,S,N,A,-,Y,NA,NA,110,NA,NA,NA,R,NA,S,N,4,0,1,2,A,-,07,21658,A,F,B,C,A,A,H,-,A,D,0,NA,NA,NA,NA,Y,NA,-,99,0,0,1,0,0,0,0,0,0,-,-,33.845890045166016,-118.2854232788086,LOS ANGELES,UNINCORPORATED,-118.2854232788086,33.845890045166016
91111377,2019,2019-11-01,9530,2019-10-22,1530,022380,NA,2,2,7,1941,0,1,1,NA,2,420,I-405 S/B TO I-710 N/B,SANTA FE AVE.,360,S,N,A,-,Y,NA,NA,405,NA,NA,NA,R,NA,S,Y,4,0,2,3,A,-,03,22350,NA,N,C,C,A,A,H,-,A,D,0,NA,NA,NA,NA,Y,NA,A,01,0,0,2,0,0,0,0,0,0,-,-,33.825199127197266,-118.21489715576172,LOS ANGELES,LONG BEACH,-118.21489715576172,33.825199127197266
91111380,2019,2019-11-01,9565,2019-10-22,2340,021453,NA,2,3,9,1900,0,2,4,NA,2,022,NORMANDIE AVE.,91ST ST,0,NA,Y,A,-,N,NA,NA,NA,NA,NA,NA,NA,NA,NA,Y,4,0,2,2,A,-,09,21802,A,N,D,C,A,A,H,-,C,A,0,NA,NA,NA,NA,Y,NA,A,01,0,0,2,0,0,0,0,0,0,-,-,33.954139709472656,-118.30023956298828,LOS ANGELES,UNINCORPORATED,-118.30026245117188,33.954288482666016