CASE_ID,ACCIDENT_YEAR,PROC_DATE,JURIS,COLLISION_DATE,COLLISION_TIME,OFFICER_ID,REPORTING_DISTRICT,DAY_OF_WEEK,CHP_SHIFT,POPULATION,CNTY_CITY_LOC,SPECIAL_COND,BEAT_TYPE,CHP_BEAT_TYPE,CITY_DIVISION_LAPD,CHP_BEAT_CLASS,BEAT_NUMBER,PRIMARY_RD,SECONDARY_RD,DISTANCE,DIRECTION,INTERSECTION,WEATHER_1,WEATHER_2,STATE_HWY_IND,CALTRANS_COUNTY,CALTRANS_DISTRICT,STATE_ROUTE,ROUTE_SUFFIX,POSTMILE_PREFIX,POSTMILE,LOCATION_TYPE,RAMP_INTERSECTION,SIDE_OF_HWY,TOW_AWAY,COLLISION_SEVERITY,NUMBER_KILLED,NUMBER_INJURED,PARTY_COUNT,PRIMARY_COLL_FACTOR,PCF_CODE_OF_VIOL,PCF_VIOL_CATEGORY,PCF_VIOLATION,PCF_VIOL_SUBSECTION,HIT_AND_RUN,TYPE_OF_COLLISION,MVIW,PED_ACTION,ROAD_SURFACE,ROAD_COND_1,ROAD_COND_2,LIGHTING,CONTROL_DEVICE,CHP_ROAD_TYPE,PEDESTRIAN_ACCIDENT,BICYCLE_ACCIDENT,MOTORCYCLE_ACCIDENT,TRUCK_ACCIDENT,NOT_PRIVATE_PROPERTY,ALCOHOL_INVOLVED,STWD_VEHTYPE_AT_FAULT,CHP_VEHTYPE_AT_FAULT,COUNT_SEVERE_INJ,COUNT_VISIBLE_INJ,COUNT_COMPLAINT_PAIN,COUNT_PED_KILLED,COUNT_PED_INJURED,COUNT_BICYCLIST_KILLED,COUNT_BICYCLIST_INJURED,COUNT_MC_KILLED,COUNT_MC_INJURED,PRIMARY_RAMP,SECONDARY_RAMP,LATITUDE,LONGITUDE,COUNTY,CITY,POINT_X,POINT_Y
91117725,2019,2019-11-12,9530,2019-11-09,2150,021995,NA,6,2,9,1900,0,3,5,NA,2,002,SANTA ANA BOULEVARD (2500 BLOCK),WATTS AVE.,20,E,N,B,-,N,NA,NA,NA,NA,NA,NA,NA,NA,NA,Y,3,0,2,2,A,-,01,23152,A,N,B,E,A,A,H,-,C,D,0,NA,NA,NA,NA,Y,Y,A,07,0,1,1,0,0,0,0,0,0,-,-,33.93313980102539,-118.22834777832033,LOS ANGELES,UNINCORPORATED,-118.22840881347656,33.93318557739258
91117758,2019,2019-11-12,9530,2019-11-10,2105,021995,NA,7,2,7,1942,0,1,1,NA,2,110,I-110 S/B (HARBOR FREEWAY),I-105 E/B (GLENN ANDERSON FWY),1500,N,N,B,-,Y,NA,NA,110,NA,NA,NA,NA,NA,S,Y,3,0,2,1,A,-,01,23152,A,N,E,I,A,A,H,-,D,D,0,NA,NA,NA,NA,Y,Y,A,07,0,2,0,0,0,0,0,0,0,-,-,33.9333610534668,-118.2805404663086,LOS ANGELES,LOS ANGELES,-118.2806396484375,33.93337631225586
91117762,2019,2019-11-12,9545,2019-11-03,1410,021819,NA,7,2,9,1900,0,3,5,NA,1,006,AVE L-8,55TH ST W.,0,NA,Y,A,-,N,NA,NA,NA,NA,NA,NA,NA,NA,NA,N,3,0,1,2,A,-,10,21950,A,N,G,B,B,A,H,-,A,A,0,Y,NA,NA,NA,Y,NA,D,22,0,1,0,0,1,0,0,0,0,-,-,34.652809143066406,-118.22750854492188,LOS ANGELES,UNINCORPORATED,-118.22745,34.65289
91117765,2019,2019-11-12,9580,2019-11-06,1900,021780,NA,3,2,7,1942,0,1,3,NA,2,171,SR-170 S/B TO BURBANK BLVD.,BURBANK BLVD,20,N,N,A,-,Y,NA,NA,NA,NA,NA,NA,NA,NA,NA,Y,4,0,1,2,A,-,01,23152,A,N,B,C,A,A,H,-,C,A,0,NA,NA,NA,NA,Y,Y,A,07,0,0,1,0,0,0,0,0,0,-,-,34.10200119018555,-118.2322998046875,LOS ANGELES,LOS ANGELES,-118.38912963867188,34.17216491699219
91117768,2019,2019-11-12,9535,2019-10-31,1705,022017,NA,4,2,5,1906,0,1,1,NA,2,651,I-605 (SAN GABRIEL RIVER FREEWAY) S/B,VALLEY BOULEVARD,100,N,N,A,-,Y,NA,NA,605,NA,NA,NA,NA,NA,S,Y,3,0,1,3,A,-,03,22350,NA,N,C,C,A,A,H,-,A,D,0,NA,NA,NA,NA,Y,NA,A,01,0,1,0,0,0,0,0,0,0,-,-,34.054969787597656,-118.00399780273438,LOS ANGELES,BALDWIN PARK,-118.00403594970705,34.05499267578125
91117772,2019,2019-11-12,9565,2019-10-31,1920,016545,NA,4,2,7,1942,0,1,1,NA,2,061,I-405 S/B,EXPOSITION BLVD,1000,S,N,A,-,Y,NA,NA,NA,NA,NA,NA,NA,NA,NA,Y,4,0,1,2,A,-,07,21658,A,N,B,C,A,A,H,-,C,D,0,NA,NA,NA,NA,Y,NA,A,01,0,0,1,0,0,0,0,0,0,-,-,34.10987091064453,-118.15247344970705,LOS ANGELES,LOS ANGELES,-118.43531036376952,34.032630920410156
91117776,2019,2019-11-12,9530,2019-10-31,1924,017755,NA,4,2,5,1977,0,1,1,NA,2,410,I-405 S/B (SAN DIEGO FREEWAY),MCHELEN AVE.,55,N,N,A,-,Y,NA,NA,405,NA,NA,NA,NA,NA,S,N,4,0,1,2,A,-,03,22350,NA,N,C,C,A,A,H,-,C,D,0,NA,NA,NA,NA,Y,NA,A,01,0,0,1,0,0,0,0,0,0,-,-,33.825199127197266,-118.22260284423828,LOS ANGELES,CARSON,-118.22260284423828,33.82515335083008
91117786,2019,2019-11-12,9580,2019-10-31,1605,019715,NA,4,2,7,1942,0,1,3,NA,2,114,SR-118 E/B (RONALD REAGAN FWY.),SEPULVEDA BLVD,530,E,N,A,-,Y,NA,NA,NA,NA,NA,NA,NA,NA,NA,N,3,0,2,2,A,-,06,21755,NA,N,C,C,A,A,H,-,A,D,0,NA,NA,Y,NA,Y,NA,C,02,0,1,1,0,0,0,0,0,1,-,-,34.15570068359375,-118.28600311279295,LOS ANGELES,LOS ANGELES,-118.46723175048828,34.26586151123047
91117789,2019,2019-11-12,9535,2019-10-31,1255,022336,NA,4,1,1,1932,0,1,1,NA,2,651,I-605 S/B (SAN GABRIEL RIVER FREEWAY),SAN JOSE BRIDGE,3500,N,N,A,-,Y,NA,NA,605,NA,NA,NA,NA,NA,S,Y,4,0,1,2,A,-,03,22350,NA,M,C,C,A,A,H,-,A,D,0,NA,NA,NA,NA,Y,NA,-,99,0,0,1,0,0,0,0,0,0,-,-,34.04145812988281,-118.01390075683594,LOS ANGELES,INDUSTRY,-118.013916015625,34.04150390625
91117887,2019,2019-11-12,9565,2019-10-31,1825,021575,NA,4,2,7,1942,0,1,1,NA,2,062,I-405 NORTHBOUND (SAN DIEGO FREEWAY),I-10 FREEWAY,220,S,N,A,-,Y,NA,NA,405,NA,NA,NA,NA,NA,N,Y,3,0,1,3,A,-,07,21658,A,N,B,C,A,A,H,-,C,D,0,NA,NA,Y,NA,Y,NA,A,07,0,1,0,0,0,0,0,0,1,-,-,34.03062057495117,-118.43296051025392,LOS ANGELES,LOS ANGELES,-118.43292236328124,34.03064727783203
91117917,2019,2019-11-12,9590,2019-11-02,1945,022344,NA,6,2,7,1942,0,1,2,NA,2,071,US-101 SB (HOLLYWOOD FREEWAY),BENTON WAY,200,N,N,A,-,Y,NA,NA,101,NA,NA,NA,NA,NA,S,N,4,0,2,2,A,-,03,22350,NA,N,C,C,A,A,H,-,D,D,0,NA,NA,NA,NA,Y,NA,A,01,0,0,2,0,0,0,0,0,0,-,-,34.075260162353516,-118.27480316162108,LOS ANGELES,LOS ANGELES,-118.27480316162108,34.07523727416992
9111792,2020,2020-09-14,1942,2020-06-09,1230,42282,1268,2,5,7,1942,0,0,0,L,0,25T27,84TH ST,MAIN ST,245,W,N,A,-,N,NA,NA,NA,NA,NA,NA,NA,NA,NA,Y,4,0,1,2,A,-,03,22350,NA,N,C,E,A,A,H,-,A,D,0,NA,NA,NA,NA,Y,NA,A,01,0,0,1,0,0,0,0,0,0,-,-,NA,NA,LOS ANGELES,LOS ANGELES,-118.27468872070313,33.96324920654297
9111793,2020,2020-09-14,1942,2020-06-09,1225,42282,1268,2,5,7,1942,0,0,0,L,0,25T27,84TH ST,MAIN ST,230,W,N,A,-,N,NA,NA,NA,NA,NA,NA,NA,NA,NA,Y,4,0,1,2,A,-,03,22350,NA,M,A,E,A,A,H,-,A,D,0,NA,NA,NA,NA,Y,NA,A,01,0,0,1,0,0,0,0,0,0,-,-,NA,NA,LOS ANGELES,LOS ANGELES,-118.2746353149414,33.96324920654297
91117952,2019,2019-11-25,9525,2019-10-27,0345,021748,NA,7,3,9,1900,0,3,5,NA,2,001,SHRODE AVE (BLOCK 600),MOUNTAIN AVE,175,W,N,A,-,N,NA,NA,NA,NA,NA,NA,NA,NA,NA,Y,3,0,1,3,A,-,01,23152,A,N,B,C,A,A,H,-,C,D,0,NA,NA,NA,NA,Y,Y,A,01,0,1,0,0,0,0,0,0,0,-,-,34.12104034423828,-117.99160766601564,LOS ANGELES,UNINCORPORATED,-117.99156951904295,34.12105178833008
91117970,2019,2019-11-12,9540,2019-11-08,0547,021106,NA,5,3,7,1942,0,1,1,NA,1,502,I-5 N/B (GOLDEN STATE FREEWAY),BALBOA BLVD,4224,N,N,A,-,Y,NA,NA,5,NA,NA,NA,NA,NA,N,Y,4,0,1,2,A,-,03,22350,NA,N,C,C,A,A,H,-,C,D,0,NA,NA,NA,NA,Y,NA,A,07,0,0,1,0,0,0,0,0,0,-,-,34.330360412597656,-118.50595092773438,LOS ANGELES,LOS ANGELES,-118.50615692138672,34.330265045166016
91117978,2019,2019-11-12,9565,2019-10-26,1530,022124,NA,6,2,7,1942,0,1,1,NA,2,063,S/B I-405 (SAN DIEGO FREEWAY),SANTA MONICA BLVD,50,S,N,A,-,Y,NA,NA,405,NA,NA,NA,NA,NA,NA,Y,4,0,2,4,A,-,03,22350,NA,M,C,C,A,A,H,-,A,D,0,NA,NA,NA,NA,Y,NA,A,01,0,0,2,0,0,0,0,0,0,-,-,34.04669952392578,-118.44666290283205,LOS ANGELES,LOS ANGELES,-118.44661712646484,34.04673385620117
91117983,2019,2019-11-12,9530,2019-10-31,0910,021004,NA,4,1,7,1942,0,1,1,NA,2,400,I-405 S/B (SAN DIEGO FREEWAY),VERMONT AVE.,456,N,N,A,-,Y,NA,NA,405,NA,NA,NA,NA,NA,S,Y,4,0,2,4,A,-,07,21658,A,F,B,C,A,A,H,-,A,D,0,NA,NA,NA,Y,Y,NA,-,99,0,0,2,0,0,0,0,0,0,-,-,33.85979080200195,-118.29573822021484,LOS ANGELES,LOS ANGELES,-118.29573822021484,33.8597297668457
91118009,2019,2019-11-12,9535,2019-10-31,0035,022176,NA,4,3,6,1922,0,1,1,NA,2,401,I-10 (SAN BERNARDINO FREEWAY) W/B,PECK RD.,50,E,N,A,-,Y,NA,NA,10,NA,NA,NA,NA,NA,W,Y,4,0,1,2,A,-,08,22107,NA,N,B,I,A,A,H,-,D,D,0,NA,NA,NA,NA,Y,NA,A,07,0,0,1,0,0,0,0,0,0,-,-,34.06809997558594,-118.02860260009766,LOS ANGELES,EL MONTE,-118.02860260009766,34.06809997558594
91118020,2019,2019-11-12,9535,2019-10-31,0036,022176,NA,4,3,6,1922,0,1,1,NA,2,401,I-10 (SAN BERNARDINO FREEWAY) W/B,PECK RD,50,W,N,A,-,Y,NA,NA,10,NA,NA,NA,NA,NA,W,Y,3,0,1,2,A,-,03,22350,NA,N,D,C,A,A,H,-,D,D,0,NA,NA,NA,NA,Y,NA,A,01,0,1,0,0,0,0,0,0,0,-,-,34.06809997558594,-118.02860260009766,LOS ANGELES,EL MONTE,-118.02860260009766,34.06809997558594
91118021,2019,2019-11-12,9565,2019-10-31,2245,021251,NA,4,3,7,1942,0,1,1,NA,2,010,I-105 W/B (CENTURY FREEWAY),AVIATION BLVD.,500,W,N,A,-,Y,NA,NA,105,NA,NA,NA,NA,NA,W,Y,2,0,4,1,A,-,01,23152,A,F,E,I,A,A,H,-,C,D,0,NA,NA,NA,NA,Y,Y,A,01,1,3,0,0,0,0,0,0,0,-,-,33.931251525878906,-118.38099670410156,LOS ANGELES,LOS ANGELES,-118.38099670410156,33.931278228759766
91118038,2019,2019-11-12,9575,2019-11-01,1235,020950,NA,5,1,9,1900,0,2,4,NA,2,026,NEW YORK DR. (1000 BLOCK),MAIDEN LN.,60,W,N,A,-,N,NA,NA,NA,NA,NA,NA,NA,NA,NA,Y,3,0,1,2,A,-,08,22107,NA,N,B,C,A,A,H,-,A,D,0,NA,NA,NA,NA,Y,NA,A,01,0,1,0,0,0,0,0,0,0,-,-,34.17845916748047,-118.12885284423828,LOS ANGELES,UNINCORPORATED,-118.12876892089844,34.178428649902344
91118061,2019,2019-11-12,9540,2019-11-08,2008,021214,NA,5,2,7,1942,0,1,1,NA,2,213,I-210 W/B (FOOTHILL FREEWAY),MACLAY ST,3168,W,N,A,-,Y,NA,NA,210,NA,NA,NA,NA,NA,W,Y,4,0,1,2,A,-,03,22350,NA,N,C,C,A,A,H,-,D,D,0,NA,NA,NA,NA,Y,NA,A,01,0,0,1,0,0,0,0,0,0,-,-,34.30472946166992,-118.42513275146484,LOS ANGELES,LOS ANGELES,-118.4251708984375,34.3046875
91118069,2019,2019-11-12,9575,2019-11-04,2230,021492,NA,1,3,7,1942,0,1,3,NA,2,044,SR-134 W/B (VENTURA FREEWAY),PASS AVE,850,W,N,A,-,Y,NA,NA,134,NA,NA,NA,NA,NA,W,Y,4,0,1,2,A,-,01,23152,A,N,C,C,A,A,H,-,C,D,0,NA,NA,NA,Y,Y,Y,A,01,0,0,1,0,0,0,0,0,0,-,-,34.153961181640625,-118.34780883789064,LOS ANGELES,LOS ANGELES,-118.34780883789064,34.15394973754883
9111808,2020,2020-09-15,1900,2020-06-10,1257,611158,2116,3,5,5,1943,0,0,0,NA,0,212T4,LONG BEACH BL,AGNES ST,90,N,N,A,-,N,NA,NA,NA,NA,NA,NA,NA,NA,NA,Y,4,0,1,3,A,-,08,22107,NA,N,C,E,A,A,H,-,A,D,0,NA,NA,NA,NA,Y,NA,A,01,0,0,1,0,0,0,0,0,0,-,-,NA,NA,LOS ANGELES,LYNWOOD,-118.20957946777344,33.91936492919922
91118131,2019,2019-11-12,9580,2019-11-05,1930,022046,NA,2,2,7,1942,0,1,1,NA,2,405,I-405 N/B (SAN DIEGO FWY),VENTURA BLVD,1056,S,N,A,-,Y,NA,NA,405,NA,NA,NA,NA,NA,N,N,4,0,1,4,A,-,03,22350,NA,N,C,C,A,A,H,-,C,D,0,NA,NA,NA,NA,Y,NA,A,01,0,0,1,0,0,0,0,0,0,-,-,34.14788818359375,-118.4694595336914,LOS ANGELES,LOS ANGELES,-118.46952056884766,34.147918701171875
91118135,2019,2019-11-12,9525,2019-11-09,1836,021355,NA,6,2,4,1960,0,1,1,NA,2,217,SR-210 W/B (FOOTHILL FWY),LONE HILL AVE,300,E,N,A,-,Y,NA,NA,210,NA,NA,NA,NA,NA,W,Y,3,0,2,2,A,-,03,22350,NA,N,C,C,A,A,H,-,C,D,0,NA,NA,Y,NA,Y,NA,C,02,0,2,0,0,0,0,0,0,2,-,-,34.12028884887695,-117.82241058349608,LOS ANGELES,SAN DIMAS,-117.82239532470705,34.12049102783203
91118156,2019,2019-11-12,9530,2019-10-31,0700,022120,NA,4,1,7,1942,0,1,1,NA,2,110,I-110 S/B (HARBOR FREEWAY),108TH ST.,230,S,N,A,-,Y,NA,NA,110,NA,NA,NA,NA,NA,S,Y,4,0,1,2,A,-,03,22350,NA,N,C,C,A,A,H,-,A,D,0,NA,NA,Y,NA,Y,NA,C,02,0,0,1,0,0,0,0,0,1,-,-,33.937931060791016,-118.28015899658205,LOS ANGELES,LOS ANGELES,-118.28004455566406,33.937931060791016
91118167,2019,2019-11-12,9540,2019-11-08,2040,021447,NA,5,2,9,1900,0,2,4,NA,1,201,SIERRA HWY (15200 BLOCK),THE OLD DIRT RD,1900,N,N,A,-,N,NA,NA,NA,NA,NA,NA,NA,NA,NA,Y,3,0,2,2,A,-,08,22107,NA,N,B,C,A,A,H,-,D,D,0,NA,NA,NA,NA,Y,NA,D,22,0,1,1,0,0,0,0,0,0,-,-,34.46866989135742,-118.39813995361328,LOS ANGELES,UNINCORPORATED,-118.3986358642578,34.468502044677734
91118171,2019,2019-11-12,9535,2019-11-08,1520,022017,NA,5,2,5,1906,0,1,1,NA,2,651,I-605 (SAN GABRIEL RIVER FREEWAY) S/B,VALLEY BOULEVARD,300,N,N,A,-,Y,NA,NA,605,NA,NA,NA,NA,NA,S,Y,4,0,1,3,A,-,03,22350,NA,N,C,C,A,A,H,-,A,D,0,NA,NA,NA,NA,Y,NA,D,22,0,0,1,0,0,0,0,0,0,-,-,34.056758880615234,-118.00299835205078,LOS ANGELES,BALDWIN PARK,-118.00303649902344,34.05678176879883
91118190,2019,2019-11-12,9525,2019-11-03,0150,22052,NA,7,3,6,1955,0,1,1,NA,2,108,I-10 E/B (SAN BERNARDINO FWY),SR-57,3800,W,N,A,-,Y,NA,NA,10,NA,NA,NA,NA,NA,E,Y,4,0,1,2,D,-,00,NA,NA,N,B,C,A,A,H,-,C,D,0,NA,NA,NA,NA,Y,NA,-,-,0,0,1,0,0,0,0,0,0,-,-,34.063560485839844,-117.81902313232422,LOS ANGELES,POMONA,-117.81902313232422,34.063568115234375
91118228,2019,2019-11-12,9525,2019-11-12,0640,014971,NA,2,1,5,1906,0,1,1,NA,2,651,I-605 S/B (SAN GABRIEL RIVER FWY),RAMONA BLVD,2112,S,N,B,-,Y,NA,NA,605,NA,NA,NA,NA,NA,S,Y,4,0,1,3,A,-,03,22350,NA,N,C,C,A,A,H,-,A,D,0,NA,NA,NA,NA,Y,NA,A,07,0,0,1,0,0,0,0,0,0,-,-,34.07218933105469,-117.99978637695313,LOS ANGELES,BALDWIN PARK,-117.99981689453124,34.072200775146484
91118231,2019,2019-11-12,9525,2019-11-07,1545,021595,NA,4,2,4,1905,0,1,1,NA,2,206,I-210 E/B (FOOTHILL FWY),CITRUS AVE,1500,E,N,A,-,Y,NA,NA,210,NA,NA,NA,NA,NA,E,Y,3,0,1,4,A,-,07,21658,A,N,B,C,A,A,H,-,A,D,0,NA,NA,NA,Y,Y,NA,A,01,0,1,0,0,0,0,0,0,0,-,-,34.1207389831543,-117.88540649414064,LOS ANGELES,AZUSA,-117.88541412353516,34.12082290649414
91118234,2019,2020-01-03,9565,2019-04-13,1030,022117,NA,6,1,9,1900,0,2,4,NA,2,021,VERMONT AVENUE,CENTURY BOULEVARD,0,NA,Y,A,-,N,NA,NA,NA,NA,NA,NA,NA,NA,NA,Y,1,1,0,2,A,-,10,21950,A,N,G,B,B,A,H,-,A,A,0,Y,NA,NA,NA,Y,NA,A,01,0,0,0,1,0,0,0,0,0,-,-,33.945350646972656,-118.29193878173828,LOS ANGELES,UNINCORPORATED,-118.29192352294922,33.945491790771484
91118243,2019,2019-11-12,9540,2019-11-01,0553,019254,NA,5,3,9,1900,0,3,5,NA,2,100,CALGROVE BLVD.,THE OLD ROAD,528,E,N,A,-,Y,NA,NA,NA,NA,NA,NA,NA,NA,NA,Y,4,0,1,2,A,-,01,23152,A,N,A,C,A,A,H,-,C,D,0,NA,NA,NA,NA,Y,Y,A,01,0,0,1,0,0,0,0,0,0,-,-,34.36183166503906,-118.5556182861328,LOS ANGELES,UNINCORPORATED,-118.55448150634766,34.362972259521484
91118256,2019,2019-11-12,9580,2019-11-03,2320,022080,NA,7,3,7,1942,0,1,2,NA,2,101,US-101 S/B FROM VINELAND AVE,VINELAND AVE,220,N,N,A,-,Y,NA,NA,101,NA,NA,NA,R,NA,S,Y,3,0,2,3,A,-,08,22107,NA,N,F,A,A,A,H,-,D,D,0,NA,NA,Y,NA,Y,Y,C,02,0,1,1,0,0,0,0,0,1,-,-,34.14710998535156,-118.3710479736328,LOS ANGELES,LOS ANGELES,-118.3710479736328,34.14710998535156
91118272,2019,2019-11-12,9525,2019-11-06,0930,015445,NA,3,1,4,1960,0,1,3,NA,2,572,SR-57 N/B (ORANGE FWY),GLADSTONE ST.,197,S,N,A,-,Y,NA,NA,57,NA,NA,NA,NA,NA,N,Y,4,0,3,2,A,-,03,22350,NA,N,C,C,A,A,H,-,A,D,0,NA,NA,NA,NA,Y,NA,A,01,0,0,3,0,0,0,0,0,0,-,-,34.11299133300781,-117.8240203857422,LOS ANGELES,SAN DIMAS,-117.8239517211914,34.11299133300781
91118285,2019,2019-11-12,9550,2019-11-02,1830,022144,NA,6,2,9,1900,0,1,1,NA,2,651,INTERSTATE 605 S/B,IMPERIAL HIGHWAY,2640,N,N,A,-,Y,NA,NA,NA,NA,NA,NA,NA,NA,NA,N,4,0,1,2,A,-,03,22350,NA,F,C,C,A,A,H,-,D,D,0,NA,NA,NA,NA,Y,NA,-,99,0,0,1,0,0,0,0,0,0,-,-,33.923709869384766,-118.10447692871094,LOS ANGELES,UNINCORPORATED,-118.10482025146484,33.917171478271484
91118288,2019,2019-11-12,9580,2019-10-31,0140,022080,NA,4,3,3,1994,0,1,2,NA,2,107,US-101 S/B (VENTURA FREEWAY),PALO COMADO CANYON RD,1320,N,N,A,-,Y,NA,NA,101,NA,NA,NA,NA,NA,S,Y,3,0,1,2,A,-,01,23152,A,N,B,C,A,A,H,-,D,D,0,NA,NA,NA,Y,Y,Y,A,07,0,1,0,0,0,0,0,0,0,-,-,34.14297866821289,-118.74308013916016,LOS ANGELES,AGOURA HILLS,-118.74308013916016,34.14305877685547
91118290,2019,2019-11-12,9550,2019-11-03,1850,020974,NA,7,2,6,1920,0,1,1,NA,2,500,I-5 N/B,I-605,3000,N,N,A,-,Y,NA,NA,5,NA,NA,NA,NA,NA,N,Y,3,0,2,2,A,-,03,22350,NA,N,C,C,A,A,H,-,A,D,0,NA,NA,NA,NA,Y,NA,A,07,0,1,1,0,0,0,0,0,0,-,-,33.94853973388672,-118.10147094726564,LOS ANGELES,DOWNEY,-118.1014404296875,33.94855880737305
91118303,2019,2019-11-12,9550,2019-11-03,1340,022144,NA,7,1,9,1900,0,1,3,NA,2,602,SR 60 W/B TO NOGALES STREET,NOGALES STREET,50,E,N,A,-,Y,NA,NA,60,NA,NA,NA,R,NA,W,N,4,0,1,2,A,-,21,22106,NA,N,C,C,A,A,H,-,A,D,0,NA,NA,NA,NA,Y,NA,A,01,0,0,1,0,0,0,0,0,0,-,-,33.99531173706055,-117.88786315917967,LOS ANGELES,UNINCORPORATED,-117.88786315917967,33.99531173706055
91118310,2019,2019-11-12,9590,2019-11-02,0905,022405,NA,6,1,7,1942,0,1,2,NA,2,071,US 101 SB (HOLLYWOOD FREEWAY),ALVARADO ST,200,N,N,B,-,Y,NA,NA,NA,NA,NA,NA,NA,NA,NA,Y,3,0,1,2,A,-,03,22350,NA,N,C,C,A,A,H,-,A,D,0,NA,NA,NA,NA,Y,NA,A,01,0,1,0,0,0,0,0,0,0,-,-,34.070621490478516,-118.2639617919922,LOS ANGELES,LOS ANGELES,-118.2675552368164,34.07221603393555
9111832,2020,2020-09-21,1928,2020-06-16,1728,50324,514,2,5,5,1928,0,0,0,NA,0,504,ROSECRANS AV,SHOUP AV,186,E,N,A,-,N,NA,NA,NA,NA,NA,NA,NA,NA,NA,N,3,0,1,2,A,-,08,22107,NA,N,C,C,A,A,H,-,A,D,0,NA,NA,Y,NA,Y,NA,A,01,0,1,0,0,0,0,0,0,1,-,-,33.90187072753906,-118.38414764404295,LOS ANGELES,HAWTHORNE,-118.36360168457033,33.90188980102539
91118345,2019,2019-11-12,9590,2019-11-11,1916,020618,NA,1,2,7,1942,0,1,1,NA,2,060,I-10 EB (SMF),ARLINGTON AVENUE,700,W,N,A,-,Y,NA,NA,10,NA,NA,NA,NA,NA,E,N,3,0,1,2,A,-,07,21658,A,N,B,C,A,A,H,-,D,D,0,NA,NA,Y,NA,Y,NA,A,08,0,1,0,0,0,0,0,0,1,-,-,34.035579681396484,-118.32485198974608,LOS ANGELES,LOS ANGELES,-118.32485198974608,34.03560256958008
91118361,2019,2019-11-12,9550,2019-11-04,1410,020948,NA,1,2,9,1900,0,3,5,NA,2,005,BANIDA AVENUE,CONE STREET,350,N,N,A,-,N,NA,NA,NA,NA,NA,NA,NA,NA,NA,N,4,0,1,2,D,-,00,NA,NA,N,B,C,A,A,H,-,A,D,0,NA,NA,NA,NA,Y,NA,-,-,0,0,1,0,0,0,0,0,0,-,-,33.98929977416992,-117.88066864013672,LOS ANGELES,UNINCORPORATED,-117.88055419921876,33.98919677734375
91118369,2019,2019-11-12,9580,2019-11-01,1010,017228,NA,5,1,7,1942,0,1,2,NA,2,100,US-101 N/B (VENTURA FREEWAY),LAUREL CANYON BOULEVARD,400,S,N,A,-,Y,NA,NA,101,NA,NA,NA,NA,NA,N,Y,3,0,1,2,A,-,07,21658,A,N,B,C,A,A,H,-,A,D,0,NA,NA,Y,NA,Y,NA,A,01,0,1,0,0,0,0,0,0,1,-,-,34.154541015625,-118.39243316650392,LOS ANGELES,LOS ANGELES,-118.39243316650392,34.154541015625
91118395,2019,2019-11-12,9575,2019-10-28,1715,016603,NA,1,2,7,1942,0,1,3,NA,2,043,SR-134 E/B (VENTURA FREEWAY),FOREST LAWN DRIVE,528,E,N,A,-,Y,NA,NA,134,NA,NA,NA,NA,NA,E,Y,4,0,1,2,A,-,08,22107,NA,N,D,C,A,A,H,-,A,D,0,NA,NA,Y,NA,Y,NA,A,01,0,0,1,0,0,0,0,0,1,-,-,34.15555953979492,-118.30760192871094,LOS ANGELES,LOS ANGELES,-118.3076171875,34.155635833740234
91118416,2019,2019-11-12,9550,2019-11-01,2220,021952,NA,5,3,9,1900,0,3,5,NA,2,004,BATSON AVENUE,COLIMA ROAD,0,NA,Y,A,-,N,NA,NA,NA,NA,NA,NA,NA,NA,NA,N,4,0,1,2,A,-,09,21453,B,N,D,G,A,A,H,-,C,A,0,NA,Y,NA,NA,Y,NA,A,01,0,0,1,0,0,0,1,0,0,-,-,33.98822021484375,-117.9040298461914,LOS ANGELES,UNINCORPORATED,-117.90392303466795,33.9882698059082
91118417,2019,2019-11-12,9575,2019-11-05,1725,016543,NA,2,2,9,1900,0,2,4,NA,2,021,ALTADENA DRIVE,HOLLISTON AVENUE,0,NA,Y,A,-,N,NA,NA,NA,NA,NA,NA,NA,NA,NA,Y,2,0,1,2,A,-,12,22450,A,N,D,C,A,A,H,-,D,A,0,NA,NA,NA,NA,Y,NA,A,01,1,0,0,0,0,0,0,0,0,-,-,34.19034957885742,-118.1232681274414,LOS ANGELES,UNINCORPORATED,-118.12325286865234,34.19034957885742
91118419,2019,2019-11-12,9590,2019-11-03,1037,022405,NA,7,1,7,1942,0,1,2,NA,2,071,US 101 NB (SANTA ANA FREEWAY),MISSION RD.,100,S,N,A,-,Y,NA,NA,NA,NA,NA,NA,NA,NA,NA,N,4,0,1,2,A,-,03,22350,NA,N,C,C,A,A,H,-,A,D,0,NA,NA,NA,NA,Y,NA,D,22,0,0,1,0,0,0,0,0,0,-,-,34.052459716796875,-118.22473907470705,LOS ANGELES,LOS ANGELES,-118.22625732421876,34.052772521972656