CASE_ID,ACCIDENT_YEAR,PROC_DATE,JURIS,COLLISION_DATE,COLLISION_TIME,OFFICER_ID,REPORTING_DISTRICT,DAY_OF_WEEK,CHP_SHIFT,POPULATION,CNTY_CITY_LOC,SPECIAL_COND,BEAT_TYPE,CHP_BEAT_TYPE,CITY_DIVISION_LAPD,CHP_BEAT_CLASS,BEAT_NUMBER,PRIMARY_RD,SECONDARY_RD,DISTANCE,DIRECTION,INTERSECTION,WEATHER_1,WEATHER_2,STATE_HWY_IND,CALTRANS_COUNTY,CALTRANS_DISTRICT,STATE_ROUTE,ROUTE_SUFFIX,POSTMILE_PREFIX,POSTMILE,LOCATION_TYPE,RAMP_INTERSECTION,SIDE_OF_HWY,TOW_AWAY,COLLISION_SEVERITY,NUMBER_KILLED,NUMBER_INJURED,PARTY_COUNT,PRIMARY_COLL_FACTOR,PCF_CODE_OF_VIOL,PCF_VIOL_CATEGORY,PCF_VIOLATION,PCF_VIOL_SUBSECTION,HIT_AND_RUN,TYPE_OF_COLLISION,MVIW,PED_ACTION,ROAD_SURFACE,ROAD_COND_1,ROAD_COND_2,LIGHTING,CONTROL_DEVICE,CHP_ROAD_TYPE,PEDESTRIAN_ACCIDENT,BICYCLE_ACCIDENT,MOTORCYCLE_ACCIDENT,TRUCK_ACCIDENT,NOT_PRIVATE_PROPERTY,ALCOHOL_INVOLVED,STWD_VEHTYPE_AT_FAULT,CHP_VEHTYPE_AT_FAULT,COUNT_SEVERE_INJ,COUNT_VISIBLE_INJ,COUNT_COMPLAINT_PAIN,COUNT_PED_KILLED,COUNT_PED_INJURED,COUNT_BICYCLIST_KILLED,COUNT_BICYCLIST_INJURED,COUNT_MC_KILLED,COUNT_MC_INJURED,PRIMARY_RAMP,SECONDARY_RAMP,LATITUDE,LONGITUDE,COUNTY,CITY,POINT_X,POINT_Y
9112013,2020,2020-09-03,1900,2020-05-08,1410,443069,0977,5,5,4,1979,0,0,0,NA,0,92T2,LARRABEE ST,CYNTHIA ST,262,S,N,A,-,N,NA,NA,NA,NA,NA,NA,NA,NA,NA,Y,4,0,2,1,C,-,18,NA,NA,N,H,H,A,A,H,-,A,D,0,NA,NA,NA,NA,Y,NA,-,-,0,0,2,0,0,0,0,0,0,-,-,34.08639907836914,-118.38400268554688,LOS ANGELES,WEST HOLLYWOOD,-118.38410949707033,34.086647033691406
91120162,2019,2019-11-14,9550,2019-10-21,0905,017719,NA,1,1,9,1900,0,2,4,NA,1,051,FULLERTON ROAD,AGUIRO STREET,0,NA,Y,A,-,N,NA,NA,NA,NA,NA,NA,NA,NA,NA,Y,3,0,1,2,A,-,09,21802,A,N,F,A,A,A,H,-,A,A,0,NA,NA,Y,NA,Y,NA,A,07,0,1,0,0,0,0,0,0,1,-,-,33.972938537597656,-117.91098022460938,LOS ANGELES,UNINCORPORATED,-117.91103363037108,33.97285842895508
91120166,2019,2019-11-14,9590,2019-11-07,1810,022428,NA,4,2,7,1942,0,1,1,NA,2,050,I-110 N/B,MANCHESTER AVE.,200,N,N,A,-,Y,NA,NA,110,NA,NA,NA,NA,NA,N,Y,4,0,1,3,A,-,03,22350,NA,N,C,C,A,A,H,-,C,D,0,NA,NA,NA,NA,Y,NA,A,01,0,0,1,0,0,0,0,0,0,-,-,33.96073913574219,-118.2804718017578,LOS ANGELES,LOS ANGELES,-118.28072357177734,33.96073913574219
9112018,2020,2020-08-31,1920,2020-05-31,1945,13015,1920,7,5,6,1920,0,0,0,NA,0,001,BELLFLOWER BL,HALL RD,125,N,N,A,-,N,NA,NA,NA,NA,NA,NA,NA,NA,NA,Y,4,0,1,1,A,-,08,22107,NA,N,E,J,A,A,H,-,A,D,0,NA,NA,NA,NA,Y,NA,J,48,0,0,1,0,0,0,0,0,0,-,-,NA,NA,LOS ANGELES,DOWNEY,-118.12545776367188,33.93193435668945
91120191,2019,2019-11-14,9530,2019-11-04,2130,021871,NA,1,2,9,1900,0,3,5,NA,2,002,EL SEGUNDO BLVD. (2300 BLOCK),WILLOWBROOK AVE.,220,E,N,A,-,N,NA,NA,NA,NA,NA,NA,NA,NA,NA,N,2,0,1,2,A,-,11,21954,A,N,G,B,D,A,H,-,C,D,0,Y,NA,NA,NA,Y,NA,N,60,1,0,0,0,1,0,0,0,0,-,-,33.91611099243164,-118.23032379150392,LOS ANGELES,UNINCORPORATED,-118.23095703125,33.91619873046875
91120202,2019,2019-11-14,9590,2019-11-12,0600,022304,NA,2,1,7,1942,0,1,1,NA,2,050,I-110 N/B (HARBOR FREEWAY),80TH STREET,150,S,N,A,-,Y,NA,NA,NA,NA,NA,NA,NA,NA,NA,N,4,0,1,2,A,-,03,22350,NA,N,C,C,A,A,H,-,B,D,0,NA,NA,NA,NA,Y,NA,D,22,0,0,1,0,0,0,0,0,0,-,-,34.96641159057617,-118.28069305419922,LOS ANGELES,LOS ANGELES,NA,NA
91120219,2019,2019-11-14,9535,2019-11-04,0745,022414,NA,1,1,7,1942,0,1,1,NA,2,111,I-10 W/B HIGH OCCUPANCY TOLL LANES,STATE ST.,27,W,N,A,-,Y,NA,NA,NA,NA,NA,NA,NA,NA,NA,Y,4,0,1,2,A,-,03,22350,NA,N,C,C,A,A,H,-,A,D,0,NA,NA,NA,NA,Y,NA,D,22,0,0,1,0,0,0,0,0,0,-,-,34.055931091308594,-118.21150207519533,LOS ANGELES,LOS ANGELES,NA,NA
91120232,2019,2019-11-14,9590,2019-11-13,1732,022136,NA,3,2,7,1942,0,1,1,NA,2,085,I-5 S/B (GOLDEN STATE FREEWAY),LOS FELIZ BLVD.,700,N,N,A,-,Y,NA,NA,5,NA,NA,NA,NA,NA,S,N,4,0,1,2,A,-,03,22350,NA,N,C,C,A,A,H,-,C,D,0,NA,NA,NA,NA,Y,NA,A,01,0,0,1,0,0,0,0,0,0,-,-,34.12760925292969,-118.27375793457033,LOS ANGELES,LOS ANGELES,-118.27371978759766,34.127620697021484
91120255,2019,2019-11-14,9590,2019-11-10,2200,021122,NA,7,3,7,1942,0,1,1,NA,2,052,I-110 N/B (HARBOR FREEWAY),1ST STREET,300,N,N,A,-,Y,NA,NA,110,NA,NA,NA,NA,NA,N,Y,4,0,1,2,A,-,03,22350,NA,N,C,C,A,A,H,-,C,D,0,NA,NA,NA,NA,Y,NA,A,07,0,0,1,0,0,0,0,0,0,-,-,34.05963134765625,-118.25211334228516,LOS ANGELES,LOS ANGELES,-118.25215911865234,34.059688568115234
91120280,2019,2019-11-14,9535,2019-11-01,1115,022085,NA,5,1,5,1948,0,1,3,NA,2,601,SR-60 (POMONA FREEWAY) W/B,ATLANTIC AVE,1500,W,N,A,-,Y,NA,NA,60,NA,NA,NA,NA,NA,W,Y,3,0,1,2,A,-,07,21658,A,N,B,C,A,A,H,-,A,D,0,NA,NA,NA,Y,Y,NA,-,-,0,1,0,0,0,0,0,0,0,-,-,34.036678314208984,-118.15489196777344,LOS ANGELES,MONTEREY PARK,-118.15489196777344,34.03666305541992
91120287,2019,2019-11-14,9530,2019-11-04,0705,022130,NA,1,1,9,1900,0,3,5,NA,2,002,CENTRAL AVE.,123RD ST.,0,NA,Y,A,-,N,NA,NA,NA,NA,NA,NA,NA,NA,NA,Y,3,0,1,2,A,-,09,21802,A,N,D,C,A,A,H,-,A,D,0,NA,NA,NA,NA,Y,NA,A,07,0,1,0,0,0,0,0,0,0,-,-,33.92036056518555,-118.2544403076172,LOS ANGELES,UNINCORPORATED,-118.25462341308594,33.92060089111328
91120292,2019,2019-11-14,9565,2019-11-13,1455,021473,NA,3,2,7,1942,0,1,1,NA,2,064,I-405 N/B (SANTA MONICA FWY),SEPULVEDA BLVD,2640,N,N,A,-,Y,NA,NA,405,NA,NA,NA,NA,NA,N,Y,2,0,1,2,A,-,03,22350,NA,N,C,C,A,A,H,-,A,D,0,NA,NA,Y,NA,Y,NA,C,02,1,0,0,0,0,0,0,0,1,-,-,34.10396957397461,-118.4773178100586,LOS ANGELES,LOS ANGELES,-118.477294921875,34.10397720336914
91120326,2019,2019-11-14,9530,2019-11-04,1532,022079,NA,1,2,9,1900,0,3,5,NA,2,001,FIRESTONE BLVD. (1200 BLOCK),HOOPER AVE.,290,E,N,A,-,N,NA,NA,NA,NA,NA,NA,NA,NA,NA,Y,4,0,3,4,A,-,03,22350,NA,N,C,C,A,A,H,-,A,D,0,NA,NA,NA,NA,Y,NA,A,01,0,0,3,0,0,0,0,0,0,-,-,33.960121154785156,-118.25293731689452,LOS ANGELES,UNINCORPORATED,-118.25307464599608,33.96015167236328
91120335,2019,2019-11-14,9580,2019-11-08,1625,021627,NA,5,2,7,1942,0,1,3,NA,2,119,SR-118 W/B (RONALD REAGAN FWY.),SR-27 N/B (TOPANGA CYN. BLVD.),1850,E,N,A,-,Y,NA,NA,118,NA,NA,NA,NA,NA,W,Y,4,0,5,4,A,-,03,22350,NA,N,C,C,A,A,H,-,B,D,0,NA,NA,NA,NA,Y,NA,A,07,0,0,5,0,0,0,0,0,0,-,-,34.2757682800293,-118.59867095947266,LOS ANGELES,LOS ANGELES,-118.59870910644533,34.275665283203125
91120340,2019,2019-11-14,9565,2019-11-01,0607,015587,NA,5,1,7,1942,0,1,1,NA,2,064,I-405 N/B (SAN DIEGO FREEWAY),BEL AIR CREST RD,1232,N,N,A,-,Y,NA,NA,405,NA,NA,NA,NA,NA,N,Y,3,0,1,1,A,-,01,23152,A,N,E,I,A,A,H,-,D,D,0,NA,NA,NA,NA,Y,Y,A,01,0,1,0,0,0,0,0,0,0,-,-,34.110801696777344,-118.48148345947266,LOS ANGELES,LOS ANGELES,-118.48165893554688,34.110721588134766
91120342,2019,2019-11-14,9535,2019-11-04,1835,022105,NA,1,2,5,1901,0,1,1,NA,2,420,I-10 (SAN BERNARDINO FREEWAY) E/B,ATLANTIC BLVD,1056,W,N,A,-,Y,NA,NA,NA,NA,NA,NA,NA,NA,NA,N,4,0,2,2,A,-,03,22350,NA,N,C,C,A,A,H,-,D,D,0,NA,NA,NA,NA,Y,NA,D,22,0,0,2,0,0,0,0,0,0,-,-,34.011199951171875,-118.13780212402344,LOS ANGELES,ALHAMBRA,-118.1379165649414,34.071292877197266
91120346,2019,2019-11-14,9590,2019-11-11,1725,022087,NA,1,2,7,1942,0,1,1,NA,2,014,SR-110 N/B (ARROYO SECO PARKWAY),ORANGE GROVE AVE.,400,S,N,A,-,Y,NA,NA,NA,NA,NA,NA,NA,NA,NA,N,4,0,1,3,A,-,08,22107,NA,N,B,C,A,A,H,-,C,D,0,NA,NA,NA,NA,Y,NA,D,22,0,0,1,0,0,0,0,0,0,-,-,34.07080078125,-118.09420013427734,LOS ANGELES,LOS ANGELES,-118.1592025756836,34.119022369384766
91120359,2019,2019-11-14,9580,2019-11-12,1700,021780,NA,2,2,7,1942,0,1,1,NA,2,407,I-405 S/B (SAN DIEGO FWY),LASSEN ST.,600,S,N,A,-,Y,NA,NA,NA,NA,NA,NA,NA,NA,NA,Y,4,0,2,2,A,-,03,22350,NA,N,C,C,A,A,H,-,C,D,0,NA,NA,NA,NA,Y,NA,D,22,0,0,2,0,0,0,0,0,0,-,-,34.145301818847656,-118.28209686279295,LOS ANGELES,LOS ANGELES,-118.47250366210938,34.24842834472656
91120367,2019,2019-11-14,9590,2019-11-11,1430,022189,NA,1,2,7,1942,0,1,1,NA,2,084,I-5 N/B (GSF),LOS FELIZ BLVD,1500,N,N,A,-,Y,NA,NA,5,NA,NA,NA,NA,NA,N,Y,4,0,2,2,A,-,03,22350,NA,N,C,C,A,A,H,-,A,D,0,NA,NA,NA,NA,Y,NA,A,01,0,0,2,0,0,0,0,0,0,-,-,34.12466812133789,-118.2726593017578,LOS ANGELES,LOS ANGELES,-118.27266693115234,34.12466812133789
91120369,2019,2019-11-14,9550,2019-11-06,0955,015746,NA,3,1,9,1900,0,1,3,NA,2,601,STATE ROUTE 60 WESTBOUND,AZUSA AVENUE,2000,W,N,A,-,Y,NA,NA,60,NA,NA,NA,NA,NA,W,Y,3,0,1,2,A,-,03,22350,NA,F,C,C,A,A,H,-,A,D,0,NA,NA,NA,NA,Y,NA,A,01,0,1,0,0,0,0,0,0,0,-,-,33.99850082397461,-117.93669891357422,LOS ANGELES,UNINCORPORATED,-117.93669128417967,33.99852752685547
9112037,2020,2020-09-02,1900,2020-05-30,0955,632838,1615,6,5,5,1977,0,0,0,NA,0,164T,BRENNER DR,CANEY AV,0,NA,Y,A,-,N,NA,NA,NA,NA,NA,NA,NA,NA,NA,N,4,0,2,2,A,-,09,21802,A,N,D,C,A,A,H,-,A,A,0,NA,NA,NA,NA,Y,NA,A,01,0,0,2,0,0,0,0,0,0,-,-,33.38560104370117,-118.25499725341795,LOS ANGELES,CARSON,-118.25505828857422,33.8572998046875
91120375,2019,2019-11-14,9540,2019-11-12,2318,019772,NA,2,3,6,1985,0,1,3,NA,1,143,SR-14 S/B (ANTELOPE VALLEY FREEWAY),LOS PINETOS RD.,100,S,N,A,-,Y,NA,NA,14,NA,NA,NA,NA,NA,S,Y,2,0,2,2,C,-,18,NA,NA,N,C,C,A,A,H,-,D,D,0,NA,NA,NA,NA,Y,NA,-,-,2,0,0,0,0,0,0,0,0,-,-,34.35002899169922,-118.50418853759766,LOS ANGELES,SANTA CLARITA,-118.50428771972656,34.349998474121094
91120384,2019,2019-11-14,9590,2019-11-08,1404,022428,NA,5,2,7,1942,0,1,1,NA,2,050,I-110 N/B (HARBOR FREEWAY),MANCHESTER AVENUE,100,N,N,A,-,Y,NA,NA,110,NA,NA,NA,NA,NA,N,N,4,0,3,3,A,-,03,22350,NA,N,C,C,A,A,H,-,A,D,0,NA,NA,NA,NA,Y,NA,A,07,0,0,3,0,0,0,0,0,0,-,-,33.960750579833984,-118.28067779541016,LOS ANGELES,LOS ANGELES,-118.28072357177734,33.960750579833984
91120416,2019,2019-11-14,9540,2019-11-13,1237,018759,NA,3,1,7,1942,0,1,1,NA,1,405,I-405 S/B (SAN DIEGO FREEWAY),RINALDI ST,100,N,N,A,-,Y,NA,NA,405,NA,NA,NA,NA,NA,S,Y,4,0,1,2,A,-,03,22350,NA,N,C,C,A,A,H,-,A,D,0,NA,NA,NA,NA,Y,NA,A,01,0,0,1,0,0,0,0,0,0,-,-,34.27981948852539,-118.46965026855467,LOS ANGELES,LOS ANGELES,-118.46963500976564,34.279815673828125
91120430,2019,2019-11-14,9540,2019-11-11,1645,019232,NA,1,2,9,1900,0,1,3,NA,1,142,SR-14 N/B (ANTELOPE VALLEY FWY),NEWHALL AVE,500,S,N,A,-,Y,NA,NA,NA,NA,NA,NA,NA,NA,NA,N,3,0,1,3,A,-,03,22350,NA,N,C,C,A,A,H,-,A,D,0,NA,NA,NA,NA,Y,NA,A,07,0,1,0,0,0,0,0,0,0,-,-,34.3554801940918,-118.50572967529295,LOS ANGELES,UNINCORPORATED,-118.5041275024414,34.36383819580078
91120432,2019,2019-11-14,9580,2019-11-07,1530,021627,NA,4,2,7,1942,0,1,2,NA,2,100,US-101 N/B (VENTURA FREEWAY),WOODMAN AVE,790,S,N,A,-,Y,NA,NA,101,NA,NA,NA,NA,NA,N,N,4,0,1,2,A,-,03,22350,NA,N,C,C,A,A,H,-,A,D,0,NA,NA,NA,NA,Y,NA,D,22,0,0,1,0,0,0,0,0,0,-,-,34.156089782714844,-118.42519378662108,LOS ANGELES,LOS ANGELES,-118.42520904541016,34.156166076660156
91120442,2019,2019-11-14,9580,2019-11-08,1930,022158,NA,5,2,7,1942,0,1,2,NA,2,102,US-101 N/B (VENTURA FREEWAY),WHITE OAK AVE,1000,S,N,A,-,Y,NA,NA,101,NA,NA,NA,NA,NA,N,N,4,0,1,2,A,-,03,22350,NA,N,C,C,A,A,H,-,D,D,0,NA,NA,NA,NA,Y,NA,A,01,0,0,1,0,0,0,0,0,0,-,-,34.171348571777344,-118.51461791992188,LOS ANGELES,LOS ANGELES,-118.51461791992188,34.17128372192383
91120452,2019,2019-11-14,9530,2019-11-04,0905,022130,NA,1,1,5,1977,0,1,3,NA,2,310,SR-91 W/B (ARTESIA FREEWAY),AVALON BLVD.,750,W,N,A,-,Y,NA,NA,91,NA,NA,NA,NA,NA,W,Y,4,0,1,5,A,-,03,22350,NA,N,C,C,A,A,H,-,A,D,0,NA,NA,NA,NA,Y,NA,D,22,0,0,1,0,0,0,0,0,0,-,-,33.87295150756836,-118.26896667480467,LOS ANGELES,CARSON,-118.26896667480467,33.8729248046875
91120454,2019,2019-11-14,9540,2019-10-23,1535,018805,NA,3,2,9,1900,0,1,1,NA,2,507,I-5 S/B TO CALGROVE BOULEVARD,CALGROVE BOULEVARD,0,NA,Y,B,-,Y,NA,NA,5,NA,NA,NA,R,NA,S,N,4,0,1,2,A,-,12,22450,A,N,D,C,A,A,H,-,A,A,0,NA,NA,NA,NA,Y,NA,A,01,0,0,1,0,0,0,0,0,0,-,-,34.36191177368164,-118.55567932128906,LOS ANGELES,UNINCORPORATED,-118.55567932128906,34.36191177368164
91120462,2019,2019-11-14,9550,2019-11-06,0750,021212,NA,3,1,3,1964,0,1,1,NA,2,650,INTERSTATE 605 (SAN GABRIEL RIVER FREEW,TELEGRAPH ROAD,1000,S,N,B,-,Y,NA,NA,605,NA,NA,NA,NA,NA,NA,N,4,0,2,2,A,-,03,22350,NA,N,C,C,A,A,H,-,A,D,0,NA,NA,NA,NA,Y,NA,A,01,0,0,2,0,0,0,0,0,0,-,-,33.945220947265625,-118.09438323974608,LOS ANGELES,SANTA FE SPRINGS,-118.09439849853516,33.94523239135742
91120470,2019,2019-11-14,9540,2019-11-02,2330,021802,NA,6,3,9,1900,0,1,1,NA,2,509,I-5 S/B (GSF),TEMPLIN HWY,6864,N,N,A,-,Y,NA,NA,5,NA,NA,NA,NA,NA,S,Y,4,0,1,2,A,-,07,21658,A,F,D,C,A,A,H,-,D,D,0,NA,NA,NA,NA,Y,NA,A,07,0,0,1,0,0,0,0,0,0,-,-,34.582061767578125,-118.70606231689452,LOS ANGELES,UNINCORPORATED,-118.70604705810548,34.58207321166992
91120478,2019,2019-11-14,9580,2019-11-09,1843,022158,NA,6,2,7,1942,0,1,2,NA,2,102,US-101 N/B (VENTURA FREEWAY),SEPULVEDA BLVD,800,S,N,A,-,Y,NA,NA,101,NA,NA,NA,NA,NA,N,Y,4,0,6,3,A,-,03,22350,NA,N,C,C,A,A,H,-,C,D,0,NA,NA,NA,NA,Y,NA,A,07,0,0,6,0,0,0,0,0,0,-,-,34.15959167480469,-118.46331787109376,LOS ANGELES,LOS ANGELES,-118.46331787109376,34.159507751464844
91120479,2019,2019-11-14,9525,2019-11-07,1236,015445,NA,4,1,6,1955,0,1,1,NA,2,107,I-10 W/B (SAN BERNARDINO FWY),FAIRPLEX DRIVE,1300,W,N,A,-,Y,NA,NA,10,NA,NA,NA,NA,NA,W,Y,4,0,2,3,C,-,18,NA,NA,N,E,J,A,A,H,-,A,D,0,NA,NA,NA,NA,Y,NA,-,-,0,0,2,0,0,0,0,0,0,-,-,34.072208404541016,-117.79131317138672,LOS ANGELES,POMONA,-117.79129028320313,34.0721549987793
91120486,2019,2019-11-14,9525,2019-11-13,1445,020869,NA,3,2,9,1900,0,2,4,NA,2,032,VALLEY BLVD (21300 BLOCK),SOMERSET DR,150,W,N,A,-,N,NA,NA,NA,NA,NA,NA,NA,NA,NA,Y,4,0,3,3,A,-,03,22350,NA,N,C,C,A,A,H,-,A,D,0,NA,NA,NA,NA,Y,NA,J,48,0,0,3,0,0,0,0,0,0,-,-,34.02330017089844,-117.83799743652344,LOS ANGELES,UNINCORPORATED,-117.83810424804688,34.022945404052734
91120498,2019,2019-11-14,9580,2019-11-11,2244,021491,NA,1,3,7,1942,0,1,2,NA,2,102,US-101 N/B (VENTURA FREEWAY),VAN NUYS BLVD,1056,N,N,A,-,Y,NA,NA,101,NA,NA,NA,NA,NA,N,Y,4,0,1,3,A,-,03,22350,NA,N,C,C,A,A,H,-,C,D,0,NA,NA,NA,NA,Y,NA,A,01,0,0,1,0,0,0,0,0,0,-,-,34.157859802246094,-118.45316314697266,LOS ANGELES,LOS ANGELES,-118.45316314697266,34.15781021118164
91120501,2019,2019-11-14,9530,2019-11-04,0940,022083,NA,1,1,9,1900,0,3,5,NA,2,002,120TH ST.,HEALTHY WAY,0,NA,Y,A,-,N,NA,NA,NA,NA,NA,NA,NA,NA,NA,Y,3,0,1,2,A,-,09,21801,A,N,D,C,A,A,H,-,A,A,0,NA,NA,NA,NA,Y,NA,A,01,0,1,0,0,0,0,0,0,0,-,-,33.92457962036133,-118.2431411743164,LOS ANGELES,UNINCORPORATED,-118.24347,33.924557
91120506,2019,2019-11-14,9590,2019-11-10,0950,022304,NA,7,1,7,1942,0,1,1,NA,2,081,I-5 S/B (GSF),4TH STREET,600,S,N,A,-,Y,NA,NA,5,NA,NA,NA,NA,NA,S,Y,4,0,4,4,A,-,03,22350,NA,N,C,C,A,A,H,-,A,D,0,NA,NA,NA,NA,Y,NA,A,01,0,0,4,0,0,0,0,0,0,-,-,34.041160583496094,-118.21843719482422,LOS ANGELES,LOS ANGELES,-118.2184829711914,34.04118728637695
91120518,2019,2019-11-14,9580,2019-11-12,1824,022103,NA,2,2,7,1942,0,1,3,NA,2,170,SR-170 N/B (HOLLYWOOD FWY.),SHERMAN WAY,528,N,N,A,-,Y,NA,NA,170,NA,NA,NA,NA,NA,N,N,4,0,1,2,A,-,03,22350,NA,N,C,C,A,A,H,-,D,D,0,NA,NA,NA,NA,Y,NA,A,01,0,0,1,0,0,0,0,0,0,-,-,34.202701568603516,-118.40422058105467,LOS ANGELES,LOS ANGELES,-118.40421295166016,34.20270538330078
91120526,2019,2020-03-27,9590,2019-10-22,2310,021835,NA,2,3,7,1942,0,1,1,NA,2,052,I-110 N/B (HAF) COLLECTOR ROAD,7TH ST,50,N,N,A,-,Y,NA,NA,110,NA,NA,NA,NA,NA,N,N,4,0,1,3,A,-,03,22350,NA,M,C,C,A,A,H,-,C,D,0,NA,NA,NA,NA,Y,NA,-,99,0,0,1,0,0,0,0,0,0,-,-,34.05030059814453,-118.2621612548828,LOS ANGELES,LOS ANGELES,-118.26226043701172,34.05046463012695
91120557,2019,2019-11-14,9580,2019-11-12,0920,016523,NA,2,1,7,1942,0,1,1,NA,2,407,I-405 S/B (SAN DIEGO FWY),PLUMMER ST,100,S,N,A,-,Y,NA,NA,405,NA,NA,NA,NA,NA,S,Y,4,0,1,2,A,-,03,22350,NA,N,C,C,A,A,H,-,A,D,0,NA,NA,NA,NA,Y,NA,A,01,0,0,1,0,0,0,0,0,0,-,-,34.24256134033203,-118.47306823730467,LOS ANGELES,LOS ANGELES,-118.47311401367188,34.24256134033203
91120577,2019,2019-11-26,9535,2019-10-24,0310,022335,NA,4,3,7,1942,0,1,S,NA,2,904,I-10 EB TO SR-60 EB TRANSITION ROAD,BOYLE AVENUE,683,W,N,A,-,Y,NA,NA,10,NA,NA,NA,R,NA,E,Y,4,0,2,2,A,-,01,23152,A,N,C,C,A,A,D,-,D,D,0,NA,NA,NA,NA,Y,Y,A,01,0,0,2,0,0,0,0,0,0,-,-,34.02933883666992,-118.22290802001952,LOS ANGELES,LOS ANGELES,-118.22290802001952,34.02933883666992
9112061,2020,2020-09-01,1942,2020-06-03,2152,41054,1341,3,5,7,1942,0,0,0,M,0,13A41,E MARTIN LUTHER KING BL,S MAIN ST,0,NA,Y,A,-,N,NA,NA,NA,NA,NA,NA,NA,NA,NA,Y,2,0,4,4,A,-,12,21453,A,N,D,C,A,A,H,-,C,A,0,NA,NA,NA,Y,Y,NA,F,55,3,1,0,0,0,0,0,0,0,-,-,NA,NA,LOS ANGELES,LOS ANGELES,-118.27401733398438,34.01115036010742
9112062,2020,2020-09-02,1942,2020-06-07,0600,35393,1263,7,5,7,1942,0,0,0,L,0,25T21,MANCHESTER AV,WESTERN,0,NA,Y,A,-,N,NA,NA,NA,NA,NA,NA,NA,NA,NA,Y,3,0,2,2,A,-,09,21806,A,N,D,C,A,A,H,-,A,A,0,NA,NA,NA,NA,Y,NA,A,07,0,1,1,0,0,0,0,0,0,-,-,NA,NA,LOS ANGELES,LOS ANGELES,-118.30901336669922,33.95996856689453
91120653,2019,2019-11-14,9590,2019-11-09,1126,022369,NA,6,1,7,1942,0,1,3,NA,2,095,SR-2 W/B (GLF) TO GLENDALE BLVD. N/B,GLENDALE BLVD.,200,E,N,A,-,Y,NA,NA,2,NA,NA,NA,R,NA,W,N,4,0,1,3,A,-,03,22350,NA,N,C,C,A,A,H,-,A,D,0,NA,NA,NA,NA,Y,NA,A,01,0,0,1,0,0,0,0,0,0,-,-,34.092411041259766,-118.25804901123048,LOS ANGELES,LOS ANGELES,-118.25804901123048,34.092411041259766
91120685,2019,2019-11-14,9550,2019-11-08,1934,015045,NA,5,2,5,1919,0,1,3,NA,2,091,SR-91 E/B (ARTESIA FREEWAY),STUDEBAKER ROAD,528,E,N,A,-,Y,NA,NA,91,NA,NA,NA,NA,NA,E,N,3,0,3,2,A,-,03,22350,NA,N,C,C,A,A,H,-,C,D,0,NA,NA,NA,NA,Y,NA,-,99,0,1,2,0,0,0,0,0,0,-,-,33.87614822387695,-118.09699249267578,LOS ANGELES,CERRITOS,-118.09699249267578,33.87639617919922
91120691,2019,2021-03-23,9590,2019-11-10,1145,022405,NA,7,1,7,1942,0,1,1,NA,2,052,I-110 N/B (HARBOR FREEWAY),TEMPLE ST.,200,S,N,A,-,Y,NA,NA,110,NA,NA,NA,NA,NA,N,Y,3,0,2,2,A,-,03,22350,NA,F,C,C,A,A,H,-,A,D,0,NA,NA,NA,NA,Y,NA,-,99,0,1,1,0,0,0,0,0,0,-,-,34.05897903442383,-118.25308990478516,LOS ANGELES,LOS ANGELES,-118.25304412841795,34.058929443359375
9112075,2020,2020-09-03,1942,2020-06-01,1545,41376,9LAC,1,5,7,1942,0,0,0,NA,0,0621,S SEPULVEDA BL,CONSTITUTION AV,0,NA,Y,A,-,N,NA,NA,NA,NA,NA,NA,NA,NA,NA,Y,3,0,5,2,A,-,09,21806,A,N,D,C,A,A,H,-,A,A,0,NA,NA,NA,NA,Y,NA,A,07,0,1,4,0,0,0,0,0,0,-,-,NA,NA,LOS ANGELES,LOS ANGELES,-118.45504760742188,34.06013870239258
9112076,2020,2020-09-03,1942,2020-05-21,1745,38251,0668,4,5,7,1942,0,0,0,F,0,6A79,LA MIRADA AV,N WILTON PL,0,NA,Y,A,-,N,NA,NA,NA,NA,NA,NA,NA,NA,NA,Y,4,0,4,4,A,-,12,22450,A,N,D,C,A,A,H,-,A,A,0,NA,NA,NA,NA,Y,NA,J,48,0,0,4,0,0,0,0,0,0,-,-,NA,NA,LOS ANGELES,LOS ANGELES,-118.3135986328125,34.09376907348633
91120777,2019,2019-11-14,9550,2019-11-05,0853,022430,NA,2,1,6,1920,0,1,1,NA,2,651,INTERSTATE 605 SOUTHBOUND,CECILIA ST.,1056,N,N,A,-,Y,NA,NA,605,NA,NA,NA,NA,NA,S,Y,4,0,1,2,A,-,07,21658,A,N,B,C,A,A,H,-,A,D,0,NA,NA,NA,Y,Y,NA,-,-,0,0,1,0,0,0,0,0,0,-,-,33.93452835083008,-118.10019683837892,LOS ANGELES,DOWNEY,-118.10021209716795,33.93453598022461
91120783,2019,2019-11-14,9550,2019-05-01,1000,020617,NA,3,1,5,1919,0,1,3,NA,2,091,SR-91 W/B,WOODRUFF AVENUE,1000,E,N,A,-,Y,NA,NA,NA,NA,NA,NA,NA,NA,NA,Y,4,0,1,2,A,-,07,21658,A,F,B,C,A,A,H,-,A,D,0,NA,NA,NA,NA,Y,NA,A,01,0,0,1,0,0,0,0,0,0,-,-,33.87685012817383,-118.11367034912108,LOS ANGELES,CERRITOS,-118.11404418945313,33.876853942871094