CASE_ID,ACCIDENT_YEAR,PROC_DATE,JURIS,COLLISION_DATE,COLLISION_TIME,OFFICER_ID,REPORTING_DISTRICT,DAY_OF_WEEK,CHP_SHIFT,POPULATION,CNTY_CITY_LOC,SPECIAL_COND,BEAT_TYPE,CHP_BEAT_TYPE,CITY_DIVISION_LAPD,CHP_BEAT_CLASS,BEAT_NUMBER,PRIMARY_RD,SECONDARY_RD,DISTANCE,DIRECTION,INTERSECTION,WEATHER_1,WEATHER_2,STATE_HWY_IND,CALTRANS_COUNTY,CALTRANS_DISTRICT,STATE_ROUTE,ROUTE_SUFFIX,POSTMILE_PREFIX,POSTMILE,LOCATION_TYPE,RAMP_INTERSECTION,SIDE_OF_HWY,TOW_AWAY,COLLISION_SEVERITY,NUMBER_KILLED,NUMBER_INJURED,PARTY_COUNT,PRIMARY_COLL_FACTOR,PCF_CODE_OF_VIOL,PCF_VIOL_CATEGORY,PCF_VIOLATION,PCF_VIOL_SUBSECTION,HIT_AND_RUN,TYPE_OF_COLLISION,MVIW,PED_ACTION,ROAD_SURFACE,ROAD_COND_1,ROAD_COND_2,LIGHTING,CONTROL_DEVICE,CHP_ROAD_TYPE,PEDESTRIAN_ACCIDENT,BICYCLE_ACCIDENT,MOTORCYCLE_ACCIDENT,TRUCK_ACCIDENT,NOT_PRIVATE_PROPERTY,ALCOHOL_INVOLVED,STWD_VEHTYPE_AT_FAULT,CHP_VEHTYPE_AT_FAULT,COUNT_SEVERE_INJ,COUNT_VISIBLE_INJ,COUNT_COMPLAINT_PAIN,COUNT_PED_KILLED,COUNT_PED_INJURED,COUNT_BICYCLIST_KILLED,COUNT_BICYCLIST_INJURED,COUNT_MC_KILLED,COUNT_MC_INJURED,PRIMARY_RAMP,SECONDARY_RAMP,LATITUDE,LONGITUDE,COUNTY,CITY,POINT_X,POINT_Y
91128077,2019,2019-11-25,9575,2019-11-14,2204,017414,NA,4,3,7,1942,0,1,3,NA,2,043,SR-134 E/B (VENTURA FREEWAY),FOREST LAWN DR.,700,W,N,A,-,Y,NA,NA,134,NA,NA,NA,NA,NA,E,Y,3,0,5,3,A,-,03,22350,NA,N,C,C,A,A,H,-,B,D,0,NA,NA,NA,NA,Y,NA,A,01,0,1,4,0,0,0,0,0,0,-,-,34.154441833496094,-118.3134307861328,LOS ANGELES,LOS ANGELES,-118.3134307861328,34.15440368652344
91128084,2019,2019-11-25,9580,2019-11-10,0355,021963,NA,7,3,7,1942,0,1,2,NA,2,100,US-101 N/B (HOLLYWOOD FREEWAY),VINELAND AVE,1056,S,N,A,-,Y,NA,NA,101,NA,NA,NA,NA,NA,N,N,3,0,1,3,A,-,03,22350,NA,N,C,C,E,A,H,-,C,D,0,Y,NA,NA,NA,Y,NA,A,01,0,1,0,0,1,0,0,0,0,-,-,34.144920349121094,-118.36805725097656,LOS ANGELES,LOS ANGELES,-118.36807250976564,34.1449089050293
91128091,2019,2019-11-25,9580,2019-11-13,0720,019952,NA,3,1,7,1942,0,1,2,NA,2,103,US-101 S/B (VENTURA FREEWAY),HASKELL AVE,1500,N,N,A,-,Y,NA,NA,101,NA,NA,NA,NA,NA,S,N,4,0,1,2,A,-,03,22350,NA,N,C,C,A,A,H,-,A,D,0,NA,NA,NA,NA,Y,NA,D,22,0,0,1,0,0,0,0,0,0,-,-,34.165199279785156,-118.47730255126952,LOS ANGELES,LOS ANGELES,-118.47730255126952,34.1652717590332
91128093,2019,2019-11-25,9580,2019-11-15,1225,018580,NA,5,1,7,1942,0,1,1,NA,2,406,I-405 N/B (SAN DIEGO FWY),ROSCOE BOULEVARD,2315,S,N,A,-,Y,NA,NA,405,NA,NA,NA,NA,NA,N,N,3,0,1,2,A,-,07,21658,A,N,B,C,A,A,H,-,A,D,0,NA,NA,NA,Y,Y,NA,F,27,0,1,0,0,0,0,0,0,0,-,-,34.21495056152344,-118.47303009033205,LOS ANGELES,LOS ANGELES,-118.47315216064452,34.21495056152344
91128107,2019,2019-11-25,9580,2019-11-19,0655,016592,NA,2,1,7,1942,0,1,2,NA,2,105,US-101 S/B (VF) TO DE SOTO AVE,DE SOTO AVE,150,N,N,A,-,Y,NA,NA,101,NA,NA,NA,R,NA,S,N,3,0,1,2,A,-,03,22350,NA,N,C,C,A,A,H,-,A,D,0,NA,NA,NA,NA,Y,NA,A,07,0,1,0,0,0,0,0,0,0,-,-,34.167781829833984,-118.58892059326172,LOS ANGELES,LOS ANGELES,-118.58892059326172,34.167781829833984
91128112,2019,2019-11-25,9580,2019-11-20,1025,019544,NA,3,1,7,1942,0,1,2,NA,2,103,US-101 S/B (VENTURA FREEWAY),WHITE OAK AVE,1584,S,N,C,-,Y,NA,NA,101,NA,NA,NA,NA,NA,S,N,4,0,1,2,A,-,03,22350,NA,M,C,C,A,B,H,-,A,D,0,NA,NA,NA,NA,Y,NA,-,99,0,0,1,0,0,0,0,0,0,-,-,34.17121124267578,-118.51261138916016,LOS ANGELES,LOS ANGELES,-118.51261138916016,34.17108917236328
91128129,2019,2019-11-25,9580,2019-11-22,1110,016413,NA,5,1,7,1942,0,1,2,NA,2,103,US-101 S/B (VENTURA FREEWAY),VAN NUYS BLVD,1584,N,N,A,-,Y,NA,NA,101,NA,NA,NA,NA,NA,S,N,4,0,3,3,A,-,03,22350,NA,N,C,C,A,A,H,-,A,D,0,NA,NA,NA,NA,Y,NA,A,01,0,0,3,0,0,0,0,0,0,-,-,34.15821075439453,-118.45703887939452,LOS ANGELES,LOS ANGELES,-118.45701599121094,34.15827560424805
91128133,2019,2019-11-25,9575,2019-11-15,1353,022110,NA,5,1,7,1942,0,1,1,NA,2,060,I-210 E/B FROM PAXTON STREET,PAXTON STREET,886,E,N,A,-,Y,NA,NA,210,NA,NA,NA,R,NA,E,Y,4,0,1,2,A,-,03,22350,NA,N,C,C,A,A,H,-,A,A,0,NA,NA,NA,NA,Y,NA,D,22,0,0,1,0,0,0,0,0,0,-,-,34.28548812866211,-118.40521240234376,LOS ANGELES,LOS ANGELES,-118.40521240234376,34.28548812866211
91128142,2019,2019-11-25,9575,2019-11-15,1528,017491,NA,5,2,7,1942,0,1,1,NA,2,052,I-5 N/B (GOLDEN STATE FREEWAY),LANKERSHIM BLVD.,212,N,N,A,-,Y,NA,NA,5,NA,NA,NA,NA,NA,N,Y,4,0,4,4,A,-,03,22350,NA,N,C,C,A,A,H,-,A,D,0,NA,NA,NA,NA,Y,NA,A,01,0,0,4,0,0,0,0,0,0,-,-,34.227508544921875,-118.39003753662108,LOS ANGELES,LOS ANGELES,-118.39002990722656,34.22753143310547
91128152,2019,2019-11-25,9575,2019-11-16,1400,021006,NA,6,2,6,1912,0,1,1,NA,2,051,I-5 S/B (GOLDEN STATE FREEWAY),BUENA VISTA ST.,400,N,N,A,-,Y,NA,NA,5,NA,NA,NA,NA,NA,S,Y,4,0,1,2,A,-,03,22350,NA,N,C,C,A,A,H,-,A,D,0,NA,NA,NA,Y,Y,NA,A,01,0,0,1,0,0,0,0,0,0,-,-,34.19961166381836,-118.33870697021484,LOS ANGELES,BURBANK,-118.3386001586914,34.199684143066406
91128154,2019,2019-11-25,9575,2019-11-15,0915,021685,NA,5,1,7,1942,0,1,1,NA,2,052,I-5 S/B (GOLDEN STATE FREEWAY),HOLLYWOOD WAY,2500,N,N,A,-,Y,NA,NA,5,NA,NA,NA,NA,NA,S,Y,4,0,1,2,A,-,03,22350,NA,N,C,C,A,A,H,-,A,D,0,NA,NA,NA,NA,Y,NA,A,01,0,0,1,0,0,0,0,0,0,-,-,34.21485900878906,-118.35189056396484,LOS ANGELES,LOS ANGELES,-118.35188293457033,34.214866638183594
91128158,2019,2019-11-25,9575,2019-11-11,0439,020950,NA,1,3,7,1942,0,1,3,NA,2,070,SR-118 W/B FROM GLENOAKS BLVD.,GLENOAKS BLVD.,85,W,N,B,-,Y,NA,NA,118,NA,NA,NA,R,NA,W,Y,3,0,4,3,A,-,03,22350,NA,N,C,C,A,A,H,-,C,A,0,NA,NA,NA,NA,Y,NA,A,07,0,3,1,0,0,0,0,0,0,-,-,34.28041076660156,-118.41925811767578,LOS ANGELES,LOS ANGELES,-118.41925811767578,34.28041076660156
9112817,2020,2020-08-26,1942,2020-06-05,1320,33742,0762,5,5,7,1942,0,0,0,G,0,7A53,S LA CIENEGA BL,ALCOTT ST,0,NA,Y,A,-,N,NA,NA,NA,NA,NA,NA,NA,NA,NA,Y,4,0,2,2,A,-,09,21801,A,N,D,C,A,A,H,-,A,D,0,NA,NA,NA,NA,Y,NA,A,07,0,0,2,0,0,0,0,0,0,-,-,NA,NA,LOS ANGELES,LOS ANGELES,-118.37615966796876,34.052391052246094
9112818,2020,2020-08-26,1942,2020-06-02,1825,37511,0736,2,5,7,1942,0,0,0,G,0,7A33,S LA BREA AV,W 6TH ST,240,N,N,A,-,N,NA,NA,NA,NA,NA,NA,NA,NA,NA,Y,4,0,1,1,A,-,03,22350,NA,N,E,I,A,A,H,-,A,D,0,NA,NA,NA,NA,Y,NA,A,07,0,0,1,0,0,0,0,0,0,-,-,NA,NA,LOS ANGELES,LOS ANGELES,-118.34403228759766,34.06556701660156
9112819,2020,2020-08-26,1942,2020-06-11,1635,36940,0723,4,5,7,1942,0,0,0,G,0,7A21,S CRESCENT HEIGHTS BL,W 4TH ST,0,NA,Y,A,-,N,NA,NA,NA,NA,NA,NA,NA,NA,NA,Y,2,0,1,2,A,-,09,21802,A,N,D,C,A,A,H,-,A,A,0,NA,NA,Y,NA,Y,NA,A,01,1,0,0,0,0,0,0,0,1,-,-,NA,NA,LOS ANGELES,LOS ANGELES,-118.36515808105467,34.07032012939453
91128198,2019,2019-11-25,9575,2019-11-14,1835,022110,NA,4,2,7,1942,0,1,1,NA,2,050,I-5 S/B (GOLDEN STATE FREEWAY),ZOO DRIVE,1848,N,N,A,-,Y,NA,NA,5,NA,NA,NA,NA,NA,S,Y,4,0,4,3,A,-,03,22350,NA,N,C,C,A,A,H,-,D,D,0,NA,NA,NA,NA,Y,NA,D,22,0,0,4,0,0,0,0,0,0,-,-,34.15330123901367,-118.28572845458984,LOS ANGELES,LOS ANGELES,-118.2857666015625,34.15320587158203
9112820,2020,2020-08-26,1942,2020-06-03,1010,34959,0721,3,5,7,1942,0,0,0,G,0,7A21,LA CIENEGA BL,3RD ST,0,NA,Y,A,-,N,NA,NA,NA,NA,NA,NA,NA,NA,NA,Y,4,0,1,2,A,-,04,21703,NA,N,C,C,A,A,H,-,A,D,0,NA,NA,NA,NA,Y,NA,A,08,0,0,1,0,0,0,0,0,0,-,-,NA,NA,LOS ANGELES,LOS ANGELES,-118.37647247314452,34.073360443115234
91128202,2019,2019-11-25,9550,2019-11-21,0205,021129,NA,4,3,9,1900,0,2,4,NA,1,051,NOGALES STREET S/B,W/B STATE ROUTE 60 TO NOGALES STREET,20,N,N,C,-,N,NA,NA,NA,NA,NA,NA,NA,NA,NA,Y,4,0,1,2,A,-,01,23152,A,N,C,C,A,B,H,-,C,A,0,NA,NA,NA,NA,Y,Y,A,01,0,0,1,0,0,0,0,0,0,-,-,33.99549865722656,-117.88860321044922,LOS ANGELES,UNINCORPORATED,NA,NA
91128207,2019,2019-11-25,9575,2019-11-15,1726,022110,NA,5,2,7,1942,0,1,1,NA,2,053,I-5 S/B TO SR-170 S/B TRANSITION ROAD,BRANFORD STREET,2270,S,N,A,-,Y,NA,NA,5,NA,NA,NA,R,NA,S,Y,4,0,2,4,A,-,07,21658,A,F,B,C,A,A,H,-,D,D,0,NA,NA,NA,NA,Y,NA,-,99,0,0,2,0,0,0,0,0,0,-,-,34.233909606933594,-118.41130828857422,LOS ANGELES,LOS ANGELES,-118.41130828857422,34.233909606933594
9112821,2020,2020-08-27,1942,2020-06-11,1300,37336,0765,4,5,7,1942,0,0,0,G,0,7A47,LA BREA AV,SAN VICENTE BL,0,NA,Y,A,-,N,NA,NA,NA,NA,NA,NA,NA,NA,NA,Y,3,0,3,2,A,-,09,21801,A,N,A,C,A,A,H,-,A,A,0,NA,NA,NA,NA,Y,NA,A,01,0,2,1,0,0,0,0,0,0,-,-,NA,NA,LOS ANGELES,LOS ANGELES,-118.34422302246094,34.050350189208984
91128211,2019,2019-11-25,9575,2019-11-15,1750,016543,NA,5,2,6,1953,0,1,1,NA,2,064,I-210 E/B (FOOTHILL FREEWAY),ALTADENA DRIVE,200,E,N,A,-,Y,NA,NA,210,NA,NA,NA,NA,NA,E,Y,2,0,2,3,A,-,03,22350,NA,N,B,C,A,A,H,-,D,D,0,NA,NA,Y,NA,Y,NA,C,02,1,0,1,0,0,0,0,0,1,-,-,34.15238952636719,-118.09780883789064,LOS ANGELES,PASADENA,-118.09780883789064,34.152381896972656
91128218,2019,2019-11-25,9575,2019-11-16,1055,022435,NA,6,1,7,1942,0,1,1,NA,2,050,COLORADO ST FWY EXT E/B,I-5 (GOLDEN STATE FREEWAY),515,E,N,A,-,Y,NA,NA,NA,NA,NA,NA,NA,NA,NA,Y,4,0,2,2,A,-,03,22350,NA,N,C,C,A,A,H,-,A,D,0,NA,NA,NA,NA,Y,NA,D,22,0,0,2,0,0,0,0,0,0,-,-,34.19908142089844,-118.18699645996094,LOS ANGELES,LOS ANGELES,NA,NA
9112822,2020,2020-08-27,1942,2020-06-13,1050,42314,0752,6,5,7,1942,0,0,0,G,0,7A53,WHITWORTH DR,STEARNS DR,95,W,N,A,-,N,NA,NA,NA,NA,NA,NA,NA,NA,NA,Y,3,0,1,2,A,-,08,22107,NA,N,A,E,A,A,H,-,A,D,0,NA,NA,NA,NA,Y,NA,A,07,0,1,0,0,0,0,0,0,0,-,-,NA,NA,LOS ANGELES,LOS ANGELES,-118.36959075927734,34.056278228759766
9112823,2020,2020-08-27,1942,2020-06-05,0945,34959,0738,5,5,7,1942,0,0,0,G,0,7A17,HIGHLAND AV,WILSHIRE BL,0,NA,Y,B,-,N,NA,NA,NA,NA,NA,NA,NA,NA,NA,Y,4,0,2,2,A,-,09,21801,A,N,D,C,A,A,H,-,A,D,0,NA,NA,NA,NA,Y,NA,A,01,0,0,2,0,0,0,0,0,0,-,-,NA,NA,LOS ANGELES,LOS ANGELES,-118.33849334716795,34.06211853027344
91128231,2019,2019-11-25,9575,2019-11-16,1805,020763,NA,6,2,6,1953,0,1,1,NA,2,063,I-210 E/B (FOOTHILL FREEWAY),LINCOLN AVE,500,E,N,A,-,Y,NA,NA,210,NA,NA,NA,NA,NA,E,Y,4,0,1,2,A,-,03,22350,NA,N,C,C,A,A,H,-,D,D,0,NA,NA,NA,NA,Y,NA,A,01,0,0,1,0,0,0,0,0,0,-,-,34.16753005981445,-118.15814208984376,LOS ANGELES,PASADENA,-118.15811157226564,34.16752624511719
91128234,2019,2019-11-25,9580,2019-11-19,2000,022103,NA,2,2,7,1942,0,1,2,NA,2,101,US-101 S/B (VENTURA FREEWAY),WOODMAN AVE,1584,S,N,B,-,Y,NA,NA,101,NA,NA,NA,NA,NA,S,Y,4,0,1,2,A,-,08,22107,NA,M,B,C,A,A,H,-,D,D,0,NA,NA,NA,NA,Y,NA,-,99,0,0,1,0,0,0,0,0,0,-,-,34.15591049194336,-118.42532348632813,LOS ANGELES,LOS ANGELES,-118.42532348632813,34.15593719482422
91128237,2019,2019-11-25,9580,2019-11-19,1930,022046,NA,2,2,7,1942,0,1,2,NA,2,100,US-101 N/B (VENTURA FREEWAY),TUJUNGA AVE,200,N,N,A,-,Y,NA,NA,101,NA,NA,NA,NA,NA,N,N,4,0,1,2,A,-,03,22350,NA,N,C,C,A,A,H,-,C,D,0,NA,NA,NA,NA,Y,NA,A,01,0,0,1,0,0,0,0,0,0,-,-,34.15462112426758,-118.37918090820313,LOS ANGELES,LOS ANGELES,-118.37918090820313,34.15460205078125
91128239,2019,2019-11-25,9580,2019-11-19,1730,020879,NA,2,2,7,1942,0,1,2,NA,2,105,US-101 S/B (VENTURA FREEWAY),WINNETKA AVE,528,W,N,A,-,Y,NA,NA,101,NA,NA,NA,NA,NA,S,Y,4,0,1,4,A,-,03,22350,NA,N,C,C,A,A,H,-,D,D,0,NA,NA,NA,NA,Y,NA,D,22,0,0,1,0,0,0,0,0,0,-,-,34.17034912109375,-118.57598876953124,LOS ANGELES,LOS ANGELES,-118.5759506225586,34.17023849487305
9112824,2020,2020-08-27,1942,2020-06-02,0800,42065,0701,2,5,7,1942,0,0,0,G,0,27T21,N LA CIENEGA BL,MELROSE PL,0,NA,Y,A,-,N,NA,NA,NA,NA,NA,NA,NA,NA,NA,Y,4,0,3,2,A,-,08,22107,NA,N,D,C,A,A,H,-,A,D,0,NA,NA,NA,NA,Y,NA,A,07,0,0,3,0,0,0,0,0,0,-,-,NA,NA,LOS ANGELES,LOS ANGELES,-118.3765106201172,34.08361053466797
91128241,2019,2019-11-25,9580,2019-11-20,0730,019319,NA,3,1,7,1942,0,1,1,NA,2,407,I-405 S/B (SAN DIEGO FWY),PARTHENIA ST,280,S,N,A,-,Y,NA,NA,405,NA,NA,NA,NA,NA,S,Y,4,0,2,3,A,-,03,22350,NA,N,C,C,A,A,H,-,A,D,0,NA,NA,NA,NA,Y,NA,A,08,0,0,2,0,0,0,0,0,0,-,-,34.227500915527344,-118.47328948974608,LOS ANGELES,LOS ANGELES,-118.47325897216795,34.227500915527344
91128245,2019,2019-11-25,9580,2019-11-20,1200,016003,NA,3,1,7,1942,0,1,2,NA,2,108,US-101 N/B (VENTURA FREEWAY),KANAN RD,1056,S,N,B,C,Y,NA,NA,NA,NA,NA,NA,NA,NA,NA,Y,4,0,1,1,A,-,03,22350,NA,N,E,I,A,B,H,-,A,D,0,NA,NA,NA,NA,Y,NA,A,01,0,0,1,0,0,0,0,0,0,-,-,34.1456184387207,-118.75729370117188,LOS ANGELES,LOS ANGELES,-118.76109313964844,34.1461296081543
9112825,2020,2020-08-27,1942,2020-06-04,1420,41126,0721,4,5,7,1942,0,0,0,G,0,7A21,S DOHENY DR,W 3RD ST,100,S,N,A,-,N,NA,NA,NA,NA,NA,NA,NA,NA,NA,N,4,0,2,2,A,-,09,21804,A,N,D,D,A,A,H,-,A,D,0,NA,NA,NA,NA,Y,NA,A,01,0,0,2,0,0,0,0,0,0,-,-,NA,NA,LOS ANGELES,LOS ANGELES,-118.38971710205078,34.07335662841797
91128250,2019,2019-11-25,9575,2019-11-16,1408,022110,NA,6,2,7,1942,0,1,1,NA,2,061,I-210 E/B (FOOTHILL FREEWAY),SUNLAND BOULEVARD,3696,E,N,A,-,Y,NA,NA,210,NA,NA,NA,NA,NA,E,N,4,0,2,2,A,-,07,21658,A,N,B,C,A,A,H,-,A,D,0,NA,NA,NA,NA,Y,NA,A,01,0,0,2,0,0,0,0,0,0,-,-,34.25130844116211,-118.32293701171876,LOS ANGELES,LOS ANGELES,-118.32292938232422,34.25131607055664
91128253,2019,2019-11-25,9575,2019-11-16,1300,021685,NA,6,1,6,1953,0,1,1,NA,2,064,I-210 W/B (FOOTHILL FREEWAY),ALLEN AVENUE,320,E,N,A,-,Y,NA,NA,210,NA,NA,NA,NA,NA,W,Y,4,0,1,2,A,-,08,22107,NA,N,B,C,A,A,H,-,A,D,0,NA,NA,NA,NA,Y,NA,A,01,0,0,1,0,0,0,0,0,0,-,-,34.15269088745117,-118.11195373535156,LOS ANGELES,PASADENA,-118.11194610595705,34.152645111083984
91128257,2019,2019-11-25,9575,2019-11-17,1345,020918,NA,7,1,7,1942,0,1,3,NA,2,044,SR-134 W/B (VENTURA FREEWAY),LANKERSHIM BLVD.,1320,E,N,A,-,Y,NA,NA,134,NA,NA,NA,NA,NA,W,N,4,0,1,2,A,-,03,22350,NA,N,C,C,A,A,H,-,A,D,0,NA,NA,NA,NA,Y,NA,A,01,0,0,1,0,0,0,0,0,0,-,-,34.15338134765625,-118.36316680908205,LOS ANGELES,LOS ANGELES,-118.36316680908205,34.15336990356445
9112826,2020,2020-08-27,1942,2020-06-13,2230,43862,0885,6,5,7,1942,0,0,0,H,0,08A95,OVERLAND AV,NATIONAL BL,20,N,N,A,-,N,NA,NA,NA,NA,NA,NA,NA,NA,NA,Y,2,0,1,1,A,-,03,22350,NA,N,E,I,A,A,H,-,C,D,0,NA,NA,NA,NA,Y,NA,A,01,1,0,0,0,0,0,0,0,0,-,-,NA,NA,LOS ANGELES,LOS ANGELES,-118.41764831542967,34.03250503540039
9112827,2020,2020-08-27,1942,2020-06-11,1220,40315,0835,4,5,7,1942,0,0,0,H,0,8A35,W OLYMPIC BL,CAMDEN AV,100,E,N,A,-,N,NA,NA,NA,NA,NA,NA,NA,NA,NA,Y,4,0,1,2,A,-,07,21658,A,N,B,C,A,A,H,-,A,A,0,NA,NA,NA,NA,Y,NA,A,01,0,0,1,0,0,0,0,0,0,-,-,NA,NA,LOS ANGELES,LOS ANGELES,-118.43592834472656,34.04140090942383
9112828,2020,2020-08-26,1942,2020-06-04,1400,38251,0819,4,5,7,1942,0,0,0,H,0,8A29,W SUNSET BL,N BEL AIR RD,400,S,N,B,-,N,NA,NA,NA,NA,NA,NA,NA,NA,NA,N,4,0,1,2,A,-,09,21801,A,M,B,C,A,A,H,-,A,D,0,NA,NA,NA,NA,Y,NA,A,01,0,0,1,0,0,0,0,0,0,-,-,NA,NA,LOS ANGELES,LOS ANGELES,-118.43655395507813,34.080318450927734
91128282,2019,2019-11-25,9550,2019-11-14,1500,022239,NA,4,2,6,1920,0,1,1,NA,2,150,I-105 E/B,DUNROBIN AVE,80,W,N,A,-,Y,NA,NA,105,NA,NA,NA,NA,NA,E,Y,4,0,1,2,A,-,03,22350,NA,N,C,C,A,A,H,-,A,D,0,NA,NA,NA,NA,Y,NA,D,22,0,0,1,0,0,0,0,0,0,-,-,33.91326904296875,-118.12129974365234,LOS ANGELES,DOWNEY,-118.12129974365234,33.91328048706055
91128285,2019,2019-11-25,9550,2019-11-14,1822,021274,NA,4,2,9,1900,0,1,3,NA,2,601,STATE ROUTE 60 W/B,AZUSA AVENUE,560,E,N,A,-,Y,NA,NA,60,NA,NA,NA,NA,NA,W,N,4,0,1,3,A,-,03,22350,NA,N,C,C,A,A,H,-,C,D,0,NA,NA,NA,NA,Y,NA,A,01,0,0,1,0,0,0,0,0,0,-,-,33.996768951416016,-117.9291534423828,LOS ANGELES,UNINCORPORATED,-117.92914581298828,33.996795654296875
9112829,2020,2020-08-26,1942,2020-06-07,1155,41126,0882,7,5,7,1942,0,0,0,H,0,8A53,SAWTELLE BL,W OLYMPIC BL,0,NA,Y,A,-,N,NA,NA,NA,NA,NA,NA,NA,NA,NA,Y,4,0,1,2,A,-,12,21453,A,F,D,C,A,A,H,-,A,A,0,NA,NA,NA,NA,Y,NA,A,07,0,0,1,0,0,0,0,0,0,-,-,NA,NA,LOS ANGELES,LOS ANGELES,-118.4412078857422,34.03818130493164
9112830,2020,2020-08-26,1942,2020-06-14,0030,40209,0801,7,5,7,1942,0,0,0,H,0,8A1,TOPANGA CANYON BL,GRAND VIEW DR,2643,S,N,A,-,N,NA,NA,NA,NA,NA,NA,NA,NA,NA,Y,3,0,1,2,A,-,05,21650,NA,N,A,C,A,A,H,-,D,D,0,NA,NA,NA,NA,Y,NA,A,01,0,1,0,0,0,0,0,0,0,-,-,NA,NA,LOS ANGELES,LOS ANGELES,-118.5930404663086,34.07725524902344
91128304,2019,2019-11-25,9575,2019-11-18,1330,021302,NA,1,1,3,1991,0,1,1,NA,2,063,I-210 W/B TO FOOTHILL BLVD,FOOTHILL BLVD,266,E,N,A,-,Y,NA,NA,NA,NA,NA,NA,NA,NA,NA,Y,3,0,2,1,A,-,08,22107,NA,N,E,J,A,A,H,-,A,D,0,NA,NA,NA,NA,Y,NA,A,01,0,2,0,0,0,0,0,0,0,-,-,34.19636917114258,-118.18392181396484,LOS ANGELES,LA CANADA-FLINTRIDGE,-118.20510864257813,34.20708084106445
9112831,2020,2020-08-25,1942,2020-06-09,0815,37715,0898,2,5,7,1942,0,0,0,H,0,8A95,CATTARAUGUS AV,REYNIER AV,0,NA,Y,A,-,N,NA,NA,NA,NA,NA,NA,NA,NA,NA,N,4,0,1,2,A,-,03,22350,NA,F,C,C,A,A,H,-,A,D,0,NA,NA,NA,NA,Y,NA,-,99,0,0,1,0,0,0,0,0,0,-,-,NA,NA,LOS ANGELES,LOS ANGELES,-118.38674926757813,34.03411102294922
91128313,2019,2019-11-25,9575,2019-11-18,0845,020702,NA,1,1,6,1925,0,1,1,NA,2,062,I-210 W/B (FOOTHILL FREEWAY),LOWELL AVE,1000,E,N,A,-,Y,NA,NA,NA,NA,NA,NA,NA,NA,NA,N,4,0,1,2,A,-,03,22350,NA,N,C,C,A,A,H,-,A,D,0,NA,NA,NA,NA,Y,NA,D,22,0,0,1,0,0,0,0,0,0,-,-,34.23067092895508,-118.26850128173828,LOS ANGELES,GLENDALE,-118.26402282714844,34.23080825805664
91128318,2019,2019-11-25,9550,2019-11-16,2245,020795,NA,6,3,9,1900,0,3,5,NA,2,002,FLORENCE AVENUE,INEZ STREET,0,NA,Y,A,-,N,NA,NA,NA,NA,NA,NA,NA,NA,NA,Y,4,0,2,2,A,-,09,21802,A,N,D,C,A,A,H,-,C,D,0,NA,NA,NA,NA,Y,NA,A,01,0,0,2,0,0,0,0,0,0,-,-,33.93648910522461,-118.04422760009766,LOS ANGELES,UNINCORPORATED,-118.0441665649414,33.936580657958984
91128319,2019,2019-11-25,9575,2019-11-16,0950,022429,NA,6,1,6,1925,0,1,3,NA,2,042,SR-134 E/B (VENTURA FREEWAY),BRAND BLVD,175,E,N,A,-,Y,NA,NA,134,NA,NA,NA,NA,NA,E,Y,4,0,1,2,A,-,03,22350,NA,N,C,C,A,A,H,-,A,D,0,NA,NA,NA,NA,Y,NA,A,01,0,0,1,0,0,0,0,0,0,-,-,34.15631103515625,-118.25433349609376,LOS ANGELES,GLENDALE,-118.25433349609376,34.156272888183594
9112832,2020,2020-08-25,1942,2020-06-16,0001,39655,0752,2,5,7,1942,0,0,0,G,0,7A53,S LA CIENEGA BL,W PICO BL,0,NA,Y,A,-,N,NA,NA,NA,NA,NA,NA,NA,NA,NA,Y,4,0,3,5,A,-,03,22350,NA,F,C,C,A,A,H,-,C,A,0,NA,NA,NA,NA,Y,NA,A,07,0,0,3,0,0,0,0,0,0,-,-,NA,NA,LOS ANGELES,LOS ANGELES,-118.37616729736328,34.053340911865234
91128323,2019,2019-11-25,9550,2019-11-15,1715,022237,NA,5,2,9,1900,0,3,5,NA,2,002,LAMBERT ROAD,LEFFINGWELL ROAD,150,E,N,A,-,N,NA,NA,NA,NA,NA,NA,NA,NA,NA,N,4,0,1,2,A,-,03,22350,NA,N,C,C,A,A,H,-,C,D,0,NA,NA,NA,Y,Y,NA,F,26,0,0,1,0,0,0,0,0,0,-,-,33.931640625,-117.98948669433594,LOS ANGELES,UNINCORPORATED,-117.98983764648438,33.9316291809082
9112833,2020,2020-09-02,1942,2020-06-13,2225,42572,0881,6,5,7,1942,0,0,0,H,0,8A14,BUNDY DR,PICO BL,0,NA,Y,A,-,N,NA,NA,NA,NA,NA,NA,NA,NA,NA,Y,4,0,2,2,A,-,12,21453,A,N,D,C,A,A,H,-,C,-,0,NA,NA,NA,NA,Y,NA,-,-,0,0,2,0,0,0,0,0,0,-,-,NA,NA,LOS ANGELES,LOS ANGELES,-118.45020294189452,34.02936935424805
91128330,2019,2019-11-25,9550,2019-11-16,1545,022222,NA,6,2,3,1964,0,1,1,NA,2,650,I-605 SOUTHBOUND,I-5,350,N,N,A,-,Y,NA,NA,605,NA,NA,NA,NA,NA,S,N,4,0,1,3,A,-,03,22350,NA,N,C,C,A,A,H,-,A,D,0,NA,NA,NA,NA,Y,NA,A,08,0,0,1,0,0,0,0,0,0,-,-,33.94247817993164,-118.09612274169922,LOS ANGELES,SANTA FE SPRINGS,-118.09607696533205,33.94245910644531