CASE_ID,ACCIDENT_YEAR,PROC_DATE,JURIS,COLLISION_DATE,COLLISION_TIME,OFFICER_ID,REPORTING_DISTRICT,DAY_OF_WEEK,CHP_SHIFT,POPULATION,CNTY_CITY_LOC,SPECIAL_COND,BEAT_TYPE,CHP_BEAT_TYPE,CITY_DIVISION_LAPD,CHP_BEAT_CLASS,BEAT_NUMBER,PRIMARY_RD,SECONDARY_RD,DISTANCE,DIRECTION,INTERSECTION,WEATHER_1,WEATHER_2,STATE_HWY_IND,CALTRANS_COUNTY,CALTRANS_DISTRICT,STATE_ROUTE,ROUTE_SUFFIX,POSTMILE_PREFIX,POSTMILE,LOCATION_TYPE,RAMP_INTERSECTION,SIDE_OF_HWY,TOW_AWAY,COLLISION_SEVERITY,NUMBER_KILLED,NUMBER_INJURED,PARTY_COUNT,PRIMARY_COLL_FACTOR,PCF_CODE_OF_VIOL,PCF_VIOL_CATEGORY,PCF_VIOLATION,PCF_VIOL_SUBSECTION,HIT_AND_RUN,TYPE_OF_COLLISION,MVIW,PED_ACTION,ROAD_SURFACE,ROAD_COND_1,ROAD_COND_2,LIGHTING,CONTROL_DEVICE,CHP_ROAD_TYPE,PEDESTRIAN_ACCIDENT,BICYCLE_ACCIDENT,MOTORCYCLE_ACCIDENT,TRUCK_ACCIDENT,NOT_PRIVATE_PROPERTY,ALCOHOL_INVOLVED,STWD_VEHTYPE_AT_FAULT,CHP_VEHTYPE_AT_FAULT,COUNT_SEVERE_INJ,COUNT_VISIBLE_INJ,COUNT_COMPLAINT_PAIN,COUNT_PED_KILLED,COUNT_PED_INJURED,COUNT_BICYCLIST_KILLED,COUNT_BICYCLIST_INJURED,COUNT_MC_KILLED,COUNT_MC_INJURED,PRIMARY_RAMP,SECONDARY_RAMP,LATITUDE,LONGITUDE,COUNTY,CITY,POINT_X,POINT_Y
91128665,2019,2019-11-25,9125,2019-11-16,0935,019426,NA,6,1,6,1950,0,3,5,NA,2,001,SR-14 N/B TO AVENUE N,AVE N,2,S,N,A,-,Y,NA,NA,NA,NA,NA,NA,NA,NA,NA,N,4,0,1,2,A,-,03,22350,NA,N,C,C,A,A,H,-,A,A,0,NA,NA,NA,NA,Y,NA,D,22,0,0,1,0,0,0,0,0,0,-,-,34.631080627441406,-118.14958190917967,LOS ANGELES,PALMDALE,NA,NA
91128696,2019,2019-11-25,9540,2019-11-22,1720,021179,NA,5,2,7,1942,0,1,1,NA,1,503,I-5 S/B TO ROXFORD STREET,ROXFORD STREET,450,N,N,A,-,Y,NA,NA,5,NA,NA,NA,R,NA,S,N,4,0,1,2,A,-,03,22350,NA,N,C,C,A,A,H,-,C,D,0,NA,NA,NA,NA,Y,NA,A,01,0,0,1,0,0,0,0,0,0,-,-,34.30353927612305,-118.4789581298828,LOS ANGELES,LOS ANGELES,-118.4789581298828,34.30353927612305
91128698,2019,2019-11-25,9550,2019-11-16,1625,022023,NA,6,2,5,1908,0,1,3,NA,2,091,SR-91 (E/B),I-605,100,E,N,A,-,Y,NA,NA,NA,NA,NA,NA,NA,NA,NA,N,4,0,2,2,A,-,03,22350,NA,N,C,C,A,A,H,-,A,D,0,NA,NA,NA,NA,Y,NA,A,01,0,0,2,0,0,0,0,0,0,-,-,33.87623977661133,-118.10228729248048,LOS ANGELES,BELLFLOWER,-118.10243225097656,33.87649154663086
91128702,2019,2019-11-25,9590,2019-11-17,1540,022160,NA,7,2,7,1942,0,1,1,NA,2,062,I-10 E/B (SANTA MONICA FREEWAY),BUDLONG AVE.,80,E,N,A,-,Y,NA,NA,10,NA,NA,NA,NA,NA,E,N,4,0,1,2,A,-,03,22350,NA,N,C,C,A,A,H,-,A,D,0,NA,NA,NA,NA,Y,NA,A,07,0,0,1,0,0,0,0,0,0,-,-,34.03668975830078,-118.29608917236328,LOS ANGELES,LOS ANGELES,-118.29608917236328,34.03689956665039
91128725,2019,2019-11-25,9535,2019-11-13,1610,022105,NA,3,2,9,1900,0,1,1,NA,2,420,I-10 (SAN BERNARDINO FREEWAY) E/B,EASTERN AVE,2000,W,N,A,-,Y,NA,NA,10,NA,NA,NA,NA,NA,E,N,3,0,1,2,A,-,07,21658,A,N,B,C,A,A,H,-,A,D,0,NA,NA,Y,NA,Y,NA,A,07,0,1,0,0,0,0,0,0,1,-,-,34.05780029296875,-118.1793975830078,LOS ANGELES,UNINCORPORATED,-118.1793975830078,34.05779266357422
91128738,2019,2019-11-25,9535,2019-10-15,1811,022025,NA,2,2,9,1900,0,1,1,NA,2,071,I-710 (LONG BEACH FREEWAY) S/B,WHITTIER BLVD,50,S,N,A,-,Y,NA,NA,710,NA,NA,NA,NA,NA,S,Y,3,0,1,2,A,-,07,21658,A,N,F,A,A,A,H,-,B,D,0,NA,NA,Y,NA,Y,NA,A,01,0,1,0,0,0,0,0,0,1,-,-,34.02375030517578,-118.17268371582033,LOS ANGELES,UNINCORPORATED,-118.17272186279295,34.02376174926758
91128745,2019,2019-11-25,9545,2019-11-16,1447,020749,NA,6,2,9,1900,0,3,5,NA,1,005,165TH STREET EAST,AVENUE N-12,0,NA,Y,A,-,N,NA,NA,NA,NA,NA,NA,NA,NA,NA,N,4,0,1,2,A,-,09,21802,A,N,D,C,A,A,H,-,A,A,0,NA,NA,NA,NA,Y,NA,A,07,0,0,1,0,0,0,0,0,0,-,-,34.62018966674805,-117.83579254150392,LOS ANGELES,UNINCORPORATED,-117.83580780029295,34.620121002197266
91128747,2019,2020-11-30,9530,2019-11-14,1750,022413,NA,4,2,7,1941,0,1,3,NA,2,310,SR-91 E/B (ARTESIA FREEWAY),SANTA FE AVE.,500,W,N,A,-,Y,NA,NA,NA,NA,NA,NA,NA,NA,NA,N,3,0,1,2,A,-,03,22350,NA,F,C,C,A,A,H,-,C,D,0,NA,NA,NA,NA,Y,NA,-,99,0,1,0,0,0,0,0,0,0,-,-,33.87350082397461,-118.21845245361328,LOS ANGELES,LONG BEACH,-118.21600341796876,33.87336349487305
91128767,2019,2019-11-25,9535,2019-11-14,1445,022287,NA,4,2,5,1906,0,1,1,NA,2,651,I-605 (SAN GABRIEL RIVER FREEWAY) S/B,I-10 (SAN BERNARDINO FREEWAY) E/B,200,S,N,A,-,Y,NA,NA,605,NA,NA,NA,NA,NA,S,Y,4,0,1,3,A,-,03,22350,NA,N,C,C,A,A,H,-,A,D,0,NA,NA,NA,NA,Y,NA,A,01,0,0,1,0,0,0,0,0,0,-,-,34.062801361083984,-118.00029754638672,LOS ANGELES,BALDWIN PARK,-118.00045776367188,34.06283950805664
91128776,2019,2019-11-25,9530,2019-11-14,2115,021902,NA,4,2,9,1900,0,3,5,NA,2,002,TOWNE AVE. (1300 BLOCK),130TH ST.,40,N,N,A,-,N,NA,NA,NA,NA,NA,NA,NA,NA,NA,Y,3,0,1,1,A,-,08,22107,NA,N,E,I,A,A,H,-,C,D,0,NA,NA,NA,NA,Y,NA,A,01,0,1,0,0,0,0,0,0,0,-,-,33.9151611328125,-118.26756286621094,LOS ANGELES,UNINCORPORATED,-118.26746368408205,33.914710998535156
9112879,2020,2020-08-27,1942,2020-06-14,2000,41792,1265,7,5,7,1942,0,0,0,L,0,NA,MANCHESTER AV,NORMANDIE AV,0,NA,Y,A,-,N,NA,NA,NA,NA,NA,NA,NA,NA,NA,N,4,0,1,2,A,-,09,21801,NA,N,A,C,A,A,H,-,B,A,0,NA,NA,NA,NA,Y,NA,A,01,0,0,1,0,0,0,0,0,0,-,-,NA,NA,LOS ANGELES,LOS ANGELES,-118.3002700805664,33.96001052856445
9112880,2020,2020-08-27,1942,2020-06-15,0025,41761,1256,1,5,7,1942,0,0,0,L,0,12A73,FIGUEROA ST,74TH ST,0,NA,Y,A,-,N,NA,NA,NA,NA,NA,NA,NA,NA,NA,N,4,0,1,2,A,-,10,21950,NA,N,G,B,B,A,H,-,C,A,0,Y,NA,NA,NA,Y,NA,-,99,0,0,1,0,1,0,0,0,0,-,-,NA,NA,LOS ANGELES,LOS ANGELES,-118.28270721435548,33.97270965576172
91128809,2019,2019-11-25,9530,2019-11-15,1345,022413,NA,5,1,5,1977,0,1,1,NA,2,410,I-405 N/B (SAN DIEGO FREEWAY),CARSON ST.,100,N,N,A,-,Y,NA,NA,405,NA,NA,NA,NA,NA,N,N,4,0,4,2,A,-,03,22350,NA,N,C,C,A,A,H,-,A,D,0,NA,NA,NA,NA,Y,NA,A,01,0,0,4,0,0,0,0,0,0,-,-,33.83222961425781,-118.25653839111328,LOS ANGELES,CARSON,-118.25640106201172,33.83236312866211
9112881,2020,2020-08-27,1942,2020-06-10,1655,31092,1211,3,5,7,1942,0,0,0,L,0,12A31,WEST BL,SLAUSON,0,NA,Y,A,-,N,NA,NA,NA,NA,NA,NA,NA,NA,NA,Y,4,0,1,2,A,-,12,21453,A,F,D,C,A,A,H,-,A,A,0,NA,NA,NA,NA,Y,Y,-,99,0,0,1,0,0,0,0,0,0,-,-,NA,NA,LOS ANGELES,LOS ANGELES,-118.33524322509766,33.988990783691406
9112882,2020,2020-08-27,1942,2020-06-11,1035,39526,1263,4,5,7,1942,0,0,0,L,0,12X35,MANCHESTER AV,DENVER AV,86,E,N,A,-,N,NA,NA,NA,NA,NA,NA,NA,NA,NA,N,3,0,1,2,A,-,04,21703,NA,N,C,C,A,A,H,-,A,A,0,NA,NA,Y,NA,Y,NA,C,02,0,1,0,0,0,0,0,0,1,-,-,NA,NA,LOS ANGELES,LOS ANGELES,-118.28363800048828,33.960060119628906
9112883,2020,2020-08-27,1942,2020-06-09,1532,44086,1242,2,5,7,1942,0,0,0,L,0,18A19,E CENTURY BL,HOLMES,0,NA,N,A,-,N,NA,NA,NA,NA,NA,NA,NA,NA,NA,N,4,0,2,2,A,-,21,22106,NA,N,C,-,A,A,H,-,A,-,0,NA,NA,NA,NA,Y,NA,A,01,0,0,2,0,0,0,0,0,0,-,-,NA,NA,LOS ANGELES,LOS ANGELES,-118.24078369140624,33.9456787109375
91128830,2019,2019-11-25,9540,2019-11-17,1805,021179,NA,7,2,7,1942,0,1,3,NA,2,147,SR-14 S/B (ANTELOPE VALLEY FREEWAY),PLACERITA CANYON RD,500,N,N,A,-,Y,NA,NA,NA,NA,NA,NA,NA,NA,NA,Y,4,0,4,3,A,-,03,22350,NA,N,C,C,A,A,H,-,C,D,0,NA,NA,NA,NA,Y,NA,A,01,0,0,4,0,0,0,0,0,0,-,-,34.380279541015625,-118.4906997680664,LOS ANGELES,LOS ANGELES,-118.49257659912108,34.37873077392578
91128837,2019,2019-11-25,9590,2019-07-30,1120,018997,NA,2,1,7,1942,0,1,1,NA,2,084,I-5 N/B (GOLDEN STATE FREEWAY),SUNNYNOOK PED BRIDGE,551,S,N,A,-,Y,NA,NA,5,NA,NA,NA,NA,NA,N,N,1,1,0,2,A,-,11,21954,A,N,G,B,E,A,H,-,A,D,0,Y,NA,NA,Y,Y,NA,N,60,0,0,0,1,0,0,0,0,0,-,-,34.114341735839844,-118.2677001953125,LOS ANGELES,LOS ANGELES,-118.26775360107422,34.11430740356445
9112884,2020,2020-08-27,1942,2020-06-08,1400,43918,1239,1,5,7,1942,0,0,0,L,0,12A45,FIGUEROA ST,59TH ST,10,N,N,A,-,N,NA,NA,NA,NA,NA,NA,NA,NA,NA,N,4,0,2,2,A,-,08,22100,NA,M,D,C,A,A,H,-,A,D,0,NA,NA,NA,NA,Y,NA,-,99,0,0,2,0,0,0,0,0,0,-,-,NA,NA,LOS ANGELES,LOS ANGELES,-118.2826919555664,33.98762893676758
91128841,2019,2019-11-25,9550,2019-11-16,1755,022023,NA,6,2,5,1919,0,1,3,NA,2,092,SR-91 (W/B),PIONEER BOULEVARD,200,E,N,A,-,Y,NA,NA,91,NA,NA,NA,NA,NA,NA,Y,4,0,2,2,A,-,03,22350,NA,N,C,C,A,A,H,-,C,D,0,NA,NA,NA,NA,Y,NA,A,01,0,0,2,0,0,0,0,0,0,-,-,33.87656021118164,-118.07530212402344,LOS ANGELES,CERRITOS,-118.07530212402344,33.87648391723633
91128858,2019,2019-11-25,9540,2019-11-23,2045,021124,NA,6,2,6,1985,0,1,3,NA,1,144,SR-14 N/B (ANTELOPE VALLEY FREEWAY),GOLDEN VALLEY ROAD,1056,S,N,B,-,Y,NA,NA,14,NA,NA,NA,NA,NA,N,N,4,0,1,2,A,-,07,21658,A,F,B,C,A,A,H,-,C,D,0,NA,NA,NA,NA,Y,NA,-,99,0,0,1,0,0,0,0,0,0,-,-,34.39038848876953,-118.47628784179688,LOS ANGELES,SANTA CLARITA,-118.47626495361328,34.390350341796875
91128866,2019,2019-11-25,9545,2019-11-16,1550,021948,NA,6,2,9,1900,0,3,5,NA,2,004,87TH ST  E,AVENUE T-8,0,NA,Y,A,-,N,NA,NA,NA,NA,NA,NA,NA,NA,NA,Y,3,0,2,2,A,-,01,23152,A,N,D,C,A,A,H,-,A,D,0,NA,NA,NA,NA,Y,Y,A,01,0,1,1,0,0,0,0,0,0,-,-,34.53567886352539,-117.97486114501952,LOS ANGELES,UNINCORPORATED,-117.97483825683594,34.53562927246094
9112887,2020,2020-08-27,1900,2020-06-06,0850,487226,2118,6,5,5,1943,0,0,0,NA,0,212T6,ATLANTIC AV,ARLINGTON AV,0,NA,Y,A,-,N,NA,NA,NA,NA,NA,NA,NA,NA,NA,Y,4,0,1,5,A,-,03,22350,NA,N,C,E,F,A,H,-,A,D,0,Y,NA,NA,NA,Y,NA,A,01,0,0,1,0,1,0,0,0,0,-,-,NA,NA,LOS ANGELES,LYNWOOD,-118.19344329833984,33.90690994262695
9112888,2020,2020-08-27,1900,2020-06-05,2100,65822,2112,5,5,5,1943,0,0,0,NA,0,212E1,NORTON AV,BARLOW AV,250,E,N,A,-,N,NA,NA,NA,NA,NA,NA,NA,NA,NA,Y,3,0,1,2,A,-,08,22107,NA,N,D,E,A,A,H,-,B,D,0,NA,NA,NA,NA,Y,NA,A,01,0,1,0,0,0,0,0,0,0,-,-,NA,NA,LOS ANGELES,LYNWOOD,-118.214111328125,33.9333610534668
9112889,2020,2020-08-27,1900,2020-06-02,1430,487226,2111,2,5,5,1943,0,0,0,NA,0,212T6,LONG BEACH BL,NORTON AV,10,N,N,-,-,N,NA,NA,NA,NA,NA,NA,NA,NA,NA,Y,3,0,1,2,A,-,03,22350,NA,N,C,C,A,A,H,-,A,A,0,NA,NA,NA,NA,Y,NA,A,01,0,1,0,0,0,0,0,0,0,-,-,NA,NA,LOS ANGELES,LYNWOOD,-118.21247100830078,33.933258056640625
9112890,2020,2020-08-27,1900,2020-06-01,1400,487226,2116,1,5,5,1943,0,0,0,NA,0,212T6,LONG BEACH BL,JOSEPHINE ST,0,NA,Y,A,-,N,NA,NA,NA,NA,NA,NA,NA,NA,NA,Y,3,0,2,2,A,-,09,21801,A,N,D,I,A,A,H,-,A,A,0,NA,NA,NA,NA,Y,NA,A,01,0,1,1,0,0,0,0,0,0,-,-,NA,NA,LOS ANGELES,LYNWOOD,-118.20970916748048,33.921241760253906
91128904,2019,2019-11-25,9530,2019-11-16,1835,021875,NA,6,2,6,1972,0,1,1,NA,2,400,I-405 N/B (SAN DIEGO FREEWAY),YUKON AVE.,100,N,N,A,-,Y,NA,NA,405,NA,NA,NA,NA,NA,N,N,4,0,2,3,A,-,03,22350,NA,N,C,C,A,A,H,-,D,D,0,NA,NA,NA,NA,Y,NA,A,01,0,0,2,0,0,0,0,0,0,-,-,33.8672981262207,-118.33529663085938,LOS ANGELES,TORRANCE,-118.33528900146484,33.86734390258789
91128905,2019,2019-12-11,9545,2019-11-17,0838,019426,NA,7,1,9,1900,0,1,3,NA,2,021,SR-14 N/B,BARREL SPRINGS RD,5808,S,N,A,-,Y,NA,NA,14,NA,NA,NA,NA,NA,N,Y,3,0,1,1,A,-,08,22107,NA,N,E,I,A,A,H,-,A,D,0,NA,NA,NA,NA,Y,NA,A,01,0,1,0,0,0,0,0,0,0,-,-,34.53411102294922,-118.1163330078125,LOS ANGELES,UNINCORPORATED,-118.11631011962892,34.534141540527344
91128919,2019,2019-11-25,9530,2019-11-15,1705,021380,NA,5,2,9,1900,0,3,5,NA,2,001,NADEAU ST.,ALIX AVE.,0,NA,Y,A,-,N,NA,NA,NA,NA,NA,NA,NA,NA,NA,Y,2,0,1,2,A,-,09,21801,A,N,A,C,A,A,H,-,A,D,0,NA,NA,Y,NA,Y,NA,D,22,1,0,0,0,0,0,0,0,1,-,-,33.96738052368164,-118.23587799072266,LOS ANGELES,UNINCORPORATED,-118.23590087890624,33.9674186706543
91128942,2019,2019-11-25,9550,2019-11-16,1810,021100,NA,6,2,9,1900,0,1,3,NA,2,600,SR-60 W/B,CROSSROADS PARKWAY,700,W,N,A,-,Y,NA,NA,60,NA,NA,NA,NA,NA,W,N,4,0,3,3,A,-,03,22350,NA,N,C,C,A,A,H,-,C,D,0,NA,NA,NA,NA,Y,NA,A,01,0,0,3,0,0,0,0,0,0,-,-,34.02922058105469,-118.01390838623048,LOS ANGELES,UNINCORPORATED,-118.01390838623048,34.02920150756836
91128946,2019,2019-11-25,9545,2019-11-17,1105,019426,NA,7,1,9,1900,0,3,5,NA,2,003,ANGELES FOREST HWY,MOUNT EMMA RD,1584,N,N,A,-,N,NA,NA,NA,NA,NA,NA,NA,NA,NA,Y,2,0,2,2,A,-,05,21460,A,N,D,C,A,A,H,-,A,D,0,NA,NA,NA,NA,Y,NA,A,01,1,0,1,0,0,0,0,0,0,-,-,34.44984817504883,-118.1063995361328,LOS ANGELES,UNINCORPORATED,-118.10597229003906,34.449440002441406
91128947,2019,2019-11-25,9550,2019-11-15,1909,022403,NA,5,2,5,1952,0,1,1,NA,2,151,INTERSTATE 105 E/B,GARFIELD AVENUE,500,E,N,A,-,Y,NA,NA,105,NA,NA,NA,NA,NA,E,N,4,0,1,2,A,-,03,22350,NA,F,C,C,A,A,H,-,C,D,0,NA,NA,NA,NA,Y,NA,-,99,0,0,1,0,0,0,0,0,0,-,-,33.91093826293945,-118.16806030273438,LOS ANGELES,PARAMOUNT,-118.16806793212892,33.9109992980957
91128965,2019,2019-11-25,9590,2019-11-16,1350,022428,NA,6,1,7,1942,0,1,1,NA,2,050,I-110 N/B (HARBOR FREEWAY),MANCHESTER AVENUE,400,N,N,A,-,Y,NA,NA,110,NA,NA,NA,NA,NA,N,N,4,0,1,2,A,-,03,22350,NA,N,C,C,A,A,H,-,A,D,0,NA,NA,NA,NA,Y,NA,A,01,0,0,1,0,0,0,0,0,0,-,-,33.961299896240234,-118.28060913085938,LOS ANGELES,LOS ANGELES,-118.28072357177734,33.961299896240234
91128967,2019,2019-11-25,9575,2019-11-20,0740,015375,NA,3,1,7,1942,0,1,1,NA,2,053,I-5 S/B (GOLDEN STATE FREEWAY),TERRA BELLA ST,580,S,N,B,-,Y,NA,NA,5,NA,NA,NA,NA,NA,S,N,4,0,2,2,A,-,03,22350,NA,N,C,C,A,A,H,-,A,D,0,NA,NA,NA,NA,Y,NA,A,01,0,0,2,0,0,0,0,0,0,-,-,34.24903106689453,-118.42714691162108,LOS ANGELES,LOS ANGELES,-118.42713928222656,34.24903869628906
91128970,2019,2019-11-25,9545,2019-11-17,1515,020749,NA,7,2,9,1900,0,3,5,NA,2,004,FORT TEJON ROAD,111TH STREET EAST,725,W,N,A,-,N,NA,NA,NA,NA,NA,NA,NA,NA,NA,Y,4,0,1,1,A,-,08,22107,NA,N,E,I,A,A,H,-,A,D,0,NA,NA,NA,NA,Y,NA,A,01,0,0,1,0,0,0,0,0,0,-,-,34.49032974243164,-117.9319076538086,LOS ANGELES,UNINCORPORATED,-117.9319076538086,34.49032974243164
91128983,2019,2019-11-25,9565,2019-11-13,1305,022251,NA,3,1,9,1900,0,3,5,NA,2,003,48TH STREET,ANGELES VISTA BLVD.,0,NA,Y,A,-,N,NA,NA,NA,NA,NA,NA,NA,NA,NA,Y,3,0,1,2,A,-,09,21802,A,N,B,C,A,A,H,-,A,D,0,NA,NA,NA,NA,Y,NA,A,01,0,1,0,0,0,0,0,0,0,-,-,34.000038146972656,-118.33441925048828,LOS ANGELES,UNINCORPORATED,-118.33448028564452,34.00001907348633
91128994,2019,2019-11-25,9590,2019-11-16,0115,021122,NA,6,3,7,1942,0,1,1,NA,2,052,I-110 N/B (HARBOR FREEWAY),ADAMS BOULEVARD,100,S,N,A,-,Y,NA,NA,110,NA,NA,NA,NA,NA,N,Y,4,0,1,1,A,-,01,23152,A,N,E,I,A,A,H,-,C,D,0,NA,NA,NA,NA,Y,Y,A,01,0,0,1,0,0,0,0,0,0,-,-,34.0271110534668,-118.27451324462892,LOS ANGELES,LOS ANGELES,-118.27459716796876,34.02714538574219
91129001,2019,2019-11-25,9535,2019-11-14,0950,022214,NA,4,1,4,1907,0,1,1,NA,2,073,I-710 (LONG BEACH FREEWAY) S/B,FLORENCE AVE,500,N,N,B,-,Y,NA,NA,710,NA,NA,NA,NA,NA,S,N,4,0,2,2,A,-,03,22350,NA,N,C,C,A,A,H,-,A,D,0,NA,NA,NA,NA,Y,NA,A,01,0,0,2,0,0,0,0,0,0,-,-,33.969688415527344,-118.16773986816406,LOS ANGELES,BELL,-118.16773223876952,33.969688415527344
91129021,2019,2019-11-25,9525,2019-11-13,1630,020034,NA,3,2,9,1900,0,2,4,NA,2,032,VALLEY BLVD (21000 BLOCK),MARKETPLACE,150,W,N,A,-,N,NA,NA,NA,NA,NA,NA,NA,NA,NA,N,4,0,4,3,A,-,03,22350,NA,N,C,C,A,A,H,-,B,D,0,NA,NA,NA,NA,Y,NA,A,01,0,0,4,0,0,0,0,0,0,-,-,34.02429962158203,-117.83746337890624,LOS ANGELES,UNINCORPORATED,NA,NA
91129031,2019,2019-11-25,9545,2019-11-17,1855,020749,NA,7,2,9,1900,0,3,5,NA,2,004,AVENUE J,240TH STREET EAST,0,NA,Y,A,-,N,NA,NA,NA,NA,NA,NA,NA,NA,NA,N,3,0,1,2,A,-,09,21802,A,M,D,C,A,A,H,-,C,D,0,NA,NA,NA,NA,Y,NA,A,01,0,1,0,0,0,0,0,0,0,-,-,34.689918518066406,-117.70230865478516,LOS ANGELES,UNINCORPORATED,-117.70230865478516,34.68994903564453
91129033,2019,2019-11-25,9525,2019-11-12,0959,019966,NA,2,1,9,1900,0,3,5,NA,2,002,VALLEY CENTER AVE.,COVINA BLVD,0,NA,Y,A,-,N,NA,NA,NA,NA,NA,NA,NA,NA,NA,Y,4,0,1,2,A,-,12,22450,A,N,D,C,A,A,H,-,A,A,0,NA,NA,NA,NA,Y,NA,A,01,0,0,1,0,0,0,0,0,0,-,-,34.099369049072266,-117.8376693725586,LOS ANGELES,UNINCORPORATED,-117.83766174316406,34.099449157714844
91129040,2019,2019-11-25,9550,2019-11-18,0715,017719,NA,1,1,9,1900,0,2,4,NA,1,032,GALE AVENUE,KINBRAE AVENUE,104,W,N,A,-,N,NA,NA,NA,NA,NA,NA,NA,NA,NA,Y,3,0,2,2,A,-,08,22107,NA,N,D,C,A,A,H,-,A,D,0,NA,NA,NA,Y,Y,NA,A,07,0,1,1,0,0,0,0,0,0,-,-,34.01715087890625,-117.98114013671876,LOS ANGELES,UNINCORPORATED,-117.981201171875,34.01735305786133
91129046,2019,2019-11-25,9525,2019-11-17,1710,020907,NA,7,2,9,1900,0,3,5,NA,2,003,AMAR RD. (16000 BLOCK),ECHELON AVE,60,W,N,A,-,N,NA,NA,NA,NA,NA,NA,NA,NA,NA,Y,2,0,1,1,A,-,01,23152,A,N,F,A,A,A,H,-,C,A,0,NA,NA,Y,NA,Y,Y,C,02,1,0,0,0,0,0,0,0,1,-,-,34.036170959472656,-117.93470001220705,LOS ANGELES,UNINCORPORATED,-117.93478393554688,34.03618621826172
91129052,2019,2019-11-25,9590,2019-11-16,1350,022313,NA,6,1,7,1942,0,1,S,NA,2,904,I-10 E/B (SANTA MONICA FREEWAY),CENTINELA AVENUE,400,W,N,A,-,Y,NA,NA,10,NA,NA,NA,NA,NA,E,N,4,0,2,2,A,-,03,22350,NA,N,C,C,A,A,H,-,A,D,0,NA,NA,NA,NA,Y,NA,A,01,0,0,2,0,0,0,0,0,0,-,-,34.02764892578125,-118.45423126220705,LOS ANGELES,LOS ANGELES,-118.45423126220705,34.027671813964844
91129061,2019,2019-11-25,9535,2019-10-09,1700,022259,NA,3,2,9,1900,0,3,5,NA,2,002,BONNIE BEACH PL. (1300 BLOCK),UNION PACIFIC AVE,5,S,N,A,-,N,NA,NA,NA,NA,NA,NA,NA,NA,NA,N,4,0,1,2,A,-,09,21801,A,N,D,G,A,A,H,-,A,A,0,NA,Y,NA,NA,Y,NA,A,01,0,0,1,0,0,0,1,0,0,-,-,34.0164909362793,-118.18131256103516,LOS ANGELES,UNINCORPORATED,-118.18131256103516,34.016536712646484
91129068,2019,2019-11-25,9550,2019-11-19,1440,015045,NA,2,2,9,1900,0,1,1,NA,2,650,I-605 S/B (SAN GABRIEL RIVER FREEWAY),WASHINGTON BOULEVARD,1584,S,N,B,-,Y,NA,NA,605,NA,NA,NA,NA,NA,S,Y,4,0,1,2,A,-,03,22350,NA,N,C,C,A,A,H,-,A,D,0,NA,NA,NA,NA,Y,NA,A,01,0,0,1,0,0,0,0,0,0,-,-,33.972618103027344,-118.08078002929688,LOS ANGELES,UNINCORPORATED,-118.08069610595705,33.97257995605469
9112908,2020,2020-08-27,1956,2020-06-16,0200,1327,38,2,5,5,1956,0,0,0,NA,0,003,AVIATION BL,GRANT AV,223,NA,N,B,-,N,NA,NA,NA,NA,NA,NA,NA,NA,NA,Y,3,0,1,1,A,-,01,23153,A,N,E,-,A,A,H,-,C,D,0,NA,NA,NA,NA,Y,Y,A,01,0,1,0,0,0,0,0,0,0,-,-,NA,NA,LOS ANGELES,REDONDO BEACH,-118.38265228271484,33.8691291809082
91129080,2019,2019-11-25,9525,2019-11-13,2255,021931,NA,3,3,4,1960,0,1,3,NA,2,572,SR-57 N/B (ORANGE FWY),VIA VERDE AVE,1584,N,N,A,-,Y,NA,NA,57,NA,NA,NA,NA,NA,N,Y,4,0,1,1,A,-,08,22107,NA,N,E,I,A,A,H,-,D,D,0,NA,NA,NA,NA,Y,NA,M,47,0,0,1,0,0,0,0,0,0,-,-,34.08271026611328,-117.81861114501952,LOS ANGELES,SAN DIMAS,-117.81834411621094,34.0828971862793
91129086,2019,2019-11-25,9545,2019-11-17,1710,021819,NA,7,2,9,1900,0,3,5,NA,2,001,90TH ST. E,PILLSBURY ST,670,N,N,A,-,N,NA,NA,NA,NA,NA,NA,NA,NA,NA,Y,3,0,3,2,A,-,03,22350,NA,N,C,C,A,A,H,-,D,D,0,NA,NA,NA,NA,Y,NA,A,01,0,1,2,0,0,0,0,0,0,-,-,34.694068908691406,-117.96971893310548,LOS ANGELES,UNINCORPORATED,-117.9697265625,34.69391632080078
9112909,2020,2020-08-27,1906,2020-06-16,1401,4410,NA,2,5,5,1906,0,0,0,NA,0,003,BADILLO ST,VINELAND AV,10,W,N,A,-,N,NA,NA,NA,NA,NA,NA,NA,NA,NA,Y,4,0,2,2,A,-,09,21801,A,N,D,C,A,A,H,-,A,D,0,NA,NA,NA,NA,Y,NA,A,01,0,0,2,0,0,0,0,0,0,-,-,NA,NA,LOS ANGELES,BALDWIN PARK,-117.95235443115234,34.08736038208008