CASE_ID,ACCIDENT_YEAR,PROC_DATE,JURIS,COLLISION_DATE,COLLISION_TIME,OFFICER_ID,REPORTING_DISTRICT,DAY_OF_WEEK,CHP_SHIFT,POPULATION,CNTY_CITY_LOC,SPECIAL_COND,BEAT_TYPE,CHP_BEAT_TYPE,CITY_DIVISION_LAPD,CHP_BEAT_CLASS,BEAT_NUMBER,PRIMARY_RD,SECONDARY_RD,DISTANCE,DIRECTION,INTERSECTION,WEATHER_1,WEATHER_2,STATE_HWY_IND,CALTRANS_COUNTY,CALTRANS_DISTRICT,STATE_ROUTE,ROUTE_SUFFIX,POSTMILE_PREFIX,POSTMILE,LOCATION_TYPE,RAMP_INTERSECTION,SIDE_OF_HWY,TOW_AWAY,COLLISION_SEVERITY,NUMBER_KILLED,NUMBER_INJURED,PARTY_COUNT,PRIMARY_COLL_FACTOR,PCF_CODE_OF_VIOL,PCF_VIOL_CATEGORY,PCF_VIOLATION,PCF_VIOL_SUBSECTION,HIT_AND_RUN,TYPE_OF_COLLISION,MVIW,PED_ACTION,ROAD_SURFACE,ROAD_COND_1,ROAD_COND_2,LIGHTING,CONTROL_DEVICE,CHP_ROAD_TYPE,PEDESTRIAN_ACCIDENT,BICYCLE_ACCIDENT,MOTORCYCLE_ACCIDENT,TRUCK_ACCIDENT,NOT_PRIVATE_PROPERTY,ALCOHOL_INVOLVED,STWD_VEHTYPE_AT_FAULT,CHP_VEHTYPE_AT_FAULT,COUNT_SEVERE_INJ,COUNT_VISIBLE_INJ,COUNT_COMPLAINT_PAIN,COUNT_PED_KILLED,COUNT_PED_INJURED,COUNT_BICYCLIST_KILLED,COUNT_BICYCLIST_INJURED,COUNT_MC_KILLED,COUNT_MC_INJURED,PRIMARY_RAMP,SECONDARY_RAMP,LATITUDE,LONGITUDE,COUNTY,CITY,POINT_X,POINT_Y
91131915,2019,2019-11-29,9530,2019-11-20,1455,022079,NA,3,2,5,1977,0,1,3,NA,2,310,SR-91 E/B (ARTESIA FREEWAY),AVALON BLVD.,200,W,N,B,-,Y,NA,NA,91,NA,NA,NA,NA,NA,E,Y,4,0,1,2,A,-,03,22350,NA,N,C,C,A,B,H,-,A,D,0,NA,NA,NA,NA,Y,NA,A,01,0,0,1,0,0,0,0,0,0,-,-,33.8730583190918,-118.2668228149414,LOS ANGELES,CARSON,-118.2668228149414,33.87309265136719
91131918,2019,2019-11-29,9525,2019-11-28,1432,021156,NA,4,2,4,1905,0,1,1,NA,2,204,I-210 E/B (FOOTHILL FWY),CITRUS AVE,50,W,N,B,C,Y,NA,NA,210,NA,NA,NA,NA,NA,E,Y,4,0,1,3,A,-,03,22350,NA,N,D,C,A,B,H,-,A,D,0,NA,NA,NA,NA,Y,NA,A,01,0,0,1,0,0,0,0,0,0,-,-,34.12076950073242,-117.89051055908205,LOS ANGELES,AZUSA,-117.89051055908205,34.12080764770508
91131926,2019,2019-11-29,9525,2019-11-26,2200,020632,NA,2,3,3,1921,0,1,1,NA,2,202,I-210 E/B (FOOTHILL FWY),I-605 S/B (SAN GABRIEL RIVER FWY),300,W,N,A,-,Y,NA,NA,210,NA,NA,NA,NA,NA,E,Y,4,0,1,2,A,-,03,22350,NA,N,C,C,A,A,H,-,C,D,0,NA,NA,NA,NA,Y,NA,A,01,0,0,1,0,0,0,0,0,0,-,-,34.13528823852539,-117.9623565673828,LOS ANGELES,DUARTE,-117.9623565673828,34.13530731201172
91131937,2019,2019-11-29,9525,2019-11-23,1651,019632,NA,6,2,5,1990,0,1,3,NA,2,574,SR-57 N/B (ORANGE FWY),PATHFINDER,250,N,N,A,-,Y,NA,NA,57,NA,NA,NA,NA,NA,N,Y,4,0,1,2,A,-,03,22350,NA,N,C,C,A,A,H,-,A,D,0,NA,NA,NA,NA,Y,NA,A,01,0,0,1,0,0,0,0,0,0,-,-,33.98508834838867,-117.84284210205078,LOS ANGELES,DIAMOND BAR,-117.84283447265624,33.98509216308594
91131942,2019,2019-11-29,9530,2019-11-21,1802,020349,NA,4,2,7,1941,0,1,1,NA,2,071,I-710 N/B (LONG BEACH FREEWAY),LONG BEACH BLVD.,1000,S,N,A,-,Y,NA,NA,710,NA,NA,NA,NA,NA,N,Y,4,0,1,2,A,-,07,21658,A,N,B,C,A,A,H,-,C,D,0,NA,NA,Y,NA,Y,NA,A,07,0,0,1,0,0,0,0,0,1,-,-,33.8559684753418,-118.20359802246094,LOS ANGELES,LONG BEACH,-118.20352172851564,33.855934143066406
91131962,2019,2019-11-29,9525,2019-11-21,1420,019632,NA,4,2,5,1990,0,1,3,NA,2,601,SR-60 W/B (POMONA FWY),GRAND AVE,1056,W,N,B,-,Y,NA,NA,60,NA,NA,NA,NA,NA,W,Y,4,0,1,4,A,-,03,22350,NA,F,C,C,A,A,H,-,A,D,0,NA,NA,NA,Y,Y,NA,A,01,0,0,1,0,0,0,0,0,0,-,-,34.008419036865234,-117.82543182373048,LOS ANGELES,DIAMOND BAR,-117.82536315917967,34.008358001708984
91131967,2019,2019-11-29,9530,2019-11-21,1944,020608,NA,4,2,9,1900,0,3,5,NA,2,006,VERMONT AVE. (BLOCK #21000),JAVELIN ST.,20,N,N,A,-,N,NA,NA,NA,NA,NA,NA,NA,NA,NA,Y,4,0,1,2,A,-,03,22350,NA,N,C,C,A,A,H,-,C,A,0,NA,NA,NA,NA,Y,NA,A,01,0,0,1,0,0,0,0,0,0,-,-,33.83892059326172,-118.290283203125,LOS ANGELES,UNINCORPORATED,-118.29013824462892,33.838924407958984
91131971,2019,2019-11-29,9530,2019-11-21,1420,022132,NA,4,2,5,1915,0,1,3,NA,2,310,SR-91 E/B (ARTESIA FREEWAY),WILMINGTON AVE.,10,W,N,A,-,Y,NA,NA,91,NA,NA,NA,NA,NA,E,Y,4,0,1,2,A,-,03,22350,NA,N,C,C,A,A,H,-,A,D,0,NA,NA,NA,NA,Y,NA,D,22,0,0,1,0,0,0,0,0,0,-,-,33.87355041503906,-118.23626708984376,LOS ANGELES,COMPTON,-118.23627471923828,33.873600006103516
91131973,2019,2019-11-29,9525,2019-11-25,1732,021713,NA,1,2,9,1900,0,2,4,NA,2,030,HACIENDA BLVD (1500 BLOCK),FRANCISQUITO AVE,528,S,N,A,-,N,NA,NA,NA,NA,NA,NA,NA,NA,NA,Y,4,0,1,4,A,-,03,22350,NA,N,C,C,A,A,H,-,C,D,0,NA,NA,NA,NA,Y,NA,D,22,0,0,1,0,0,0,0,0,0,-,-,34.04703140258789,-117.94786071777344,LOS ANGELES,UNINCORPORATED,-117.9476318359375,34.047203063964844
91131979,2019,2019-11-29,9530,2019-11-22,1545,020349,NA,5,2,9,1900,0,3,5,NA,2,004,ALAMEDA ST.,HOMESTEAD PL.,0,NA,Y,A,-,N,NA,NA,NA,NA,NA,NA,NA,NA,NA,N,4,0,1,2,A,-,09,21800,B,N,D,C,A,A,H,-,A,D,0,NA,NA,NA,NA,Y,NA,A,01,0,0,1,0,0,0,0,0,0,-,-,33.86893081665039,-118.21600341796876,LOS ANGELES,UNINCORPORATED,-118.21601104736328,33.86859130859375
91131991,2019,2019-12-02,9530,2019-11-22,1450,021965,NA,5,2,7,1942,0,1,1,NA,2,110,I-110 N/B (HARBOR FREEWAY),REDONDO BEACH BLVD.,1056,S,N,A,-,Y,NA,NA,110,NA,NA,NA,NA,NA,N,N,4,0,1,2,A,-,03,22350,NA,N,C,C,A,A,H,-,A,D,0,NA,NA,NA,NA,Y,NA,A,01,0,0,1,0,0,0,0,0,0,-,-,33.88957977294922,-118.28545379638672,LOS ANGELES,LOS ANGELES,-118.28546905517578,33.88957977294922
91131995,2019,2019-12-02,9530,2019-11-23,1520,021875,NA,6,2,7,1942,0,1,1,NA,2,200,I-105 E/B (GLENN ANDERSON FWY),CENTRAL AVE.,1000,W,N,A,-,Y,NA,NA,105,NA,NA,NA,NA,NA,E,Y,4,0,2,3,A,-,03,22350,NA,N,C,C,A,A,H,-,A,D,0,NA,NA,NA,NA,Y,NA,A,01,0,0,2,0,0,0,0,0,0,-,-,33.927398681640625,-118.25769805908205,LOS ANGELES,LOS ANGELES,-118.25770568847656,33.92747497558594
91132007,2019,2019-12-02,9530,2019-11-28,1720,017860,NA,4,2,7,1941,0,1,1,NA,2,430,I-405 S/B (SAN DIEGO FREEWAY),WOODRUFF AVE.,170,S,N,A,-,Y,NA,NA,405,NA,NA,NA,NA,NA,S,N,4,0,4,3,A,-,03,22350,NA,N,C,C,A,A,H,-,D,D,0,NA,NA,NA,NA,Y,NA,A,01,0,0,4,0,0,0,0,0,0,-,-,33.80141830444336,-118.11412048339844,LOS ANGELES,LONG BEACH,-118.11412811279295,33.8014030456543
91132009,2019,2019-12-02,9530,2019-11-28,1610,017860,NA,4,2,7,1941,0,1,1,NA,2,420,I-405 N/B (SAN DIEGO FREEWAY),PACIFIC PL,1210,N,N,A,-,Y,NA,NA,405,NA,NA,NA,NA,NA,N,Y,3,0,2,3,A,-,07,21658,A,N,A,C,A,A,H,-,A,D,0,NA,NA,NA,NA,Y,NA,A,07,0,2,0,0,0,0,0,0,0,-,-,33.825199127197266,-118.20259857177734,LOS ANGELES,LONG BEACH,-118.20256805419922,33.82526779174805
9113203,2020,2020-07-29,1901,2020-04-02,1905,108,2,4,5,5,1901,0,0,0,NA,0,001,MAIN ST,1ST ST,4,E,N,A,-,N,NA,NA,NA,NA,NA,NA,NA,NA,NA,N,3,0,1,2,A,-,10,21950,A,N,G,B,B,A,H,-,A,A,0,Y,NA,NA,NA,Y,NA,N,60,0,1,0,0,1,0,0,0,0,-,-,NA,NA,LOS ANGELES,ALHAMBRA,-118.12792205810548,34.09464645385742
91132054,2019,2019-12-02,9530,2019-11-20,1328,022427,NA,3,1,4,1939,0,1,1,NA,2,400,I-405 N/B (SAN DIEGO FREEWAY),INGLEWOOD AVE.,200,E,N,A,-,Y,NA,NA,405,NA,NA,NA,NA,NA,N,Y,4,0,1,2,A,-,03,22350,NA,N,C,C,A,A,H,-,A,D,0,NA,NA,NA,NA,Y,NA,A,07,0,0,1,0,0,0,0,0,0,-,-,33.89054870605469,-118.36070251464844,LOS ANGELES,LAWNDALE,-118.36066436767578,33.890594482421875
9113206,2020,2020-09-09,1906,2020-06-23,1231,4410,NA,2,5,5,1906,0,0,0,NA,0,001,BALDWIN PARK BL,BESS AV,0,NA,Y,A,-,N,NA,NA,NA,NA,NA,NA,NA,NA,NA,Y,4,0,1,3,A,-,12,21453,A,N,D,C,A,A,H,-,A,A,0,NA,NA,NA,NA,Y,NA,A,01,0,0,1,0,0,0,0,0,0,-,-,NA,NA,LOS ANGELES,BALDWIN PARK,-117.9859619140625,34.06325912475586
91132085,2019,2019-12-02,9530,2019-11-06,1510,021965,NA,3,2,9,1900,0,3,5,NA,2,001,HOOPER AVE.,GAGE AVE.,0,NA,Y,A,-,N,NA,NA,NA,NA,NA,NA,NA,NA,NA,Y,4,0,1,2,A,-,09,21801,A,F,D,C,A,A,H,-,A,A,0,NA,NA,NA,NA,Y,NA,-,99,0,0,1,0,0,0,0,0,0,-,-,33.982051849365234,-118.25209045410156,LOS ANGELES,UNINCORPORATED,-118.25208282470705,33.98210144042969
91132138,2019,2019-12-02,9575,2019-11-19,1750,017491,NA,2,2,6,1925,0,1,3,NA,2,042,SR-134 W/B (VENTURA FREEWAY),JACKSON STREET,46,E,N,C,-,Y,NA,NA,134,NA,NA,NA,NA,NA,W,Y,4,0,2,2,A,-,03,22350,NA,N,C,C,A,B,H,-,D,D,0,NA,NA,NA,NA,Y,NA,A,07,0,0,2,0,0,0,0,0,0,-,-,34.156551361083984,-118.2500228881836,LOS ANGELES,GLENDALE,-118.2500228881836,34.156455993652344
91132141,2019,2019-12-10,9575,2019-11-20,1822,017491,NA,3,2,6,1925,0,1,3,NA,2,090,SR-2 S/B TO SR-134 W/B,HARVEY DRIVE,954,W,N,B,-,Y,NA,NA,NA,NA,NA,NA,NA,NA,NA,N,4,0,4,2,A,-,03,22350,NA,N,C,C,A,A,H,-,C,D,0,NA,NA,NA,NA,Y,NA,A,07,0,0,4,0,0,0,0,0,0,-,-,34.149391174316406,-118.2313232421875,LOS ANGELES,GLENDALE,NA,NA
91132143,2019,2019-12-02,9575,2019-11-20,1605,022110,NA,3,2,7,1942,0,1,3,NA,2,070,I-210 E/B FROM SR-118 E/B TRANSITION,PAXTON STREET,1795,E,N,B,-,Y,NA,NA,210,NA,NA,NA,R,NA,E,Y,4,0,1,1,A,-,08,22107,NA,N,E,I,A,A,H,-,A,D,0,NA,NA,NA,NA,Y,NA,A,01,0,0,1,0,0,0,0,0,0,-,-,34.2835807800293,-118.40328216552734,LOS ANGELES,LOS ANGELES,-118.40328216552734,34.2835807800293
91132145,2019,2019-12-02,9575,2019-11-21,0050,021640,NA,4,3,6,1953,0,1,1,NA,2,064,I-210 W/B (FOOTHILL FREEWAY),MARENGO AVE.,400,E,N,B,-,Y,NA,NA,210,NA,NA,NA,NA,NA,W,Y,4,0,1,2,A,-,03,22350,NA,M,C,C,A,A,H,-,D,D,0,NA,NA,NA,NA,Y,NA,A,01,0,0,1,0,0,0,0,0,0,-,-,34.152061462402344,-118.14452362060548,LOS ANGELES,PASADENA,-118.14451599121094,34.152034759521484
9113215,2020,2020-07-13,1901,2020-03-10,1113,239,17,2,5,5,1901,0,0,0,NA,0,003,MISSION RD,FREMONT AV,0,NA,Y,B,-,N,NA,NA,NA,NA,NA,NA,NA,NA,NA,Y,4,0,1,2,A,-,09,21801,A,N,A,C,A,A,H,-,A,A,0,NA,NA,NA,NA,Y,NA,A,08,0,0,1,0,0,0,0,0,0,-,-,NA,NA,LOS ANGELES,ALHAMBRA,-118.1519012451172,34.07931900024414
91132162,2019,2019-12-02,9575,2019-11-25,1155,015375,NA,1,1,7,1942,0,1,3,NA,2,044,SR-134 E/B (VENTURA FREEWAY),CAHUENGA BLVD.,700,E,N,A,-,Y,NA,NA,134,NA,NA,NA,NA,NA,E,Y,4,0,1,2,A,-,03,22350,NA,N,C,C,A,A,H,-,A,D,0,NA,NA,NA,NA,Y,NA,A,01,0,0,1,0,0,0,0,0,0,-,-,34.153160095214844,-118.3592529296875,LOS ANGELES,LOS ANGELES,-118.3592529296875,34.153018951416016
91132167,2019,2019-12-02,9575,2019-11-23,0857,020702,NA,6,1,3,1991,0,1,1,NA,2,063,I-210 E/B TO GOULD AVE.,GOULD AVE,285,W,N,A,-,Y,NA,NA,NA,NA,NA,NA,NA,NA,NA,Y,4,0,1,1,A,-,08,22107,NA,N,E,I,A,A,H,-,A,D,0,NA,NA,NA,NA,Y,NA,A,01,0,0,1,0,0,0,0,0,0,-,-,34.20166015625,-118.19011688232422,LOS ANGELES,LA CANADA-FLINTRIDGE,-118.18992614746094,34.201942443847656
91132168,2019,2019-12-02,9575,2019-11-22,1840,020556,NA,5,2,7,1942,0,1,1,NA,2,050,I-5 N/B (GOLDEN STATE FREEWAY),ZOO DRIVE,800,S,N,A,-,Y,NA,NA,5,NA,NA,NA,NA,NA,N,Y,3,0,2,2,A,-,03,22350,NA,N,C,C,A,A,H,-,C,D,0,NA,NA,NA,NA,Y,NA,A,01,0,2,0,0,0,0,0,0,0,-,-,34.147701263427734,-118.27912902832033,LOS ANGELES,LOS ANGELES,-118.27921295166016,34.14767837524414
91132169,2019,2019-12-02,9575,2019-11-21,2320,021283,NA,4,3,7,1942,0,1,1,NA,2,053,I-5 S/B (GOLDEN STATE FREEWAY),TERRA BELLA ST.,200,N,N,A,-,Y,NA,NA,5,NA,NA,NA,NA,NA,S,Y,4,0,2,2,A,-,03,22350,NA,N,C,C,A,A,H,-,D,D,0,NA,NA,NA,NA,Y,NA,A,01,0,0,2,0,0,0,0,0,0,-,-,34.25088119506836,-118.42916107177734,LOS ANGELES,LOS ANGELES,-118.42912292480467,34.250919342041016
9113217,2020,2020-09-14,1900,2020-06-17,0435,616068,0456,3,5,6,1949,0,0,0,NA,0,43T1,ROSECRANS AV,ARLEE AV,49,W,N,A,-,N,NA,NA,NA,NA,NA,NA,NA,NA,NA,Y,4,0,1,2,A,-,09,21801,A,N,C,C,A,A,H,-,C,D,0,NA,NA,NA,NA,Y,NA,A,01,0,0,1,0,0,0,0,0,0,-,-,NA,NA,LOS ANGELES,NORWALK,-118.0818328857422,33.90224838256836
91132177,2019,2020-03-30,9590,2019-11-21,2257,021132,NA,4,3,7,1942,0,1,1,NA,2,080,I-5 N/B (GSF),STATE STREET,300,N,N,A,-,Y,NA,NA,5,NA,NA,NA,NA,NA,N,Y,4,0,1,2,A,-,07,21658,A,N,B,C,A,A,H,-,C,D,0,NA,NA,NA,NA,Y,NA,A,01,0,0,1,0,0,0,0,0,0,-,-,34.05287170410156,-118.21405792236328,LOS ANGELES,LOS ANGELES,-118.21400451660156,34.05287170410156
91132182,2019,2019-12-02,9535,2019-11-28,2122,022343,NA,4,2,7,1942,0,3,5,NA,2,002,HUBBARD ST,HILLVIEW AVE,0,NA,Y,A,-,N,NA,NA,NA,NA,NA,NA,NA,NA,NA,Y,3,0,1,2,A,-,01,23152,A,N,D,C,A,B,H,-,C,D,0,NA,NA,NA,NA,Y,Y,A,01,0,1,0,0,0,0,0,0,0,-,-,34.02219009399414,-118.15457153320313,LOS ANGELES,LOS ANGELES,-118.1545867919922,34.02219009399414
9113219,2020,2020-09-01,1901,2020-08-16,0956,733,31,7,5,5,1901,0,0,0,NA,0,003,PALM,COMMONWEALTH,2,N,N,A,-,N,NA,NA,NA,NA,NA,NA,NA,NA,NA,N,4,0,1,2,A,-,07,21658,NA,N,C,E,A,A,H,-,A,D,0,NA,NA,NA,NA,Y,Y,A,07,0,0,1,0,0,0,0,0,0,-,-,NA,NA,LOS ANGELES,ALHAMBRA,-118.14656829833984,34.08785629272461
91132233,2019,2019-12-02,9575,2019-10-29,1550,020711,NA,2,2,6,1912,0,1,1,NA,2,051,I-5 N/B (GOLDEN STATE FREEWAY),BURBANK BLVD,200,N,N,A,-,Y,NA,NA,5,NA,NA,NA,NA,NA,N,Y,4,0,1,3,A,-,03,22350,NA,M,C,C,A,A,H,-,A,D,0,NA,NA,NA,NA,Y,NA,A,01,0,0,1,0,0,0,0,0,0,-,-,34.186031341552734,-118.31836700439452,LOS ANGELES,BURBANK,-118.31838989257813,34.18599319458008
91132263,2019,2019-12-02,9575,2019-11-21,1615,022110,NA,4,2,9,1900,0,1,1,NA,2,062,I-210 W/B (FOOTHILL FREEWAY),OCEAN VIEW BOULEVARD,2482,E,N,B,-,Y,NA,NA,210,NA,NA,NA,NA,NA,W,Y,4,0,1,3,A,-,03,22350,NA,N,C,C,A,A,H,-,A,D,0,NA,NA,NA,NA,Y,NA,A,01,0,0,1,0,0,0,0,0,0,-,-,34.20882034301758,-118.2204818725586,LOS ANGELES,UNINCORPORATED,-118.22046661376952,34.2088508605957
91132270,2019,2019-12-02,9575,2019-11-21,1905,022110,NA,4,2,7,1942,0,1,3,NA,2,070,SR-118 E/B (RONALD REAGAN FREEWAY),HERRICK AVENUE,990,W,N,B,-,Y,NA,NA,118,NA,NA,NA,NA,NA,E,Y,4,0,1,2,A,-,03,22350,NA,N,C,C,A,A,H,-,D,D,0,NA,NA,NA,NA,Y,NA,A,01,0,0,1,0,0,0,0,0,0,-,-,34.27581024169922,-118.42417144775392,LOS ANGELES,LOS ANGELES,-118.42423248291016,34.27588653564453
91132292,2019,2019-12-02,9550,2019-11-26,1246,021212,NA,2,1,5,1919,0,1,3,NA,2,092,STATE ROUTE 91 (ARTESIA FREEWAY),NORWALK BOULEVARD,1000,E,N,A,-,Y,NA,NA,91,NA,NA,NA,NA,NA,NA,Y,4,0,2,2,A,-,07,21658,A,N,B,C,A,A,H,-,A,D,0,NA,NA,NA,NA,Y,NA,A,01,0,0,2,0,0,0,0,0,0,-,-,33.87643814086914,-118.06720733642578,LOS ANGELES,CERRITOS,-118.06722259521484,33.8763427734375
91132318,2019,2019-12-02,9575,2019-11-18,1823,017491,NA,1,2,6,1912,0,1,3,NA,2,043,SR-134 E/B (VENTURA FREEWAY),FOREST LAWN DRIVE,1299,W,N,A,-,Y,NA,NA,134,NA,NA,NA,NA,NA,E,Y,3,0,1,2,A,-,03,22350,NA,N,B,C,A,A,H,-,D,D,0,NA,NA,Y,NA,Y,NA,C,02,0,1,0,0,0,0,0,0,1,-,-,34.154510498046875,-118.31452941894533,LOS ANGELES,BURBANK,-118.31453704833984,34.15443420410156
91132320,2019,2019-12-02,9575,2019-11-21,1711,022110,NA,4,2,9,1900,0,2,4,NA,2,010,RAMSDELL AVENUE (4400 BLOCK),COMMUNITY AVENUE (2900 BLOCK),375,S,N,B,-,N,NA,NA,NA,NA,NA,NA,NA,NA,NA,N,4,0,1,2,A,-,09,21804,A,N,C,C,A,A,H,-,D,D,0,NA,NA,NA,NA,Y,NA,A,01,0,0,1,0,0,0,0,0,0,-,-,34.22391128540039,-118.24429321289064,LOS ANGELES,UNINCORPORATED,-118.24433135986328,34.224021911621094
91132341,2019,2019-12-02,9565,2019-11-19,0830,022226,NA,2,1,9,1900,0,3,5,NA,2,002,WESTERN AVENUE,111TH STREET,337,S,N,A,-,N,NA,NA,NA,NA,NA,NA,NA,NA,NA,Y,4,0,2,3,A,-,03,22350,NA,N,C,C,A,A,H,-,A,D,0,NA,NA,NA,NA,Y,NA,A,01,0,0,2,0,0,0,0,0,0,-,-,33.55582046508789,-118.18328857421876,LOS ANGELES,UNINCORPORATED,-118.30904388427734,33.93289566040039
9113237,2020,2020-09-16,1900,2020-06-20,2320,612130,0472,6,5,4,1936,0,0,0,NA,0,46T1E,SAN FELICIANO DR,CASTELLON RD,223,W,N,A,-,N,NA,NA,NA,NA,NA,NA,NA,NA,NA,N,3,0,1,3,A,-,08,22107,NA,M,B,E,A,-,H,-,C,D,0,NA,NA,NA,NA,Y,NA,A,01,0,1,0,0,0,0,0,0,0,-,-,NA,NA,LOS ANGELES,LA MIRADA,-118.02476501464844,33.90144729614258
91132407,2019,2019-12-02,9530,2019-11-18,1630,021875,NA,1,2,9,1900,0,3,5,NA,2,006,SEPULVEDA BLVD. (850 BLOCK),VERMONT AVE.,150,E,N,A,-,Y,NA,NA,NA,NA,NA,NA,NA,NA,NA,N,4,0,2,2,A,-,09,21804,A,N,B,C,A,A,H,-,A,D,0,NA,NA,NA,NA,Y,NA,A,01,0,0,2,0,0,0,0,0,0,-,-,33.809898376464844,-118.28970336914064,LOS ANGELES,UNINCORPORATED,-118.28997039794922,33.810081481933594
9113241,2020,2020-09-14,1900,2020-06-24,1340,626495,0454,3,5,6,1949,0,0,0,NA,0,45K1,CARMENITA RD,LOWES DR,0,NA,Y,A,-,N,NA,NA,NA,NA,NA,NA,NA,NA,NA,Y,4,0,1,2,A,-,09,21801,A,N,D,C,A,A,H,-,C,A,0,NA,NA,NA,NA,Y,NA,D,22,0,0,1,0,0,0,0,0,0,-,-,NA,NA,LOS ANGELES,NORWALK,-118.046634,33.89619
91132411,2019,2019-12-02,9530,2019-11-18,2305,022022,NA,1,3,7,1942,0,1,1,NA,2,200,I-105 E/B (GLENN ANDERSON FWY),STANFORD AVE.,30,E,N,A,-,Y,NA,NA,105,NA,NA,NA,NA,NA,E,Y,4,0,1,2,A,-,03,22350,NA,N,C,C,A,A,H,-,C,D,0,NA,NA,NA,NA,Y,NA,A,01,0,0,1,0,0,0,0,0,0,-,-,33.92723083496094,-118.26197052001952,LOS ANGELES,LOS ANGELES,-118.26197052001952,33.92730712890625
91132431,2019,2019-12-02,9530,2019-11-08,0600,022083,NA,5,1,9,1900,0,3,5,NA,2,006,VERMONT AVE.,228TH ST.,0,NA,Y,A,E,N,NA,NA,NA,NA,NA,NA,NA,NA,NA,N,3,0,1,2,A,-,10,21950,A,N,G,B,B,A,H,-,C,A,0,Y,NA,NA,NA,Y,NA,A,01,0,1,0,0,1,0,0,0,0,-,-,33.81903839111328,-118.2902374267578,LOS ANGELES,UNINCORPORATED,-118.29033660888672,33.818939208984375
91132433,2019,2019-12-02,9550,2019-11-20,2025,020974,NA,3,2,9,1900,0,1,1,NA,2,650,I-605 N/B,ROSE HILLS ROAD,1500,S,N,B,-,Y,NA,NA,605,NA,NA,NA,NA,NA,N,N,4,0,1,2,A,-,08,22107,NA,N,B,C,A,A,H,-,C,D,0,NA,NA,NA,Y,Y,NA,-,-,0,0,1,0,0,0,0,0,0,-,-,34.014739990234375,-118.05564880371094,LOS ANGELES,UNINCORPORATED,-118.0556869506836,34.01476287841797
91132444,2019,2019-12-02,9530,2019-11-12,1645,021875,NA,2,2,7,1942,0,1,1,NA,2,200,I-105 E/B (GLENN ANDERSON FWY),SAN PEDRO ST.,30,W,N,A,-,Y,NA,NA,105,NA,NA,NA,NA,NA,E,Y,2,0,1,3,A,-,07,21658,A,F,B,A,A,A,H,-,D,D,0,NA,NA,Y,NA,Y,NA,-,99,1,0,0,0,0,0,0,0,1,-,-,33.92729949951172,-118.26959991455078,LOS ANGELES,LOS ANGELES,-118.26959991455078,33.92731475830078
9113246,2020,2020-09-09,1900,2020-06-19,1321,623588,0625,5,5,6,1985,0,0,0,NA,0,62T1,SPRUCE ST,12TH ST,0,NA,Y,A,-,N,NA,NA,NA,NA,NA,NA,NA,NA,NA,Y,4,0,1,3,A,-,09,21802,A,N,B,C,A,A,H,-,A,A,0,NA,NA,NA,NA,Y,NA,A,07,0,0,1,0,0,0,0,0,0,-,-,34.383018493652344,-118.53125,LOS ANGELES,SANTA CLARITA,-118.53124237060548,34.382999420166016
91132465,2019,2019-12-02,9575,2019-11-22,1511,022110,NA,5,2,9,1900,0,2,4,NA,2,010,RAMSDELL AVENUE (4400 BLOCK),PROSPECT AVENUE (3000 BLOCK),40,N,N,A,-,N,NA,NA,NA,NA,NA,NA,NA,NA,NA,Y,4,0,1,2,A,-,03,22350,NA,N,C,C,A,A,H,-,A,D,0,NA,NA,NA,NA,Y,NA,A,01,0,0,1,0,0,0,0,0,0,-,-,34.22428894042969,-118.24430847167967,LOS ANGELES,UNINCORPORATED,-118.24433135986328,34.22431945800781
91132482,2019,2019-12-02,9575,2019-11-22,1742,022110,NA,5,2,7,1942,0,1,1,NA,2,061,I-210 W/B (FOOTHILL FREEWAY),WENTWORTH STREET,600,W,N,A,-,Y,NA,NA,210,NA,NA,NA,NA,NA,W,N,4,0,1,2,A,-,03,22350,NA,N,C,C,A,A,H,-,D,D,0,NA,NA,NA,NA,Y,NA,A,07,0,0,1,0,0,0,0,0,0,-,-,34.26559066772461,-118.33516693115234,LOS ANGELES,LOS ANGELES,-118.33523559570313,34.265525817871094
91132486,2019,2019-12-02,9565,2019-11-17,2115,022437,NA,7,2,9,1900,0,1,1,NA,2,012,I-105 W/B (CENTURY FWY.),NORMANDIE AVE,415,E,N,A,-,Y,NA,NA,105,NA,NA,NA,NA,NA,W,N,3,0,2,2,A,-,03,22350,NA,N,C,C,A,A,H,-,D,D,0,NA,NA,NA,NA,Y,NA,A,01,0,1,1,0,0,0,0,0,0,-,-,33.927940368652344,-118.29891967773438,LOS ANGELES,UNINCORPORATED,-118.29892730712892,33.9279899597168
9113249,2020,2020-09-10,1900,2020-06-22,0128,610518,0455,1,5,6,1949,0,0,0,NA,0,43T1,STUDEBAKER RD,MAPLEDALE ST,295,S,N,A,-,N,NA,NA,NA,NA,NA,NA,NA,NA,NA,Y,2,0,2,4,A,-,08,22107,NA,F,B,E,A,A,H,-,C,D,0,NA,NA,NA,NA,Y,NA,A,01,1,0,1,0,0,0,0,0,0,-,-,NA,NA,LOS ANGELES,NORWALK,-118.10006713867188,33.897640228271484