CASE_ID,ACCIDENT_YEAR,PROC_DATE,JURIS,COLLISION_DATE,COLLISION_TIME,OFFICER_ID,REPORTING_DISTRICT,DAY_OF_WEEK,CHP_SHIFT,POPULATION,CNTY_CITY_LOC,SPECIAL_COND,BEAT_TYPE,CHP_BEAT_TYPE,CITY_DIVISION_LAPD,CHP_BEAT_CLASS,BEAT_NUMBER,PRIMARY_RD,SECONDARY_RD,DISTANCE,DIRECTION,INTERSECTION,WEATHER_1,WEATHER_2,STATE_HWY_IND,CALTRANS_COUNTY,CALTRANS_DISTRICT,STATE_ROUTE,ROUTE_SUFFIX,POSTMILE_PREFIX,POSTMILE,LOCATION_TYPE,RAMP_INTERSECTION,SIDE_OF_HWY,TOW_AWAY,COLLISION_SEVERITY,NUMBER_KILLED,NUMBER_INJURED,PARTY_COUNT,PRIMARY_COLL_FACTOR,PCF_CODE_OF_VIOL,PCF_VIOL_CATEGORY,PCF_VIOLATION,PCF_VIOL_SUBSECTION,HIT_AND_RUN,TYPE_OF_COLLISION,MVIW,PED_ACTION,ROAD_SURFACE,ROAD_COND_1,ROAD_COND_2,LIGHTING,CONTROL_DEVICE,CHP_ROAD_TYPE,PEDESTRIAN_ACCIDENT,BICYCLE_ACCIDENT,MOTORCYCLE_ACCIDENT,TRUCK_ACCIDENT,NOT_PRIVATE_PROPERTY,ALCOHOL_INVOLVED,STWD_VEHTYPE_AT_FAULT,CHP_VEHTYPE_AT_FAULT,COUNT_SEVERE_INJ,COUNT_VISIBLE_INJ,COUNT_COMPLAINT_PAIN,COUNT_PED_KILLED,COUNT_PED_INJURED,COUNT_BICYCLIST_KILLED,COUNT_BICYCLIST_INJURED,COUNT_MC_KILLED,COUNT_MC_INJURED,PRIMARY_RAMP,SECONDARY_RAMP,LATITUDE,LONGITUDE,COUNTY,CITY,POINT_X,POINT_Y
91137367,2019,2019-12-06,9540,2019-11-28,0654,021106,NA,4,1,6,1985,0,1,3,NA,2,149,SR-14 S/B (ANTELOPE VALLEY FREEWAY),PLACERITA CANYON RD,528,N,N,B,C,Y,NA,NA,14,NA,NA,NA,NA,NA,S,Y,3,0,1,1,A,-,03,22350,NA,N,E,I,A,B,H,-,A,D,0,NA,NA,NA,NA,Y,NA,A,07,0,1,0,0,0,0,0,0,0,-,-,34.38140106201172,-118.48998260498048,LOS ANGELES,SANTA CLARITA,-118.4897689819336,34.38115310668945
91137379,2019,2019-12-06,9535,2019-11-11,1730,022025,NA,1,2,3,1914,0,1,1,NA,2,501,I-5 S/B TO GARFIELD AVE OFF-RAMP,GARFIELD AVE,800,S,N,A,-,Y,NA,NA,5,NA,NA,NA,R,NA,S,N,4,0,1,2,A,-,09,21802,A,N,D,C,A,A,H,-,C,A,0,NA,NA,NA,NA,Y,NA,A,01,0,0,1,0,0,0,0,0,0,-,-,33.98579025268555,-118.13633728027344,LOS ANGELES,COMMERCE,-118.13633728027344,33.98579025268555
91137403,2019,2019-12-06,9540,2019-12-04,0605,020790,NA,3,1,6,1985,0,1,1,NA,2,506,I-5 N/B (GOLDEN STATE FWY.),VALENCIA BLVD,450,S,N,C,-,Y,NA,NA,5,NA,NA,NA,NA,NA,N,Y,4,0,1,4,A,-,03,22350,NA,F,C,C,A,B,H,-,C,D,0,NA,NA,NA,Y,Y,NA,-,99,0,0,1,0,0,0,0,0,0,-,-,34.4069709777832,-118.5756378173828,LOS ANGELES,SANTA CLARITA,-118.57558441162108,34.4069938659668
91137410,2019,2019-12-06,9530,2019-11-26,1600,022413,NA,2,2,9,1900,0,1,1,NA,2,210,I-105 W/B (GLENN ANDERSON FWY),WILMINGTON AVE.,200,W,N,A,-,Y,NA,NA,105,NA,NA,NA,NA,NA,W,Y,3,0,5,3,A,-,03,22350,NA,N,C,C,A,A,H,-,A,D,0,NA,NA,NA,NA,Y,NA,A,07,0,3,2,0,0,0,0,0,0,-,-,33.928489685058594,-118.23980712890624,LOS ANGELES,UNINCORPORATED,-118.23980712890624,33.92854309082031
91137415,2019,2020-01-17,9575,2019-11-18,1928,016603,NA,1,2,7,1942,0,1,3,NA,2,043,E/B SR-134 FROM FOREST LAWN DRIVE,FOREST LAWN DRIVE,230,E,N,B,-,Y,NA,NA,134,NA,NA,NA,R,NA,NA,Y,4,0,2,2,A,-,03,22350,NA,N,C,C,A,A,H,-,C,D,0,NA,NA,NA,NA,Y,NA,A,07,0,0,2,0,0,0,0,0,0,-,-,34.15436935424805,-118.31079864501952,LOS ANGELES,LOS ANGELES,-118.31079864501952,34.15436935424805
91137423,2019,2019-12-06,9590,2019-11-26,1620,021583,NA,2,2,7,1942,0,1,2,NA,2,072,US-101 N/B (HOLLYWOOD FREEWAY),LANKERSHIM BOULEVARD,100,S,N,A,-,Y,NA,NA,101,NA,NA,NA,NA,NA,N,Y,3,0,1,3,A,-,03,22350,NA,N,C,C,A,A,H,-,A,D,0,NA,NA,Y,Y,Y,NA,C,02,0,1,0,0,0,0,0,0,1,-,-,34.137699127197266,-118.36270904541016,LOS ANGELES,LOS ANGELES,-118.36270141601564,34.137718200683594
91137448,2019,2019-12-06,9575,2019-11-26,0210,021925,NA,2,3,6,1912,0,1,1,NA,2,051,I-5 N/B (GSF) TO EMPIRE AVENUE,EMPIRE AVENUE,100,S,N,A,-,Y,NA,NA,5,NA,NA,NA,R,NA,N,N,4,0,1,2,A,-,07,21658,A,M,C,C,A,A,H,-,C,D,0,NA,NA,NA,NA,Y,NA,-,99,0,0,1,0,0,0,0,0,0,-,-,34.191280364990234,-118.32627868652344,LOS ANGELES,BURBANK,-118.32627868652344,34.191280364990234
9113745,2020,2020-08-28,1942,2020-05-14,1215,43217,0853,4,5,7,1942,0,0,0,H,0,8A12,SANTA MONICA BL,BELOIT AV,50,E,N,A,-,N,NA,NA,NA,NA,NA,NA,NA,NA,NA,Y,4,0,2,2,A,-,04,21703,NA,N,C,C,A,A,H,-,A,A,0,NA,NA,NA,NA,Y,NA,A,01,0,0,2,0,0,0,0,0,0,-,-,NA,NA,LOS ANGELES,LOS ANGELES,-118.44707489013672,34.04684829711914
91137450,2019,2019-12-06,9545,2019-11-30,0245,019345,NA,6,3,9,1900,0,1,3,NA,2,021,SR-14 S/B,VINCET SUMMIT U/C,181,S,N,A,-,Y,NA,NA,14,NA,NA,NA,NA,NA,S,Y,4,0,1,1,A,-,03,22350,NA,N,F,A,A,C,H,-,C,D,0,NA,NA,NA,NA,Y,NA,A,07,0,0,1,0,0,0,0,0,0,-,-,34.510528564453125,-118.1116180419922,LOS ANGELES,UNINCORPORATED,-118.11151885986328,34.510467529296875
91137456,2019,2019-12-06,9535,2019-11-26,1845,022105,NA,2,2,6,1922,0,1,1,NA,2,400,I-10 (SAN BERNARDINO FREEWAY) E/B,DURFEE AVE,500,W,N,A,-,Y,NA,NA,10,NA,NA,NA,NA,NA,E,N,4,0,1,3,A,-,03,22350,NA,N,C,A,A,A,H,-,D,D,0,NA,NA,NA,NA,Y,NA,A,01,0,0,1,0,0,0,0,0,0,-,-,34.06460189819336,-118.01290130615234,LOS ANGELES,EL MONTE,-118.01287841796876,34.0647087097168
91137471,2019,2019-12-06,9575,2019-12-02,0825,022110,NA,1,1,7,1942,0,1,1,NA,2,061,I-210 E/B (FOOTHILL FREEWAY),LA TUNA CANYON ROAD,6758,W,N,A,-,Y,NA,NA,210,NA,NA,NA,NA,NA,E,N,4,0,1,2,A,-,03,22350,NA,N,C,C,A,A,H,-,A,D,0,NA,NA,NA,NA,Y,NA,D,22,0,0,1,0,0,0,0,0,0,-,-,34.241580963134766,-118.3117904663086,LOS ANGELES,LOS ANGELES,-118.31179809570313,34.24155044555664
91137472,2019,2019-12-06,9550,2019-11-28,1445,022434,NA,4,2,9,1900,0,3,5,NA,2,001,MINES BOULEVARD,BROADWAY AVE,0,NA,Y,C,-,N,NA,NA,NA,NA,NA,NA,NA,NA,NA,Y,3,0,1,3,A,-,01,23152,A,M,D,C,A,B,H,-,A,B,0,NA,NA,NA,NA,Y,Y,A,01,0,1,0,0,0,0,0,0,0,-,-,33.977569580078125,-118.06488800048828,LOS ANGELES,UNINCORPORATED,-118.06479644775392,33.97755813598633
91137476,2019,2019-12-06,9525,2019-11-26,1450,021074,NA,2,2,5,1906,0,1,1,NA,2,651,I-605 S/B (SAN GABRIEL RIVER FWY),I-10,1500,N,N,A,-,Y,NA,NA,605,NA,NA,NA,NA,NA,S,N,3,0,2,1,A,-,08,22107,NA,N,E,I,A,A,H,-,A,D,0,NA,NA,NA,NA,Y,Y,D,22,0,2,0,0,0,0,0,0,0,-,-,34.06953811645508,-118.0007095336914,LOS ANGELES,BALDWIN PARK,-118.00059509277344,34.06951904296875
91137497,2019,2019-12-06,9535,2019-11-26,1155,022214,NA,2,1,5,1901,0,1,1,NA,2,420,I-10 (SAN BERNARDINO FREEWAY) E/B,NEW AVE,255,W,N,A,-,Y,NA,NA,10,NA,NA,NA,NA,NA,E,N,4,0,1,2,A,-,03,22350,NA,N,C,C,A,A,H,-,A,D,0,NA,NA,NA,NA,Y,NA,A,01,0,0,1,0,0,0,0,0,0,-,-,34.07160186767578,-118.10916900634766,LOS ANGELES,ALHAMBRA,-118.10916900634766,34.071651458740234
9113753,2020,2020-08-28,1938,2020-05-14,2252,1083,AREA3,4,5,4,1938,0,0,0,NA,0,003,WHITE AV,BONITA AV,0,NA,Y,A,-,N,NA,NA,NA,NA,NA,NA,NA,NA,NA,N,4,0,1,2,A,-,12,21453,A,N,D,C,A,A,H,-,C,A,0,NA,NA,NA,NA,Y,NA,A,01,0,0,1,0,0,0,0,0,0,-,-,34.09960174560547,-117.76248931884766,LOS ANGELES,LA VERNE,-117.76252746582033,34.099609375
91137530,2019,2019-12-06,9535,2019-11-26,1710,021551,NA,2,2,9,1900,0,2,4,NA,2,024,WHITTIER BLVD.,DITMAN AVE.,0,NA,Y,A,-,Y,NA,NA,NA,NA,NA,NA,NA,NA,NA,N,3,0,1,2,A,-,10,21950,A,N,B,B,B,A,H,-,C,A,0,Y,NA,NA,NA,Y,NA,D,22,0,1,0,0,1,0,0,0,0,-,-,34.02394104003906,-118.18948364257813,LOS ANGELES,UNINCORPORATED,-118.18927764892578,34.023921966552734
91137535,2019,2019-12-06,9530,2019-11-26,1600,022377,NA,2,2,9,1900,0,3,5,NA,2,002,SAN PEDRO ST. (14500 BLOCK),ROSECRANS AVE.,950,S,N,A,-,N,NA,NA,NA,NA,NA,NA,NA,NA,NA,Y,4,0,2,3,A,-,10,21954,B,N,G,B,E,A,H,-,A,D,0,Y,NA,NA,NA,Y,NA,A,01,0,0,2,0,2,0,0,0,0,-,-,33.90010070800781,-118.2686004638672,LOS ANGELES,UNINCORPORATED,-118.26842498779295,33.89939880371094
91137547,2019,2019-12-06,9575,2019-11-28,2058,022110,NA,4,2,6,1953,0,1,1,NA,2,063,I-210 E/B (FOOTHILL FREEWAY),ORANGE GROVE BOULEVARD,665,W,N,C,D,Y,NA,NA,210,NA,NA,NA,NA,NA,E,Y,4,0,3,2,A,-,03,22350,NA,N,C,C,A,C,H,-,D,D,0,NA,NA,NA,NA,Y,NA,A,01,0,0,3,0,0,0,0,0,0,-,-,34.15576934814453,-118.15808868408205,LOS ANGELES,PASADENA,-118.15796661376952,34.15582275390625
91137555,2019,2019-12-06,9535,2019-11-26,1430,022298,NA,2,2,5,1948,0,1,3,NA,2,620,SR-60 E/B (POMONA FREEWAY),PARAMOUNT BOULEVARD,200,W,N,A,-,Y,NA,NA,60,NA,NA,NA,NA,NA,E,Y,4,0,3,5,A,-,07,21658,A,N,B,C,A,A,H,-,A,D,0,NA,NA,NA,NA,Y,NA,D,22,0,0,3,0,0,0,0,0,0,-,-,34.03582000732422,-118.0937271118164,LOS ANGELES,MONTEREY PARK,-118.09371185302734,34.03573226928711
91137559,2019,2019-12-06,9545,2019-12-04,0500,020547,NA,3,3,9,1900,0,1,3,NA,2,031,SR-14 N/B,MOUNTAIN SPRINGS RD,1200,N,N,B,C,Y,NA,NA,NA,NA,NA,NA,NA,NA,NA,Y,3,0,1,1,A,-,03,22350,NA,N,F,A,A,B,H,-,D,D,0,NA,NA,NA,NA,Y,NA,A,01,0,1,0,0,0,0,0,0,0,-,-,34.30162811279297,-118.06561279296876,LOS ANGELES,UNINCORPORATED,-118.11579132080078,34.50443649291992
91137605,2019,2019-12-06,9575,2019-12-03,1700,020556,NA,2,2,6,1925,0,1,3,NA,2,042,SR-134 W/B (VENTURA FREEWAY),BRAND BOULEVARD,500,E,N,A,-,Y,NA,NA,134,NA,NA,NA,NA,NA,W,N,4,0,2,2,A,-,03,22350,NA,M,C,C,A,A,H,-,C,D,0,NA,NA,NA,NA,Y,NA,-,99,0,0,2,0,0,0,0,0,0,-,-,34.15650177001953,-118.24880981445313,LOS ANGELES,GLENDALE,-118.24880981445313,34.156463623046875
9113762,2020,2020-09-14,1942,2020-06-11,0625,37505,1361,4,5,7,1942,0,0,0,M,0,13A61,S BROADWAY,W 50TH ST,0,NA,Y,A,-,N,NA,NA,NA,NA,NA,NA,NA,NA,NA,Y,4,0,4,2,A,-,01,23152,A,N,D,C,A,A,H,-,A,A,0,NA,NA,NA,NA,Y,Y,A,01,0,0,4,0,0,0,0,0,0,-,-,NA,NA,LOS ANGELES,LOS ANGELES,-118.27832794189452,33.997398376464844
91137629,2019,2019-12-06,9535,2019-11-27,1030,022316,NA,3,1,6,1922,0,1,1,NA,2,401,I-10 (SAN BERNARDINO FREEWAY) W/B,SANTA ANITA AVE,1600,W,N,B,C,Y,NA,NA,10,NA,NA,NA,NA,NA,W,N,4,0,1,2,A,-,03,22350,NA,N,C,C,A,B,H,-,A,D,0,NA,NA,NA,NA,Y,NA,D,22,0,0,1,0,0,0,0,0,0,-,-,34.07035827636719,-118.04717254638672,LOS ANGELES,EL MONTE,-118.04717254638672,34.070350646972656
91137645,2019,2020-01-02,9550,2019-11-27,2310,022268,NA,3,3,9,1900,0,3,5,NA,2,002,CARMENITA ROAD,IMPERIAL HIGHWAY,0,NA,Y,C,-,N,NA,NA,NA,NA,NA,NA,NA,NA,NA,Y,4,0,2,2,A,-,12,21453,A,N,D,C,A,B,H,-,C,A,0,NA,NA,NA,NA,Y,NA,A,07,0,0,2,0,0,0,0,0,0,-,-,33.91693878173828,-118.04676055908205,LOS ANGELES,UNINCORPORATED,-118.04680633544922,33.917049407958984
91137667,2019,2019-12-06,9530,2019-11-27,0910,022380,NA,3,1,9,1900,0,3,5,NA,2,001,BROADWAY AVE.,SANTA FE AVE.,0,NA,Y,C,-,N,NA,NA,NA,NA,NA,NA,NA,NA,NA,Y,4,0,1,3,A,-,12,21453,A,N,D,C,A,B,H,-,A,A,0,NA,NA,NA,NA,Y,NA,D,22,0,0,1,0,0,0,0,0,0,-,-,33.96730041503906,-118.2302017211914,LOS ANGELES,UNINCORPORATED,-118.23023223876952,33.96731948852539
9113768,2020,2020-10-29,1900,2020-05-27,1717,632900,1264,3,5,3,1991,0,0,0,NA,0,122P,BERKSHIRE AV,OAKWOOD AV,0,NA,Y,A,-,N,NA,NA,NA,NA,NA,NA,NA,NA,NA,Y,3,0,2,2,A,-,12,22450,A,N,D,C,A,A,H,-,A,A,0,NA,NA,NA,NA,Y,NA,A,01,0,2,0,0,0,0,0,0,0,-,-,34.19355010986328,-118.19394683837892,LOS ANGELES,LA CANADA-FLINTRIDGE,-118.1938934326172,34.19348907470703
91137681,2019,2019-12-06,9530,2019-10-04,1509,022132,NA,5,2,9,1900,0,3,5,NA,2,002,122ND ST. (12200 BLOCK),AVALON BLVD.,205,W,N,A,-,N,NA,NA,NA,NA,NA,NA,NA,NA,NA,N,4,0,1,2,A,-,11,21954,A,N,G,B,D,A,H,-,A,D,0,Y,NA,NA,NA,Y,NA,N,60,0,0,1,0,1,0,0,0,0,-,-,33.921321868896484,-118.26605224609376,LOS ANGELES,UNINCORPORATED,-118.26590728759766,33.92127990722656
91137688,2019,2019-12-06,9575,2019-12-01,1245,022110,NA,7,1,6,1953,0,1,1,NA,2,064,I-210 E/B (FOOTHILL FREEWAY),ORANGE GROVE BOULEVARD,110,E,N,B,-,Y,NA,NA,210,NA,NA,NA,NA,NA,E,Y,4,0,6,4,A,-,03,22350,NA,N,C,C,A,A,H,-,A,D,0,NA,NA,NA,NA,Y,NA,A,01,0,0,6,0,0,0,0,0,0,-,-,34.15351104736328,-118.1572494506836,LOS ANGELES,PASADENA,-118.1570053100586,34.153621673583984
91137702,2019,2019-12-06,9575,2019-11-28,0354,021784,NA,4,3,9,1900,0,1,1,NA,2,065,I-210 W/B (FOOTHILL FREEWAY),MICHILLINDA AVE.,1400,E,N,A,-,Y,NA,NA,NA,NA,NA,NA,NA,NA,NA,Y,4,0,1,2,A,-,03,22350,NA,N,C,C,A,B,H,-,C,D,0,NA,NA,NA,NA,Y,NA,A,01,0,0,1,0,0,0,0,0,0,-,-,34.14897918701172,-118.06285095214844,LOS ANGELES,UNINCORPORATED,-118.06317138671876,34.148921966552734
9113772,2020,2020-10-29,1900,2020-05-05,1033,531480,1262,2,5,3,1991,0,0,0,NA,0,121T1,FOOTHILL BL,HAMPTON RD,0,NA,Y,A,-,N,NA,NA,NA,NA,NA,NA,NA,NA,NA,Y,3,0,1,2,A,-,09,21801,A,N,D,C,A,A,H,-,A,A,0,NA,NA,NA,NA,Y,NA,A,01,0,1,0,0,0,0,0,0,0,-,-,34.19816970825195,-118.18641662597656,LOS ANGELES,LA CANADA-FLINTRIDGE,-118.1864776611328,34.1981201171875
91137739,2019,2019-12-06,9550,2019-11-30,1855,020974,NA,6,2,1,1932,0,1,3,NA,2,600,SR-60 W/B,CROSSROADS PARKWAY,25,W,N,B,-,Y,NA,NA,60,NA,NA,NA,NA,NA,W,Y,4,0,1,3,A,-,03,22350,NA,N,C,C,A,B,H,-,C,D,0,NA,NA,NA,NA,Y,NA,A,07,0,0,1,0,0,0,0,0,0,-,-,34.02920913696289,-118.01287841796876,LOS ANGELES,INDUSTRY,-118.01287841796876,34.029197692871094
91137742,2019,2019-12-06,9545,2019-11-19,0812,017495,NA,2,1,9,1900,0,3,5,NA,2,004,110TH STREET EAST,AVENUE R,0,NA,Y,A,-,N,NA,NA,NA,NA,NA,NA,NA,NA,NA,Y,4,0,1,2,A,-,09,21801,A,N,D,C,A,A,H,-,A,D,0,NA,NA,NA,NA,Y,NA,A,01,0,0,1,0,0,0,0,0,0,-,-,34.572669982910156,-117.93418884277344,LOS ANGELES,UNINCORPORATED,-117.93419647216795,34.5726318359375
91137758,2019,2019-12-06,9525,2019-11-28,2334,022009,NA,4,3,1,1934,0,1,1,NA,2,651,I-605 S/B (SAN GABRIEL RIVER FWY),LIVE OAK AVE.,1584,S,N,B,C,Y,NA,NA,605,NA,NA,NA,NA,NA,S,Y,2,0,4,1,A,-,03,22350,NA,N,E,I,A,B,H,-,C,D,0,NA,NA,NA,NA,Y,NA,A,07,2,1,1,0,0,0,0,0,0,-,-,34.104591369628906,-117.9835968017578,LOS ANGELES,IRWINDALE,-117.98350524902344,34.10454559326172
9113776,2020,2020-10-29,1902,2020-05-26,2045,801,32,2,5,5,1902,0,0,0,NA,0,005,LONGDEN AV,LEE AV,0,NA,Y,A,-,N,NA,NA,NA,NA,NA,NA,NA,NA,NA,N,4,0,1,2,A,-,10,21950,A,F,G,B,B,-,H,-,C,A,0,Y,NA,NA,NA,Y,NA,A,01,0,0,1,0,1,0,0,0,0,-,-,NA,NA,LOS ANGELES,ARCADIA,-118.02597045898438,34.11423110961914
91137769,2019,2019-12-06,9580,2019-11-27,2338,022036,NA,3,3,9,1900,0,3,5,NA,2,013,LAKE MANOR DR,HAZEL ST,100,S,N,C,-,N,NA,NA,NA,NA,NA,NA,NA,NA,NA,Y,4,0,1,1,A,-,01,23152,A,N,E,J,A,B,H,-,C,D,0,NA,NA,NA,NA,Y,Y,A,01,0,0,1,0,0,0,0,0,0,-,-,34.23780059814453,-118.63359832763672,LOS ANGELES,UNINCORPORATED,-118.633598,34.237801
91137786,2019,2019-12-06,9580,2019-11-27,0645,018580,NA,3,1,7,1942,0,1,2,NA,2,106,US-101 N/B (VENTURA FREEWAY),CHESEBRO ROAD,1628,S,N,B,C,Y,NA,NA,NA,NA,NA,NA,NA,NA,NA,Y,3,0,1,2,A,-,08,22107,NA,N,D,C,A,B,H,-,A,D,0,NA,NA,NA,Y,Y,NA,D,22,0,1,0,0,0,0,0,0,0,-,-,34.14104080200195,-118.73319244384766,LOS ANGELES,LOS ANGELES,NA,NA
91137788,2019,2019-12-06,9580,2019-11-30,1655,020800,NA,6,2,7,1942,0,1,3,NA,2,116,SR-118 W/B (RONALD REAGAN FWY.),DE SOTO AVE,30,E,N,C,-,Y,NA,NA,118,NA,NA,NA,NA,NA,W,Y,4,0,1,2,A,-,03,22350,NA,N,A,C,A,B,H,-,C,D,0,NA,NA,NA,NA,Y,NA,A,01,0,0,1,0,0,0,0,0,0,-,-,34.273521423339844,-118.5902099609375,LOS ANGELES,LOS ANGELES,-118.5902099609375,34.273590087890625
9113779,2020,2020-08-27,1931,2020-05-18,1248,5646,1931,1,5,5,1931,0,0,0,NA,0,004,STATE ST,OLIVE ST,0,NA,Y,A,-,N,NA,NA,NA,NA,NA,NA,NA,NA,NA,N,4,0,1,2,-,-,-,NA,NA,N,D,C,A,A,H,-,A,A,0,NA,NA,NA,NA,Y,NA,-,-,0,0,1,0,0,0,0,0,0,-,-,NA,NA,LOS ANGELES,HUNTINGTON PARK,-118.21041870117188,33.96678161621094
91137794,2019,2019-12-06,9580,2019-12-04,0940,019573,NA,3,1,7,1942,0,1,2,NA,2,100,US-101 N/B (HOLLYWOOD FREEWAY),COLDWATER CANYON AVE,800,S,N,B,C,Y,NA,NA,101,NA,NA,NA,NA,NA,N,Y,4,0,2,2,A,-,08,22107,NA,N,D,C,A,B,H,-,A,D,0,NA,NA,NA,NA,Y,NA,A,01,0,0,2,0,0,0,0,0,0,-,-,34.15679931640625,-118.41089630126952,LOS ANGELES,LOS ANGELES,-118.41089630126952,34.15681838989258
91137798,2019,2019-12-06,9580,2019-12-04,1125,016413,NA,3,1,9,1900,0,1,3,NA,2,119,SR-118 W/B (RONALD REAGAN FWY.),ROCKY PEAK RD.,1584,E,N,B,C,Y,NA,NA,118,NA,NA,NA,NA,NA,W,Y,4,0,1,2,A,-,03,22350,NA,N,D,C,A,B,H,-,A,D,0,NA,NA,NA,Y,Y,NA,G,25,0,0,1,0,0,0,0,0,0,-,-,34.27592086791992,-118.62203216552734,LOS ANGELES,UNINCORPORATED,-118.62203216552734,34.27593994140625
91137799,2019,2019-12-06,9525,2019-12-02,1810,022103,NA,1,2,5,1906,0,1,1,NA,2,103,I-10 W/B (SAN BERNARDINO FWY),I-605 N/B (SAN GABRIEL RIVER FWY),1584,E,N,A,-,Y,NA,NA,10,NA,NA,NA,NA,NA,W,Y,4,0,1,2,A,-,03,22350,NA,N,C,C,A,A,H,-,D,D,0,NA,NA,NA,NA,Y,NA,D,22,0,0,1,0,0,0,0,0,0,-,-,34.06591033935547,-117.99488830566406,LOS ANGELES,BALDWIN PARK,-117.99488067626952,34.06584167480469
9113782,2020,2020-08-26,1942,2020-05-23,1610,42539,0581,6,5,7,1942,0,0,0,E,0,5A85,25TH ST,MORAY AV,75,W,N,A,-,N,NA,NA,NA,NA,NA,NA,NA,NA,NA,Y,4,0,1,2,A,-,03,22350,NA,N,C,C,A,A,H,-,A,A,0,NA,NA,NA,NA,Y,Y,A,01,0,0,1,0,0,0,0,0,0,-,-,NA,NA,LOS ANGELES,LOS ANGELES,-118.31510162353516,33.72406768798828
91137827,2019,2019-12-06,9590,2019-11-28,0935,018997,NA,4,1,7,1942,0,1,1,NA,2,052,I-110 N/B (HAF) TO I-10 E/B (SMF),18TH ST,125,N,N,B,C,Y,NA,NA,110,NA,NA,NA,R,NA,N,Y,4,0,1,1,A,-,03,22350,NA,N,E,I,A,B,H,-,A,D,0,NA,NA,NA,NA,Y,NA,A,01,0,0,1,0,0,0,0,0,0,-,-,34.03742980957031,-118.27287292480467,LOS ANGELES,LOS ANGELES,-118.27287292480467,34.03742980957031
91137833,2019,2019-12-06,9575,2019-11-29,1740,016543,NA,5,2,5,1902,0,1,1,NA,2,065,I-210 E/B (FOOTHILL FREEWAY),MICHILLINDA AVENUE,450,E,N,B,-,Y,NA,NA,210,NA,NA,NA,NA,NA,E,N,4,0,1,2,A,-,03,22350,NA,N,C,C,A,A,H,-,D,D,0,NA,NA,NA,NA,Y,NA,D,22,0,0,1,0,0,0,0,0,0,-,-,34.1485710144043,-118.06285858154295,LOS ANGELES,ARCADIA,-118.06285858154295,34.148582458496094
91137838,2019,2019-12-06,9535,2019-11-01,0635,021795,NA,5,1,9,1900,0,1,1,NA,2,421,I-10 (SAN BERNARDINO FREEWAY) W/B,HERBERT AVE,25,E,N,B,-,Y,NA,NA,10,NA,NA,NA,NA,NA,W,Y,4,0,1,3,A,-,03,22350,NA,N,C,C,A,A,H,-,A,D,0,NA,NA,NA,NA,Y,NA,D,22,0,0,1,0,0,0,0,0,0,-,-,34.05821990966797,-118.1791534423828,LOS ANGELES,UNINCORPORATED,-118.17913055419922,34.05818557739258
91137844,2019,2019-12-06,9535,2019-10-31,1618,022343,NA,4,2,9,1900,0,3,5,NA,2,002,AMALIA AVE (900 BLOCK),WHITTIER BLVD.,12,S,N,A,-,N,NA,NA,NA,NA,NA,NA,NA,NA,NA,N,3,0,2,3,A,-,10,21950,A,N,G,B,B,A,H,-,A,D,0,Y,NA,NA,NA,Y,NA,A,01,0,1,1,0,2,0,0,0,0,-,-,34.02006912231445,-118.15635681152344,LOS ANGELES,UNINCORPORATED,-118.15635681152344,34.020179748535156
91137852,2019,2019-12-06,9540,2019-12-04,1255,019254,NA,3,1,9,1900,0,2,4,NA,1,204,BOUQUET CANYON ROAD,TEXAS CANYON ROAD,24816,N,N,B,C,N,NA,NA,NA,NA,NA,NA,NA,NA,NA,Y,4,0,2,1,A,-,03,22350,NA,N,E,I,A,B,H,-,A,D,0,NA,NA,NA,NA,Y,NA,A,07,0,0,2,0,0,0,0,0,0,-,-,34.546348571777344,-118.43408203125,LOS ANGELES,UNINCORPORATED,-118.43317413330078,34.54763412475586
91137865,2019,2019-12-06,9535,2019-11-27,1227,022418,NA,3,1,9,1900,0,2,4,NA,2,024,WHITTIER BLVD,GAGE AVE,0,NA,Y,B,C,N,NA,NA,NA,NA,NA,NA,NA,NA,NA,Y,4,0,3,3,A,-,09,21802,A,N,D,C,A,B,H,-,A,A,0,NA,NA,NA,NA,Y,NA,D,22,0,0,3,0,0,0,0,0,0,-,-,34.02391815185547,-118.18502044677734,LOS ANGELES,UNINCORPORATED,-118.18498992919922,34.023929595947266
91137870,2019,2019-12-06,9525,2019-11-29,1530,021355,NA,5,2,1,1934,0,1,1,NA,2,652,I-605 N/B TO LIVE OAK AVENUE W/B,LIVE OAK AVE.,20,N,N,A,-,Y,NA,NA,605,NA,NA,NA,R,NA,N,N,4,0,1,2,A,-,03,22350,NA,N,C,C,A,A,H,-,A,D,0,NA,NA,NA,NA,Y,NA,A,01,0,0,1,0,0,0,0,0,0,-,-,34.1088981628418,-117.9801025390625,LOS ANGELES,IRWINDALE,-117.9801025390625,34.1088981628418