CASE_ID,ACCIDENT_YEAR,PROC_DATE,JURIS,COLLISION_DATE,COLLISION_TIME,OFFICER_ID,REPORTING_DISTRICT,DAY_OF_WEEK,CHP_SHIFT,POPULATION,CNTY_CITY_LOC,SPECIAL_COND,BEAT_TYPE,CHP_BEAT_TYPE,CITY_DIVISION_LAPD,CHP_BEAT_CLASS,BEAT_NUMBER,PRIMARY_RD,SECONDARY_RD,DISTANCE,DIRECTION,INTERSECTION,WEATHER_1,WEATHER_2,STATE_HWY_IND,CALTRANS_COUNTY,CALTRANS_DISTRICT,STATE_ROUTE,ROUTE_SUFFIX,POSTMILE_PREFIX,POSTMILE,LOCATION_TYPE,RAMP_INTERSECTION,SIDE_OF_HWY,TOW_AWAY,COLLISION_SEVERITY,NUMBER_KILLED,NUMBER_INJURED,PARTY_COUNT,PRIMARY_COLL_FACTOR,PCF_CODE_OF_VIOL,PCF_VIOL_CATEGORY,PCF_VIOLATION,PCF_VIOL_SUBSECTION,HIT_AND_RUN,TYPE_OF_COLLISION,MVIW,PED_ACTION,ROAD_SURFACE,ROAD_COND_1,ROAD_COND_2,LIGHTING,CONTROL_DEVICE,CHP_ROAD_TYPE,PEDESTRIAN_ACCIDENT,BICYCLE_ACCIDENT,MOTORCYCLE_ACCIDENT,TRUCK_ACCIDENT,NOT_PRIVATE_PROPERTY,ALCOHOL_INVOLVED,STWD_VEHTYPE_AT_FAULT,CHP_VEHTYPE_AT_FAULT,COUNT_SEVERE_INJ,COUNT_VISIBLE_INJ,COUNT_COMPLAINT_PAIN,COUNT_PED_KILLED,COUNT_PED_INJURED,COUNT_BICYCLIST_KILLED,COUNT_BICYCLIST_INJURED,COUNT_MC_KILLED,COUNT_MC_INJURED,PRIMARY_RAMP,SECONDARY_RAMP,LATITUDE,LONGITUDE,COUNTY,CITY,POINT_X,POINT_Y
91141701,2019,2019-12-12,9535,2019-12-02,1755,022298,NA,1,2,9,1900,0,1,1,NA,2,650,I-605 N/B (SAN GABRIEL RIVER FREEWAY),WALNUT CREEK BRIDGE,850,S,N,B,-,Y,NA,NA,605,NA,NA,NA,NA,NA,N,N,4,0,5,5,A,-,03,22350,NA,N,C,C,A,A,H,-,D,D,0,NA,NA,NA,NA,Y,NA,D,22,0,0,5,0,0,0,0,0,0,-,-,34.05820083618164,-118.00196838378906,LOS ANGELES,UNINCORPORATED,-118.0019760131836,34.058204650878906
91141711,2019,2019-12-12,9590,2019-12-04,1120,022384,NA,3,1,7,1942,0,1,1,NA,2,013,SR-110 S/B (ARROYO SECO PARKWAY),STONEY DR,1100,S,N,C,-,Y,NA,NA,110,NA,NA,NA,NA,NA,S,N,3,0,1,1,A,-,08,22107,NA,N,E,I,A,B,H,-,A,D,0,NA,NA,NA,NA,Y,NA,A,01,0,1,0,0,0,0,0,0,0,-,-,34.116031646728516,-118.17156982421876,LOS ANGELES,LOS ANGELES,-118.17154693603516,34.116004943847656
91141728,2019,2019-12-12,9590,2019-12-09,1205,017520,NA,1,1,7,1942,0,1,1,NA,2,050,I-110 N/B (HAF),MANCHESTER AVE,200,S,N,A,-,Y,NA,NA,110,NA,NA,NA,NA,NA,N,N,4,0,1,2,A,-,03,22350,NA,N,C,C,A,A,H,-,A,D,0,NA,NA,NA,NA,Y,NA,A,07,0,0,1,0,0,0,0,0,0,-,-,33.96004867553711,-118.280517578125,LOS ANGELES,LOS ANGELES,-118.2807159423828,33.96004867553711
91141740,2019,2019-12-12,9545,2019-12-07,0030,022265,NA,6,3,9,1900,0,3,5,NA,2,004,170TH ST  E,AVENUE J,90,N,N,A,-,N,NA,NA,NA,NA,NA,NA,NA,NA,NA,Y,3,0,1,1,A,-,12,22450,A,N,E,I,A,B,H,-,C,A,0,NA,NA,NA,NA,Y,NA,A,01,0,1,0,0,0,0,0,0,0,-,-,34.69013977050781,-117.8271484375,LOS ANGELES,UNINCORPORATED,-117.82724761962892,34.68983840942383
91141744,2019,2019-12-12,9535,2019-11-24,1705,022321,NA,7,2,5,1969,0,1,1,NA,2,074,I-710 (LONG BEACH FREEWAY) N/B,IMPERIAL HWY,100,N,N,A,-,Y,NA,NA,710,NA,NA,NA,NA,NA,N,N,4,0,2,2,A,-,03,22350,NA,N,C,C,A,A,H,-,B,D,0,NA,NA,NA,NA,Y,NA,A,01,0,0,2,0,0,0,0,0,0,-,-,33.93128967285156,-118.17857360839844,LOS ANGELES,SOUTH GATE,-118.17860412597656,33.931297302246094
91141745,2019,2019-12-12,9575,2019-12-03,0800,022110,NA,2,1,7,1942,0,1,3,NA,2,070,I-5 S/B FROM SR-118 W/B TRANSITION,PAXTON STREET (NORTH ROAD EDGE),13,S,N,B,-,Y,NA,NA,5,NA,NA,NA,R,NA,S,Y,4,0,1,2,D,-,00,NA,NA,N,C,C,A,A,H,-,A,D,0,NA,NA,Y,NA,Y,NA,-,-,0,0,1,0,0,0,0,0,1,-,-,34.26274871826172,-118.44133758544922,LOS ANGELES,LOS ANGELES,-118.44133758544922,34.26274871826172
91141751,2019,2019-12-12,9535,2019-11-19,0600,022336,NA,2,1,5,1901,0,1,1,NA,2,421,I-10 (SAN BERNARDINO FREEWAY) W/B,WARWICK RD POC,600,W,N,A,-,Y,NA,NA,10,NA,NA,NA,NA,NA,W,N,4,0,1,2,A,-,03,22350,NA,N,C,C,A,A,H,-,A,D,0,NA,NA,NA,Y,Y,NA,F,55,0,0,1,0,0,0,0,0,0,-,-,34.06394958496094,-118.1596908569336,LOS ANGELES,ALHAMBRA,-118.15975189208984,34.064125061035156
91141755,2019,2019-12-12,9535,2019-11-08,1637,022305,NA,5,2,4,1907,0,1,1,NA,2,072,I-710 N/B TO FLORENCE AVE.,FLORENCE AVE,285,S,N,A,-,Y,NA,NA,NA,NA,NA,NA,NA,NA,NA,N,4,0,1,2,A,-,03,22350,NA,N,C,C,A,A,H,-,A,D,0,NA,NA,NA,NA,Y,NA,A,01,0,0,1,0,0,0,0,0,0,-,-,33.19670867919922,-118.16661834716795,LOS ANGELES,BELL,-118.16783142089844,33.96738815307617
91141765,2019,2019-12-12,9575,2019-12-04,0640,015204,NA,3,1,6,1953,0,1,1,NA,2,063,I-210 E/B (FOOTHILL FREEWAY),WASHINGTON BLVD,400,W,N,B,C,Y,NA,NA,210,NA,NA,NA,NA,NA,E,Y,4,0,1,3,A,-,03,22350,NA,N,C,C,A,B,H,-,A,D,0,NA,NA,NA,NA,Y,NA,A,01,0,0,1,0,0,0,0,0,0,-,-,34.17116165161133,-118.157958984375,LOS ANGELES,PASADENA,-118.15809631347656,34.1711311340332
91141774,2019,2019-12-12,9545,2019-12-09,0430,020244,NA,1,3,6,1950,0,1,3,NA,2,021,SR-14 N/B,AVENUE O-8,800,S,N,A,-,Y,NA,NA,14,NA,NA,NA,NA,NA,N,Y,4,0,1,1,A,-,08,22107,NA,N,E,I,A,A,H,-,B,D,0,NA,NA,NA,NA,Y,NA,A,01,0,0,1,0,0,0,0,0,0,-,-,34.606258392333984,-118.14859771728516,LOS ANGELES,PALMDALE,-118.14852905273438,34.606353759765625
91141792,2019,2019-12-12,9530,2019-12-02,2320,021273,NA,1,3,7,1941,0,1,1,NA,2,420,I-405 S/B (SAN DIEGO FREEWAY),LAKEWOOD BLVD.,900,N,N,A,-,Y,NA,NA,405,NA,NA,NA,NA,NA,S,Y,3,0,2,1,A,-,08,22107,NA,N,E,I,A,A,H,-,D,D,0,NA,NA,Y,NA,Y,NA,C,02,0,2,0,0,0,0,0,0,2,-,-,33.806068420410156,-118.14550018310548,LOS ANGELES,LONG BEACH,-118.14549255371094,33.80612564086914
91141805,2019,2020-03-12,9575,2019-09-19,0140,021566,NA,4,3,7,1942,0,1,1,NA,2,053,I-5 N/B TO TERRA BELLA ST.,END OF SOUND WALL,52,E,N,B,-,Y,NA,NA,5,NA,NA,NA,R,NA,N,Y,1,1,0,1,A,-,03,22350,NA,N,E,I,A,A,H,-,C,D,0,NA,NA,Y,NA,Y,NA,C,02,0,0,0,0,0,0,0,1,0,-,-,34.251678466796875,-118.4290008544922,LOS ANGELES,LOS ANGELES,-118.4290008544922,34.251678466796875
91141818,2019,2019-12-12,9565,2019-12-02,0720,021021,NA,1,1,9,1900,0,2,4,NA,1,032,SLAUSON AVE,SHENANDOAH AVE,350,W,N,A,C,N,NA,NA,NA,NA,NA,NA,NA,NA,NA,Y,4,0,1,2,A,-,09,21801,A,N,D,C,A,B,H,-,A,D,0,NA,NA,NA,NA,Y,NA,A,01,0,0,1,0,0,0,0,0,0,-,-,33.98889923095703,-118.3787078857422,LOS ANGELES,UNINCORPORATED,-118.3784637451172,33.98876953125
91141819,2019,2019-12-12,9540,2019-12-09,0720,021131,NA,1,1,7,1942,0,1,1,NA,2,213,I-210 E/B FROM POLK ST.,POLK ST.,280,E,N,A,-,Y,NA,NA,210,NA,NA,NA,R,NA,E,Y,4,0,2,2,A,-,03,22350,NA,N,C,C,A,A,H,-,B,D,0,NA,NA,NA,NA,Y,NA,A,01,0,0,2,0,0,0,0,0,0,-,-,34.31565856933594,-118.43952941894533,LOS ANGELES,LOS ANGELES,-118.43952941894533,34.31565856933594
91141820,2019,2019-12-12,9550,2019-10-28,1730,022376,NA,1,2,5,1919,0,1,3,NA,2,092,SR-91 W/B (ARTESIA FREEWAY),BLOOMFIELD AVE,30,E,N,A,-,Y,NA,NA,91,NA,NA,NA,NA,NA,W,N,4,0,1,2,A,-,03,22350,NA,F,C,C,A,A,H,-,A,D,0,NA,NA,NA,NA,Y,NA,A,01,0,0,1,0,0,0,0,0,0,-,-,33.87501907348633,-118.06292724609376,LOS ANGELES,CERRITOS,-118.0629653930664,33.87494659423828
91141837,2019,2019-12-12,9540,2019-12-08,0225,021389,NA,7,3,7,1942,0,1,1,NA,2,210,I-210 W/B (FOOTHILL FREEWAY),HUBBARD ST,1056,W,N,B,C,Y,NA,NA,210,NA,NA,NA,NA,NA,W,Y,4,0,1,2,A,-,03,22350,NA,N,C,C,A,B,H,-,D,D,0,NA,NA,NA,NA,Y,NA,A,01,0,0,1,0,0,0,0,0,0,-,-,34.31052017211914,-118.43179321289064,LOS ANGELES,LOS ANGELES,-118.43183135986328,34.31047058105469
91141838,2019,2019-12-12,9550,2019-12-02,1800,022434,NA,1,2,9,1900,0,1,1,NA,2,650,I-605 N/B,BEXLEY DR.,400,N,N,A,-,Y,NA,NA,605,NA,NA,NA,NA,NA,N,N,4,0,2,3,A,-,03,22350,NA,N,C,C,A,A,H,-,B,D,0,NA,NA,NA,NA,Y,NA,A,01,0,0,2,0,0,0,0,0,0,-,-,33.9882698059082,-118.070556640625,LOS ANGELES,UNINCORPORATED,-118.07051849365234,33.98825454711914
91141858,2019,2019-12-12,9580,2019-12-02,1215,020983,NA,1,1,7,1942,0,1,1,NA,2,405,I-405 S/B (SAN DIEGO FWY),VALLEY VISTA BOULEVARD,200,S,N,A,-,Y,NA,NA,405,NA,NA,NA,NA,NA,S,N,4,0,1,2,A,-,03,22350,NA,N,C,C,A,A,H,-,A,D,0,NA,NA,NA,NA,Y,NA,D,22,0,0,1,0,0,0,0,0,0,-,-,34.15304946899414,-118.4681396484375,LOS ANGELES,LOS ANGELES,-118.46811676025392,34.15304946899414
91141859,2019,2019-12-12,9545,2019-12-10,1750,021685,NA,2,2,9,1900,0,3,5,NA,2,002,AVENUE M (1500 BLOCK),SR-14,400,W,N,A,-,N,NA,NA,NA,NA,NA,NA,NA,NA,NA,Y,3,0,2,2,A,-,08,22107,NA,N,A,C,A,A,H,-,C,D,0,NA,NA,NA,NA,Y,NA,A,01,0,1,1,0,0,0,0,0,0,-,-,34.645748138427734,-118.15480041503906,LOS ANGELES,UNINCORPORATED,NA,NA
91141862,2019,2019-12-12,9535,2019-12-03,2000,022343,NA,2,2,4,1907,0,1,1,NA,2,073,I-710 (LONG BEACH FREEWAY) S/B,GAGE AVE,1160,N,N,B,-,Y,NA,NA,710,NA,NA,NA,NA,NA,S,Y,3,0,1,1,A,-,08,22107,NA,N,E,I,A,B,H,-,C,D,0,NA,NA,NA,NA,Y,NA,A,07,0,1,0,0,0,0,0,0,0,-,-,33.979209899902344,-118.16748809814452,LOS ANGELES,BELL,-118.16751098632813,33.979209899902344
91141880,2019,2019-12-12,9575,2019-12-03,1650,016536,NA,2,2,9,1900,0,3,5,NA,2,008,VISTA ST.,SUNNY SLOPE DR.,85,S,N,B,-,N,NA,NA,NA,NA,NA,NA,NA,NA,NA,Y,2,0,2,2,A,-,08,22107,NA,N,A,E,A,A,H,-,D,D,0,NA,NA,NA,NA,Y,NA,A,07,1,1,0,0,0,0,0,0,0,-,-,34.12662887573242,-118.08602142333984,LOS ANGELES,UNINCORPORATED,-118.08625793457033,34.12676239013672
91141884,2019,2019-12-12,9535,2019-12-03,1830,022243,NA,2,2,5,1943,0,1,1,NA,2,075,I-710 (LONG BEACH FREEWAY) S/B,I-105,3500,N,N,B,-,Y,NA,NA,710,NA,NA,NA,NA,NA,S,Y,4,0,1,3,A,-,03,22350,NA,N,C,C,A,B,H,-,C,D,0,NA,NA,NA,NA,Y,NA,A,01,0,0,1,0,0,0,0,0,0,-,-,33.92169952392578,-118.17845153808594,LOS ANGELES,LYNWOOD,-118.17835998535156,33.92168045043945
91141886,2019,2019-12-12,9565,2019-12-02,1933,022437,NA,1,2,9,1900,0,3,5,NA,2,002,122ND STREET,HALLDALE AVENUE,210,E,N,A,-,N,NA,NA,NA,NA,NA,NA,NA,NA,NA,Y,4,0,1,2,A,-,08,22107,NA,N,B,E,A,A,H,-,C,D,0,NA,NA,NA,NA,Y,NA,A,01,0,0,1,0,0,0,0,0,0,-,-,33.92210006713867,-118.30158996582033,LOS ANGELES,UNINCORPORATED,-118.30165863037108,33.922115325927734
91141890,2019,2019-12-12,9550,2019-12-05,1715,022222,NA,4,2,9,1900,0,3,5,NA,2,002,LAMBERT ROAD,FIRST AVENUE,500,W,N,A,-,N,NA,NA,NA,NA,NA,NA,NA,NA,NA,Y,4,0,1,3,A,-,03,22350,NA,N,C,C,A,A,H,-,C,A,0,NA,NA,NA,NA,Y,NA,D,22,0,0,1,0,0,0,0,0,0,-,-,33.930419921875,-117.98738861083984,LOS ANGELES,UNINCORPORATED,-117.98687744140624,33.93034744262695
91141904,2019,2019-12-12,9545,2019-12-10,1410,021685,NA,2,2,9,1900,0,3,5,NA,2,002,AVENUE O (2000 BLOCK),20TH STREET W. (40000 BLOCK),175,W,N,A,-,N,NA,NA,NA,NA,NA,NA,NA,NA,NA,Y,4,0,1,2,A,-,08,22107,NA,N,B,C,A,A,H,-,A,D,0,NA,NA,NA,NA,Y,NA,A,01,0,0,1,0,0,0,0,0,0,-,-,34.616371154785156,-118.1662826538086,LOS ANGELES,UNINCORPORATED,-118.16607666015624,34.616390228271484
91141911,2019,2019-12-12,9580,2019-12-02,1044,019952,NA,1,1,7,1942,0,1,2,NA,2,104,US-101 N/B (VENTURA FREEWAY),DE SOTO AVE,1320,S,N,A,-,Y,NA,NA,101,NA,NA,NA,NA,NA,N,Y,4,0,2,4,A,-,03,22350,NA,M,C,C,A,A,H,-,A,D,0,NA,NA,NA,NA,Y,NA,A,01,0,0,2,0,0,0,0,0,0,-,-,34.169898986816406,-118.57730102539064,LOS ANGELES,LOS ANGELES,-118.57731628417967,34.1699333190918
91141915,2019,2019-12-12,9575,2019-12-04,1540,016536,NA,3,2,9,1900,0,3,5,NA,2,008,ROSE VILLA ST.,BERKLEY AVE.,15,E,N,B,-,N,NA,NA,NA,NA,NA,NA,NA,NA,NA,N,4,0,1,2,A,-,08,22107,NA,N,A,C,A,B,H,-,A,A,0,NA,NA,NA,NA,Y,NA,A,07,0,0,1,0,0,0,0,0,0,-,-,34.1409797668457,-118.10922241210938,LOS ANGELES,UNINCORPORATED,-118.1093978881836,34.14078903198242
91141931,2019,2019-12-12,9535,2019-12-03,1455,022287,NA,2,2,6,1922,0,1,1,NA,2,400,I-10 (SAN BERNARDINO FREEWAY) E/B,DURFEE AVENUE.,100,E,N,B,-,Y,NA,NA,10,NA,NA,NA,NA,NA,E,Y,4,0,2,2,A,-,03,22350,NA,N,C,C,A,A,H,-,A,D,0,NA,NA,NA,Y,Y,NA,F,27,0,0,2,0,0,0,0,0,0,-,-,34.06399917602539,-118.00990295410156,LOS ANGELES,EL MONTE,-118.00988006591795,34.0640869140625
91141943,2019,2019-12-12,9530,2019-12-02,0643,016606,NA,1,1,7,1941,0,1,1,NA,2,420,I-405 N/B (SAN DIEGO FREEWAY),SANTA FE AVE.,60,N,N,A,-,Y,NA,NA,405,NA,NA,NA,NA,NA,N,N,4,0,1,2,A,-,03,22350,NA,N,C,C,A,A,H,-,A,D,0,NA,NA,NA,NA,Y,NA,A,07,0,0,1,0,0,0,0,0,0,-,-,33.82558822631836,-118.21614837646484,LOS ANGELES,LONG BEACH,-118.21613311767578,33.825443267822266
91141951,2019,2019-12-12,9575,2019-12-05,0750,020887,NA,4,1,6,1953,0,1,1,NA,2,063,I-210 W/B (FOOTHILL FREEWAY),HOWARD STREET U/C,367,E,N,A,-,Y,NA,NA,210,NA,NA,NA,NA,NA,W,Y,2,0,2,2,A,-,03,22350,NA,N,C,C,A,A,H,-,A,D,0,NA,NA,NA,Y,Y,NA,A,08,1,0,1,0,0,0,0,0,0,-,-,34.172401428222656,-118.158203125,LOS ANGELES,PASADENA,-118.15829467773438,34.172359466552734
91141952,2019,2019-12-12,9565,2019-11-23,0025,022056,NA,6,3,7,1942,0,1,1,NA,2,083,I-10 W/B (SANTA MONICA FREEWAY),NATIONAL BOULEVARD,200,W,N,A,-,Y,NA,NA,10,NA,NA,NA,NA,NA,W,Y,3,0,1,1,A,-,01,23152,A,N,E,I,A,A,H,-,C,D,0,NA,NA,NA,NA,Y,Y,A,07,0,1,0,0,0,0,0,0,0,-,-,34.031978607177734,-118.41950225830078,LOS ANGELES,LOS ANGELES,-118.41950225830078,34.03190612792969
91141985,2019,2019-12-12,9550,2019-12-06,0650,019518,NA,5,1,9,1900,0,1,1,NA,2,650,INTERSTATE 605 TO TELEGRAPH RD W/B,TELEGRAPH ROAD,5,N,N,A,-,Y,NA,NA,NA,NA,NA,NA,NA,NA,NA,Y,4,0,1,2,A,-,03,22350,NA,N,C,C,A,A,H,-,A,A,0,NA,NA,NA,NA,Y,NA,A,01,0,0,1,0,0,0,0,0,0,-,-,33.949501037597656,-118.09110260009766,LOS ANGELES,UNINCORPORATED,-118.0920639038086,33.94973373413086
91141998,2019,2019-12-12,9535,2019-10-30,0735,022339,NA,3,1,9,1900,0,3,5,NA,2,002,6TH ST. (5100 BLOCK),WOODS AVE,7,E,N,A,-,N,NA,NA,NA,NA,NA,NA,NA,NA,NA,N,3,0,1,2,A,-,10,21950,A,N,G,B,B,A,H,-,A,A,0,Y,NA,NA,NA,Y,NA,D,22,0,1,0,0,1,0,0,0,0,-,-,34.025089263916016,-118.15692138671876,LOS ANGELES,UNINCORPORATED,-118.1570053100586,34.02510452270508
91142000,2019,2019-12-12,9565,2019-12-07,0150,021951,NA,6,3,7,1942,0,1,1,NA,2,064,I-405 S/B (SAN DIEGO FWY),SKIRBALL CENTER DR,2112,S,N,B,C,Y,NA,NA,405,NA,NA,NA,NA,NA,S,Y,3,0,1,1,A,-,01,23152,A,N,E,I,A,B,H,-,C,D,0,NA,NA,NA,NA,Y,Y,A,01,0,1,0,0,0,0,0,0,0,-,-,34.117408752441406,-118.48206329345705,LOS ANGELES,LOS ANGELES,-118.48192596435548,34.117401123046875
91142014,2019,2019-12-12,9550,2019-12-02,0605,021934,NA,1,1,9,1900,0,1,3,NA,2,090,SR-91 W/B,ATLANTIC AVENUE,1600,E,N,A,-,Y,NA,NA,NA,NA,NA,NA,NA,NA,NA,N,4,0,1,2,A,-,03,22350,NA,N,C,C,A,A,H,-,B,D,0,NA,NA,NA,NA,Y,NA,A,01,0,0,1,0,0,0,0,0,0,-,-,33.87710189819336,-118.18041229248048,LOS ANGELES,UNINCORPORATED,-118.18085479736328,33.87697982788086
91142042,2019,2019-12-12,9550,2019-12-05,1245,022391,NA,4,1,9,1900,0,2,4,NA,1,041,AZUSA AVENUE SOUTHBOUND,SR-60 EASTBOUND OFFRAMP,0,NA,Y,A,-,N,NA,NA,NA,NA,NA,NA,NA,NA,NA,Y,4,0,1,2,A,-,12,21453,A,N,A,C,A,A,H,-,A,A,0,NA,NA,NA,NA,Y,NA,A,01,0,0,1,0,0,0,0,0,0,-,-,33.9958610534668,-117.93132781982422,LOS ANGELES,UNINCORPORATED,-117.931342,33.995812
91142047,2019,2019-12-12,9550,2019-12-05,1545,021656,NA,4,2,9,1900,0,2,4,NA,1,015,PIONEER BOULEVARD N/B,DANBY AVENUE,50,N,N,A,-,N,NA,NA,NA,NA,NA,NA,NA,NA,NA,N,4,0,1,2,A,-,03,22350,NA,N,C,C,A,A,H,-,A,D,0,NA,NA,NA,NA,Y,NA,A,01,0,0,1,0,0,0,0,0,0,-,-,33.97755813598633,-118.07755279541016,LOS ANGELES,UNINCORPORATED,-118.0776138305664,33.977622985839844
91142048,2019,2019-12-12,9550,2019-12-06,2250,022180,NA,5,3,5,1919,0,1,1,NA,2,651,I-605 N/B (SAN GABRIEL RIVER FWY),SR-91,1000,N,N,C,-,Y,NA,NA,605,NA,NA,NA,NA,NA,N,Y,3,0,2,2,A,-,08,22107,NA,N,C,C,A,B,H,-,D,D,0,NA,NA,NA,NA,Y,NA,A,01,0,2,0,0,0,0,0,0,0,-,-,33.87969970703125,-118.1033172607422,LOS ANGELES,CERRITOS,-118.10342407226564,33.879669189453125
91142050,2019,2019-12-12,9590,2019-12-06,2002,022136,NA,5,2,7,1942,0,1,1,NA,2,080,I-5 N/B (SANTA ANA FREEWAY),BOYLE AVE.,800,N,N,A,-,Y,NA,NA,5,NA,NA,NA,NA,NA,N,N,4,0,3,2,A,-,07,21658,A,F,B,C,A,B,H,-,C,D,0,NA,NA,NA,NA,Y,NA,-,99,0,0,3,0,0,0,0,0,0,-,-,34.04010009765625,-118.21891021728516,LOS ANGELES,LOS ANGELES,-118.21896362304688,34.04013442993164
91142058,2019,2019-12-12,9580,2019-12-04,1745,020451,NA,3,2,7,1942,0,1,2,NA,2,105,US-101 S/B (VENTURA FREEWAY),SR-27 (TOPANGA CYN BLVD),1056,S,N,B,-,Y,NA,NA,101,NA,NA,NA,NA,NA,S,Y,4,0,3,4,A,-,03,22350,NA,N,C,C,A,A,H,-,D,D,0,NA,NA,NA,NA,Y,NA,A,01,0,0,3,0,0,0,0,0,0,-,-,34.16997146606445,-118.60176849365234,LOS ANGELES,LOS ANGELES,-118.6017608642578,34.170021057128906
91142068,2019,2019-12-12,9590,2019-12-06,1925,022173,NA,5,2,7,1942,0,1,1,NA,2,053,I-110 S/B (HARBOR FREEWAY),11TH ST,500,N,N,A,-,Y,NA,NA,110,NA,NA,NA,NA,NA,S,N,4,0,1,3,A,-,03,22350,NA,N,C,C,A,A,H,-,C,D,0,NA,NA,NA,NA,Y,NA,A,01,0,0,1,0,0,0,0,0,0,-,-,34.0461311340332,-118.26986694335938,LOS ANGELES,LOS ANGELES,-118.26982879638672,34.046058654785156
91142075,2019,2019-12-12,9590,2019-12-11,1150,013179,NA,3,1,7,1942,0,1,1,NA,2,062,I-10 E/B (SANTA MONICA FREEWAY),VERMONT AVENUE,150,W,N,A,-,Y,NA,NA,10,NA,NA,NA,NA,NA,E,Y,4,0,1,2,A,-,03,22350,NA,N,C,C,A,A,H,-,A,D,0,NA,NA,NA,NA,Y,NA,A,01,0,0,1,0,0,0,0,0,0,-,-,34.036869049072266,-118.29297637939452,LOS ANGELES,LOS ANGELES,-118.29297637939452,34.03685760498047
91142089,2019,2019-12-12,9590,2019-12-07,0920,017520,NA,6,1,7,1942,0,1,1,NA,2,051,I-110 S/B (HAF),FLORENCE AVE,200,N,N,B,C,Y,NA,NA,110,NA,NA,NA,NA,NA,S,N,4,0,2,2,A,-,03,22350,NA,N,C,C,A,A,H,-,A,D,0,NA,NA,NA,NA,Y,NA,A,01,0,0,2,0,0,0,0,0,0,-,-,33.97542953491211,-118.28119659423828,LOS ANGELES,LOS ANGELES,-118.28092956542967,33.97542953491211
91142096,2019,2019-12-12,9530,2019-12-02,1250,021493,NA,1,1,9,1900,0,3,5,NA,2,003,ATLANTIC AVE. (15400 BLOCK),MYRRH ST.,100,N,N,A,-,N,NA,NA,NA,NA,NA,NA,NA,NA,NA,N,4,0,1,2,A,-,11,21954,A,N,G,B,E,A,H,-,A,D,0,Y,NA,NA,NA,Y,NA,N,60,0,0,1,0,1,0,0,0,0,-,-,33.8927001953125,-118.19328308105467,LOS ANGELES,UNINCORPORATED,-118.19319152832033,33.89273452758789
91142116,2019,2019-12-12,9550,2019-12-06,0400,022139,NA,5,3,6,1949,0,1,1,NA,2,500,INTERSTATE 5 NORTHBOUND,LAKEWOOD BOULEVARD,1800,S,N,A,-,Y,NA,NA,NA,NA,NA,NA,NA,NA,NA,Y,4,0,1,2,A,-,08,22107,NA,N,B,C,A,A,H,-,D,D,0,NA,NA,NA,NA,Y,NA,A,07,0,0,1,0,0,0,0,0,0,-,-,33.9545783996582,-118.10701751708984,LOS ANGELES,NORWALK,-118.10732269287108,33.95479202270508
91142127,2019,2019-12-12,9525,2019-12-01,0930,018761,NA,7,1,9,1900,0,1,3,NA,1,024,SR-39 SB (SAN GABRIEL CANYON RD.),SAN GABRIEL DAM,11827,N,N,B,-,Y,NA,NA,39,NA,NA,NA,NA,NA,S,Y,2,0,1,1,A,-,03,22350,NA,N,F,A,A,A,H,-,A,D,0,NA,NA,Y,NA,Y,NA,C,02,1,0,0,0,0,0,0,0,1,-,-,34.21670150756836,-117.856201171875,LOS ANGELES,UNINCORPORATED,-117.8562469482422,34.216819763183594
91142129,2019,2019-12-12,9550,2019-12-12,0920,018161,NA,4,1,9,1900,0,1,1,NA,2,650,INTERSTATE 605 SOUTHBOUND,PECK ROAD,300,S,N,A,-,Y,NA,NA,NA,NA,NA,NA,NA,NA,NA,N,3,0,1,2,A,-,03,22350,NA,N,C,C,A,A,H,-,A,D,0,NA,NA,NA,NA,Y,NA,D,22,0,1,0,0,0,0,0,0,0,-,-,34.02341842651367,-118.04434204101564,LOS ANGELES,UNINCORPORATED,-118.03842163085938,34.02693176269531
91142150,2019,2019-12-12,9535,2019-12-02,0935,022335,NA,1,1,9,1900,0,2,4,NA,2,012,CITY TERRACE DR (4200 BLOCK),LAFLER DR,45,W,N,A,-,N,NA,NA,NA,NA,NA,NA,NA,NA,NA,N,4,0,4,2,A,-,21,22106,NA,N,B,C,A,A,H,-,A,D,0,NA,NA,NA,NA,Y,NA,A,01,0,0,4,0,0,0,0,0,0,-,-,34.05733108520508,-118.17410278320313,LOS ANGELES,UNINCORPORATED,-118.17404174804688,34.05733108520508