CASE_ID,ACCIDENT_YEAR,PROC_DATE,JURIS,COLLISION_DATE,COLLISION_TIME,OFFICER_ID,REPORTING_DISTRICT,DAY_OF_WEEK,CHP_SHIFT,POPULATION,CNTY_CITY_LOC,SPECIAL_COND,BEAT_TYPE,CHP_BEAT_TYPE,CITY_DIVISION_LAPD,CHP_BEAT_CLASS,BEAT_NUMBER,PRIMARY_RD,SECONDARY_RD,DISTANCE,DIRECTION,INTERSECTION,WEATHER_1,WEATHER_2,STATE_HWY_IND,CALTRANS_COUNTY,CALTRANS_DISTRICT,STATE_ROUTE,ROUTE_SUFFIX,POSTMILE_PREFIX,POSTMILE,LOCATION_TYPE,RAMP_INTERSECTION,SIDE_OF_HWY,TOW_AWAY,COLLISION_SEVERITY,NUMBER_KILLED,NUMBER_INJURED,PARTY_COUNT,PRIMARY_COLL_FACTOR,PCF_CODE_OF_VIOL,PCF_VIOL_CATEGORY,PCF_VIOLATION,PCF_VIOL_SUBSECTION,HIT_AND_RUN,TYPE_OF_COLLISION,MVIW,PED_ACTION,ROAD_SURFACE,ROAD_COND_1,ROAD_COND_2,LIGHTING,CONTROL_DEVICE,CHP_ROAD_TYPE,PEDESTRIAN_ACCIDENT,BICYCLE_ACCIDENT,MOTORCYCLE_ACCIDENT,TRUCK_ACCIDENT,NOT_PRIVATE_PROPERTY,ALCOHOL_INVOLVED,STWD_VEHTYPE_AT_FAULT,CHP_VEHTYPE_AT_FAULT,COUNT_SEVERE_INJ,COUNT_VISIBLE_INJ,COUNT_COMPLAINT_PAIN,COUNT_PED_KILLED,COUNT_PED_INJURED,COUNT_BICYCLIST_KILLED,COUNT_BICYCLIST_INJURED,COUNT_MC_KILLED,COUNT_MC_INJURED,PRIMARY_RAMP,SECONDARY_RAMP,LATITUDE,LONGITUDE,COUNTY,CITY,POINT_X,POINT_Y
91147141,2019,2019-12-19,9535,2019-12-10,1820,022105,NA,2,2,5,1959,0,1,1,NA,2,400,I-10 (SAN BERNARDINO FREEWAY) E/B,ROSEMEAD BLVD,0,NA,N,A,-,Y,NA,NA,10,NA,NA,NA,NA,NA,E,Y,3,0,1,3,A,-,03,22350,NA,N,C,C,A,A,H,-,D,D,0,NA,NA,NA,NA,Y,NA,D,22,0,1,0,0,0,0,0,0,0,-,-,34.072200775146484,-118.06999969482422,LOS ANGELES,ROSEMEAD,-118.06999969482422,34.07210922241211
9114715,2020,2020-08-13,1900,2020-05-29,1605,407852,1328,5,5,5,1935,0,0,0,NA,0,132T1,DEL AMO BL,PIONEER BL,440,E,N,A,-,N,NA,NA,NA,NA,NA,NA,NA,NA,NA,Y,4,0,1,2,A,-,03,22350,NA,N,C,C,A,A,H,-,A,D,0,NA,NA,NA,NA,Y,NA,A,01,0,0,1,0,0,0,0,0,0,-,-,NA,NA,LOS ANGELES,LAKEWOOD,-118.0806121826172,33.8460807800293
9114716,2020,2020-08-13,1900,2020-05-29,1515,550672,1331,5,5,5,1908,0,0,0,NA,0,133T1,ROSECRANS AV,CLARK AV,150,W,N,A,-,N,NA,NA,NA,NA,NA,NA,NA,NA,NA,Y,4,0,1,4,A,-,03,22350,NA,N,C,C,A,A,H,-,A,A,0,NA,NA,NA,NA,Y,NA,A,01,0,0,1,0,0,0,0,0,0,-,-,33.869998931884766,-118.13300323486328,LOS ANGELES,BELLFLOWER,-118.13457489013672,33.904083251953125
91147162,2019,2019-12-19,9580,2019-12-17,1403,021954,NA,2,2,7,1942,0,1,1,NA,2,405,INTERSTATE 405 SOUTHBOUND,SHERMAN WAY,2000,S,N,A,-,Y,NA,NA,405,NA,NA,NA,NA,NA,S,Y,3,0,2,2,A,-,08,22107,NA,N,B,C,A,A,H,-,A,D,0,NA,NA,NA,NA,Y,NA,-,-,0,1,1,0,0,0,0,0,0,-,-,34.19565963745117,-118.47437286376952,LOS ANGELES,LOS ANGELES,-118.47444152832033,34.19565963745117
9114717,2020,2020-08-13,1900,2020-05-13,0220,640404,1368,3,5,5,1952,0,0,0,NA,0,136A,ALONDRA BL,COLORADO AV,23,W,N,A,-,N,NA,NA,NA,NA,NA,NA,NA,NA,NA,Y,3,0,2,1,A,-,08,22107,NA,N,A,J,A,A,H,-,C,D,0,NA,NA,NA,NA,Y,NA,A,08,0,2,0,0,0,0,0,0,0,-,-,NA,NA,LOS ANGELES,PARAMOUNT,-118.16153717041016,33.88924026489258
9114718,2020,2020-08-13,1900,2020-05-23,2340,629510,1335,6,5,5,1908,0,0,0,NA,0,133T1,ARTESIA BL,BIXBY AV,105,W,N,A,-,N,NA,NA,NA,NA,NA,NA,NA,NA,NA,Y,4,0,1,1,A,-,01,23152,A,N,E,J,A,A,H,-,C,D,0,NA,NA,NA,NA,Y,Y,A,01,0,0,1,0,0,0,0,0,0,-,-,NA,NA,LOS ANGELES,BELLFLOWER,-118.12139892578124,33.87460708618164
9114719,2020,2020-08-13,1900,2020-05-31,0255,649446,1320,7,5,5,1935,0,0,0,NA,0,133T1,DEL AMO BL,CLAIR DEL AV,5,W,N,A,-,N,NA,NA,NA,NA,NA,NA,NA,NA,NA,Y,2,0,1,4,A,-,03,22350,NA,F,D,C,A,A,H,-,C,D,0,NA,NA,NA,NA,Y,NA,A,01,1,0,0,0,0,0,0,0,0,-,-,NA,NA,LOS ANGELES,LAKEWOOD,-118.16542816162108,33.84708786010742
9114720,2020,2020-10-09,1900,2020-05-21,1414,648076,1335,4,5,5,1908,0,0,0,NA,0,133D,CLARK AV,RT 91,100,NA,N,A,-,Y,LA,7,91,-,R,15.265,R,4,E,N,3,0,1,2,A,-,07,21658,A,N,E,C,A,-,H,-,A,A,0,NA,NA,NA,NA,Y,NA,A,01,0,1,0,0,0,0,0,0,0,-,-,NA,NA,LOS ANGELES,BELLFLOWER,-118.13147735595705,33.87636184692383
91147200,2019,2019-12-19,9550,2019-12-13,1035,022391,NA,5,1,3,1964,0,1,1,NA,2,650,I-605 NORTHBOUND,TELEGRAPH ROAD,900,S,N,A,-,Y,NA,NA,605,NA,NA,NA,NA,NA,N,Y,4,0,1,4,A,-,03,22350,NA,N,C,C,A,A,H,-,A,D,0,NA,NA,NA,NA,Y,NA,A,01,0,0,1,0,0,0,0,0,0,-,-,33.94717025756836,-118.09340667724608,LOS ANGELES,SANTA FE SPRINGS,-118.09333038330078,33.94712448120117
9114721,2020,2020-08-24,1942,2020-05-22,0154,42968,12A83,5,5,7,1942,0,0,0,L,0,12A15,WESTERN AV,CENTURY  BL,400,E,N,A,-,N,NA,NA,NA,NA,NA,NA,NA,NA,NA,N,2,0,1,2,A,-,03,22350,NA,F,G,B,D,A,H,-,C,A,0,Y,NA,NA,NA,Y,NA,-,99,1,0,0,0,1,0,0,0,0,-,-,NA,NA,LOS ANGELES,LOS ANGELES,-118.30902862548828,33.94544982910156
9114722,2020,2020-08-26,1942,2020-05-25,1103,44293,0566,1,5,7,1942,0,0,0,E,0,0584,MORAY,25TH,0,NA,Y,A,-,N,NA,NA,NA,NA,NA,NA,NA,NA,NA,N,4,0,2,3,A,-,04,21703,NA,N,C,C,A,A,-,-,A,-,0,NA,NA,NA,NA,Y,NA,A,01,0,0,2,0,0,0,0,0,0,-,-,NA,NA,LOS ANGELES,LOS ANGELES,-118.31487274169922,33.72399139404297
9114723,2020,2020-08-24,1942,2020-05-24,2002,42675,0501,7,5,7,1942,0,0,0,E,0,5A12,WESTERN AV,186TH ST,0,NA,Y,A,-,N,NA,NA,NA,NA,NA,NA,NA,NA,NA,N,4,0,1,2,A,-,09,21801,A,N,A,C,A,A,H,-,A,D,0,NA,NA,NA,NA,Y,NA,A,01,0,0,1,0,0,0,0,0,0,-,-,NA,NA,LOS ANGELES,LOS ANGELES,-118.30915069580078,33.86198043823242
9114724,2020,2020-08-24,1942,2020-05-20,1510,44293,0557,3,5,7,1942,0,0,0,E,0,5A84,GAFFEY ST,4TH ST,15,S,N,A,-,N,NA,NA,NA,NA,NA,NA,NA,NA,NA,Y,4,0,2,2,A,-,09,21801,A,N,A,C,A,A,H,-,A,D,0,NA,NA,NA,NA,Y,NA,A,01,0,0,2,0,0,0,0,0,0,-,-,NA,NA,LOS ANGELES,LOS ANGELES,-118.29232025146484,33.740577697753906
91147243,2019,2019-12-19,9550,2019-12-14,2135,022210,NA,6,2,5,1919,0,1,3,NA,2,091,STATE ROUTE-91 W/B,GRIDLEY ROAD,80,W,N,A,-,Y,NA,NA,91,NA,NA,NA,NA,NA,W,N,4,0,2,3,A,-,03,22350,NA,N,C,C,A,A,H,-,D,D,0,NA,NA,NA,NA,Y,NA,A,01,0,0,2,0,0,0,0,0,0,-,-,33.876590728759766,-118.09188079833984,LOS ANGELES,CERRITOS,-118.09188079833984,33.87641525268555
9114725,2020,2020-08-24,1942,2020-05-20,1612,44293,0557,3,5,7,1942,0,0,0,E,0,05A84,GAFFEY ST,47TH ST,0,NA,Y,A,-,N,NA,NA,NA,NA,NA,NA,NA,NA,NA,N,4,0,1,2,A,-,04,21703,NA,N,C,C,A,A,H,-,A,D,0,NA,NA,NA,NA,Y,NA,A,01,0,0,1,0,0,0,0,0,0,-,-,NA,NA,LOS ANGELES,LOS ANGELES,NA,NA
91147255,2019,2019-12-19,9580,2019-12-18,1620,021999,NA,3,2,7,1942,0,1,2,NA,2,107,US-101 S/B (VENTURA FREEWAY),LIBERTY CANYON RD,1584,S,N,A,-,Y,NA,NA,NA,NA,NA,NA,NA,NA,NA,N,4,0,1,2,A,-,03,22350,NA,N,C,C,A,A,H,-,A,D,0,NA,NA,NA,NA,Y,NA,A,01,0,0,1,0,0,0,0,0,0,-,-,34.138671875,-118.71887969970705,LOS ANGELES,LOS ANGELES,NA,NA
9114726,2020,2020-08-24,1942,2020-05-27,1115,43480,0376,3,5,7,1942,0,0,0,C,0,3A55,S NORMANDIE AV,W 38TH ST,0,NA,Y,A,-,N,NA,NA,NA,NA,NA,NA,NA,NA,NA,Y,4,0,1,2,A,-,08,22100,A,N,B,D,A,A,H,-,A,A,0,NA,NA,NA,NA,Y,Y,A,01,0,0,1,0,0,0,0,0,0,-,-,NA,NA,LOS ANGELES,LOS ANGELES,-118.30017852783205,34.017330169677734
9114727,2020,2020-08-24,1942,2020-05-27,2145,42471,0357,3,5,7,1942,0,0,0,C,0,3A57,S NORMANDIE AV,W JEFFERSON BL,0,NA,Y,A,-,N,NA,NA,NA,NA,NA,NA,NA,NA,NA,Y,4,0,2,2,A,-,09,21800,D,N,D,C,A,A,D,-,E,B,0,NA,NA,NA,NA,Y,NA,A,01,0,0,2,0,0,0,0,0,0,-,-,NA,NA,LOS ANGELES,LOS ANGELES,-118.30023193359376,34.025508880615234
9114728,2020,2020-08-24,1942,2020-05-25,1720,41579,0394,1,5,7,1942,0,0,0,C,0,25T52,KING BL,ARLINGTON AV,118,E,N,A,-,N,NA,NA,NA,NA,NA,NA,NA,NA,NA,N,4,0,1,2,A,-,09,21804,A,N,D,C,A,A,H,-,A,A,0,NA,NA,NA,NA,Y,NA,A,01,0,0,1,0,0,0,0,0,0,-,-,NA,NA,LOS ANGELES,LOS ANGELES,-118.317851,34.010813
91147284,2019,2019-12-19,9525,2019-12-11,1544,019632,NA,3,2,5,1990,0,1,3,NA,2,604,SR-60 E/B (POMONA FWY),DIAMOND BAR BOULEVARD,3168,E,N,B,-,Y,NA,NA,60,NA,NA,NA,NA,NA,E,Y,3,0,3,2,A,-,07,21658,A,N,B,C,A,A,H,-,A,D,0,NA,NA,NA,Y,Y,NA,A,07,0,1,2,0,0,0,0,0,0,-,-,34.026920318603516,-117.80130767822266,LOS ANGELES,DIAMOND BAR,-117.80130767822266,34.02690887451172
91147287,2019,2019-12-19,9535,2019-09-05,1640,022285,NA,4,2,5,1901,0,1,1,NA,2,420,I-10 (SAN BERNARDINO FREEWAY) E/B,ATLANTIC AVE,1320,W,N,A,-,Y,NA,NA,10,NA,NA,NA,NA,NA,E,Y,3,0,1,2,A,-,03,22350,NA,N,C,C,A,A,H,-,A,D,0,NA,NA,NA,NA,Y,NA,A,01,0,1,0,0,0,0,0,0,0,-,-,34.07120132446289,-118.14170074462892,LOS ANGELES,ALHAMBRA,-118.14170074462892,34.071250915527344
9114729,2020,2020-08-24,1942,2020-05-20,1355,40404,0363,3,5,7,1942,0,0,0,C,0,3A63,MARLTON AV,W MARTIN LUTHER KING BL,20,S,N,A,-,N,NA,NA,NA,NA,NA,NA,NA,NA,NA,Y,3,0,1,2,A,-,03,22350,NA,N,D,C,A,A,H,-,A,A,0,NA,NA,NA,NA,Y,NA,A,01,0,1,0,0,0,0,0,0,0,-,-,NA,NA,LOS ANGELES,LOS ANGELES,-118.3377685546875,34.01233673095703
91147325,2019,2019-12-19,9575,2019-12-09,1640,022435,NA,1,2,7,1942,0,1,3,NA,2,041,SR-134 E/B (VENTURA FREEWAY),SR-2 (GLENDALE FREEWAY),5280,E,N,A,-,Y,NA,NA,134,NA,NA,NA,NA,NA,E,N,4,0,1,3,A,-,03,22350,NA,N,B,C,A,A,H,-,D,D,0,NA,NA,NA,NA,Y,NA,A,01,0,0,1,0,0,0,0,0,0,-,-,34.14487838745117,-118.21298217773438,LOS ANGELES,LOS ANGELES,-118.21298217773438,34.14491653442383
91147353,2019,2019-12-19,9530,2019-12-10,2031,017755,NA,2,2,7,1941,0,1,1,NA,2,430,I-405 N/B (SAN DIEGO FREEWAY),STUDEBAKER RD.,1360,N,N,B,-,Y,NA,NA,405,NA,NA,NA,NA,NA,N,Y,4,0,1,2,A,-,03,22350,NA,N,C,C,A,A,H,-,C,D,0,NA,NA,NA,NA,Y,NA,A,01,0,0,1,0,0,0,0,0,0,-,-,33.79359817504883,-118.10320281982422,LOS ANGELES,LONG BEACH,-118.1032257080078,33.79356384277344
91147364,2019,2019-12-19,9580,2019-12-17,1915,021291,NA,2,2,7,1942,0,1,1,NA,2,404,I-405 N/B (SAN DIEGO FWY),VICTORY BLVD,500,N,N,A,-,Y,NA,NA,405,NA,NA,NA,NA,NA,N,N,4,0,1,3,A,-,03,22350,NA,N,C,C,A,A,H,-,C,D,0,NA,NA,NA,NA,Y,NA,A,01,0,0,1,0,0,0,0,0,0,-,-,34.18825149536133,-118.47418975830078,LOS ANGELES,LOS ANGELES,-118.47409057617188,34.18825149536133
9114737,2020,2020-08-24,1953,2020-05-20,0826,8377,NA,3,5,6,1953,0,0,0,NA,0,003,MAPLE ST,LAKE AV,0,NA,Y,A,-,N,NA,NA,NA,NA,NA,NA,NA,NA,NA,N,4,0,1,2,A,-,10,21950,A,F,G,B,B,A,H,-,A,A,0,Y,NA,NA,NA,Y,NA,-,NA,0,0,1,0,1,0,0,0,0,-,-,NA,NA,LOS ANGELES,PASADENA,-118.13236236572266,34.15232849121094
91147379,2019,2019-12-19,9565,2019-12-09,1359,022231,NA,1,1,9,1900,0,2,4,NA,2,043,INGLEWOOD AVENUE,138TH STREET,0,NA,Y,A,-,N,NA,NA,NA,NA,NA,NA,NA,NA,NA,N,3,0,1,2,A,-,12,21453,A,N,H,G,A,A,H,-,A,A,0,NA,Y,NA,NA,Y,NA,A,08,0,1,0,0,0,0,1,0,0,-,-,33.906089782714844,-118.3613510131836,LOS ANGELES,UNINCORPORATED,-118.36128997802734,33.90597152709961
9114738,2020,2020-08-25,1953,2020-05-28,0946,5472,1953,4,5,6,1953,0,0,0,NA,0,002,FAIR OAKS AV,VILLA ST,0,NA,Y,A,-,N,NA,NA,NA,NA,NA,NA,NA,NA,NA,N,3,0,1,2,A,-,12,21453,A,N,D,C,A,A,H,-,A,A,0,NA,NA,NA,NA,Y,NA,-,-,0,1,0,0,0,0,0,0,0,-,-,NA,NA,LOS ANGELES,PASADENA,-118.15054321289064,34.154109954833984
91147389,2019,2019-12-19,9550,2019-12-07,0545,10000,NA,6,3,9,1900,0,2,4,NA,1,022,LEFFINGWELL RD,LA MIRADA BLVD,0,NA,Y,A,-,N,NA,NA,NA,NA,NA,NA,NA,NA,NA,N,3,0,2,2,A,-,12,21453,A,N,D,C,A,A,H,-,A,A,0,NA,NA,NA,NA,Y,NA,-,-,0,1,1,0,0,0,0,0,0,-,-,33.926761627197266,-118.01183319091795,LOS ANGELES,UNINCORPORATED,-118.01197814941406,33.92673873901367
9114739,2020,2020-08-24,1953,2020-05-28,1047,3367,1953,4,5,6,1953,0,0,0,NA,0,001,BELLE FONTAINE ST,SAINT JOHN AV,200,W,N,A,-,N,NA,NA,NA,NA,NA,NA,NA,NA,NA,Y,3,0,1,1,A,-,08,22107,NA,N,E,I,A,A,H,-,A,A,0,NA,NA,NA,NA,Y,NA,A,01,0,1,0,0,0,0,0,0,0,-,-,NA,NA,LOS ANGELES,PASADENA,-118.15603637695313,34.13156509399414
9114740,2020,2020-08-24,1953,2020-05-28,1433,3367,1953,4,5,6,1953,0,0,0,NA,0,004,SIERRA MADRE VILLA AV,FOOTHILL FWY,0,NA,Y,A,-,N,NA,NA,NA,NA,NA,NA,NA,NA,NA,Y,4,0,1,2,A,-,12,21453,A,N,D,C,A,A,H,-,A,A,0,NA,NA,NA,NA,Y,NA,A,01,0,0,1,0,0,0,0,0,0,-,-,NA,NA,LOS ANGELES,PASADENA,-118.08248901367188,34.150081634521484
9114744,2020,2020-09-16,1942,2020-06-08,1630,43917,1241,1,5,7,1942,0,0,0,L,0,5A1,VICTORIA AV,HYDE PARK BL,180,N,N,A,-,N,NA,NA,NA,NA,NA,NA,NA,NA,NA,N,4,0,1,2,-,-,-,NA,NA,N,H,C,A,A,H,-,A,D,0,NA,NA,NA,NA,Y,NA,A,01,0,0,1,0,0,0,0,0,0,-,-,NA,NA,LOS ANGELES,LOS ANGELES,-118.33232879638672,33.981101989746094
91147441,2019,2019-12-19,9550,2019-12-16,1645,022203,NA,1,2,9,1900,0,1,1,NA,2,651,INTERSTATE 605 N/B,ALONDRA BOULEVARD,1500,N,N,A,-,Y,NA,NA,NA,NA,NA,NA,NA,NA,NA,Y,4,0,1,2,A,-,03,22350,NA,N,C,C,A,A,H,-,B,D,0,NA,NA,NA,NA,Y,NA,A,08,0,0,1,0,0,0,0,0,0,-,-,33.88840103149414,-118.10430908203124,LOS ANGELES,UNINCORPORATED,-118.10449981689452,33.891700744628906
91147476,2019,2019-12-19,9565,2019-10-15,1315,016545,NA,2,1,7,1942,0,1,1,NA,2,083,EASTBOUND I-10 (SANTA MONICA FWY),NATIONAL BLVD,1000,E,N,A,-,Y,NA,NA,NA,NA,NA,NA,NA,NA,NA,N,4,0,1,2,A,-,03,22350,NA,N,C,C,A,A,H,-,A,D,0,NA,NA,NA,NA,Y,NA,A,07,0,0,1,0,0,0,0,0,0,-,-,34.025611877441406,-118.43132019042967,LOS ANGELES,LOS ANGELES,-118.4169921875,34.03168869018555
91147487,2019,2019-12-19,9550,2019-12-15,1545,022164,NA,7,2,1,1932,0,1,3,NA,2,600,STATE ROUTE 60 (POMONA FREEWAY),CROSSROADS PARKWAY,1000,W,N,A,-,Y,NA,NA,60,NA,NA,NA,NA,NA,NA,Y,4,0,2,3,A,-,03,22350,NA,N,C,C,A,A,H,-,A,D,0,NA,NA,NA,NA,Y,NA,A,01,0,0,2,0,0,0,0,0,0,-,-,34.029701232910156,-118.01709747314452,LOS ANGELES,INDUSTRY,-118.01712799072266,34.029598236083984
91147488,2019,2019-12-19,9590,2019-12-11,1719,022041,NA,3,2,7,1942,0,1,1,NA,2,053,I-110 S/B (HARBOR FREEWAY),23RD ST. O/C,10,S,N,A,-,Y,NA,NA,110,NA,NA,NA,NA,NA,S,N,4,0,1,2,A,-,03,22350,NA,N,C,C,A,A,H,-,C,D,0,NA,NA,NA,NA,Y,NA,A,01,0,0,1,0,0,0,0,0,0,-,-,34.03031921386719,-118.27455139160156,LOS ANGELES,LOS ANGELES,-118.27456665039064,34.03031921386719
91147505,2019,2019-12-19,9525,2019-12-18,0624,014762,NA,3,1,5,1990,0,1,3,NA,2,613,SR-60 W/B (POMONA FWY),GRAND AVENUE O/C,800,E,N,A,-,Y,NA,NA,60,NA,NA,NA,NA,NA,W,Y,4,0,1,2,A,-,03,22350,NA,N,C,C,A,A,H,-,B,D,0,NA,NA,NA,NA,Y,NA,A,01,0,0,1,0,0,0,0,0,0,-,-,34.01211929321289,-117.82140350341795,LOS ANGELES,DIAMOND BAR,-117.82147216796876,34.0121955871582
91147509,2019,2019-12-19,9590,2019-12-11,1330,022313,NA,3,1,7,1942,0,1,1,NA,2,085,I-5 S/B (GOLDEN STATE FREEWAY),COLORADO STREET,500,S,N,A,-,Y,NA,NA,5,NA,NA,NA,NA,NA,S,N,4,0,2,2,A,-,07,21658,A,N,B,C,A,A,H,-,A,D,0,NA,NA,NA,Y,Y,NA,G,25,0,0,2,0,0,0,0,0,0,-,-,34.13547134399414,-118.27546691894533,LOS ANGELES,LOS ANGELES,-118.2759246826172,34.13534164428711
91147528,2019,2019-12-19,9575,2019-12-10,1740,017491,NA,2,2,6,1925,0,1,1,NA,2,050,I-5 N/B (GOLDEN STATE FREEWAY),SONORA AVENUE,214,S,N,A,-,Y,NA,NA,5,NA,NA,NA,NA,NA,N,N,4,0,1,2,A,-,03,22350,NA,N,C,C,A,A,H,-,D,D,0,NA,NA,NA,NA,Y,NA,A,01,0,0,1,0,0,0,0,0,0,-,-,34.160789489746094,-118.29280090332033,LOS ANGELES,GLENDALE,-118.2928466796875,34.160762786865234
91147539,2019,2019-12-19,9550,2019-12-17,1010,015449,NA,2,1,6,1920,0,1,1,NA,2,500,I-5 N/B (SANTA ANA FREEWAY),LEMORAN AVE.,1000,S,N,A,-,Y,NA,NA,5,NA,NA,NA,NA,NA,N,Y,4,0,1,2,A,-,04,21703,NA,N,C,C,A,A,H,-,A,D,0,NA,NA,NA,NA,Y,NA,D,22,0,0,1,0,0,0,0,0,0,-,-,33.951290130615234,-118.10334014892578,LOS ANGELES,DOWNEY,-118.10330200195313,33.95132064819336
91147573,2019,2019-12-19,9550,2019-12-14,1915,021100,NA,6,2,9,1900,0,1,3,NA,2,600,SR-60 W/B,CROSSROADS PARKWAY,500,E,N,A,-,Y,NA,NA,60,NA,NA,NA,NA,NA,W,Y,3,0,3,2,A,-,03,22350,NA,N,C,C,A,A,H,-,C,D,0,NA,NA,NA,NA,Y,NA,A,01,0,1,2,0,0,0,0,0,0,-,-,34.029300689697266,-118.01148223876952,LOS ANGELES,UNINCORPORATED,-118.01148223876952,34.02920150756836
91147611,2019,2019-12-19,9575,2019-12-11,1928,020918,NA,3,2,7,1942,0,1,1,NA,2,053,I-5 N/B (GOLDEN STATE FREEWAY),SHELDON ST.,264,N,N,A,-,Y,NA,NA,5,NA,NA,NA,NA,NA,N,Y,4,0,2,4,A,-,03,22350,NA,N,C,C,A,A,H,-,C,D,0,NA,NA,NA,NA,Y,NA,A,01,0,0,2,0,0,0,0,0,0,-,-,34.23181915283203,-118.40522003173828,LOS ANGELES,LOS ANGELES,-118.40521240234376,34.231868743896484
91147632,2019,2019-12-19,9550,2019-12-16,0635,015382,NA,1,1,5,1908,0,1,3,NA,2,091,STATE ROUTE 91 (ARTESIA FREEWAY),CLARK AVENUE,100,W,N,A,-,Y,NA,NA,NA,NA,NA,NA,NA,NA,NA,Y,4,0,1,1,C,-,18,NA,NA,N,E,I,A,A,H,-,A,D,0,NA,NA,NA,NA,Y,NA,-,-,0,0,1,0,0,0,0,0,0,-,-,NA,NA,LOS ANGELES,BELLFLOWER,-118.13422393798828,33.87723922729492
91147636,2019,2019-12-19,9575,2019-12-10,1613,017491,NA,2,2,6,1912,0,1,3,NA,2,044,SR-134 E/B (VENTURA FREEWAY),RIVERSIDE DRIVE,2104,E,N,B,-,Y,NA,NA,134,NA,NA,NA,NA,NA,E,Y,4,0,2,2,A,-,07,21658,A,N,C,C,A,A,H,-,A,D,0,NA,NA,NA,NA,Y,NA,A,07,0,0,2,0,0,0,0,0,0,-,-,34.154998779296875,-118.31942749023438,LOS ANGELES,BURBANK,-118.31941986083984,34.1549186706543
91147667,2019,2019-12-19,9550,2019-12-16,1950,020551,NA,1,2,6,1920,0,1,1,NA,2,500,I-5 SOUTHBOUND,PARAMOUNT BLVD.,40,S,N,A,-,Y,NA,NA,5,NA,NA,NA,NA,NA,S,Y,4,0,1,3,A,-,03,22350,NA,F,C,C,A,A,H,-,C,D,0,NA,NA,NA,NA,Y,NA,D,22,0,0,1,0,0,0,0,0,0,-,-,33.96392059326172,-118.11990356445313,LOS ANGELES,DOWNEY,-118.1198959350586,33.96392059326172
91147687,2019,2019-12-19,9550,2019-12-17,1215,019518,NA,2,1,9,1900,0,1,1,NA,2,650,INTERSTATE 605 (SAN GABRIEL RIVER FREEW,SR-60,528,S,N,A,-,Y,NA,NA,605,NA,NA,NA,NA,NA,NA,Y,4,0,4,2,A,-,08,22107,NA,N,C,C,A,A,H,-,A,D,0,NA,NA,NA,NA,Y,NA,A,07,0,0,4,0,0,0,0,0,0,-,-,34.03030014038086,-118.03199768066406,LOS ANGELES,UNINCORPORATED,-118.0319595336914,34.03023147583008
91148701,2019,2019-12-19,9525,2019-12-16,0657,022368,NA,1,1,5,1926,0,2,4,NA,2,022,ARROW HIGHWAY (100 BLOCK),GLENDORA AVE,700,E,N,A,-,N,NA,NA,NA,NA,NA,NA,NA,NA,NA,Y,3,0,1,2,A,-,03,22350,NA,N,C,C,A,A,H,-,A,D,0,NA,NA,NA,NA,Y,NA,A,01,0,1,0,0,0,0,0,0,0,-,-,34.10673141479492,-117.86150360107422,LOS ANGELES,GLENDORA,-117.86150360107422,34.10662078857422
91148774,2019,2019-12-20,9540,2019-12-13,0605,013893,NA,5,1,9,1900,0,1,1,NA,2,513,I-5 S/B (GOLDEN STATE FWY),VISTA DEL LAGO RD,3696,N,N,A,-,Y,NA,NA,5,NA,NA,NA,NA,NA,S,Y,3,0,1,3,A,-,01,23152,A,N,B,C,A,A,H,-,C,D,0,NA,NA,NA,Y,Y,Y,A,01,0,1,0,0,0,0,0,0,0,-,-,34.67333984375,-118.77216339111328,LOS ANGELES,UNINCORPORATED,-118.77214050292967,34.67341995239258
91148784,2019,2019-12-20,9540,2019-12-13,1850,019232,NA,5,2,6,1985,0,1,3,NA,2,146,SR-14 N/B (ANTELOPE VALLEY FWY),SAND CYN RD,2640,N,N,A,-,Y,NA,NA,14,NA,NA,NA,NA,NA,N,Y,3,0,1,3,A,-,03,22350,NA,N,C,C,A,A,H,-,D,D,0,NA,NA,NA,NA,Y,NA,A,01,0,1,0,0,0,0,0,0,0,-,-,34.42757034301758,-118.4131088256836,LOS ANGELES,SANTA CLARITA,-118.4131088256836,34.42757034301758
9114879,2020,2020-09-09,1942,2020-05-30,1830,43917,551,6,5,7,1942,0,0,0,NA,0,5A55,1ST ST,WESTERN AV,0,NA,Y,A,-,N,NA,NA,NA,NA,NA,NA,NA,NA,NA,Y,4,0,1,2,A,-,12,21453,A,N,D,C,A,A,H,-,A,A,0,NA,NA,NA,NA,Y,NA,A,01,0,0,1,0,0,0,0,0,0,-,-,NA,NA,LOS ANGELES,LOS ANGELES,-118.3091278076172,34.07366180419922
91148794,2019,2019-12-20,9540,2019-12-18,0600,021131,NA,3,1,6,1985,0,1,3,NA,1,144,SR-14 N/B (ANTELOPE VALLEY FREEWAY),GOLDEN VALLEY RD.,3600,S,N,A,-,Y,NA,NA,14,NA,NA,NA,NA,NA,N,Y,3,0,1,2,A,-,07,21658,A,N,B,C,A,A,H,-,D,D,0,NA,NA,NA,NA,Y,NA,A,01,0,1,0,0,0,0,0,0,0,-,-,34.38602066040039,-118.48227691650392,LOS ANGELES,SANTA CLARITA,-118.48223876953124,34.38595962524414
91148800,2019,2019-12-20,9565,2019-11-17,1830,016074,NA,7,2,7,1942,0,1,1,NA,2,064,I-405 S/B (SAN DIEGO FWY),BEL AIR CREST RD,1000,N,N,A,-,Y,NA,NA,405,NA,NA,NA,NA,NA,S,Y,3,0,1,2,A,-,03,22350,NA,N,C,C,A,A,H,-,D,D,0,NA,NA,Y,NA,Y,NA,C,02,0,1,0,0,0,0,0,0,1,-,-,34.111568450927734,-118.48224639892578,LOS ANGELES,LOS ANGELES,-118.482177734375,34.1115837097168