CASE_ID,ACCIDENT_YEAR,PROC_DATE,JURIS,COLLISION_DATE,COLLISION_TIME,OFFICER_ID,REPORTING_DISTRICT,DAY_OF_WEEK,CHP_SHIFT,POPULATION,CNTY_CITY_LOC,SPECIAL_COND,BEAT_TYPE,CHP_BEAT_TYPE,CITY_DIVISION_LAPD,CHP_BEAT_CLASS,BEAT_NUMBER,PRIMARY_RD,SECONDARY_RD,DISTANCE,DIRECTION,INTERSECTION,WEATHER_1,WEATHER_2,STATE_HWY_IND,CALTRANS_COUNTY,CALTRANS_DISTRICT,STATE_ROUTE,ROUTE_SUFFIX,POSTMILE_PREFIX,POSTMILE,LOCATION_TYPE,RAMP_INTERSECTION,SIDE_OF_HWY,TOW_AWAY,COLLISION_SEVERITY,NUMBER_KILLED,NUMBER_INJURED,PARTY_COUNT,PRIMARY_COLL_FACTOR,PCF_CODE_OF_VIOL,PCF_VIOL_CATEGORY,PCF_VIOLATION,PCF_VIOL_SUBSECTION,HIT_AND_RUN,TYPE_OF_COLLISION,MVIW,PED_ACTION,ROAD_SURFACE,ROAD_COND_1,ROAD_COND_2,LIGHTING,CONTROL_DEVICE,CHP_ROAD_TYPE,PEDESTRIAN_ACCIDENT,BICYCLE_ACCIDENT,MOTORCYCLE_ACCIDENT,TRUCK_ACCIDENT,NOT_PRIVATE_PROPERTY,ALCOHOL_INVOLVED,STWD_VEHTYPE_AT_FAULT,CHP_VEHTYPE_AT_FAULT,COUNT_SEVERE_INJ,COUNT_VISIBLE_INJ,COUNT_COMPLAINT_PAIN,COUNT_PED_KILLED,COUNT_PED_INJURED,COUNT_BICYCLIST_KILLED,COUNT_BICYCLIST_INJURED,COUNT_MC_KILLED,COUNT_MC_INJURED,PRIMARY_RAMP,SECONDARY_RAMP,LATITUDE,LONGITUDE,COUNTY,CITY,POINT_X,POINT_Y
91152522,2019,2019-12-26,9540,2019-12-22,2153,019772,NA,7,2,6,1985,0,1,3,NA,1,145,SR-14 S/B (ANTELOPE VALLEY FREEWAY),PLACERITA CANYON RD,2640,S,N,B,C,Y,NA,NA,14,NA,NA,NA,NA,NA,S,Y,4,0,1,1,A,-,08,22107,NA,N,E,I,A,B,H,-,D,D,0,NA,NA,NA,NA,Y,NA,A,01,0,0,1,0,0,0,0,0,0,-,-,34.37171936035156,-118.50009155273438,LOS ANGELES,SANTA CLARITA,-118.5000228881836,34.37167739868164
91152524,2019,2019-12-26,9565,2019-12-14,1619,022442,NA,6,2,9,1900,0,3,5,NA,2,002,DENKER AVENUE,127TH STREET,0,NA,Y,A,-,N,NA,NA,NA,NA,NA,NA,NA,NA,NA,Y,3,0,2,3,A,-,09,21802,A,N,A,C,A,A,H,-,A,A,0,NA,NA,NA,NA,Y,NA,A,01,0,1,1,0,0,0,0,0,0,-,-,33.91740036010742,-118.30477142333984,LOS ANGELES,UNINCORPORATED,-118.30457305908205,33.917381286621094
91152529,2019,2019-12-26,9530,2019-12-16,1905,022377,NA,1,2,7,1942,0,1,1,NA,2,110,I-110 S/B (HARBOR FREEWAY),111TH PL.,2100,N,N,A,-,Y,NA,NA,110,NA,NA,NA,NA,NA,S,N,4,0,1,2,A,-,03,22350,NA,N,C,C,A,A,H,-,D,D,0,NA,NA,NA,NA,Y,NA,A,07,0,0,1,0,0,0,0,0,0,-,-,33.94060134887695,-118.28009796142578,LOS ANGELES,LOS ANGELES,-118.2800750732422,33.94060134887695
9115255,2020,2020-08-24,1900,2020-05-30,1510,636283,1186,6,5,6,1992,0,0,0,NA,0,112T2,SIERRA HWY,AVENUE G,0,NA,Y,A,-,N,NA,NA,NA,NA,NA,NA,NA,NA,NA,Y,4,0,1,2,A,-,09,21802,A,N,-,D,A,A,H,-,A,D,0,NA,NA,NA,NA,Y,NA,A,01,0,0,1,0,0,0,0,0,0,-,-,NA,NA,LOS ANGELES,LANCASTER,-118.14222717285156,34.73337936401367
91152614,2019,2019-12-26,9540,2019-12-23,0810,015093,NA,1,1,9,1900,0,1,3,NA,2,146,SR-14 N/B (ANTELOPE VALLEY FREEWAY),PURITAN MINE ROAD,4752,S,N,B,C,Y,NA,NA,14,NA,NA,NA,NA,NA,N,Y,2,0,1,2,A,-,03,22350,NA,N,C,C,A,B,H,-,A,D,0,NA,NA,NA,Y,Y,NA,A,01,1,0,0,0,0,0,0,0,0,-,-,34.498409271240234,-118.26013946533205,LOS ANGELES,UNINCORPORATED,-118.26020050048828,34.49858093261719
91152615,2019,2020-03-18,9550,2019-12-16,1010,021166,NA,1,1,5,1908,0,1,3,NA,2,090,SR-91 E/B,BELLFLOWER BLVD.,1500,E,N,A,-,Y,NA,NA,91,NA,NA,NA,NA,NA,E,Y,4,0,1,2,A,-,07,21658,A,N,B,C,A,A,H,-,A,D,0,NA,NA,NA,Y,Y,NA,-,-,0,0,1,0,0,0,0,0,0,-,-,33.87607955932617,-118.11994934082033,LOS ANGELES,BELLFLOWER,-118.11994934082033,33.87613296508789
91152628,2019,2019-12-26,9550,2019-12-16,1014,021166,NA,1,1,5,1908,0,1,3,NA,2,090,SR-91 E/B,BELLFLOWER BLVD.,1800,E,N,A,-,Y,NA,NA,91,NA,NA,NA,NA,NA,E,Y,4,0,1,2,A,-,03,22350,NA,N,C,C,A,A,H,-,A,D,0,NA,NA,NA,NA,Y,NA,A,08,0,0,1,0,0,0,0,0,0,-,-,33.87615966796875,-118.11962890625,LOS ANGELES,BELLFLOWER,-118.11962890625,33.87614440917969
91152642,2019,2019-12-26,9565,2019-12-17,2130,021658,NA,2,2,9,1900,0,2,4,NA,1,032,SLAUSON AVE.,FAIRFAX AVE.,0,NA,Y,A,-,N,NA,NA,NA,NA,NA,NA,NA,NA,NA,Y,4,0,1,2,A,-,12,21453,A,N,D,C,A,A,H,-,C,A,0,NA,NA,NA,NA,Y,NA,A,01,0,0,1,0,0,0,0,0,0,-,-,33.9876594543457,-118.36170959472656,LOS ANGELES,UNINCORPORATED,-118.36266326904295,33.987579345703125
91152646,2019,2019-12-26,9540,2019-12-21,1905,021124,NA,6,2,9,1900,0,1,1,NA,1,503,I-5 S/B (GOLDEN STATE FREEWAY),WELDON CANYON ROAD,620,S,N,A,-,Y,NA,NA,5,NA,NA,NA,NA,NA,S,N,4,0,1,3,A,-,03,22350,NA,N,C,C,A,A,H,-,C,D,0,NA,NA,NA,NA,Y,NA,A,01,0,0,1,0,0,0,0,0,0,-,-,34.340518951416016,-118.52084350585938,LOS ANGELES,UNINCORPORATED,-118.52082824707033,34.3405647277832
91152660,2019,2019-12-26,9565,2019-12-16,0205,022057,NA,1,3,7,1942,0,1,1,NA,2,064,I-405 SB (SAN DIEGO FREEWAY),GETTY CENTER DR,500,N,N,A,-,Y,NA,NA,405,NA,NA,NA,NA,NA,S,Y,3,0,1,2,A,-,08,22107,NA,N,B,C,A,A,H,-,C,D,0,NA,NA,NA,NA,Y,NA,A,01,0,1,0,0,0,0,0,0,0,-,-,34.101341247558594,-118.47789764404295,LOS ANGELES,LOS ANGELES,-118.47779083251952,34.1013069152832
91152664,2019,2019-12-26,9540,2019-12-20,1720,021179,NA,5,2,9,1900,0,1,1,NA,2,507,I-5 S/B (GOLDEN STATE FREEWAY),MAGIC MOUNTAIN PKY,2112,S,N,A,-,Y,NA,NA,5,NA,NA,NA,NA,NA,S,N,4,0,1,2,A,-,03,22350,NA,N,C,C,A,A,H,-,C,D,0,NA,NA,NA,NA,Y,NA,A,01,0,0,1,0,0,0,0,0,0,-,-,34.41875076293945,-118.58080291748048,LOS ANGELES,UNINCORPORATED,-118.58106231689452,34.41861343383789
91152673,2019,2019-12-26,9565,2019-11-19,0940,021512,NA,2,1,9,1900,0,2,4,NA,1,054,ADMIRALTY WAY,FIJI WAY,0,NA,Y,A,-,N,NA,NA,NA,NA,NA,NA,NA,NA,NA,N,4,0,1,2,A,-,12,21453,A,F,F,A,A,A,H,-,A,A,0,NA,Y,Y,NA,Y,NA,L,04,0,0,1,0,0,0,0,0,1,-,-,33.97724914550781,-118.43830108642578,LOS ANGELES,UNINCORPORATED,-118.43834686279295,33.977291107177734
91152718,2019,2019-12-26,9540,2019-12-23,1330,021179,NA,1,1,7,1942,0,1,1,NA,1,502,I-5 N/B (GOLDEN STATE FREEWAY),SAN FERNANDO ROAD,500,S,N,A,-,Y,NA,NA,5,NA,NA,NA,NA,NA,N,N,4,0,1,2,A,-,07,21658,A,N,B,C,A,A,H,-,A,D,0,NA,NA,NA,NA,Y,NA,A,01,0,0,1,0,0,0,0,0,0,-,-,34.313629150390625,-118.48842620849608,LOS ANGELES,LOS ANGELES,-118.48841857910156,34.313636779785156
91152745,2019,2020-10-27,9530,2019-12-16,2050,022421,NA,1,2,9,1900,0,3,5,NA,2,002,SAN PEDRO ST.,124TH ST.,0,NA,Y,A,-,N,NA,NA,NA,NA,NA,NA,NA,NA,NA,Y,4,0,2,2,A,-,09,21802,A,N,D,C,A,A,H,-,C,A,0,NA,NA,NA,NA,Y,NA,A,01,0,0,2,0,0,0,0,0,0,-,-,33.92007064819336,-118.2695770263672,LOS ANGELES,UNINCORPORATED,-118.26959991455078,33.92007064819336
91152756,2019,2019-12-26,9550,2019-12-16,1525,021656,NA,1,2,9,1900,0,3,5,NA,2,001,BROADWAY AVENUE,MINES BOULEVARD,0,NA,Y,A,-,N,NA,NA,NA,NA,NA,NA,NA,NA,NA,Y,3,0,5,3,A,-,12,21453,A,N,D,C,A,A,H,-,A,A,0,NA,NA,NA,NA,Y,NA,A,01,0,1,4,0,0,0,0,0,0,-,-,33.977630615234375,-118.06471252441406,LOS ANGELES,UNINCORPORATED,-118.06479644775392,33.97755813598633
91152800,2019,2019-12-26,9535,2019-12-16,1451,022287,NA,1,2,9,1900,0,1,1,NA,2,651,I-605 (SAN GABRIEL RIVER FWY) S/B,SR-60 (POMONA FREEWAY) W/B,200,N,N,A,-,Y,NA,NA,605,NA,NA,NA,NA,NA,S,N,4,0,1,2,A,-,03,22350,NA,N,C,C,A,A,H,-,A,D,0,NA,NA,NA,NA,Y,NA,D,22,0,0,1,0,0,0,0,0,0,-,-,34.03710174560547,-118.02320098876952,LOS ANGELES,UNINCORPORATED,-118.02324676513672,34.03715515136719
91152824,2019,2019-12-26,9550,2019-12-17,0050,021578,NA,2,3,6,1949,0,1,1,NA,2,150,I-105 E/B TO I-605 S/B,I-105,455,S,N,A,-,Y,NA,NA,105,NA,NA,NA,R,NA,E,Y,2,0,1,1,A,-,01,23152,A,N,E,I,A,A,H,-,C,D,0,NA,NA,NA,NA,Y,Y,A,01,1,0,0,0,0,0,0,0,0,-,-,33.91249084472656,-118.10608673095705,LOS ANGELES,NORWALK,-118.10608673095705,33.91249084472656
91152851,2019,2019-12-26,9590,2019-12-16,1800,021111,NA,1,2,7,1942,0,1,1,NA,2,084,I-5 N/B (GOLDEN STATE FREEWAY),LOS FELIZ BLVD.,1500,N,N,A,-,Y,NA,NA,5,NA,NA,NA,NA,NA,N,Y,4,0,1,2,A,-,03,22350,NA,N,C,C,A,A,H,-,C,D,0,NA,NA,NA,NA,Y,NA,-,99,0,0,1,0,0,0,0,0,0,-,-,34.12139129638672,-118.27152252197266,LOS ANGELES,LOS ANGELES,-118.27149963378906,34.12139892578125
91152870,2019,2019-12-26,9565,2019-12-14,1815,021706,NA,6,2,7,1942,0,1,1,NA,2,062,I-405 N/B (SAN DIEGO FREEWAY),NATIONAL BLVD,480,S,N,A,-,Y,NA,NA,405,NA,NA,NA,NA,NA,N,Y,2,0,1,2,A,-,08,22107,NA,N,B,C,A,A,H,-,C,D,0,NA,NA,Y,NA,Y,NA,C,02,1,0,0,0,0,0,0,0,1,-,-,34.025638580322266,-118.42904663085938,LOS ANGELES,LOS ANGELES,-118.42899322509766,34.02568435668945
91152871,2019,2019-12-26,9550,2019-12-17,1400,022164,NA,2,2,9,1900,0,1,1,NA,2,650,INTERSTATE 605 N/B TO STATE ROUTE 60W/B,INTERSTATE 605 (SAN GABRIEL RIVER FREEWA,360,E,N,A,-,Y,NA,NA,605,NA,NA,NA,R,NA,N,N,3,0,1,2,A,-,03,22350,NA,N,E,I,A,A,H,-,A,D,0,NA,NA,Y,NA,Y,NA,C,02,0,1,0,0,0,0,0,0,1,-,-,34.03350067138672,-118.02570343017578,LOS ANGELES,UNINCORPORATED,-118.02570343017578,34.03350067138672
91152872,2019,2019-12-26,9530,2019-12-16,0900,021490,NA,1,1,9,1900,0,3,5,NA,2,001,COMPTON AVE. (6300 BLOCK),GAGE AVE.,60,N,N,A,-,N,NA,NA,NA,NA,NA,NA,NA,NA,NA,N,4,0,1,2,A,-,08,22107,NA,M,B,C,A,A,H,-,A,D,0,NA,NA,NA,NA,Y,NA,-,99,0,0,1,0,0,0,0,0,0,-,-,33.9823112487793,-118.247802734375,LOS ANGELES,UNINCORPORATED,-118.24774169921876,33.98222351074219
91152901,2019,2019-12-26,9575,2019-12-19,1718,020918,NA,4,2,6,1912,0,1,1,NA,2,051,I-5 S/B (GOLDEN STATE FREEWAY),OLIVE AVE.,400,N,N,A,-,Y,NA,NA,5,NA,NA,NA,NA,NA,S,N,4,0,1,2,A,-,03,22350,NA,N,C,C,A,A,H,-,A,D,0,NA,NA,NA,NA,Y,NA,D,22,0,0,1,0,0,0,0,0,0,-,-,34.17942810058594,-118.31214141845705,LOS ANGELES,BURBANK,-118.3121337890625,34.179439544677734
91152906,2019,2019-12-26,9535,2019-12-13,0915,022336,NA,5,1,9,1900,0,1,1,NA,2,071,I-710 (LONG BEACH FREEWAY) S/B,OLYMPIC BLVD,100,N,N,A,-,Y,NA,NA,NA,NA,NA,NA,NA,NA,NA,N,4,0,1,3,A,-,03,22350,NA,N,C,C,A,A,H,-,A,D,0,NA,NA,NA,NA,Y,NA,A,01,0,0,1,0,0,0,0,0,0,-,-,34.079341888427734,-118.17346954345705,LOS ANGELES,UNINCORPORATED,-118.17353057861328,34.01918411254883
91152907,2019,2019-12-26,9565,2019-12-16,0645,022251,NA,1,1,5,1965,0,1,1,NA,2,081,I-10 W/B (SANTA MONICA FREEWAY),CLOVERFIELD BLVD.,2000,E,N,A,-,Y,NA,NA,10,NA,NA,NA,NA,NA,W,Y,3,0,1,2,A,-,08,22107,NA,N,B,C,A,A,H,-,A,D,0,NA,NA,NA,NA,Y,NA,A,01,0,1,0,0,0,0,0,0,0,-,-,34.026588439941406,-118.46196746826172,LOS ANGELES,SANTA MONICA,-118.46196746826172,34.026573181152344
91152916,2019,2019-12-26,9530,2019-12-16,1418,021310,NA,1,2,9,1900,0,3,5,NA,2,006,VERMONT AVE (23300 BLOCK),LINDENCLIFF ST.,0,NA,Y,A,-,N,NA,NA,NA,NA,NA,NA,NA,NA,NA,N,4,0,1,2,A,-,09,21802,A,N,D,C,A,A,H,-,A,A,0,NA,NA,NA,NA,Y,NA,A,01,0,0,1,0,0,0,0,0,0,-,-,33.81214141845703,-118.29036712646484,LOS ANGELES,UNINCORPORATED,-118.29039001464844,33.812129974365234
91152970,2019,2019-12-26,9575,2019-12-18,2215,021640,NA,3,3,6,1912,0,1,1,NA,2,051,I-5 S/B (GOLDEN STATE FREEWAY),BUENA VISTA ST.,1500,N,N,A,-,Y,NA,NA,5,NA,NA,NA,NA,NA,S,N,4,0,1,1,C,-,18,NA,NA,N,E,I,A,A,H,-,D,D,0,NA,NA,NA,NA,Y,NA,-,-,0,0,1,0,0,0,0,0,0,-,-,34.20151901245117,-118.33985900878906,LOS ANGELES,BURBANK,-118.33985137939452,34.2015266418457
91152993,2019,2019-12-26,9565,2019-12-17,0800,021729,NA,2,1,9,1900,0,1,1,NA,2,012,I-105 E/B,CRENSHAW BLVD,200,E,N,A,-,Y,NA,NA,NA,NA,NA,NA,NA,NA,NA,Y,3,0,2,1,A,-,08,22107,NA,N,E,I,A,A,H,-,A,D,0,NA,NA,NA,NA,Y,NA,A,01,0,2,0,0,0,0,0,0,0,-,-,33.925079345703125,-118.3256607055664,LOS ANGELES,UNINCORPORATED,-118.32592010498048,33.92506408691406
91153007,2019,2019-12-26,9550,2019-12-17,1645,022048,NA,2,2,9,1900,0,2,4,NA,1,023,MULBERRY DRIVE E/B,COLIMA ROAD,300,E,N,A,-,N,NA,NA,NA,NA,NA,NA,NA,NA,NA,N,4,0,2,4,A,-,03,22350,NA,N,C,C,A,A,H,-,C,D,0,NA,NA,NA,NA,Y,NA,A,01,0,0,2,0,0,0,0,0,0,-,-,33.9351806640625,-118.01569366455078,LOS ANGELES,UNINCORPORATED,-118.01581573486328,33.93515396118164
91153028,2019,2019-12-26,9575,2019-12-16,0810,020119,NA,1,1,6,1925,0,1,3,NA,2,042,SR-134 W/B (VENTURA FREEWAY),LOUISE ST.,20,W,N,A,-,Y,NA,NA,134,NA,NA,NA,NA,NA,W,Y,3,0,2,4,A,-,03,22350,NA,N,C,C,A,A,H,-,A,D,0,NA,NA,NA,NA,Y,NA,A,01,0,1,1,0,0,0,0,0,0,-,-,34.156620025634766,-118.25293731689452,LOS ANGELES,GLENDALE,-118.25293731689452,34.156463623046875
9115303,2020,2020-09-01,1975,2020-06-10,0725,464,1975,3,5,6,1975,0,0,0,NA,0,005,VALINDA AV,SUMMER PL,0,NA,Y,A,-,N,NA,NA,NA,NA,NA,NA,NA,NA,NA,N,3,0,1,2,A,-,09,21801,A,N,G,B,B,A,H,-,A,A,0,Y,NA,NA,NA,Y,NA,-,NA,0,1,0,0,1,0,0,0,0,-,-,34.04035949707031,-117.92658233642578,LOS ANGELES,WEST COVINA,-117.92658233642578,34.04029083251953
91153030,2019,2019-12-26,9550,2019-12-23,1419,021274,NA,1,2,9,1900,0,1,3,NA,2,600,STATE ROUTE 60 W/B,CROSSROADS PARKWAY SOUTH,140,E,N,B,C,Y,NA,NA,60,NA,NA,NA,NA,NA,W,Y,4,0,1,2,A,-,03,22350,NA,N,C,C,A,B,H,-,A,D,0,NA,NA,NA,NA,Y,NA,D,22,0,0,1,0,0,0,0,0,0,-,-,34.02922821044922,-118.01194763183594,LOS ANGELES,UNINCORPORATED,-118.01194763183594,34.029197692871094
91153037,2019,2019-12-26,9550,2019-12-20,1455,021274,NA,5,2,9,1900,0,1,3,NA,2,602,STATE ROUTE 60 W/B,NOGALES STREET,200,W,N,A,-,Y,NA,NA,60,NA,NA,NA,NA,NA,W,N,4,0,1,2,A,-,03,22350,NA,N,C,C,A,A,H,-,A,D,0,NA,NA,NA,NA,Y,NA,A,01,0,0,1,0,0,0,0,0,0,-,-,33.99435043334961,-117.88948822021484,LOS ANGELES,UNINCORPORATED,-117.88948822021484,33.99427032470703
9115304,2020,2020-08-28,1975,2020-06-16,1449,435,NA,2,5,6,1975,0,0,0,NA,0,002,NORTH GARVEY AV,MOCKINGBIRD LN,0,NA,Y,A,-,N,NA,NA,NA,NA,NA,NA,NA,NA,NA,Y,4,0,1,2,A,-,09,21801,A,N,D,C,A,A,H,-,A,D,0,NA,NA,NA,NA,Y,NA,-,NA,0,0,1,0,0,0,0,0,0,-,-,NA,NA,LOS ANGELES,WEST COVINA,-117.89401245117188,34.07231903076172
9115305,2020,2020-09-01,1975,2020-06-08,1740,347,6P26,1,5,6,1975,0,0,0,NA,0,006,VALLEY BL,SENTOUS ST,900,E,N,A,-,N,NA,NA,NA,NA,NA,NA,NA,NA,NA,N,4,0,1,2,A,-,09,21801,A,N,-,C,A,A,H,-,A,D,0,NA,NA,NA,NA,Y,NA,-,NA,0,0,1,0,0,0,0,0,0,-,-,34.00199890136719,-117.88105010986328,LOS ANGELES,WEST COVINA,-117.87812042236328,34.00192642211914
9115306,2020,2020-09-01,1975,2020-06-09,2300,466,NA,2,5,6,1975,0,0,0,NA,0,004,VALINDA AV,CAMERON AV,2,E,N,A,-,N,NA,NA,NA,NA,NA,NA,NA,NA,NA,N,4,0,1,2,A,-,10,21950,A,N,G,B,B,A,H,-,C,A,0,Y,NA,NA,NA,Y,NA,A,01,0,0,1,0,1,0,0,0,0,-,-,34.0612907409668,-117.92543792724608,LOS ANGELES,WEST COVINA,-117.92545318603516,34.061248779296875
9115307,2020,2020-09-01,1975,2020-06-12,2207,436,WCPD,5,5,6,1975,0,0,0,NA,0,001,BADILLO ST,LARK ELLEN  AV,0,NA,Y,A,-,N,NA,NA,NA,NA,NA,NA,NA,NA,NA,NA,4,0,1,2,A,-,09,21801,A,N,D,C,A,A,H,-,C,A,0,NA,NA,NA,NA,Y,NA,A,01,0,0,1,0,0,0,0,0,0,-,-,34.08646011352539,-117.91661834716795,LOS ANGELES,WEST COVINA,-117.91660308837892,34.08652114868164
91153082,2019,2019-12-26,9550,2019-12-21,1820,022023,NA,6,2,6,1920,0,1,1,NA,2,651,I-605 (N/B),I-5,500,S,N,A,-,Y,NA,NA,605,NA,NA,NA,NA,NA,NA,N,4,0,1,2,A,-,03,22350,NA,M,C,C,A,A,H,-,C,D,0,NA,NA,NA,NA,Y,NA,-,99,0,0,1,0,0,0,0,0,0,-,-,33.93117904663086,-118.1010284423828,LOS ANGELES,DOWNEY,-118.1015167236328,33.93143081665039
91153108,2019,2019-12-26,9525,2019-12-22,1108,020499,NA,7,1,5,1990,0,2,4,NA,2,030,SR-60 W/B (POMONA FWY),GRAND AVE,1056,E,N,A,-,Y,NA,NA,60,NA,NA,NA,NA,NA,W,N,4,0,1,3,A,-,07,21658,A,N,B,C,A,A,H,-,A,D,0,NA,NA,NA,NA,Y,NA,A,07,0,0,1,0,0,0,0,0,0,-,-,34.0135612487793,-117.82021331787108,LOS ANGELES,DIAMOND BAR,-117.82018280029295,34.01353073120117
91153113,2019,2019-12-26,9550,2019-12-21,1325,022167,NA,6,1,6,1949,0,1,1,NA,2,651,I-605 S/B,ALONDRA BOULEVARD,2170,N,N,A,-,Y,NA,NA,605,NA,NA,NA,NA,NA,S,Y,3,0,1,2,A,-,03,22350,NA,N,C,C,A,A,H,-,A,D,0,NA,NA,NA,NA,Y,NA,A,07,0,1,0,0,0,0,0,0,0,-,-,33.893638610839844,-118.10487365722656,LOS ANGELES,NORWALK,-118.1049346923828,33.89363479614258
91153136,2019,2019-12-26,9565,2019-12-13,0600,017060,NA,5,1,6,1933,0,1,1,NA,2,060,I-405 N/B (SAN DIEGO FREEWAY),CENTURY BLVD.,100,N,N,E,-,Y,NA,NA,405,NA,NA,NA,NA,NA,N,Y,3,0,1,1,A,-,08,22107,NA,N,E,I,A,A,H,-,B,D,0,NA,NA,Y,NA,Y,NA,C,02,0,1,0,0,0,0,0,0,1,-,-,33.94559860229492,-118.36827087402344,LOS ANGELES,INGLEWOOD,-118.36821746826172,33.94560241699219
91153157,2019,2019-12-26,9590,2019-12-17,1228,022281,NA,2,1,7,1942,0,1,1,NA,2,061,I-10 W/B (SMF),VENICE BLVD,315,E,N,A,-,Y,NA,NA,10,NA,NA,NA,NA,NA,W,Y,4,0,1,2,A,-,03,22350,NA,N,C,C,A,A,H,-,A,D,0,NA,NA,NA,NA,Y,NA,A,01,0,0,1,0,0,0,0,0,0,-,-,34.03636932373047,-118.37416839599608,LOS ANGELES,LOS ANGELES,-118.37417602539064,34.03635025024414
91153160,2019,2019-12-26,9565,2019-11-05,1815,022206,NA,2,2,5,1928,0,1,1,NA,2,012,I-105 E/B (GLEN ANDERSON FREEWAY),HAWTHORNE BLVD,800,W,N,A,-,Y,NA,NA,105,NA,NA,NA,NA,NA,E,Y,2,0,1,3,A,-,03,22350,NA,N,C,C,A,A,H,-,C,D,0,NA,NA,Y,NA,Y,NA,C,02,1,0,0,0,0,0,0,0,1,-,-,33.93342971801758,-118.3552474975586,LOS ANGELES,HAWTHORNE,-118.3552474975586,33.93338394165039
91153199,2019,2019-12-26,9550,2019-12-16,0605,022037,NA,1,1,9,1900,0,2,4,NA,1,021,PAINTER AVENUE,CARMENITA ROAD,0,NA,Y,A,-,N,NA,NA,NA,NA,NA,NA,NA,NA,NA,Y,4,0,2,2,A,-,12,21453,A,N,D,C,A,A,H,-,C,A,0,NA,NA,NA,NA,Y,NA,A,01,0,0,2,0,0,0,0,0,0,-,-,33.94879913330078,-118.0464096069336,LOS ANGELES,UNINCORPORATED,-118.0465087890625,33.9488410949707
9115320,2020,2020-09-01,1967,2020-06-13,1830,157,NA,6,5,2,1967,0,0,0,NA,0,NORTH,CHERRY AV,SPRING,0,NA,Y,A,-,N,NA,NA,NA,NA,NA,NA,NA,NA,NA,Y,4,0,1,2,A,-,12,21453,A,N,D,C,A,A,H,-,A,A,0,NA,NA,NA,NA,Y,Y,A,01,0,0,1,0,0,0,0,0,0,-,-,NA,NA,LOS ANGELES,SIGNAL HILL,-118.1676025390625,33.811668395996094
91153201,2019,2019-12-26,9530,2019-10-31,1545,022406,NA,4,2,9,1900,0,3,5,NA,2,001,ALAMEDA ST. (7400 BLOCK),76TH PL.,70,N,N,A,-,N,NA,NA,NA,NA,NA,NA,NA,NA,NA,Y,3,0,3,3,A,-,05,21460,A,N,A,C,A,A,H,-,A,D,0,NA,NA,NA,NA,Y,NA,A,01,0,1,2,0,0,0,0,0,0,-,-,33.97216033935547,-118.23432159423828,LOS ANGELES,UNINCORPORATED,-118.23426818847656,33.972110748291016
91153241,2019,2019-12-26,9530,2019-11-06,1838,022413,NA,3,2,9,1900,0,3,5,NA,2,002,135TH ST. (BLOCK #200),FIGUEROA ST.,300,E,N,A,-,N,NA,NA,NA,NA,NA,NA,NA,NA,NA,Y,4,0,1,2,A,-,01,23152,A,N,A,C,A,A,H,-,C,A,0,NA,NA,NA,NA,Y,Y,A,01,0,0,1,0,0,0,0,0,0,-,-,33.9091911315918,-118.28386688232422,LOS ANGELES,UNINCORPORATED,-118.28175354003906,33.909175872802734
91153265,2019,2019-12-26,9545,2019-12-22,1048,020749,NA,7,1,9,1900,0,3,5,NA,1,005,PALMDALE BOULEVARD,155TH STREET EAST,0,NA,Y,A,-,N,NA,NA,NA,NA,NA,NA,NA,NA,NA,Y,3,0,2,2,A,-,09,21802,A,N,D,C,A,A,H,-,A,A,0,NA,NA,NA,NA,Y,NA,A,01,0,1,1,0,0,0,0,0,0,-,-,34.57994079589844,-117.85330200195313,LOS ANGELES,UNINCORPORATED,-117.8532485961914,34.57992935180664
91153321,2019,2019-12-26,9545,2019-12-22,1730,022130,NA,7,2,9,1900,0,3,5,NA,2,002,AVENUE O,20TH ST  W,0,NA,Y,A,-,N,NA,NA,NA,NA,NA,NA,NA,NA,NA,Y,4,0,1,2,A,-,21,22106,NA,N,D,C,A,A,H,-,C,D,0,NA,NA,NA,NA,Y,NA,A,07,0,0,1,0,0,0,0,0,0,-,-,34.616371154785156,-118.16548919677734,LOS ANGELES,UNINCORPORATED,-118.16549682617188,34.616390228271484
91153365,2019,2019-12-26,9525,2019-12-20,1200,018997,NA,5,1,9,1900,0,2,4,NA,2,022,ARROW HIGHWAY (900 BLOCK),N. ENID AVE.,322,E,N,A,-,Y,NA,NA,NA,NA,NA,NA,NA,NA,NA,N,4,0,1,2,A,-,03,22350,NA,N,C,C,A,A,H,-,A,A,0,NA,NA,NA,NA,Y,NA,A,01,0,0,1,0,0,0,0,0,0,-,-,34.10700988769531,-117.7123794555664,LOS ANGELES,UNINCORPORATED,-117.91320037841795,34.10696029663086