CASE_ID,ACCIDENT_YEAR,PROC_DATE,JURIS,COLLISION_DATE,COLLISION_TIME,OFFICER_ID,REPORTING_DISTRICT,DAY_OF_WEEK,CHP_SHIFT,POPULATION,CNTY_CITY_LOC,SPECIAL_COND,BEAT_TYPE,CHP_BEAT_TYPE,CITY_DIVISION_LAPD,CHP_BEAT_CLASS,BEAT_NUMBER,PRIMARY_RD,SECONDARY_RD,DISTANCE,DIRECTION,INTERSECTION,WEATHER_1,WEATHER_2,STATE_HWY_IND,CALTRANS_COUNTY,CALTRANS_DISTRICT,STATE_ROUTE,ROUTE_SUFFIX,POSTMILE_PREFIX,POSTMILE,LOCATION_TYPE,RAMP_INTERSECTION,SIDE_OF_HWY,TOW_AWAY,COLLISION_SEVERITY,NUMBER_KILLED,NUMBER_INJURED,PARTY_COUNT,PRIMARY_COLL_FACTOR,PCF_CODE_OF_VIOL,PCF_VIOL_CATEGORY,PCF_VIOLATION,PCF_VIOL_SUBSECTION,HIT_AND_RUN,TYPE_OF_COLLISION,MVIW,PED_ACTION,ROAD_SURFACE,ROAD_COND_1,ROAD_COND_2,LIGHTING,CONTROL_DEVICE,CHP_ROAD_TYPE,PEDESTRIAN_ACCIDENT,BICYCLE_ACCIDENT,MOTORCYCLE_ACCIDENT,TRUCK_ACCIDENT,NOT_PRIVATE_PROPERTY,ALCOHOL_INVOLVED,STWD_VEHTYPE_AT_FAULT,CHP_VEHTYPE_AT_FAULT,COUNT_SEVERE_INJ,COUNT_VISIBLE_INJ,COUNT_COMPLAINT_PAIN,COUNT_PED_KILLED,COUNT_PED_INJURED,COUNT_BICYCLIST_KILLED,COUNT_BICYCLIST_INJURED,COUNT_MC_KILLED,COUNT_MC_INJURED,PRIMARY_RAMP,SECONDARY_RAMP,LATITUDE,LONGITUDE,COUNTY,CITY,POINT_X,POINT_Y
91157643,2019,2020-01-02,9535,2019-12-24,0520,022335,NA,2,3,4,1907,0,1,1,NA,2,073,I-710 (LONG BEACH FREEWAY) S/B,FLORENCE AVE,260,N,N,A,-,Y,NA,NA,710,NA,NA,NA,NA,NA,S,N,4,0,1,2,A,-,07,21658,A,N,B,C,A,A,H,-,D,D,0,NA,NA,NA,Y,Y,NA,-,-,0,0,1,0,0,0,0,0,0,-,-,33.96900177001953,-118.16783905029295,LOS ANGELES,BELL,-118.16775512695313,33.968997955322266
91157658,2019,2020-01-02,9530,2019-12-24,1900,021310,NA,2,2,9,1900,0,3,5,NA,2,005,MARINE AVE (3300 BLOCK),LEMOLI AVE.,200,E,N,A,-,N,NA,NA,NA,NA,NA,NA,NA,NA,NA,N,4,0,1,2,A,-,21,22106,NA,N,D,C,A,A,H,-,C,D,0,NA,NA,NA,NA,Y,NA,D,22,0,0,1,0,0,0,0,0,0,-,-,33.89466094970703,-118.3301010131836,LOS ANGELES,UNINCORPORATED,-118.33021545410156,33.89466857910156
9115767,2020,2020-07-30,1905,2020-04-26,1736,1175,411,7,5,4,1905,0,0,0,NA,0,002,SAN GABRIEL AV,9TH ST,514,S,N,A,-,N,NA,NA,NA,NA,NA,NA,NA,NA,NA,N,3,0,1,2,A,-,11,21954,A,N,G,B,E,A,H,-,A,A,0,Y,NA,NA,NA,Y,NA,N,60,0,1,0,0,1,0,0,0,0,-,-,NA,NA,LOS ANGELES,AZUSA,-117.90879058837892,34.135799407958984
9115768,2020,2020-07-30,1905,2020-04-06,0724,1172,235,1,5,4,1905,0,0,0,NA,0,001,GLADSTONE ST,ASPAN,142,W,N,C,-,N,NA,NA,NA,NA,NA,NA,NA,NA,NA,Y,3,0,1,2,D,-,00,NA,NA,N,E,E,A,B,H,-,A,A,0,NA,NA,Y,NA,Y,NA,-,-,0,1,0,0,0,0,0,0,0,-,-,34.11431884765625,-117.9207763671875,LOS ANGELES,AZUSA,-117.91976928710938,34.114315032958984
9115769,2020,2020-07-30,1905,2020-04-17,1914,2019,422,5,5,4,1905,0,0,0,NA,0,003,FOOTHILL BL,SOLDANO AV,0,NA,Y,A,-,N,NA,NA,NA,NA,NA,NA,NA,NA,NA,Y,3,0,3,2,A,-,09,21802,A,N,B,C,A,A,H,-,A,A,0,NA,NA,NA,NA,Y,NA,A,01,0,2,1,0,0,0,0,0,0,-,-,34.133460998535156,-117.90370178222656,LOS ANGELES,AZUSA,-117.90370178222656,34.13359832763672
91157692,2019,2020-04-03,9565,2019-12-24,1705,021706,NA,2,2,7,1942,0,1,1,NA,2,062,I-405 S/B (SAN DIEGO FREEWAY),NATIONAL BLVD,10,S,N,B,-,Y,NA,NA,405,NA,NA,NA,NA,NA,S,Y,4,0,2,2,A,-,03,22350,NA,N,C,C,A,A,H,-,C,D,0,NA,NA,NA,Y,Y,NA,A,01,0,0,2,0,0,0,0,0,0,-,-,34.026649475097656,-118.42996215820313,LOS ANGELES,LOS ANGELES,-118.43000793457033,34.026615142822266
9115770,2020,2020-07-30,1905,2020-04-05,1335,2019,999,7,5,4,1905,0,0,0,NA,0,003,HUNTINGTON DR,LAS LOMAS RD,160,E,N,B,-,N,NA,NA,NA,NA,NA,NA,NA,NA,NA,Y,4,0,1,1,A,-,03,22349,A,M,A,I,A,B,H,-,A,A,0,NA,NA,NA,NA,Y,NA,A,01,0,0,1,0,0,0,0,0,0,-,-,34.13895034790039,-117.94687652587892,LOS ANGELES,AZUSA,-117.94643402099608,34.1389274597168
91157717,2019,2020-01-02,9550,2019-12-26,0144,018412,NA,4,3,9,1900,0,1,3,NA,2,092,SR-91 (W/B),NORWALK BOULEVARD,500,E,N,C,-,Y,NA,NA,NA,NA,NA,NA,NA,NA,NA,Y,4,0,2,1,A,-,03,22350,NA,N,E,I,A,B,H,-,C,D,0,NA,NA,NA,NA,Y,NA,D,22,0,0,2,0,0,0,0,0,0,-,-,33.8765983581543,-118.07150268554688,LOS ANGELES,UNINCORPORATED,-118.07101440429688,33.876590728759766
91157725,2019,2020-01-02,9590,2019-12-23,0203,022405,NA,1,3,7,1942,0,1,1,NA,2,053,I-110 S/B (HARBOR FREEWAY),W. JEFFERSON BLVD.,100,N,N,C,-,Y,NA,NA,110,NA,NA,NA,NA,NA,S,N,4,0,2,2,A,-,03,22350,NA,N,C,C,A,B,H,-,C,D,0,NA,NA,NA,NA,Y,NA,A,01,0,0,2,0,0,0,0,0,0,-,-,34.02260971069336,-118.27749633789064,LOS ANGELES,LOS ANGELES,-118.27738189697266,34.022552490234375
9115774,2020,2020-07-30,1905,2020-04-05,2335,1170,131,7,5,4,1905,0,0,0,NA,0,001,AZUSA AV,PARAMOUNT ST,0,NA,Y,C,-,N,NA,NA,NA,NA,NA,NA,NA,NA,NA,Y,3,0,1,2,A,-,09,21801,A,N,A,C,A,B,H,-,C,A,0,NA,NA,NA,NA,Y,NA,A,01,0,1,0,0,0,0,0,0,0,-,-,34.11798858642578,-117.90770721435548,LOS ANGELES,AZUSA,-117.90770721435548,34.11800003051758
91157744,2019,2020-01-02,9580,2019-12-23,1145,017228,NA,1,1,7,1942,0,1,3,NA,2,171,SR-170 S/B (HOLLYWOOD FWY.),OXNARD STREET,200,S,N,A,-,Y,NA,NA,170,NA,NA,NA,NA,NA,S,Y,4,0,1,2,A,-,08,22107,NA,N,B,C,A,A,H,-,A,D,0,NA,NA,NA,NA,Y,NA,D,22,0,0,1,0,0,0,0,0,0,-,-,34.17435836791992,-118.3925323486328,LOS ANGELES,LOS ANGELES,-118.3923797607422,34.17451477050781
9115775,2020,2020-07-30,1905,2020-04-05,1252,2019,131,7,5,4,1905,0,0,0,NA,0,001,AZUSA AV,PARAMOUNT ST,0,NA,Y,B,-,N,NA,NA,NA,NA,NA,NA,NA,NA,NA,Y,3,0,1,2,A,-,09,21801,A,N,A,C,A,B,H,-,A,A,0,NA,NA,NA,NA,Y,NA,A,01,0,1,0,0,0,0,0,0,0,-,-,34.11798858642578,-117.90770721435548,LOS ANGELES,AZUSA,-117.90770721435548,34.11800003051758
91157772,2019,2020-01-02,9525,2019-12-26,0027,021980,NA,4,3,6,1955,0,1,1,NA,2,107,I-10 W/B (SAN BERNARDINO FWY),VIA VERDE,1584,E,N,B,C,Y,NA,NA,NA,NA,NA,NA,NA,NA,NA,Y,4,0,1,1,A,-,03,22350,NA,N,E,I,A,B,D,E,D,D,0,NA,NA,NA,NA,Y,NA,A,07,0,0,1,0,0,0,0,0,0,-,-,34.067161560058594,-117.8335418701172,LOS ANGELES,POMONA,NA,NA
91157796,2019,2020-01-02,9550,2019-12-29,1902,022222,NA,7,2,9,1900,0,2,4,NA,1,051,FULLERTON ROAD,LOS PALACIOS DRIVE,0,NA,Y,B,-,N,NA,NA,NA,NA,NA,NA,NA,NA,NA,N,4,0,1,3,A,-,03,22350,NA,N,C,C,A,A,H,-,C,A,0,NA,NA,NA,NA,Y,NA,A,01,0,0,1,0,0,0,0,0,0,-,-,33.99095916748047,-117.90541076660156,LOS ANGELES,UNINCORPORATED,-117.90545654296876,33.99094009399414
91157805,2019,2020-01-02,9580,2019-12-26,0215,021475,NA,4,3,7,1942,0,1,3,NA,2,171,SR-170 S/B (HOLLYWOOD FWY.),VICTORY BLVD,1848,N,N,B,C,Y,NA,NA,170,NA,NA,NA,NA,NA,S,Y,4,0,1,1,A,-,08,22107,NA,N,F,A,A,B,H,-,C,D,0,NA,NA,NA,NA,Y,NA,A,07,0,0,1,0,0,0,0,0,0,-,-,34.1917610168457,-118.4023208618164,LOS ANGELES,LOS ANGELES,-118.40229034423828,34.19176483154297
91157835,2019,2020-01-02,9590,2019-12-23,0205,021535,NA,1,3,7,1942,0,1,2,NA,2,072,US-101 N/B (HOLLYWOOD FREEWAY),MULHOLLAND DRIVE,700,S,N,B,C,Y,NA,NA,101,NA,NA,NA,NA,NA,N,Y,4,0,1,1,A,-,08,22107,NA,N,E,I,A,B,H,-,C,D,0,NA,NA,NA,NA,Y,NA,A,01,0,0,1,0,0,0,0,0,0,-,-,34.12213897705078,-118.34033966064452,LOS ANGELES,LOS ANGELES,-118.34032440185548,34.122154235839844
91157851,2019,2020-01-02,9590,2019-12-21,0515,022304,NA,6,3,7,1942,0,1,1,NA,2,082,I-5 N/B (GOLDEN STATE FREEWAY),RIVERSIDE DRIVE,600,N,N,A,-,Y,NA,NA,NA,NA,NA,NA,NA,NA,NA,Y,3,0,5,4,A,-,03,22350,NA,N,C,C,A,A,H,-,C,D,0,NA,NA,NA,NA,Y,NA,A,01,0,3,2,0,0,0,0,0,0,-,-,34.24507141113281,-118.2450714111328,LOS ANGELES,LOS ANGELES,-118.24501037597656,34.09686279296875
91157859,2019,2020-01-02,9535,2019-12-24,1120,022085,NA,2,1,3,1914,0,1,1,NA,2,500,I-5 (SANTA ANA FREEWAY) N/B,SIMONS R/R U/P,1000,N,N,A,-,Y,NA,NA,5,NA,NA,NA,NA,NA,N,Y,4,0,2,3,A,-,04,21703,NA,N,C,C,A,A,H,-,A,D,0,NA,NA,NA,NA,Y,NA,A,01,0,0,2,0,0,0,0,0,0,-,-,33.9921989440918,-118.14192962646484,LOS ANGELES,COMMERCE,-118.14189910888672,33.99222946166992
91157871,2019,2020-01-02,9565,2019-12-21,1925,021892,NA,6,2,9,1900,0,1,1,NA,2,061,I-405 S/B,WASHINGTON PLACE,100,S,N,A,-,Y,NA,NA,NA,NA,NA,NA,NA,NA,NA,Y,4,0,1,3,A,-,03,22350,NA,N,C,C,A,A,H,-,D,D,0,NA,NA,NA,NA,Y,NA,A,07,0,0,1,0,0,0,0,0,0,-,-,34.007511138916016,-118.4149169921875,LOS ANGELES,UNINCORPORATED,-118.41511535644533,34.00777053833008
91157884,2019,2020-01-02,9535,2019-10-30,2241,022223,NA,3,3,5,1947,0,1,3,NA,2,601,SR-60 (POMONA FREEWAY) W/B,GARFIELD AVE.,80,W,N,A,-,Y,NA,NA,60,NA,NA,NA,NA,NA,W,Y,3,0,1,3,A,-,03,22350,NA,N,B,C,A,A,H,-,D,D,0,NA,NA,NA,NA,Y,NA,A,01,0,1,0,0,0,0,0,0,0,-,-,34.033119201660156,-118.1345672607422,LOS ANGELES,MONTEBELLO,-118.1345672607422,34.03317642211914
91157885,2019,2020-01-02,9575,2019-12-23,0600,020950,NA,1,1,9,1900,0,1,1,NA,2,062,I-210 E/B (FOOTHILL FREEWAY),BRIGGS AVE.,65,E,N,B,C,Y,NA,NA,210,NA,NA,NA,NA,NA,E,Y,3,0,1,2,A,-,03,22350,NA,N,D,C,A,B,H,-,C,D,0,NA,NA,NA,NA,Y,NA,A,01,0,1,0,0,0,0,0,0,0,-,-,34.21297836303711,-118.23078155517578,LOS ANGELES,UNINCORPORATED,-118.2307586669922,34.21302032470703
91157886,2019,2020-01-02,9565,2019-12-24,1820,021429,NA,2,2,9,1900,0,1,1,NA,2,010,I-105 W/B TO I-405 N/B,LENNOX BOULEVARD,200,S,N,A,-,Y,NA,NA,NA,NA,NA,NA,NA,NA,NA,Y,4,0,1,3,A,-,08,22107,NA,N,C,C,A,A,H,-,C,D,0,NA,NA,NA,NA,Y,NA,A,01,0,0,1,0,0,0,0,0,0,-,-,33.93783187866211,-118.36808776855467,LOS ANGELES,UNINCORPORATED,NA,NA
91157903,2019,2020-01-02,9580,2019-12-26,0225,022036,NA,4,3,7,1942,0,1,1,NA,2,407,I-405 S/B (SAN DIEGO FWY),SHERMAN WAY,300,N,N,C,-,Y,NA,NA,405,NA,NA,NA,NA,NA,S,Y,4,0,1,1,A,-,01,23152,A,N,E,J,A,B,H,-,C,D,0,NA,NA,NA,NA,Y,Y,A,01,0,0,1,0,0,0,0,0,0,-,-,34.20180130004883,-118.47339630126952,LOS ANGELES,LOS ANGELES,-118.47354888916016,34.201812744140625
91157911,2019,2020-01-02,9535,2019-12-23,0900,022418,NA,1,1,9,1900,0,1,3,NA,2,621,SR-60 (POMONA FREEWAY) W/B,SAN GABRIEL BLVD,50,E,N,B,C,Y,NA,NA,60,NA,NA,NA,NA,NA,W,Y,4,0,1,2,A,-,08,22107,NA,N,D,C,A,B,H,-,A,D,0,NA,NA,NA,Y,Y,NA,A,01,0,0,1,0,0,0,0,0,0,-,-,34.039390563964844,-118.0802001953125,LOS ANGELES,UNINCORPORATED,-118.080322265625,34.03970718383789
91157950,2019,2020-06-29,9575,2019-12-20,1205,020902,NA,5,1,6,1925,0,1,3,NA,2,042,SR-134 W/B (VENTURA FREEWAY),JACKSON ST,300,E,N,A,-,Y,NA,NA,134,NA,NA,NA,NA,NA,W,N,4,0,4,5,A,-,03,22350,NA,N,C,C,A,A,H,-,A,D,0,NA,NA,NA,NA,Y,NA,A,01,0,0,4,0,0,0,0,0,0,-,-,34.15652847290039,-118.2489776611328,LOS ANGELES,GLENDALE,-118.2489776611328,34.156463623046875
91157952,2019,2020-01-02,9590,2019-12-22,1740,022087,NA,7,2,7,1942,0,1,1,NA,2,050,I-110 N/B (HARBOR FREEWAY),COLDEN AVE.,100,S,N,B,-,Y,NA,NA,NA,NA,NA,NA,NA,NA,NA,N,4,0,1,2,A,-,07,21658,A,N,B,C,A,A,H,-,C,D,0,NA,NA,NA,NA,Y,NA,A,01,0,0,1,0,0,0,0,0,0,-,-,33.56549835205078,-118.16500091552734,LOS ANGELES,LOS ANGELES,-118.2795639038086,33.94889831542969
91157960,2019,2020-01-02,9535,2019-12-25,0250,022248,NA,3,3,4,1907,0,1,1,NA,2,072,I-710 N/B (LONG BEACH FREEWAY),SLAUSON AVE,300,N,N,A,-,Y,NA,NA,NA,NA,NA,NA,NA,NA,NA,Y,3,0,1,2,A,-,07,21658,A,N,B,C,A,A,H,-,C,D,0,NA,NA,NA,NA,Y,NA,A,01,0,1,0,0,0,0,0,0,0,-,-,33.591400146484375,-118.1010971069336,LOS ANGELES,BELL,-118.17013549804688,33.98733901977539
91158064,2019,2020-01-02,9580,2019-12-22,1640,021807,NA,7,2,9,1900,0,2,4,NA,1,129,KANAN DUME RD,VIA ACERO,1634,N,N,B,C,N,NA,NA,NA,NA,NA,NA,NA,NA,NA,Y,2,0,2,2,A,-,08,22107,NA,N,A,C,A,B,H,-,D,D,0,NA,NA,NA,NA,Y,NA,A,01,1,0,1,0,0,0,0,0,0,-,-,34.040401458740234,-118.79730224609376,LOS ANGELES,UNINCORPORATED,-118.797111,34.041347
91158066,2019,2020-01-06,9565,2019-12-24,0850,015275,NA,2,1,7,1942,0,1,1,NA,2,062,I-405 N/B (SAN DIEGO FREEWAY),OLYMPIC BOULEVARD,528,S,N,B,-,Y,NA,NA,405,NA,NA,NA,NA,NA,N,Y,4,0,1,2,A,-,08,22107,NA,N,B,C,A,A,H,-,A,D,0,NA,NA,NA,Y,Y,NA,-,-,0,0,1,0,0,0,0,0,0,-,-,34.037750244140625,-118.43885803222656,LOS ANGELES,LOS ANGELES,-118.43890380859376,34.03772735595703
91158085,2019,2020-01-02,9530,2019-12-25,2230,022413,NA,3,3,5,1977,0,1,3,NA,2,310,SR-91 E/B (ARTESIA FREEWAY),AVALON BLVD.,100,W,N,C,-,Y,NA,NA,91,NA,NA,NA,NA,NA,E,N,4,0,1,2,A,-,03,22350,NA,N,C,C,A,B,F,-,C,D,0,NA,NA,NA,NA,Y,NA,D,22,0,0,1,0,0,0,0,0,0,-,-,33.87342834472656,-118.2606201171875,LOS ANGELES,CARSON,-118.2606201171875,33.87345886230469
91158088,2019,2020-01-02,9580,2019-12-22,0655,017228,NA,7,1,7,1942,0,1,2,NA,2,106,US-101 N/B (VENTURA FREEWAY),CHESEBRO ROAD,500,S,N,A,-,Y,NA,NA,NA,NA,NA,NA,NA,NA,NA,Y,3,0,1,1,A,-,01,23152,A,N,E,J,A,A,H,-,A,D,0,NA,NA,NA,NA,Y,Y,A,01,0,1,0,0,0,0,0,0,0,-,-,34.142539978027344,-118.73564910888672,LOS ANGELES,LOS ANGELES,NA,NA
91158093,2019,2020-02-24,9580,2019-12-30,1917,021852,NA,1,2,7,1942,0,1,2,NA,2,104,US-101 SOUTHBOUND,WILBUR AVENUE,160,N,N,A,-,Y,NA,NA,101,NA,NA,NA,NA,NA,S,Y,4,0,1,3,A,-,07,21658,A,N,B,C,A,A,H,-,C,D,0,NA,NA,NA,NA,Y,NA,A,01,0,0,1,0,0,0,0,0,0,-,-,34.17333984375,-118.54522705078124,LOS ANGELES,LOS ANGELES,-118.54522705078124,34.17333221435547
91158097,2019,2020-01-02,9580,2019-12-31,1335,021627,NA,2,1,3,1989,0,1,2,NA,2,107,US-101 S/B (VENTURA FREEWAY),LAS VIRGENES RD,950,N,N,A,-,Y,NA,NA,101,NA,NA,NA,NA,NA,S,Y,4,0,3,2,A,-,03,22350,NA,N,C,C,A,A,H,-,A,D,0,NA,NA,NA,NA,Y,NA,A,01,0,0,3,0,0,0,0,0,0,-,-,34.14619064331055,-118.69996643066406,LOS ANGELES,CALABASAS,-118.69993591308594,34.146156311035156
91158099,2020,2020-01-02,9580,2020-01-01,0733,021852,NA,3,1,7,1942,0,1,3,NA,2,170,SR-170 SOUTHBOUND (HOLLYWOOD FWY),SHERMAN WAY,1056,N,N,A,-,Y,NA,NA,170,NA,NA,NA,NA,NA,S,Y,4,0,1,1,A,-,08,22107,NA,N,E,I,A,A,H,-,A,D,0,NA,NA,NA,NA,Y,NA,A,01,0,0,1,0,0,0,0,0,0,-,-,34.20566940307617,-118.40583801269533,LOS ANGELES,LOS ANGELES,-118.40585327148438,34.205665588378906
91158101,2019,2020-01-02,9565,2019-12-13,1437,022231,NA,5,2,4,1918,0,1,1,NA,2,061,I-405 N/B (SAN DIEGO FREEWAY),HOWARD HUGHES PKY,320,N,N,A,-,Y,NA,NA,405,NA,NA,NA,NA,NA,N,Y,4,0,1,4,A,-,03,22350,NA,N,C,C,A,A,H,-,A,D,0,NA,NA,NA,NA,Y,NA,A,07,0,0,1,0,0,0,0,0,0,-,-,33.97621154785156,-118.38629150390624,LOS ANGELES,CULVER CITY,-118.38626098632813,33.97626876831055
91158107,2019,2020-01-02,9525,2019-12-19,0600,021838,NA,4,1,4,1913,0,1,1,NA,2,209,SR-210 W/B (FOOTHILL FWY),BASELINE RD.,700,E,N,A,-,Y,NA,NA,210,NA,NA,NA,NA,NA,W,Y,4,0,1,3,A,-,03,22350,NA,N,C,C,A,A,H,-,B,D,0,NA,NA,NA,NA,Y,NA,A,01,0,0,1,0,0,0,0,0,0,-,-,34.12010955810547,-117.70539855957033,LOS ANGELES,CLAREMONT,-117.70539855957033,34.12005615234375
91158114,2019,2020-01-02,9525,2019-12-19,0800,021838,NA,4,1,9,1900,0,3,5,NA,2,002,SUNFLOWER AVE,ARROW HIGHWAY,0,NA,Y,A,-,N,NA,NA,NA,NA,NA,NA,NA,NA,NA,Y,3,0,1,2,A,-,09,21801,A,N,A,C,A,A,H,-,A,A,0,NA,NA,NA,NA,Y,NA,D,22,0,1,0,0,0,0,0,0,0,-,-,34.10673904418945,-117.8463897705078,LOS ANGELES,UNINCORPORATED,-117.84638214111328,34.10673141479492
91158128,2019,2020-01-02,9550,2019-12-28,1500,022167,NA,6,2,5,1919,0,1,3,NA,2,091,SR-91 W/B,PIONEER BOULEVARD,620,W,N,A,-,Y,NA,NA,91,NA,NA,NA,NA,NA,W,N,4,0,1,2,A,-,03,22350,NA,M,C,C,A,A,H,-,A,D,0,NA,NA,NA,NA,Y,NA,A,01,0,0,1,0,0,0,0,0,0,-,-,33.87654113769531,-118.08585357666016,LOS ANGELES,CERRITOS,-118.08584594726564,33.876441955566406
91158156,2019,2020-01-02,9580,2019-08-25,0019,021458,NA,7,3,7,1942,0,1,2,NA,2,105,US-101 S/B (VENTURA FREEWAY),DEL VALLE ST PED O/C,966,N,N,A,-,Y,NA,NA,101,NA,NA,NA,NA,NA,S,Y,1,1,0,2,A,-,11,21954,A,N,G,B,D,A,H,-,D,D,0,Y,NA,NA,NA,Y,Y,N,60,0,0,0,1,0,0,0,0,0,-,-,34.1622200012207,-118.62979888916016,LOS ANGELES,LOS ANGELES,-118.62978363037108,34.162174224853516
91158196,2019,2020-01-02,9535,2019-12-25,2220,022234,NA,3,3,1,1932,0,1,1,NA,2,650,I-605 N/B (SAN GABRIEL FREEWAY),SR-60 (POMONA FREEWAY) W/B,300,N,N,C,-,Y,NA,NA,605,NA,NA,NA,NA,NA,N,Y,4,0,2,2,A,-,03,22350,NA,N,B,C,A,B,H,-,C,D,0,NA,NA,NA,NA,Y,NA,A,01,0,0,2,0,0,0,0,0,0,-,-,34.036598205566406,-118.02369689941406,LOS ANGELES,INDUSTRY,-118.023681640625,34.03657150268555
91158248,2019,2020-01-03,9535,2019-12-26,0250,022254,NA,4,3,5,1948,0,1,3,NA,2,600,SR-60 (POMONA FREEWAY) E/B,ATLANTIC BLVD,200,E,N,C,-,Y,NA,NA,60,NA,NA,NA,NA,NA,E,Y,3,0,1,2,A,-,07,21658,A,F,B,C,A,B,H,-,C,D,0,NA,NA,NA,NA,Y,NA,-,99,0,1,0,0,0,0,0,0,0,-,-,34.034080505371094,-118.1483917236328,LOS ANGELES,MONTEREY PARK,-118.1483154296875,34.034236907958984
91158266,2019,2020-01-03,9565,2019-12-24,1020,017713,NA,2,1,7,1942,0,1,1,NA,2,064,I-405 S/B (SAN DIEGO FREEWAY),SEPULVEDA BLVD.,200,N,N,A,-,Y,NA,NA,405,NA,NA,NA,NA,NA,S,Y,3,0,1,2,A,-,07,21658,A,N,B,C,A,A,H,-,A,D,0,NA,NA,NA,Y,Y,NA,A,01,0,1,0,0,0,0,0,0,0,-,-,34.09727096557617,-118.47762298583984,LOS ANGELES,LOS ANGELES,-118.47760009765624,34.09728240966797
91158269,2019,2020-01-03,9565,2019-12-25,2200,021251,NA,3,3,9,1900,0,2,4,NA,2,024,IMPERIAL HWY.,WILTON PL.,450,W,N,C,-,N,NA,NA,NA,NA,NA,NA,NA,NA,NA,N,4,0,1,2,A,-,03,22350,NA,F,C,C,A,B,H,-,C,D,0,NA,NA,NA,NA,Y,NA,-,99,0,0,1,0,0,0,0,0,0,-,-,33.93090057373047,-118.31503295898438,LOS ANGELES,UNINCORPORATED,-118.31493377685548,33.931007385253906
91158270,2019,2020-01-03,9565,2019-12-26,1638,021706,NA,4,2,5,1965,0,1,1,NA,2,081,I-10 W/B (SANTA MONICA FREEWAY),11TH ST,200,E,N,B,-,Y,NA,NA,10,NA,NA,NA,NA,NA,W,Y,3,0,1,1,A,-,08,22107,NA,N,E,I,A,A,H,-,A,D,0,NA,NA,NA,NA,Y,NA,A,01,0,1,0,0,0,0,0,0,0,-,-,34.01728820800781,-118.482177734375,LOS ANGELES,SANTA MONICA,-118.48223114013672,34.01734924316406
91158309,2019,2020-01-03,9590,2019-12-26,0715,015575,NA,4,1,7,1942,0,1,1,NA,2,013,SR-110 S/B (ARROYO SECO PARKWAY),AVENUE 64 RAIL ROAD CROSSING,480,S,N,B,-,Y,NA,NA,110,NA,NA,NA,NA,NA,S,Y,4,0,1,2,A,-,08,22107,NA,N,E,I,A,B,H,-,A,A,0,NA,NA,NA,NA,Y,NA,A,01,0,0,1,0,0,0,0,0,0,-,-,34.109619140625,-118.18502044677734,LOS ANGELES,LOS ANGELES,-118.18495941162108,34.1096076965332
9115832,2020,2020-07-02,1941,2020-03-13,2024,5615,NA,5,5,7,1941,0,0,0,NA,0,NA,PALO VERDE AV,WARDLOW RD,0,NA,Y,B,-,N,NA,NA,NA,NA,NA,NA,NA,NA,NA,Y,4,0,1,2,A,-,09,21801,A,N,B,C,A,B,H,-,C,A,0,NA,NA,NA,NA,Y,NA,A,01,0,0,1,0,0,0,0,0,0,-,-,NA,NA,LOS ANGELES,LONG BEACH,-118.10787200927734,33.818870544433594
91158334,2019,2020-01-03,9550,2019-12-23,0237,022387,NA,1,3,3,1964,0,1,1,NA,2,650,INTERSTATE 605 NORTHBOUND,TELEGRAPH ROAD,1600,N,N,C,-,Y,NA,NA,605,NA,NA,NA,NA,NA,N,Y,3,0,1,2,A,-,03,22350,NA,N,C,C,A,B,H,-,C,D,0,NA,NA,NA,NA,Y,NA,A,08,0,1,0,0,0,0,0,0,0,-,-,33.953758239746094,-118.08944702148438,LOS ANGELES,SANTA FE SPRINGS,-118.08944702148438,33.953758239746094
91158340,2019,2020-01-03,9550,2019-12-23,0240,022387,NA,1,3,3,1964,0,1,1,NA,2,650,INTERSTATE 605 NORTHBOUND,TELEGRAPH ROAD,1650,N,N,C,-,Y,NA,NA,605,NA,NA,NA,NA,NA,N,Y,2,0,4,2,A,-,03,22350,NA,N,A,C,A,B,H,-,C,D,0,NA,NA,NA,NA,Y,NA,A,07,1,3,0,0,0,0,0,0,0,-,-,33.95391082763672,-118.08949279785156,LOS ANGELES,SANTA FE SPRINGS,-118.08938598632813,33.95384979248047
91158352,2019,2020-01-03,9540,2019-12-21,1740,021214,NA,6,2,9,1900,0,1,1,NA,1,503,I-5 S/B (GOLDEN STATE FREEWAY),CALGROVE BLVD,2640,S,N,A,-,Y,NA,NA,5,NA,NA,NA,NA,NA,S,Y,3,0,1,2,A,-,01,23152,A,N,D,C,A,A,H,-,D,D,0,NA,NA,NA,Y,Y,Y,A,01,0,1,0,0,0,0,0,0,0,-,-,34.35696029663086,-118.55156707763672,LOS ANGELES,UNINCORPORATED,-118.55209350585938,34.356380462646484