CASE_ID,ACCIDENT_YEAR,PROC_DATE,JURIS,COLLISION_DATE,COLLISION_TIME,OFFICER_ID,REPORTING_DISTRICT,DAY_OF_WEEK,CHP_SHIFT,POPULATION,CNTY_CITY_LOC,SPECIAL_COND,BEAT_TYPE,CHP_BEAT_TYPE,CITY_DIVISION_LAPD,CHP_BEAT_CLASS,BEAT_NUMBER,PRIMARY_RD,SECONDARY_RD,DISTANCE,DIRECTION,INTERSECTION,WEATHER_1,WEATHER_2,STATE_HWY_IND,CALTRANS_COUNTY,CALTRANS_DISTRICT,STATE_ROUTE,ROUTE_SUFFIX,POSTMILE_PREFIX,POSTMILE,LOCATION_TYPE,RAMP_INTERSECTION,SIDE_OF_HWY,TOW_AWAY,COLLISION_SEVERITY,NUMBER_KILLED,NUMBER_INJURED,PARTY_COUNT,PRIMARY_COLL_FACTOR,PCF_CODE_OF_VIOL,PCF_VIOL_CATEGORY,PCF_VIOLATION,PCF_VIOL_SUBSECTION,HIT_AND_RUN,TYPE_OF_COLLISION,MVIW,PED_ACTION,ROAD_SURFACE,ROAD_COND_1,ROAD_COND_2,LIGHTING,CONTROL_DEVICE,CHP_ROAD_TYPE,PEDESTRIAN_ACCIDENT,BICYCLE_ACCIDENT,MOTORCYCLE_ACCIDENT,TRUCK_ACCIDENT,NOT_PRIVATE_PROPERTY,ALCOHOL_INVOLVED,STWD_VEHTYPE_AT_FAULT,CHP_VEHTYPE_AT_FAULT,COUNT_SEVERE_INJ,COUNT_VISIBLE_INJ,COUNT_COMPLAINT_PAIN,COUNT_PED_KILLED,COUNT_PED_INJURED,COUNT_BICYCLIST_KILLED,COUNT_BICYCLIST_INJURED,COUNT_MC_KILLED,COUNT_MC_INJURED,PRIMARY_RAMP,SECONDARY_RAMP,LATITUDE,LONGITUDE,COUNTY,CITY,POINT_X,POINT_Y
91159649,2019,2020-01-06,9580,2019-12-23,0445,022019,NA,1,3,7,1942,0,1,2,NA,2,102,US-101 N/B (VENTURA FREEWAY),BALBOA BLVD,500,N,N,C,-,Y,NA,NA,101,NA,NA,NA,NA,NA,N,Y,3,0,2,3,A,-,01,23152,A,N,C,E,A,B,H,-,C,D,0,NA,NA,NA,NA,Y,Y,A,01,0,1,1,0,0,0,0,0,0,-,-,34.17110061645508,-118.50270080566406,LOS ANGELES,LOS ANGELES,-118.5027084350586,34.17106246948242
91159678,2019,2020-01-06,9530,2019-08-10,1904,022060,NA,6,2,9,1900,0,3,5,NA,2,001,1415 GAGE AVE,COMPTON AVE.,556,W,N,A,-,N,NA,NA,NA,NA,NA,NA,NA,NA,NA,N,3,0,1,2,B,-,22,NA,NA,F,G,B,F,A,H,-,B,D,0,Y,NA,NA,NA,Y,NA,-,99,0,1,0,0,1,0,0,0,0,-,-,33.98283004760742,-118.2496337890625,LOS ANGELES,UNINCORPORATED,-118.24957275390624,33.98207092285156
91159682,2019,2020-01-06,9565,2019-12-25,1345,022219,NA,3,1,7,1942,0,1,1,NA,2,064,I-405 N/B (SAN DIEGO FREEWAY),SEPULVEDA BLVD,200,S,N,B,-,Y,NA,NA,405,NA,NA,NA,NA,NA,N,Y,2,0,1,2,A,-,08,22107,NA,N,C,C,A,A,H,-,A,D,0,NA,NA,Y,NA,Y,NA,C,02,1,0,0,0,0,0,0,0,1,-,-,34.09601974487305,-118.47663879394533,LOS ANGELES,LOS ANGELES,-118.47660064697266,34.096046447753906
91159686,2019,2020-01-06,9530,2019-11-04,2040,021273,NA,1,2,9,1900,0,3,5,NA,2,003,ATLANTIC AVE. (15500 BLOCK),MYRRH ST.,54,S,N,A,-,N,NA,NA,NA,NA,NA,NA,NA,NA,NA,N,4,0,1,4,A,-,03,22350,NA,F,C,C,A,A,H,-,C,A,0,NA,NA,NA,NA,Y,NA,-,99,0,0,1,0,0,0,0,0,0,-,-,33.892398834228516,-118.19313049316406,LOS ANGELES,UNINCORPORATED,-118.1931610107422,33.892311096191406
91159691,2019,2020-01-06,9535,2019-12-26,0308,020076,NA,4,3,4,1909,0,1,1,NA,2,072,I-710 N/B TO FLORENCE AVENUE E/B,FLORENCE AVE,750,S,N,B,C,Y,NA,NA,710,NA,NA,NA,R,NA,N,N,4,0,1,1,A,-,03,22350,NA,N,E,I,A,B,H,-,D,D,0,NA,NA,NA,NA,Y,NA,A,01,0,0,1,0,0,0,0,0,0,-,-,33.96604919433594,-118.16796875,LOS ANGELES,BELL GARDENS,-118.16796875,33.96604919433594
91159703,2019,2020-01-06,9530,2019-12-05,1815,020140,NA,4,2,9,1900,0,3,5,NA,2,004,LAUREL PARK RD (18800 BLOCK),VICTORIA ST.,1056,S,N,A,-,N,NA,NA,NA,NA,NA,NA,NA,NA,NA,N,4,0,1,2,A,-,09,21804,A,N,D,C,A,A,H,-,C,D,0,NA,NA,NA,NA,Y,NA,A,01,0,0,1,0,0,0,0,0,0,-,-,33.861080169677734,-118.2194366455078,LOS ANGELES,UNINCORPORATED,-118.21937561035156,33.861576080322266
91159705,2019,2020-01-06,9575,2019-12-20,0628,022110,NA,5,1,7,1942,0,1,1,NA,2,052,I-5 S/B (GOLDEN STATE FREEWAY),SUNLAND BOULEVARD,1426,N,N,A,-,Y,NA,NA,5,NA,NA,NA,NA,NA,S,N,4,0,1,2,D,-,00,NA,NA,N,C,C,A,A,H,-,B,D,0,NA,NA,NA,Y,Y,NA,-,-,0,0,1,0,0,0,0,0,0,-,-,34.2230110168457,-118.37140655517578,LOS ANGELES,LOS ANGELES,-118.37139892578124,34.2230339050293
91159707,2019,2020-01-06,9580,2019-12-26,0005,021475,NA,4,3,7,1942,0,1,3,NA,2,171,SR-170 S/B (HOLLYWOOD FWY.),SHERMAN WAY,1056,N,N,B,C,Y,NA,NA,170,NA,NA,NA,NA,NA,S,Y,3,0,1,1,A,-,08,22107,NA,N,F,A,A,B,H,-,C,D,0,NA,NA,NA,NA,Y,NA,A,01,0,1,0,0,0,0,0,0,0,-,-,34.20429992675781,-118.40493774414064,LOS ANGELES,LOS ANGELES,-118.40519714355467,34.20417022705078
9115971,2020,2020-08-27,1942,2020-06-14,1851,43677,1001,7,5,7,1942,0,0,0,J,0,10XL12,SHIRLEY AV,ROSCOE BL,0,NA,Y,A,-,N,NA,NA,NA,NA,NA,NA,NA,NA,NA,N,3,0,1,2,A,-,08,22107,NA,N,A,C,A,A,H,-,A,D,0,NA,NA,NA,NA,Y,NA,A,01,0,1,0,0,0,0,0,0,0,-,-,NA,NA,LOS ANGELES,LOS ANGELES,-118.55789184570313,34.220420837402344
91159718,2019,2020-01-06,9530,2019-12-11,1715,020140,NA,3,2,9,1900,0,3,5,NA,2,002,AVALON BLVD (14100 BLOCK),139TH ST.,540,S,N,A,-,N,NA,NA,NA,NA,NA,NA,NA,NA,NA,Y,4,0,1,2,A,-,01,23152,A,N,D,C,A,A,H,-,B,D,0,NA,NA,NA,NA,Y,Y,A,08,0,0,1,0,0,0,0,0,0,-,-,33.9039306640625,-118.26532745361328,LOS ANGELES,UNINCORPORATED,-118.26529693603516,33.90401840209961
91159730,2019,2020-01-06,9550,2019-12-27,1715,022203,NA,5,2,9,1900,0,2,4,NA,1,052,COLIMA ROAD,PASO REAL AVENUE,40,W,N,A,-,N,NA,NA,NA,NA,NA,NA,NA,NA,NA,Y,2,0,2,2,A,-,03,22350,NA,N,C,C,A,A,H,-,C,A,0,NA,NA,NA,NA,Y,NA,A,01,1,0,1,0,0,0,0,0,0,-,-,33.9876708984375,-117.89360809326172,LOS ANGELES,UNINCORPORATED,-117.89366149902344,33.987701416015625
9115975,2020,2020-08-27,1942,2020-06-13,1335,44263,1005,6,5,7,1942,0,0,0,J,0,10A3,WHITE OAK AV,ROSCOE BL,0,NA,Y,A,-,N,NA,NA,NA,NA,NA,NA,NA,NA,NA,N,3,0,1,2,A,-,09,21804,A,N,G,G,A,A,H,-,A,A,0,NA,Y,NA,NA,Y,NA,L,04,0,1,0,0,0,0,1,0,0,-,-,NA,NA,LOS ANGELES,LOS ANGELES,-118.51863098144533,34.22100067138672
91159763,2020,2020-01-06,9575,2020-01-04,1815,020918,NA,6,2,6,1925,0,1,3,NA,2,042,SR-134 W/B (VENTURA FREEWAY),CONCORD ST.,250,E,N,A,-,Y,NA,NA,NA,NA,NA,NA,NA,NA,NA,Y,4,0,3,2,D,-,00,NA,NA,N,C,C,A,A,H,-,C,D,0,NA,NA,NA,NA,Y,NA,-,-,0,0,3,0,0,0,0,0,0,-,-,34.153900146484375,-118.27024841308594,LOS ANGELES,GLENDALE,-118.27031707763672,34.155113220214844
91159772,2019,2020-01-06,9530,2019-12-25,2105,022421,NA,3,2,5,1943,0,1,1,NA,2,210,I-105 W/B (GLENN ANDERSON FWY),LONG BEACH BLVD.,675,E,N,C,-,Y,NA,NA,105,NA,NA,NA,NA,NA,W,Y,4,0,2,3,A,-,07,21658,A,N,D,C,A,B,H,-,C,D,0,NA,NA,NA,NA,Y,NA,A,01,0,0,2,0,0,0,0,0,0,-,-,33.92607116699219,-118.21222686767578,LOS ANGELES,LYNWOOD,-118.21221160888672,33.926109313964844
9115979,2020,2020-08-27,1942,2020-06-10,1310,39440,1007,3,5,7,1942,0,0,0,J,0,10X98,BALBOA BL,STAGG ST,0,NA,Y,A,-,N,NA,NA,NA,NA,NA,NA,NA,NA,NA,Y,3,0,3,3,A,-,09,21801,A,N,D,C,A,A,H,-,A,A,0,NA,NA,NA,NA,Y,NA,A,01,0,2,1,0,0,0,0,0,0,-,-,NA,NA,LOS ANGELES,LOS ANGELES,-118.50135803222656,34.21205139160156
9115981,2020,2020-08-27,1942,2020-06-15,0750,41316,1078,1,5,7,1942,0,0,0,J,0,10A99,VENTURA BL,NOELINE AV,0,NA,Y,A,-,N,NA,NA,NA,NA,NA,NA,NA,NA,NA,Y,4,0,2,2,A,-,12,21453,A,N,D,C,A,A,H,-,A,D,0,NA,NA,NA,NA,Y,NA,A,01,0,0,2,0,0,0,0,0,0,-,-,NA,NA,LOS ANGELES,LOS ANGELES,-118.49011993408205,34.157249450683594
91159812,2020,2020-01-06,9575,2020-01-04,1721,021302,NA,6,2,7,1942,0,1,1,NA,2,050,COLORADO ST FREEWAY EXTENSION,EDENHURST AVE,1056,E,N,A,-,Y,NA,NA,NA,NA,NA,NA,NA,NA,NA,N,4,0,2,3,A,-,03,22350,NA,N,C,C,A,A,H,-,D,D,0,NA,NA,NA,NA,Y,NA,A,07,0,0,2,0,0,0,0,0,0,-,-,34.141971588134766,-118.27005004882813,LOS ANGELES,LOS ANGELES,NA,NA
9115983,2020,2020-09-02,1942,2020-06-16,1415,39476,1029,2,5,7,1942,0,0,0,J,0,10A39,HASKELL AV,SHERMAN WY,196,N,N,A,-,N,NA,NA,NA,NA,NA,NA,NA,NA,NA,N,4,0,1,2,A,-,09,21801,A,N,D,C,A,A,H,-,A,A,0,NA,NA,Y,NA,Y,Y,A,01,0,0,1,0,0,0,0,0,1,-,-,NA,NA,LOS ANGELES,LOS ANGELES,-118.4748992919922,34.20179748535156
91159849,2019,2020-01-06,9530,2019-12-17,0900,019050,NA,2,1,9,1900,0,3,5,NA,2,006,NORMANDIE AVE.,PASATIEMPO LN.,0,NA,Y,A,-,Y,NA,NA,NA,NA,NA,NA,NA,NA,NA,Y,4,0,1,2,A,-,09,21802,A,N,D,C,A,A,H,-,A,A,0,NA,NA,NA,NA,Y,NA,A,01,0,0,1,0,0,0,0,0,0,-,-,33.80699920654297,-118.29850006103516,LOS ANGELES,UNINCORPORATED,-118.29853057861328,33.807071685791016
91159852,2019,2020-01-06,9535,2019-12-25,2342,022225,NA,3,3,5,1901,0,1,1,NA,2,421,I-10 (SAN BERNARDINO FREEWAY) W/B,I-710,1388,E,N,C,-,Y,NA,NA,10,NA,NA,NA,NA,NA,W,Y,3,0,2,1,A,-,01,23152,A,N,F,J,A,B,H,-,D,D,0,NA,NA,NA,NA,Y,Y,A,08,0,1,1,0,0,0,0,0,0,-,-,34.06346893310547,-118.16107177734376,LOS ANGELES,ALHAMBRA,-118.1611099243164,34.063541412353516
9115987,2020,2020-08-28,1942,2020-06-13,0010,41396,1007,6,5,7,1942,0,0,0,J,0,10A17,LOUISE AV,SATICOY ST,134,S,N,A,-,N,NA,NA,NA,NA,NA,NA,NA,NA,NA,Y,4,0,1,1,A,-,03,22350,NA,N,E,I,A,A,H,-,C,D,0,NA,NA,NA,NA,Y,NA,A,07,0,0,1,0,0,0,0,0,0,-,-,NA,NA,LOS ANGELES,LOS ANGELES,-118.50984954833984,34.20804214477539
91159872,2020,2020-01-06,9580,2020-01-05,1718,022036,NA,7,2,7,1942,0,1,1,NA,2,404,I-405 N/B (SAN DIEGO FWY),VICTORY BLVD,350,S,N,B,-,Y,NA,NA,405,NA,NA,NA,NA,NA,N,N,4,0,1,1,C,-,18,NA,NA,N,E,J,A,A,H,-,C,D,0,NA,NA,NA,NA,Y,NA,-,-,0,0,1,0,0,0,0,0,0,-,-,34.185699462890625,-118.4738998413086,LOS ANGELES,LOS ANGELES,-118.47384643554688,34.18571472167969
91159878,2019,2020-01-06,9580,2019-12-30,1255,018322,NA,1,1,7,1942,0,1,3,NA,2,117,SR-118 W/B (RONALD REAGAN FWY.),WOODLEY AVE,1056,E,N,A,-,Y,NA,NA,118,NA,NA,NA,NA,NA,W,Y,4,0,3,3,A,-,03,22350,NA,N,C,C,A,A,H,-,A,D,0,NA,NA,NA,NA,Y,NA,A,01,0,0,3,0,0,0,0,0,0,-,-,34.266300201416016,-118.48069763183594,LOS ANGELES,LOS ANGELES,-118.4806900024414,34.26633834838867
91159894,2020,2020-01-28,9580,2020-01-05,1850,022158,NA,7,2,7,1942,0,1,2,NA,2,103,US-101 S/B (VENTURA FREEWAY),HASKELL AVE,1000,N,N,A,-,Y,NA,NA,101,NA,NA,NA,NA,NA,S,Y,4,0,2,3,A,-,03,22350,NA,N,C,C,A,A,H,-,C,D,0,NA,NA,NA,NA,Y,NA,A,01,0,0,2,0,0,0,0,0,0,-,-,34.165199279785156,-118.47998809814452,LOS ANGELES,LOS ANGELES,-118.47998809814452,34.16523361206055
91159899,2019,2020-04-28,9590,2019-11-01,0120,021122,NA,5,3,7,1942,0,1,2,NA,2,072,US-101 N/B (HOLLYWOOD FREEWAY),BRONSON AVENUE,441,N,N,A,G,Y,NA,NA,101,NA,NA,NA,NA,NA,N,N,1,1,0,2,A,-,11,21954,A,N,G,B,E,A,H,-,C,D,0,Y,NA,NA,NA,Y,NA,N,60,0,0,0,1,0,0,0,0,0,-,-,34.10403060913086,-118.31944274902344,LOS ANGELES,LOS ANGELES,-118.3194580078125,34.103981018066406
9115991,2020,2020-08-27,1942,2020-06-16,0750,42029,1035,2,5,7,1942,0,0,0,J,0,10A21,JAMIESON AV,KITTRIDGE ST,350,N,N,B,-,N,NA,NA,NA,NA,NA,NA,NA,NA,NA,Y,4,0,1,3,A,-,08,22107,NA,M,A,C,A,A,H,-,A,D,0,NA,NA,NA,NA,Y,NA,A,01,0,0,1,0,0,0,0,0,0,-,-,NA,NA,LOS ANGELES,LOS ANGELES,-118.52155303955078,34.19121170043945
91159924,2019,2020-01-06,9535,2019-12-26,2355,022172,NA,4,3,5,1901,0,1,1,NA,2,420,I-10 (SAN BERNARDINO FREEWAY) E/B,FREMONT AVE,300,W,N,A,-,Y,NA,NA,10,NA,NA,NA,NA,NA,E,Y,3,0,2,1,A,-,08,22107,NA,N,E,I,A,A,H,-,D,D,0,NA,NA,NA,NA,Y,NA,A,01,0,2,0,0,0,0,0,0,0,-,-,34.066139221191406,-118.15499877929688,LOS ANGELES,ALHAMBRA,-118.15501403808594,34.06616973876953
9115993,2020,2020-09-12,1942,2020-06-13,0850,37932,1921,6,5,7,1942,0,0,0,NA,0,19A1,ENCINITAS AV,BLEDSOE AV,0,NA,Y,A,-,N,NA,NA,NA,NA,NA,NA,NA,NA,NA,N,4,0,1,1,A,-,03,22350,NA,N,F,I,A,A,H,-,A,D,0,NA,NA,NA,NA,Y,NA,D,22,0,0,1,0,0,0,0,0,0,-,-,NA,NA,LOS ANGELES,LOS ANGELES,-118.4726104736328,34.29901123046875
9115997,2020,2020-08-27,1942,2020-06-08,1600,44313,0941,1,5,7,1942,0,0,0,I,0,9A41,BURBANK BL,KESTER AV,0,NA,Y,A,-,N,NA,NA,NA,NA,NA,NA,NA,NA,NA,N,3,0,1,2,A,-,08,22107,NA,N,D,C,A,A,H,-,A,A,0,NA,NA,NA,NA,Y,NA,-,NA,0,1,0,0,0,0,0,0,0,-,-,NA,NA,LOS ANGELES,LOS ANGELES,-118.45745086669922,34.17211151123047
9115998,2020,2020-08-27,1942,2020-06-15,1440,39476,0963,1,5,7,1942,0,0,0,I,0,9A63,HARTSOOK ST,N SEPULVEDA BL,166,E,N,A,-,N,NA,NA,NA,NA,NA,NA,NA,NA,NA,N,3,0,1,2,A,-,09,21804,A,N,H,G,A,A,H,-,A,D,0,NA,Y,NA,NA,Y,Y,L,04,0,1,0,0,0,0,1,0,0,-,-,NA,NA,LOS ANGELES,LOS ANGELES,-118.4655990600586,34.1639404296875
91159991,2019,2020-01-06,9540,2019-12-20,2020,021374,NA,5,2,9,1900,0,2,4,NA,2,010,THE OLD RD,MARKET CENTER,0,NA,Y,A,-,N,NA,NA,NA,NA,NA,NA,NA,NA,NA,Y,2,0,2,2,A,-,09,21801,A,N,D,C,A,A,H,-,C,A,0,NA,NA,NA,NA,Y,NA,A,01,2,0,0,0,0,0,0,0,0,-,-,34.39196014404297,-118.5739288330078,LOS ANGELES,UNINCORPORATED,-118.573895,34.391869
91160013,2020,2020-01-06,9550,2020-01-05,1120,019179,NA,7,1,5,1935,0,1,1,NA,2,652,INTERSTATE 605 (SAN GABRIEL RIVER FREEW,195TH STREET,0,NA,N,A,-,Y,NA,NA,NA,NA,NA,NA,NA,NA,NA,N,4,0,1,2,A,-,03,22350,NA,N,C,C,A,A,H,-,A,D,0,NA,NA,NA,NA,Y,NA,A,08,0,0,1,0,0,0,0,0,0,-,-,33.852638244628906,-118.09461212158205,LOS ANGELES,LAKEWOOD,NA,NA
91160025,2020,2020-01-06,9530,2020-01-04,2315,022084,NA,6,3,9,1900,0,3,5,NA,2,002,MONA BLVD (12000 BLOCK),124TH ST.,755,N,N,A,-,N,NA,NA,NA,NA,NA,NA,NA,NA,NA,Y,4,0,2,2,A,-,01,23152,A,F,B,C,A,A,H,-,D,D,0,NA,NA,NA,NA,Y,Y,A,01,0,0,2,0,0,0,0,0,0,-,-,33.92184066772461,-118.22859191894533,LOS ANGELES,UNINCORPORATED,-118.22865295410156,33.921810150146484
9116003,2020,2020-08-27,1942,2020-06-12,1645,41514,1663,5,5,7,1942,0,0,0,P,0,16A77,SAN FERNANDO RD,TRUESDALE ST,50,E,N,A,-,N,NA,NA,NA,NA,NA,NA,NA,NA,NA,N,4,0,2,3,A,-,04,21703,NA,N,C,C,A,A,H,-,A,D,0,NA,NA,NA,NA,Y,NA,D,22,0,0,2,0,0,0,0,0,0,-,-,NA,NA,LOS ANGELES,LOS ANGELES,-118.3967514038086,34.242149353027344
91160035,2019,2020-01-06,9550,2019-12-30,0505,021054,NA,1,3,6,1949,0,1,1,NA,2,500,INTERSTATE 5 (SANTA ANA FREEWAY),INTERSTATE 605 (SAN GABRIEL RIVER FREEWA,750,S,N,A,-,Y,NA,NA,5,NA,NA,NA,NA,NA,NA,N,4,0,1,2,A,-,03,22350,NA,N,C,C,A,A,H,-,C,D,0,NA,NA,NA,NA,Y,NA,D,22,0,0,1,0,0,0,0,0,0,-,-,33.92729949951172,-118.08689880371094,LOS ANGELES,NORWALK,-118.08692932128906,33.92728042602539
91160062,2019,2020-01-06,9550,2019-12-27,1105,020025,NA,5,1,9,1900,0,3,5,NA,2,005,PATHFINDER ROAD,BLANDFORD DRIVE,0,NA,Y,A,-,N,NA,NA,NA,NA,NA,NA,NA,NA,NA,Y,4,0,1,2,A,-,12,21453,A,N,D,C,A,A,H,-,A,A,0,NA,NA,NA,NA,Y,NA,-,-,0,0,1,0,0,0,0,0,0,-,-,33.971031188964844,-117.89617919921876,LOS ANGELES,UNINCORPORATED,-117.89620208740234,33.970951080322266
91160066,2019,2020-01-06,9550,2019-12-29,0720,021054,NA,7,1,6,1920,0,1,1,NA,2,501,INTERSTATE 5 (SANTA ANA FREEWAY),CARMENITA ROAD,1000,S,N,A,-,Y,NA,NA,NA,NA,NA,NA,NA,NA,NA,Y,4,0,1,1,A,-,08,22107,NA,N,E,I,A,A,H,-,A,D,0,NA,NA,NA,NA,Y,NA,A,01,0,0,1,0,0,0,0,0,0,-,-,33.88650131225586,-118.03119659423828,LOS ANGELES,DOWNEY,-118.04439544677734,33.89215850830078
9116007,2020,2020-08-27,1942,2020-06-10,1005,43278,1525,3,5,7,1942,0,0,0,O,0,15A21,OXNARD ST,COLFAX AV,0,NA,Y,A,-,N,NA,NA,NA,NA,NA,NA,NA,NA,NA,Y,4,0,2,3,A,-,12,21453,A,N,A,C,A,A,H,-,A,A,0,NA,NA,NA,NA,Y,NA,D,22,0,0,2,0,0,0,0,0,0,-,-,NA,NA,LOS ANGELES,LOS ANGELES,-118.38780212402344,34.17940902709961
91160083,2019,2020-01-06,9535,2019-12-27,1635,022414,NA,5,2,9,1900,0,2,4,NA,2,024,WHITTIER BLVD.,ALMA AVE.,0,NA,Y,A,-,N,NA,NA,NA,NA,NA,NA,NA,NA,NA,N,3,0,1,2,A,-,11,21954,A,N,G,B,B,A,H,-,A,A,0,Y,NA,NA,NA,Y,NA,N,60,0,1,0,0,1,0,0,0,0,-,-,34.023860931396484,-118.19120025634766,LOS ANGELES,UNINCORPORATED,-118.191162109375,34.023921966552734
9116009,2020,2020-09-04,1900,2020-06-26,1620,655212,1134,5,5,6,1992,0,0,0,NA,0,112T4,SIERRA HWY,AVENUE L,60,S,N,A,-,N,NA,NA,NA,NA,NA,NA,NA,NA,NA,Y,3,0,2,2,A,-,03,22350,NA,N,C,C,A,A,H,-,A,A,0,NA,NA,Y,NA,Y,NA,C,06,0,1,1,0,0,0,0,0,1,-,-,NA,NA,LOS ANGELES,LANCASTER,-118.13055419921876,34.66035842895508
91160098,2019,2020-01-06,9590,2019-12-27,1300,021040,NA,5,1,7,1942,0,1,3,NA,2,095,SR-2 W/B (GLENDALE FREEWAY),SAN FERNANDO ROAD,500,E,N,A,-,Y,NA,NA,2,NA,NA,NA,NA,NA,W,Y,4,0,2,3,A,-,07,21658,A,N,B,C,A,A,H,-,A,D,0,NA,NA,NA,NA,Y,Y,A,01,0,0,2,0,0,0,0,0,0,-,-,34.11637878417969,-118.23819732666016,LOS ANGELES,LOS ANGELES,-118.23820495605467,34.116397857666016
9116011,2020,2020-08-27,1942,2020-06-12,0810,42029,1511,5,5,7,1942,0,0,0,O,0,15A21,SHERMAN WY,ATOLL AV,320,E,N,A,-,N,NA,NA,NA,NA,NA,NA,NA,NA,NA,Y,3,0,1,4,A,-,08,22107,NA,N,B,C,A,A,H,-,A,D,0,NA,NA,NA,Y,Y,NA,D,22,0,1,0,0,0,0,0,0,0,-,-,NA,NA,LOS ANGELES,LOS ANGELES,-118.42001342773438,34.20119857788086
91160110,2019,2020-01-06,9530,2019-12-26,1119,022406,NA,4,1,9,1900,0,3,5,NA,2,005,CRENSHAW BLVD.,MARINE AVE.,0,NA,Y,A,-,N,NA,NA,NA,NA,NA,NA,NA,NA,NA,Y,2,0,1,2,A,-,12,21453,A,N,D,C,A,A,H,-,A,A,0,NA,NA,NA,NA,Y,NA,A,01,1,0,0,0,0,0,0,0,0,-,-,33.894630432128906,-118.32652282714844,LOS ANGELES,UNINCORPORATED,-118.3265380859375,33.89466094970703
9116013,2020,2020-09-11,1900,2020-06-30,0734,551435,1192,2,5,6,1992,0,0,0,NA,0,112T2D,AVENUE K,50TH ST EAST,410,E,N,A,-,N,NA,NA,NA,NA,NA,NA,NA,NA,NA,N,3,0,1,2,A,-,06,21760,C,M,B,G,A,A,H,-,A,D,0,NA,Y,NA,NA,Y,NA,D,22,0,1,0,0,0,0,1,0,0,-,-,NA,NA,LOS ANGELES,LANCASTER,-118.03974151611328,34.67524719238281
91160131,2019,2020-01-06,9540,2019-12-27,1730,021370,NA,5,2,9,1900,0,2,4,NA,2,081,THE OLD ROAD (2800 BLOCK),RYE CANYON RD,50,S,N,B,-,N,NA,NA,NA,NA,NA,NA,NA,NA,NA,Y,3,0,1,3,A,-,01,23152,A,N,C,C,A,A,H,-,C,A,0,NA,NA,NA,NA,Y,Y,A,01,0,1,0,0,0,0,0,0,0,-,-,34.43035125732422,-118.588623046875,LOS ANGELES,UNINCORPORATED,-118.58879852294922,34.43048858642578
91160138,2019,2020-01-06,9535,2019-12-28,0103,022254,NA,6,3,9,1900,0,3,5,NA,2,006,PARAMOUNT BLVD. (1200 BLOCK),ARROYO DR,60,N,N,A,-,N,NA,NA,NA,NA,NA,NA,NA,NA,NA,Y,4,0,2,1,A,-,01,23152,A,N,E,I,A,A,H,-,C,D,0,NA,NA,NA,NA,Y,Y,A,07,0,0,2,0,0,0,0,0,0,-,-,34.04206085205078,-118.091796875,LOS ANGELES,UNINCORPORATED,-118.09185791015624,34.041744232177734
91160140,2019,2020-01-06,9590,2019-12-27,1430,021667,NA,5,2,7,1942,0,1,2,NA,2,071,US-101 S/B (HOLLYWOOD FREEWAY),SILVERLAKE BOULEVARD,100,N,N,A,-,Y,NA,NA,101,NA,NA,NA,NA,NA,S,N,4,0,1,2,A,-,03,22350,NA,N,C,C,A,A,H,-,A,D,0,NA,NA,NA,NA,Y,NA,D,22,0,0,1,0,0,0,0,0,0,-,-,34.07794952392578,-118.28550720214844,LOS ANGELES,LOS ANGELES,-118.28550720214844,34.07795715332031
9116015,2020,2020-08-27,1942,2020-06-13,1835,42251,1503,6,5,7,1942,0,0,0,O,0,16A81,SATICOY ST,SHADYGLADE AV,0,NA,Y,A,-,N,NA,NA,NA,NA,NA,NA,NA,NA,NA,N,4,0,1,2,A,-,12,21453,A,N,D,C,A,A,H,-,A,A,0,NA,NA,NA,NA,Y,NA,D,22,0,0,1,0,0,0,0,0,0,-,-,NA,NA,LOS ANGELES,LOS ANGELES,-118.40235137939452,34.20848083496094
9116019,2020,2020-08-27,1942,2020-06-14,1520,40141,1535,7,5,7,1942,0,0,0,O,0,15A39,LANKERSHIM BL,OXNARD ST,15,N,N,A,-,N,NA,NA,NA,NA,NA,NA,NA,NA,NA,N,4,0,1,2,A,-,03,22350,NA,N,C,C,A,A,H,-,A,A,0,NA,NA,NA,NA,Y,NA,D,22,0,0,1,0,0,0,0,0,0,-,-,NA,NA,LOS ANGELES,LOS ANGELES,-118.38343048095705,34.17945861816406
91160191,2019,2020-01-06,9545,2019-12-26,0820,017751,NA,4,1,9,1900,0,1,3,NA,1,044,SR-18 W/B TO SR-138 W/B,SR-138 TO SR-18 (CONNECTOR ROAD),60,W,N,D,-,Y,NA,NA,NA,NA,NA,NA,NA,NA,NA,Y,4,0,1,2,A,-,03,22350,NA,N,B,C,A,C,H,-,A,D,0,NA,NA,NA,NA,Y,NA,D,22,0,0,1,0,0,0,0,0,0,-,-,34.49837112426758,-117.74066925048828,LOS ANGELES,UNINCORPORATED,NA,NA
91160225,2019,2020-01-06,9580,2019-09-29,0611,019544,NA,7,1,2,1993,0,1,2,NA,2,109,US-101 S/B FROM LINDERO CYN RD N/B,LINDERO CANYON RD,288,S,N,A,-,Y,NA,NA,101,NA,NA,NA,R,NA,S,Y,1,1,1,1,A,-,01,23152,A,N,E,I,A,A,H,-,B,D,0,NA,NA,NA,NA,Y,Y,A,01,1,0,0,0,0,0,0,0,0,-,-,34.14826965332031,-118.80332946777344,LOS ANGELES,WESTLAKE VILLAGE,-118.80332946777344,34.14826965332031