CASE_ID,ACCIDENT_YEAR,PROC_DATE,JURIS,COLLISION_DATE,COLLISION_TIME,OFFICER_ID,REPORTING_DISTRICT,DAY_OF_WEEK,CHP_SHIFT,POPULATION,CNTY_CITY_LOC,SPECIAL_COND,BEAT_TYPE,CHP_BEAT_TYPE,CITY_DIVISION_LAPD,CHP_BEAT_CLASS,BEAT_NUMBER,PRIMARY_RD,SECONDARY_RD,DISTANCE,DIRECTION,INTERSECTION,WEATHER_1,WEATHER_2,STATE_HWY_IND,CALTRANS_COUNTY,CALTRANS_DISTRICT,STATE_ROUTE,ROUTE_SUFFIX,POSTMILE_PREFIX,POSTMILE,LOCATION_TYPE,RAMP_INTERSECTION,SIDE_OF_HWY,TOW_AWAY,COLLISION_SEVERITY,NUMBER_KILLED,NUMBER_INJURED,PARTY_COUNT,PRIMARY_COLL_FACTOR,PCF_CODE_OF_VIOL,PCF_VIOL_CATEGORY,PCF_VIOLATION,PCF_VIOL_SUBSECTION,HIT_AND_RUN,TYPE_OF_COLLISION,MVIW,PED_ACTION,ROAD_SURFACE,ROAD_COND_1,ROAD_COND_2,LIGHTING,CONTROL_DEVICE,CHP_ROAD_TYPE,PEDESTRIAN_ACCIDENT,BICYCLE_ACCIDENT,MOTORCYCLE_ACCIDENT,TRUCK_ACCIDENT,NOT_PRIVATE_PROPERTY,ALCOHOL_INVOLVED,STWD_VEHTYPE_AT_FAULT,CHP_VEHTYPE_AT_FAULT,COUNT_SEVERE_INJ,COUNT_VISIBLE_INJ,COUNT_COMPLAINT_PAIN,COUNT_PED_KILLED,COUNT_PED_INJURED,COUNT_BICYCLIST_KILLED,COUNT_BICYCLIST_INJURED,COUNT_MC_KILLED,COUNT_MC_INJURED,PRIMARY_RAMP,SECONDARY_RAMP,LATITUDE,LONGITUDE,COUNTY,CITY,POINT_X,POINT_Y
91166504,2019,2020-01-16,9530,2019-12-18,0115,022438,NA,3,3,9,1900,0,1,1,NA,2,120,S/B I-110 TO SEPULVEDA BLVD,SEPULVEDA BLVD.,10,N,N,A,-,Y,NA,NA,110,NA,NA,NA,R,NA,NA,Y,4,0,1,2,A,-,07,21658,A,F,B,C,A,A,H,-,C,A,0,NA,NA,NA,NA,Y,NA,A,01,0,0,1,0,0,0,0,0,0,-,-,33.80979919433594,-118.28880310058594,LOS ANGELES,UNINCORPORATED,-118.28880310058594,33.80979919433594
91166513,2019,2020-01-16,9535,2019-12-23,0935,022285,NA,1,1,5,1901,0,1,1,NA,2,421,I-10 (SAN BERNARDINO FREEWAY) W/B,FREMONT AVE,500,E,N,B,-,Y,NA,NA,10,NA,NA,NA,NA,NA,W,Y,3,0,1,4,A,-,08,22107,NA,N,B,C,A,B,H,-,A,D,0,NA,NA,NA,NA,Y,NA,A,01,0,1,0,0,0,0,0,0,0,-,-,34.06959915161133,-118.14910125732422,LOS ANGELES,ALHAMBRA,-118.14913940429688,34.069671630859375
9116653,2020,2020-07-10,1942,2020-06-10,1120,30452,1549,3,5,7,1942,0,0,0,O,0,15A39,BURBANK BL,LANKERSHIM BL,0,NA,Y,A,-,N,NA,NA,NA,NA,NA,NA,NA,NA,NA,Y,4,0,5,4,A,-,09,21806,A,N,D,C,A,A,H,-,A,A,0,NA,NA,NA,NA,Y,NA,A,07,0,0,5,0,0,0,0,0,0,-,-,NA,NA,LOS ANGELES,LOS ANGELES,-118.37904357910156,34.172149658203125
91166547,2020,2020-01-16,9580,2020-01-04,1049,019952,NA,6,1,7,1942,0,1,3,NA,2,170,SR-170 N/B (HOLLYWOOD FWY.),OXNARD ST,150,S,N,A,-,Y,NA,NA,170,NA,NA,NA,NA,NA,N,Y,3,0,4,4,A,-,07,21658,A,F,C,C,A,A,H,-,A,D,0,NA,NA,NA,NA,Y,Y,-,99,0,3,1,0,0,0,0,0,0,-,-,34.1786994934082,-118.3947982788086,LOS ANGELES,LOS ANGELES,-118.39471435546876,34.17873764038086
91166559,2020,2020-01-16,9580,2020-01-10,2322,021458,NA,5,3,3,1989,0,1,2,NA,2,107,US-101 S/B (VENTURA FREEWAY),LOST HILLS RD,1200,E,N,A,-,Y,NA,NA,101,NA,NA,NA,NA,NA,S,Y,3,0,1,4,A,-,03,22350,NA,N,C,C,A,A,D,-,C,D,0,NA,NA,NA,NA,Y,NA,A,01,0,1,0,0,0,0,0,0,0,-,-,34.14339828491211,-118.7042236328125,LOS ANGELES,CALABASAS,-118.70423889160156,34.143428802490234
91166565,2020,2020-01-16,9535,2020-01-10,0752,022225,NA,5,1,9,1900,0,3,5,NA,2,002,ROWAN AVENUE,PRINCETON STREET,0,NA,Y,A,-,N,NA,NA,NA,NA,NA,NA,NA,NA,NA,N,4,0,1,2,A,-,09,21802,A,N,D,C,A,A,H,-,A,D,0,NA,NA,NA,NA,Y,NA,-,-,0,0,1,0,0,0,0,0,0,-,-,34.027320861816406,-118.1874771118164,LOS ANGELES,UNINCORPORATED,-118.18744659423828,34.02730941772461
91166576,2020,2020-01-16,9550,2020-01-06,1636,022439,NA,1,2,9,1900,0,1,3,NA,2,090,STATE ROUTE 91 (ARTESIA FREEWAY),PARAMOUNT BOULEVARD,1175,W,N,A,-,Y,NA,NA,NA,NA,NA,NA,NA,NA,NA,Y,3,0,1,3,A,-,08,22107,NA,F,D,C,A,A,H,-,A,D,0,NA,NA,Y,NA,Y,NA,-,99,0,1,0,0,0,0,0,0,1,-,-,33.87601089477539,-118.16143035888672,LOS ANGELES,UNINCORPORATED,-118.16384887695313,33.8761100769043
91166594,2020,2020-01-16,9575,2020-01-14,2020,021879,NA,2,2,7,1942,0,1,1,NA,2,053,I-5 N/B (GOLDEN STATE FREEWAY),OSBORNE ST.,1100,N,N,A,-,Y,NA,NA,5,NA,NA,NA,NA,NA,N,Y,4,0,3,3,A,-,03,22350,NA,N,C,C,A,A,H,-,D,D,0,NA,NA,NA,NA,Y,NA,A,08,0,0,3,0,0,0,0,0,0,-,-,34.24720001220703,-118.42474365234376,LOS ANGELES,LOS ANGELES,-118.4248275756836,34.24711227416992
91166598,2019,2020-01-16,9530,2019-10-23,0845,021995,NA,3,1,7,1942,0,1,1,NA,2,200,I-105 W/B (GLENN ANDERSON FWY),VERMONT AVE.,500,E,N,A,-,Y,NA,NA,105,NA,NA,NA,NA,NA,W,N,4,0,1,2,A,-,03,22350,NA,N,C,C,A,A,H,-,A,D,0,NA,NA,NA,NA,Y,NA,A,01,0,0,1,0,0,0,0,0,0,-,-,33.92890167236328,-118.28942108154295,LOS ANGELES,LOS ANGELES,-118.28942108154295,33.92887878417969
9116660,2020,2020-07-13,1942,2020-06-01,1740,34959,0666,1,5,7,1942,0,0,0,F,0,6A67,WILCOX AV,SUNSET BL,154,S,N,B,-,N,NA,NA,NA,NA,NA,NA,NA,NA,NA,N,4,0,1,2,A,-,21,22106,NA,N,G,B,E,A,H,-,A,D,0,Y,NA,NA,NA,Y,NA,J,48,0,0,1,0,1,0,0,0,0,-,-,NA,NA,LOS ANGELES,LOS ANGELES,-118.33099365234376,34.09756851196289
91166601,2020,2020-01-16,9530,2020-01-09,1008,022427,NA,4,1,9,1900,0,1,1,NA,2,120,I-110 N/B (HARBOR FREEWAY),SEPULVEDA BLVD.,490,S,N,A,-,Y,NA,NA,110,NA,NA,NA,NA,NA,N,Y,4,0,1,2,A,-,03,22350,NA,F,C,C,A,A,H,-,A,D,0,NA,NA,NA,NA,Y,NA,A,01,0,0,1,0,0,0,0,0,0,-,-,33.80754852294922,-118.28785705566406,LOS ANGELES,UNINCORPORATED,-118.287841796875,33.80754470825195
91166604,2019,2020-01-16,9530,2019-12-22,0205,021709,NA,7,3,9,1900,0,3,5,NA,2,005,MARINE AVE (3500 BLOCK),CHADRON AVE.,0,NA,Y,A,-,N,NA,NA,NA,NA,NA,NA,NA,NA,NA,Y,3,0,3,2,A,-,09,21801,A,N,D,C,A,A,H,-,C,D,0,NA,NA,NA,NA,Y,Y,A,01,0,2,1,0,0,0,0,0,0,-,-,33.8946418762207,-118.32864379882813,LOS ANGELES,UNINCORPORATED,-118.32869720458984,33.89466857910156
9116662,2020,2020-07-13,1925,2020-03-06,2150,1143,NA,5,5,6,1925,0,0,0,NA,0,NA,GRAND AV,MANUNA LAO AV,0,NA,Y,A,-,N,NA,NA,NA,NA,NA,NA,NA,NA,NA,N,3,0,1,2,A,-,11,21456,B,N,G,B,D,A,H,-,C,A,0,Y,NA,NA,NA,Y,NA,N,60,0,1,0,0,1,0,0,0,0,-,-,NA,NA,LOS ANGELES,GLENDALE,NA,NA
91166623,2020,2020-01-16,9590,2020-01-06,1615,022102,NA,1,2,7,1942,0,1,2,NA,2,072,US-101 N/B (HOLLYWOOD FREEWAY),HELIOTROPE DR.,15,N,N,A,-,Y,NA,NA,101,NA,NA,NA,NA,NA,N,Y,4,0,5,3,A,-,03,22350,NA,N,C,C,A,A,H,-,A,D,0,NA,NA,NA,NA,Y,NA,A,01,0,0,5,0,0,0,0,0,0,-,-,34.0821418762207,-118.29544067382813,LOS ANGELES,LOS ANGELES,-118.29547882080078,34.082054138183594
91166624,2020,2020-01-16,9575,2020-01-08,2240,017414,NA,3,3,7,1942,0,1,3,NA,2,043,SR-134 W/B TO ZOO DR.,ZOO DR.,530,W,N,A,-,Y,NA,NA,134,NA,NA,NA,R,NA,W,Y,4,0,1,1,A,-,08,22107,NA,N,E,I,A,A,H,-,C,D,0,NA,NA,NA,NA,Y,NA,A,01,0,0,1,0,0,0,0,0,0,-,-,34.15304183959961,-118.28202056884766,LOS ANGELES,LOS ANGELES,-118.28202056884766,34.15304183959961
91166659,2020,2020-01-16,9550,2020-01-12,1830,022167,NA,7,2,5,1919,0,1,1,NA,2,651,I-605 N/B,ARTESIA BOULEVARD,970,S,N,A,-,Y,NA,NA,605,NA,NA,NA,NA,NA,N,N,4,0,1,2,A,-,03,22350,NA,N,C,D,A,A,H,-,D,D,0,NA,NA,NA,NA,Y,NA,A,07,0,0,1,0,0,0,0,0,0,-,-,33.8702507019043,-118.10011291503906,LOS ANGELES,CERRITOS,-118.10010528564452,33.8702507019043
91166661,2019,2020-01-16,9535,2019-11-10,2015,022298,NA,7,2,5,1947,0,1,3,NA,2,601,SR-60 W/B (POMONA FREEWAY),GERHART AVENUE,200,E,N,A,-,Y,NA,NA,60,NA,NA,NA,NA,NA,W,Y,3,0,5,4,A,-,07,21658,A,N,B,C,A,A,H,-,D,D,0,NA,NA,NA,Y,Y,NA,G,25,0,2,3,0,0,0,0,0,0,-,-,34.03314971923828,-118.14373779296876,LOS ANGELES,MONTEBELLO,-118.14374542236328,34.03311538696289
91166675,2019,2020-01-16,9530,2019-12-25,1450,022132,NA,3,2,9,1900,0,3,5,NA,2,002,EL SEGUNDO BLVD.,SAN PEDRO ST.,0,NA,Y,A,-,N,NA,NA,NA,NA,NA,NA,NA,NA,NA,Y,4,0,1,2,A,-,12,21453,A,F,D,C,A,A,H,-,A,A,0,NA,NA,NA,NA,Y,NA,A,01,0,0,1,0,0,0,0,0,0,-,-,33.9163703918457,-118.26963806152344,LOS ANGELES,UNINCORPORATED,-118.26962280273438,33.916419982910156
91166699,2020,2020-01-16,9575,2020-01-13,0233,021566,NA,1,3,7,1942,0,1,1,NA,2,061,I-210 E/B (FOOTHILL FREEWAY),LA TUNA CANYON RD. U/C,311,W,N,A,-,Y,NA,NA,210,NA,NA,NA,NA,NA,E,Y,4,0,1,1,C,-,18,NA,NA,N,E,I,A,A,H,-,D,D,0,NA,NA,NA,NA,Y,NA,-,-,0,0,1,0,0,0,0,0,0,-,-,34.23488998413086,-118.29197692871094,LOS ANGELES,LOS ANGELES,-118.29197692871094,34.23489761352539
91166703,2020,2020-01-16,9550,2020-01-12,0130,021986,NA,7,3,9,1900,0,1,1,NA,2,650,I-605 N/B,BEVERLY BOULEVARD,1725,S,N,B,-,Y,NA,NA,605,NA,NA,NA,NA,NA,N,Y,3,0,1,1,A,-,08,22107,NA,N,E,I,A,A,H,-,D,D,0,NA,NA,NA,NA,Y,Y,A,01,0,1,0,0,0,0,0,0,0,-,-,34.00053024291992,-118.0673370361328,LOS ANGELES,UNINCORPORATED,-118.06726837158205,34.00049591064453
91166713,2019,2020-01-16,9530,2019-11-11,1445,022079,NA,1,2,9,1900,0,3,5,NA,2,001,HOOPER AVE.,92ND ST.,0,NA,Y,A,-,N,NA,NA,NA,NA,NA,NA,NA,NA,NA,N,4,0,1,2,A,-,12,21453,A,F,D,C,A,A,H,-,A,D,0,NA,NA,NA,NA,Y,NA,-,99,0,0,1,0,0,0,0,0,0,-,-,33.953330993652344,-118.25406646728516,LOS ANGELES,UNINCORPORATED,-118.25405883789064,33.95328903198242
9116672,2020,2020-09-15,1942,2020-06-05,1255,42051,1787,5,5,7,1942,0,0,0,Q,0,17A67,LASSEN ST,ZELZAH AV,0,NA,Y,A,-,N,NA,NA,NA,NA,NA,NA,NA,NA,NA,N,4,0,1,2,A,-,09,21806,A,N,D,C,A,A,H,-,A,A,0,NA,NA,NA,NA,Y,NA,A,01,0,0,1,0,0,0,0,0,0,-,-,NA,NA,LOS ANGELES,LOS ANGELES,-118.52332305908205,34.250389099121094
91166735,2020,2020-01-16,9575,2020-01-06,1700,020763,NA,1,2,9,1900,0,1,3,NA,2,301,SR-2 (ANGELES CREST HIGHWAY),MOUNT WILSON RED BOX ROAD,2376,W,N,A,-,N,NA,NA,2,NA,NA,NA,NA,NA,NA,Y,3,0,1,1,A,-,03,22350,NA,N,F,A,A,A,H,-,D,D,0,NA,NA,Y,NA,Y,NA,C,02,0,1,0,0,0,0,0,0,1,-,-,34.264041900634766,-118.10839080810548,LOS ANGELES,UNINCORPORATED,-118.1083984375,34.26399230957031
91166741,2019,2020-01-16,9530,2019-11-19,0950,018270,NA,2,1,9,1900,0,3,5,NA,2,006,DEL AMO BLVD.,HAMILTON AVE.,0,NA,Y,B,-,N,NA,NA,NA,NA,NA,NA,NA,NA,NA,Y,4,0,1,2,A,-,09,21801,A,N,D,C,A,A,H,-,A,A,0,NA,NA,NA,NA,Y,NA,A,01,0,0,1,0,0,0,0,0,0,-,-,33.84621047973633,-118.28605651855467,LOS ANGELES,UNINCORPORATED,-118.28604888916016,33.84624099731445
91166742,2020,2020-01-17,9535,2020-01-10,2152,022414,NA,5,2,5,1969,0,1,1,NA,2,074,I-710 NB FROM IMPERIAL HWY WB ONRAMP,IMPERIAL HWY.,147,N,N,A,-,Y,NA,NA,710,NA,NA,NA,R,NA,N,Y,3,0,1,1,A,-,01,23152,A,M,E,I,A,A,H,-,D,A,0,NA,NA,NA,NA,Y,Y,A,01,0,1,0,0,0,0,0,0,0,-,-,33.93109130859375,-118.17720794677734,LOS ANGELES,SOUTH GATE,-118.17720794677734,33.93109130859375
91166758,2020,2020-01-16,9550,2020-01-13,1030,019179,NA,1,1,7,1941,0,1,3,NA,2,090,STATE ROUTE 91 (ARTESIA FREEWAY),PARAMOUNT BOULEVARD,1000,W,N,A,-,Y,NA,NA,91,NA,NA,NA,NA,NA,NA,N,4,0,1,2,A,-,21,22106,NA,N,C,C,A,A,H,-,A,D,0,NA,NA,NA,Y,Y,NA,F,55,0,0,1,0,0,0,0,0,0,-,-,33.875831604003906,-118.1635513305664,LOS ANGELES,LONG BEACH,-118.1635513305664,33.876007080078125
91166760,2019,2020-01-16,9530,2019-12-28,1730,020140,NA,6,2,7,1942,0,1,1,NA,2,400,I-405 S/B (SAN DIEGO FREEWAY),VERMONT AVE,1320,N,N,A,-,Y,NA,NA,405,NA,NA,NA,NA,NA,S,N,4,0,1,2,A,-,07,21658,A,N,B,C,A,A,H,-,C,D,0,NA,NA,NA,NA,Y,NA,A,01,0,0,1,0,0,0,0,0,0,-,-,33.85968017578125,-118.29531860351564,LOS ANGELES,LOS ANGELES,-118.29531860351564,33.8597297668457
91166769,2019,2020-01-16,9530,2019-12-09,0011,021902,NA,1,3,7,1941,0,1,1,NA,2,430,I-405 N/B (SAN DIEGO FREEWAY),STEARNS ST.,80,S,N,A,-,Y,NA,NA,405,NA,NA,NA,NA,NA,N,Y,3,0,2,2,A,-,03,22350,NA,N,C,C,A,A,H,-,C,D,0,NA,NA,NA,NA,Y,NA,A,07,0,2,0,0,0,0,0,0,0,-,-,33.79515838623047,-118.10539245605467,LOS ANGELES,LONG BEACH,-118.10536956787108,33.79518508911133
9116677,2020,2020-07-02,1941,2020-06-08,2215,6254,901,1,5,7,1941,0,0,0,NA,0,NA,PACIFIC COAST HIGHWAY,TERMINO AV,0,NA,Y,A,-,N,NA,NA,NA,NA,NA,NA,NA,NA,NA,N,4,0,2,2,A,-,01,23152,A,M,D,C,A,A,H,-,C,A,0,NA,NA,NA,NA,Y,Y,A,NA,0,0,2,0,0,0,0,0,0,-,-,NA,NA,LOS ANGELES,LONG BEACH,-118.14591979980467,33.78984832763672
91166797,2020,2020-01-16,9565,2020-01-06,1750,016074,NA,1,2,7,1942,0,1,1,NA,2,064,I-405 N/B (SAN DIEGO FWY),MULLHOLLAND DR,1000,S,N,A,-,Y,NA,NA,405,NA,NA,NA,NA,NA,N,Y,3,0,1,3,A,-,03,22350,NA,N,B,C,A,A,H,-,D,D,0,NA,NA,Y,NA,Y,NA,C,02,0,1,0,0,0,0,0,0,1,-,-,34.12467956542969,-118.4767608642578,LOS ANGELES,LOS ANGELES,-118.4767608642578,34.12467956542969
91166809,2019,2020-01-16,9590,2019-12-29,0540,022304,NA,7,3,7,1942,0,1,1,NA,2,065,I-10 W/B (SANTA MONICA FREEWAY),LEMON STREET,150,E,N,A,-,Y,NA,NA,10,NA,NA,NA,NA,NA,W,N,4,0,1,2,A,-,07,21658,A,N,B,C,A,A,H,-,B,D,0,NA,NA,NA,NA,Y,NA,A,01,0,0,1,0,0,0,0,0,0,-,-,34.02724838256836,-118.23303985595705,LOS ANGELES,LOS ANGELES,-118.23306274414064,34.027313232421875
91166815,2020,2020-01-16,9550,2020-01-13,1550,021196,NA,1,2,9,1900,0,1,3,NA,2,600,SR-60 W/B TO I-605,I-605,900,E,N,A,-,Y,NA,NA,60,NA,NA,NA,R,NA,W,Y,4,0,1,2,A,-,03,22350,NA,N,C,C,A,A,H,-,A,D,0,NA,NA,NA,NA,Y,NA,A,01,0,0,1,0,0,0,0,0,0,-,-,34.032901763916016,-118.02407836914064,LOS ANGELES,UNINCORPORATED,-118.02407836914064,34.032901763916016
91166823,2019,2020-01-16,9530,2019-11-30,2050,021465,NA,6,2,7,1941,0,1,1,NA,2,430,I-405 S/B (SAN DIEGO FREEWAY),TEMPLE AVE.,331,S,N,A,-,Y,NA,NA,NA,NA,NA,NA,NA,NA,NA,Y,3,0,3,2,A,-,08,22107,NA,N,A,C,A,A,H,-,C,D,0,NA,NA,NA,NA,Y,NA,A,01,0,1,2,0,0,0,0,0,0,-,-,33.80942153930664,-118.15189361572266,LOS ANGELES,LONG BEACH,-118.15805053710938,33.809513092041016
91166826,2020,2020-01-16,9565,2020-01-06,1812,021575,NA,1,2,9,1900,0,2,4,NA,1,032,SALAUSON AVENUE,LA BREA AVENUE,150,W,N,A,-,N,NA,NA,NA,NA,NA,NA,NA,NA,NA,Y,3,0,1,2,A,-,09,21801,A,N,D,C,A,A,H,-,C,A,0,NA,NA,Y,NA,Y,NA,A,07,0,1,0,0,0,0,0,0,1,-,-,33.988590240478516,-118.35919189453124,LOS ANGELES,UNINCORPORATED,-118.35904693603516,33.9885139465332
91166837,2019,2020-01-16,9590,2019-12-28,1750,022357,NA,6,2,7,1942,0,1,1,NA,2,061,I-10 W/B (SANTA MONICA FREEWAY),LA BREA AVE,600,E,N,A,-,Y,NA,NA,10,NA,NA,NA,NA,NA,W,N,4,0,5,3,A,-,03,22350,NA,N,C,C,A,A,H,-,C,D,0,NA,NA,NA,NA,Y,NA,A,07,0,0,5,0,0,0,0,0,0,-,-,34.03477096557617,-118.34352111816406,LOS ANGELES,LOS ANGELES,-118.34351348876952,34.03470993041992
9116684,2020,2020-07-02,1942,2020-05-24,1035,27259,0335,7,5,7,1942,0,0,0,C,0,25T29,JEFFERSON BL,5TH AVE,0,NA,Y,A,-,N,NA,NA,NA,NA,NA,NA,NA,NA,NA,N,4,0,3,2,A,-,09,21806,A,N,D,C,A,A,H,-,A,D,0,NA,NA,NA,NA,Y,NA,A,01,0,0,3,0,0,0,0,0,0,-,-,NA,NA,LOS ANGELES,LOS ANGELES,-118.32243347167967,34.025569915771484
91166846,2020,2020-01-16,9550,2020-01-13,1820,021934,NA,1,2,9,1900,0,1,1,NA,2,650,I-605,WASHINGTON BOULEVARD,500,S,N,A,-,Y,NA,NA,605,NA,NA,NA,NA,NA,NA,Y,4,0,1,4,A,-,03,22350,NA,N,C,C,A,A,H,-,C,D,0,NA,NA,NA,NA,Y,NA,A,01,0,0,1,0,0,0,0,0,0,-,-,33.97373962402344,-118.07997131347656,LOS ANGELES,UNINCORPORATED,-118.08000183105467,33.973751068115234
91166855,2020,2020-01-16,9525,2020-01-13,1350,019188,NA,1,1,9,1900,0,2,4,NA,2,022,CYPRESS ST. (16600 BLOCK),CONEY AVE (1600 BLOCK),0,NA,Y,A,-,N,NA,NA,NA,NA,NA,NA,NA,NA,NA,Y,4,0,1,2,A,-,09,21801,A,N,A,C,A,A,H,-,A,D,0,NA,NA,NA,NA,Y,NA,A,01,0,0,1,0,0,0,0,0,0,-,-,34.09593963623047,-117.92279815673828,LOS ANGELES,UNINCORPORATED,-117.92275238037108,34.09600067138672
91166860,2020,2020-01-16,9550,2020-01-14,0820,015449,NA,2,1,6,1920,0,1,1,NA,2,500,I-5 N/B (SANTA ANA FREEWAY),LAKEWOOD BLVD.,300,S,N,A,-,Y,NA,NA,5,NA,NA,NA,NA,NA,N,N,4,0,1,2,A,-,07,21658,A,N,B,C,A,A,H,-,A,D,0,NA,NA,Y,NA,Y,NA,A,01,0,0,1,0,0,0,0,0,1,-,-,33.95730972290039,-118.11077117919922,LOS ANGELES,DOWNEY,-118.11080169677734,33.95726776123047
9116688,2020,2020-07-02,1942,2020-06-09,1715,35936,1267,2,5,7,1942,0,0,0,L,0,25T31,MANCHESTER AVE,BROADWAY,0,NA,Y,A,-,N,NA,NA,NA,NA,NA,NA,NA,NA,NA,Y,4,0,2,2,A,-,09,21806,NA,N,D,C,A,A,H,-,A,A,0,NA,NA,NA,NA,Y,NA,A,01,0,0,2,0,0,0,0,0,0,-,-,NA,NA,LOS ANGELES,LOS ANGELES,-118.27828216552734,33.960079193115234
91166881,2019,2020-01-16,9590,2019-12-29,0220,022102,NA,7,3,7,1942,0,1,2,NA,2,071,US-101 S/B (SANTA ANA FREEWAY),BROADWAY,120,S,N,A,-,Y,NA,NA,101,NA,NA,NA,NA,NA,S,Y,4,0,1,2,A,-,07,21658,A,N,B,C,A,A,H,-,C,D,0,NA,NA,NA,NA,Y,NA,A,01,0,0,1,0,0,0,0,0,0,-,-,34.05665969848633,-118.24201202392578,LOS ANGELES,LOS ANGELES,-118.24201965332033,34.056644439697266
9116690,2020,2020-07-06,1942,2020-06-13,1330,41376,1446,6,5,7,1942,0,0,0,N,0,14A49,INGLEWOOD BL,WASHINGTON PL,115,S,N,A,-,N,NA,NA,NA,NA,NA,NA,NA,NA,NA,N,4,0,2,2,A,-,09,21804,A,N,D,C,A,A,H,-,A,D,0,NA,NA,NA,NA,Y,NA,J,48,0,0,2,0,0,0,0,0,0,-,-,NA,NA,LOS ANGELES,LOS ANGELES,-118.42532348632813,34.00163650512695
91166901,2020,2020-01-16,9550,2020-01-14,1855,021196,NA,2,2,7,1941,0,1,3,NA,2,090,SR-91 E/B,CHERRY AVENUE,170,W,N,A,-,Y,NA,NA,91,NA,NA,NA,NA,NA,E,N,4,0,1,3,A,-,03,22350,NA,N,C,C,A,A,H,-,C,D,0,NA,NA,NA,NA,Y,NA,A,07,0,0,1,0,0,0,0,0,0,-,-,33.87596130371094,-118.16938018798828,LOS ANGELES,LONG BEACH,-118.16934967041016,33.87615203857422
91166902,2020,2020-01-16,9525,2020-01-10,0728,020216,NA,5,1,4,1905,0,1,1,NA,2,203,I-210 W/B (FOOTHILL FWY),VERNON AVE.,1584,W,N,A,-,Y,NA,NA,210,NA,NA,NA,NA,NA,W,Y,4,0,1,2,A,-,01,23152,A,N,C,C,A,A,H,-,A,D,0,NA,NA,NA,NA,Y,Y,A,01,0,0,1,0,0,0,0,0,0,-,-,34.128570556640625,-117.92086029052734,LOS ANGELES,AZUSA,-117.92086029052734,34.1285514831543
91166913,2020,2020-01-16,9525,2020-01-14,0900,015445,NA,2,1,6,1975,0,1,1,NA,2,105,I-10 W/B (SAN BERNARDINO FWY),HOLT AVE.,2000,E,N,B,-,Y,NA,NA,10,NA,NA,NA,NA,NA,W,Y,4,0,1,5,A,-,03,22350,NA,N,C,C,A,A,D,E,A,D,0,NA,NA,NA,Y,Y,NA,F,26,0,0,1,0,0,0,0,0,0,-,-,34.06821060180664,-117.8581085205078,LOS ANGELES,WEST COVINA,-117.85811614990234,34.068111419677734
91166926,2020,2020-01-16,9550,2020-01-15,1620,021196,NA,3,2,7,1941,0,1,3,NA,2,090,SR-91 E/B,CHERRY AVENUE,850,W,N,A,-,Y,NA,NA,91,NA,NA,NA,NA,NA,E,Y,4,0,1,2,A,-,03,22350,NA,N,C,C,A,A,H,-,A,D,0,NA,NA,Y,NA,Y,NA,A,01,0,0,1,0,0,0,0,0,1,-,-,33.87657165527344,-118.1716537475586,LOS ANGELES,LONG BEACH,-118.17163848876952,33.87663269042969
91166951,2020,2020-01-16,9580,2020-01-13,0823,018580,NA,1,1,7,1942,0,1,3,NA,2,116,SR-118 E/B (RONALD REAGAN FWY.),TAMPA AVENUE,2182,E,N,A,-,Y,NA,NA,118,NA,NA,NA,NA,NA,E,Y,3,0,1,2,A,-,03,22350,NA,N,C,C,A,A,H,-,A,D,0,NA,NA,NA,NA,Y,NA,D,22,0,1,0,0,0,0,0,0,0,-,-,34.2734489440918,-118.54917144775392,LOS ANGELES,LOS ANGELES,-118.54914855957033,34.27338790893555
91166957,2020,2020-01-16,9565,2020-01-15,1919,022038,NA,3,2,9,1900,0,2,4,NA,2,024,IMPERIAL HWY,BUDLONG AVE,0,NA,Y,A,-,N,NA,NA,NA,NA,NA,NA,NA,NA,NA,Y,3,0,4,2,A,-,01,23152,A,N,D,C,A,A,H,-,C,A,0,NA,NA,NA,NA,Y,Y,A,01,0,1,3,0,0,0,0,0,0,-,-,33.930931091308594,-118.29586791992188,LOS ANGELES,UNINCORPORATED,-118.29589080810548,33.93098068237305
91166958,2020,2020-01-16,9580,2020-01-14,1715,022019,NA,2,2,7,1942,0,1,2,NA,2,101,US-101 S/B (VENTURA FREEWAY),WOODMAN AVE,1584,S,N,A,-,Y,NA,NA,101,NA,NA,NA,NA,NA,S,Y,4,0,1,2,A,-,03,22350,NA,N,C,C,A,A,H,-,D,D,0,NA,NA,NA,NA,Y,NA,A,01,0,0,1,0,0,0,0,0,0,-,-,34.15589904785156,-118.42579650878906,LOS ANGELES,LOS ANGELES,-118.42578887939452,34.15583801269531
9116697,2020,2020-07-10,1900,2020-06-10,1135,655212,1122,3,5,6,1992,0,0,0,NA,0,112T4,AVENUE J,ELM AV,0,NA,Y,A,-,N,NA,NA,NA,NA,NA,NA,NA,NA,NA,N,4,0,1,2,A,-,17,21208,B,N,D,G,A,A,H,-,A,D,0,NA,Y,NA,NA,Y,NA,L,04,0,0,1,0,0,0,1,0,0,-,-,NA,NA,LOS ANGELES,LANCASTER,-118.14070892333984,34.68946075439453