CASE_ID,ACCIDENT_YEAR,PROC_DATE,JURIS,COLLISION_DATE,COLLISION_TIME,OFFICER_ID,REPORTING_DISTRICT,DAY_OF_WEEK,CHP_SHIFT,POPULATION,CNTY_CITY_LOC,SPECIAL_COND,BEAT_TYPE,CHP_BEAT_TYPE,CITY_DIVISION_LAPD,CHP_BEAT_CLASS,BEAT_NUMBER,PRIMARY_RD,SECONDARY_RD,DISTANCE,DIRECTION,INTERSECTION,WEATHER_1,WEATHER_2,STATE_HWY_IND,CALTRANS_COUNTY,CALTRANS_DISTRICT,STATE_ROUTE,ROUTE_SUFFIX,POSTMILE_PREFIX,POSTMILE,LOCATION_TYPE,RAMP_INTERSECTION,SIDE_OF_HWY,TOW_AWAY,COLLISION_SEVERITY,NUMBER_KILLED,NUMBER_INJURED,PARTY_COUNT,PRIMARY_COLL_FACTOR,PCF_CODE_OF_VIOL,PCF_VIOL_CATEGORY,PCF_VIOLATION,PCF_VIOL_SUBSECTION,HIT_AND_RUN,TYPE_OF_COLLISION,MVIW,PED_ACTION,ROAD_SURFACE,ROAD_COND_1,ROAD_COND_2,LIGHTING,CONTROL_DEVICE,CHP_ROAD_TYPE,PEDESTRIAN_ACCIDENT,BICYCLE_ACCIDENT,MOTORCYCLE_ACCIDENT,TRUCK_ACCIDENT,NOT_PRIVATE_PROPERTY,ALCOHOL_INVOLVED,STWD_VEHTYPE_AT_FAULT,CHP_VEHTYPE_AT_FAULT,COUNT_SEVERE_INJ,COUNT_VISIBLE_INJ,COUNT_COMPLAINT_PAIN,COUNT_PED_KILLED,COUNT_PED_INJURED,COUNT_BICYCLIST_KILLED,COUNT_BICYCLIST_INJURED,COUNT_MC_KILLED,COUNT_MC_INJURED,PRIMARY_RAMP,SECONDARY_RAMP,LATITUDE,LONGITUDE,COUNTY,CITY,POINT_X,POINT_Y
91168722,2020,2020-01-21,9550,2020-01-09,0840,019939,NA,4,1,5,1919,0,1,3,NA,2,091,STATE ROUTE 91 (ARTESIA FREEWAY) E/B,PIONEER BOULEVARD,2000,W,N,A,-,Y,NA,NA,91,NA,NA,NA,NA,NA,E,N,4,0,1,2,A,-,03,22350,NA,N,C,C,A,A,H,-,A,D,0,NA,NA,NA,NA,Y,NA,A,01,0,0,1,0,0,0,0,0,0,-,-,33.8763313293457,-118.08850860595705,LOS ANGELES,CERRITOS,-118.08850860595705,33.87643051147461
91168744,2020,2020-01-21,9580,2020-01-11,0400,021780,NA,6,3,3,1994,0,1,2,NA,2,108,US-101 N/B (VENTURA FREEWAY),KANAN RD,2112,S,N,B,-,Y,NA,NA,NA,NA,NA,NA,NA,NA,NA,Y,4,0,1,1,A,-,08,22107,NA,N,E,I,A,A,H,-,C,D,0,NA,NA,NA,NA,Y,NA,A,01,0,0,1,0,0,0,0,0,0,-,-,34.851680755615234,-118.46256256103516,LOS ANGELES,AGOURA HILLS,-118.76109313964844,34.1461296081543
91168752,2020,2020-01-21,9590,2020-01-09,1834,020618,NA,4,2,7,1942,0,1,1,NA,2,061,I-10 WB (SMF) LA BREA COLLECTOR,LA BREA AVENUE,600,W,N,A,-,Y,NA,NA,10,NA,NA,NA,NA,NA,W,Y,2,0,1,1,A,-,08,22107,NA,N,E,I,A,A,H,-,C,D,0,NA,NA,Y,NA,Y,NA,C,02,1,0,0,0,0,0,0,0,1,-,-,34.03432846069336,-118.35384368896484,LOS ANGELES,LOS ANGELES,-118.35383605957033,34.034210205078125
91168756,2020,2020-01-21,9550,2020-01-15,0150,022194,NA,3,3,6,1949,0,1,1,NA,2,500,I-5 SOUTHBOUND,IMPERIAL HWY.,1000,N,N,A,-,Y,NA,NA,5,NA,NA,NA,NA,NA,S,Y,4,0,1,2,A,-,07,21658,A,N,D,C,A,A,H,-,C,D,0,NA,NA,NA,Y,Y,NA,A,01,0,0,1,0,0,0,0,0,0,-,-,33.921669006347656,-118.08345794677734,LOS ANGELES,NORWALK,-118.083251953125,33.921817779541016
91168762,2019,2020-01-21,9535,2019-11-05,0020,022248,NA,2,3,9,1900,0,1,1,NA,2,651,I-605 S/B (SAN GABRIEL RIVER FWY),SAN GABRIEL RIVER,130,N,N,A,-,Y,NA,NA,605,NA,NA,NA,NA,NA,S,Y,1,1,0,1,A,-,08,22107,NA,N,E,I,A,A,H,-,D,D,0,NA,NA,NA,NA,Y,NA,A,01,0,0,0,0,0,0,0,0,0,-,-,34.0376091003418,-118.0229034423828,LOS ANGELES,UNINCORPORATED,-118.02280426025392,34.0374870300293
91168768,2020,2020-01-21,9535,2020-01-09,1340,021976,NA,4,1,5,1901,0,1,1,NA,2,420,I-10 (SAN BERNARDINO FREEWAY) E/B,GARFIELD AVE.,1000,W,N,A,-,Y,NA,NA,10,NA,NA,NA,NA,NA,E,N,4,0,2,3,A,-,04,21703,NA,N,C,C,A,A,H,-,A,D,0,NA,NA,NA,NA,Y,NA,A,01,0,0,2,0,0,0,0,0,0,-,-,34.07149124145508,-118.12914276123048,LOS ANGELES,ALHAMBRA,-118.12913513183594,34.07137680053711
91168771,2020,2020-01-21,9590,2020-01-09,1940,022357,NA,4,2,7,1942,0,1,1,NA,2,061,I-10 W/B (SMF) COLLECTOR ROAD,NORMANDIE AVE,480,W,N,A,-,Y,NA,NA,10,NA,NA,NA,NA,NA,W,N,4,0,1,2,A,-,03,22350,NA,N,C,C,A,A,H,-,C,D,0,NA,NA,NA,NA,Y,NA,A,01,0,0,1,0,0,0,0,0,0,-,-,34.03744125366211,-118.30359649658205,LOS ANGELES,LOS ANGELES,-118.30360412597656,34.037200927734375
91168774,2020,2020-01-21,9535,2020-01-09,1910,022105,NA,4,2,3,1914,0,1,1,NA,2,501,I-5 (SANTA ANA FREEWAY) S/B,EASTERN AVE,300,S,N,A,-,Y,NA,NA,5,NA,NA,NA,NA,NA,S,Y,3,0,3,3,A,-,03,22350,NA,N,C,A,A,A,H,-,D,D,0,NA,NA,NA,NA,Y,NA,A,07,0,1,2,0,0,0,0,0,0,-,-,34.01620101928711,-118.17330169677734,LOS ANGELES,COMMERCE,-118.17333984375,34.01613235473633
9116880,2020,2020-08-12,1900,2020-05-31,1705,600059,1415,7,5,1,1932,0,0,0,NA,0,141T5,GALE AV,GREEN DR,51,E,N,A,-,N,NA,NA,NA,NA,NA,NA,NA,NA,NA,N,3,0,1,2,A,-,21,22106,NA,N,C,C,A,A,H,-,A,A,0,NA,NA,NA,Y,Y,NA,G,25,0,1,0,0,0,0,0,0,0,-,-,34.00041961669922,-117.93305206298828,LOS ANGELES,INDUSTRY,-117.93697357177734,34.001312255859375
9116881,2020,2020-09-14,1900,2020-06-05,1420,621412,1430,5,5,4,1937,0,0,0,NA,0,143T1,AMAR RD,ARDILLA AV,0,NA,Y,B,-,N,NA,NA,NA,NA,NA,NA,NA,NA,NA,Y,3,0,2,2,A,-,09,21801,A,N,A,C,A,A,H,-,A,A,0,NA,NA,NA,NA,Y,NA,I,09,0,1,1,0,0,0,0,0,0,-,-,34.05350875854492,-117.9748306274414,LOS ANGELES,LA PUENTE,-117.97476959228516,34.05358123779297
9116883,2020,2020-08-07,1942,2020-06-21,1800,43714,0218,7,5,7,1942,0,0,0,B,0,2A68,ECHO PARK AV,BELLVUE AV,0,NA,Y,A,-,N,NA,NA,NA,NA,NA,NA,NA,NA,NA,N,4,0,1,2,A,-,08,22107,NA,N,H,E,A,A,H,-,A,D,0,NA,NA,NA,Y,Y,NA,-,NA,0,0,1,0,0,0,0,0,0,-,-,NA,NA,LOS ANGELES,LOS ANGELES,-118.25955200195313,34.06983184814453
91168833,2020,2020-01-21,9545,2020-01-17,1604,021695,NA,5,2,9,1900,0,3,5,NA,2,004,HOSPITAL ROAD,JONES ROAD,620,W,N,A,-,N,NA,NA,NA,NA,NA,NA,NA,NA,NA,Y,4,0,1,1,A,-,08,22107,NA,N,E,I,A,A,H,-,B,D,0,NA,NA,NA,NA,Y,NA,A,07,0,0,1,0,0,0,0,0,0,-,-,34.88690185546875,-117.8876724243164,LOS ANGELES,UNINCORPORATED,-117.887745,34.886604
91168848,2020,2020-01-21,9575,2020-01-11,1130,016741,NA,6,1,6,1953,0,1,3,NA,2,040,SR-134 W/B (VENTURA FREEWAY),LINDA VISTA AVE,50,E,N,A,-,Y,NA,NA,134,NA,NA,NA,NA,NA,W,Y,4,0,1,3,A,-,03,22350,NA,N,C,C,A,A,H,-,A,D,0,NA,NA,NA,NA,Y,NA,A,01,0,0,1,0,0,0,0,0,0,-,-,34.14521026611328,-118.1672592163086,LOS ANGELES,PASADENA,-118.16725158691406,34.14519500732422
9116885,2020,2020-08-07,1900,2020-06-12,2245,510553,1430,5,5,4,1937,0,0,0,NA,0,143K3,AMAR RD,SUNSET AV,77,W,N,A,-,N,NA,NA,NA,NA,NA,NA,NA,NA,NA,Y,3,0,1,2,A,-,04,21703,NA,N,C,A,A,-,H,-,C,A,0,NA,NA,NA,NA,Y,NA,A,07,0,1,0,0,0,0,0,0,0,-,-,34.045528411865234,-117.63446807861328,LOS ANGELES,LA PUENTE,-117.9633331298828,34.04547882080078
91168851,2020,2020-01-21,9550,2020-01-12,1220,022403,NA,7,1,9,1900,0,3,5,NA,2,002,LEFFINGWELL ROAD,KIBEE AVENUE,350,E,N,A,-,N,NA,NA,NA,NA,NA,NA,NA,NA,NA,Y,4,0,1,2,A,-,09,21804,A,N,D,C,A,A,H,-,A,D,0,NA,NA,NA,NA,Y,NA,A,01,0,0,1,0,0,0,0,0,0,-,-,33.55828094482422,-117.59735870361328,LOS ANGELES,UNINCORPORATED,-117.99607849121094,33.930694580078125
91168863,2020,2020-01-21,9540,2020-01-13,2234,021361,NA,1,3,9,1900,0,1,1,NA,2,507,I-5 S/B (GOLDEN STATE FREEWAY),SR-126 (VENTURA FREEWAY),215,N,N,A,-,Y,NA,NA,5,NA,NA,NA,NA,NA,S,N,3,0,1,2,A,-,07,21658,A,N,B,C,A,A,H,-,C,D,0,NA,NA,NA,Y,Y,NA,G,25,0,1,0,0,0,0,0,0,0,-,-,34.44361114501953,-118.60659027099608,LOS ANGELES,UNINCORPORATED,-118.6065673828125,34.443660736083984
9116887,2020,2020-09-10,1942,2020-05-27,0220,31713,0152,3,5,7,1942,0,0,0,A,0,1A41,S HOPE ST,WILSHIRE BL,70,S,N,A,-,N,NA,NA,NA,NA,NA,NA,NA,NA,NA,N,4,0,1,2,A,-,11,21954,A,N,A,B,E,A,H,-,C,D,0,Y,NA,NA,NA,Y,NA,N,60,0,0,1,0,1,0,0,0,0,-,-,NA,NA,LOS ANGELES,LOS ANGELES,-118.25721740722656,34.04848861694336
91168872,2019,2020-01-21,9550,2019-12-23,2120,022194,NA,1,2,9,1900,0,3,5,NA,2,006,BREA CANYON CUT OFF RD NORTHBOUND,OAKLEAF CANYON RD.,500,S,N,B,-,N,NA,NA,NA,NA,NA,NA,NA,NA,NA,Y,4,0,2,1,A,-,03,22350,NA,N,E,I,A,B,H,-,C,D,0,NA,NA,NA,NA,Y,NA,A,07,0,0,2,0,0,0,0,0,0,-,-,33.97888946533203,-117.86141204833984,LOS ANGELES,UNINCORPORATED,-117.86043548583984,33.978145599365234
91168879,2020,2020-01-21,9565,2020-01-11,1747,022038,NA,6,2,9,1900,0,3,5,NA,2,004,135TH ST,OCEAN GATE AVE,0,NA,Y,A,-,N,NA,NA,NA,NA,NA,NA,NA,NA,NA,N,4,0,2,2,A,-,12,22450,A,N,D,C,A,A,H,-,C,D,0,NA,NA,NA,NA,Y,NA,A,01,0,0,2,0,0,0,0,0,0,-,-,33.909481048583984,-118.36707305908205,LOS ANGELES,UNINCORPORATED,-118.36711883544922,33.909488677978516
9116888,2020,2020-09-02,1900,2020-06-26,1042,610437,0456,5,5,6,1949,0,0,0,NA,0,43T1D,SHOEMAKER AV,ROSECRANS AV,8,N,N,A,-,N,NA,NA,NA,NA,NA,NA,NA,NA,NA,Y,3,0,1,2,A,-,12,21453,A,N,A,C,A,A,H,-,A,A,0,NA,NA,NA,NA,Y,NA,A,01,0,1,0,0,0,0,0,0,0,-,-,NA,NA,LOS ANGELES,NORWALK,-118.05532073974608,33.902462005615234
91168883,2020,2020-01-21,9540,2020-01-12,1010,019254,NA,7,1,9,1900,0,2,4,NA,1,201,SIERRA HIGHWAY (14000 BLOCK),DAVENPORT ROAD,3168,N,N,A,-,N,NA,NA,NA,NA,NA,NA,NA,NA,NA,Y,4,0,2,2,A,-,03,22350,NA,N,C,C,A,A,H,-,A,D,0,NA,NA,NA,NA,Y,NA,A,01,0,0,2,0,0,0,0,0,0,-,-,34.49045944213867,-118.3870086669922,LOS ANGELES,UNINCORPORATED,-118.38699340820313,34.4902458190918
91168889,2020,2020-01-21,9590,2020-01-09,1123,022360,NA,4,1,7,1942,0,1,2,NA,2,042,US-101 N/B (SAF) TO I-10 E/B (SBF),CESAR CHAVEZ AVE,200,W,N,A,-,Y,NA,NA,101,NA,NA,NA,R,NA,N,N,4,0,1,2,A,-,03,22350,NA,N,C,C,A,A,H,-,A,D,0,NA,NA,NA,NA,Y,NA,A,01,0,0,1,0,0,0,0,0,0,-,-,34.05284118652344,-118.2233428955078,LOS ANGELES,LOS ANGELES,-118.2233428955078,34.05284118652344
91168900,2019,2020-01-21,9590,2019-12-31,2245,021848,NA,2,3,7,1942,0,1,1,NA,2,052,I-110 N/B (HARBOR FREEWAY),8TH STREET,50,N,N,A,-,Y,NA,NA,110,NA,NA,NA,NA,NA,N,Y,3,0,1,3,A,-,03,22350,NA,N,C,C,A,A,H,-,C,D,0,NA,NA,NA,NA,Y,NA,A,01,0,1,0,0,0,0,0,0,0,-,-,34.0494384765625,-118.2638931274414,LOS ANGELES,LOS ANGELES,-118.26390838623048,34.049468994140625
91168910,2019,2020-01-21,9565,2019-03-26,0522,022145,NA,2,3,9,1900,0,3,5,NA,2,002,CENTURY BOULEVARD,VERMONT AVENUE,0,NA,Y,A,-,N,NA,NA,NA,NA,NA,NA,NA,NA,NA,N,1,1,0,2,A,-,10,21963,NA,N,G,B,B,A,H,-,C,A,0,Y,NA,NA,Y,Y,NA,F,26,0,0,0,1,0,0,0,0,0,-,-,33.945438385009766,-118.29200744628906,LOS ANGELES,UNINCORPORATED,-118.29192352294922,33.945491790771484
91168913,2020,2020-01-21,9565,2020-01-09,1545,021473,NA,4,2,7,1942,0,1,1,NA,2,063,I-405 S/B (SAN DIEGO FWY),OLYMPIC BLVD,275,N,N,A,-,Y,NA,NA,NA,NA,NA,NA,NA,NA,NA,Y,4,0,3,3,A,-,03,22350,NA,N,C,C,A,A,H,-,A,D,0,NA,NA,NA,NA,Y,NA,D,22,0,0,3,0,0,0,0,0,0,-,-,34.0402717590332,-118.04116821289064,LOS ANGELES,LOS ANGELES,-118.4404754638672,34.03960418701172
91168927,2020,2020-01-21,9575,2020-01-12,2105,021712,NA,7,2,7,1942,0,1,1,NA,2,050,I-5 S/B TO COLORADO BLVD,EDENHURST AVE,1402,W,N,A,-,Y,NA,NA,5,NA,NA,NA,R,NA,S,Y,3,0,1,1,A,-,01,23152,A,N,E,I,A,A,H,-,C,D,0,NA,NA,NA,NA,Y,Y,A,01,0,1,0,0,0,0,0,0,0,-,-,34.140750885009766,-118.27774810791016,LOS ANGELES,LOS ANGELES,-118.27774810791016,34.140750885009766
91168941,2020,2020-01-21,9590,2020-01-09,1035,022405,NA,4,1,7,1942,0,1,1,NA,2,050,I-110 N/B (HARBOR FREEWAY),FLORENCE AVE.,200,S,N,A,-,Y,NA,NA,110,NA,NA,NA,NA,NA,N,N,4,0,2,3,A,-,03,22350,NA,N,C,C,A,A,H,-,A,D,0,NA,NA,NA,NA,Y,NA,A,07,0,0,2,0,0,0,0,0,0,-,-,33.97283172607422,-118.28074645996094,LOS ANGELES,LOS ANGELES,-118.28072357177734,33.97283172607422
91168946,2020,2020-01-21,9530,2020-01-13,0750,020427,NA,1,1,5,1943,0,1,1,NA,2,210,I-105 W/B (GLENN ANDERSON FWY),BULLIS RD.,110,W,N,A,-,Y,NA,NA,105,NA,NA,NA,NA,NA,W,N,4,0,1,2,A,-,04,21703,NA,N,C,C,A,A,H,-,A,D,0,NA,NA,NA,NA,Y,NA,A,01,0,0,1,0,0,0,0,0,0,-,-,33.92171859741211,-118.20249938964844,LOS ANGELES,LYNWOOD,-118.20246124267578,33.92179870605469
91168957,2020,2020-01-21,9550,2020-01-10,0738,022376,NA,5,1,5,1919,0,1,3,NA,2,092,STATE ROUTE 91 W/B,NORWALK BOULEVARD,1000,W,N,A,-,Y,NA,NA,91,NA,NA,NA,NA,NA,W,Y,4,0,1,2,A,-,03,22350,NA,N,C,C,A,A,H,-,A,D,0,NA,NA,NA,NA,Y,NA,D,22,0,0,1,0,0,0,0,0,0,-,-,33.87657928466797,-118.07646942138672,LOS ANGELES,CERRITOS,-118.07646942138672,33.87648010253906
91168980,2020,2020-01-21,9535,2020-01-09,1810,022142,NA,4,2,6,1922,0,1,1,NA,2,400,I-10 (SAN BERNARDINO FREEWAY) E/B,RIO HONDO RIVER,20,W,N,A,-,Y,NA,NA,10,NA,NA,NA,NA,NA,E,Y,3,0,2,3,A,-,03,22350,NA,N,C,C,A,A,H,-,C,D,0,NA,NA,NA,NA,Y,NA,A,01,0,2,0,0,0,0,0,0,0,-,-,34.068241119384766,-118.04186248779295,LOS ANGELES,EL MONTE,-118.04180908203124,34.068641662597656
91168985,2020,2020-01-21,9590,2020-01-09,1617,017878,NA,4,2,7,1942,0,1,1,NA,2,040,I-5 N/B (SAF),SOUTH LORENA STREET,300,N,N,A,-,Y,NA,NA,5,NA,NA,NA,NA,NA,N,N,3,0,1,2,A,-,03,22350,NA,F,C,C,A,A,H,-,A,D,0,NA,NA,NA,NA,Y,NA,-,99,0,1,0,0,0,0,0,0,0,-,-,34.02494812011719,-118.20426177978516,LOS ANGELES,LOS ANGELES,-118.20425415039064,34.02495574951172
91169004,2020,2020-01-21,9565,2020-01-10,0625,020560,NA,5,1,7,1942,0,1,1,NA,2,083,I-10 W/B,BAGLEY AVE,400,W,N,A,-,Y,NA,NA,10,NA,NA,NA,NA,NA,W,Y,4,0,2,2,A,-,03,22350,NA,N,C,C,A,A,H,-,D,D,0,NA,NA,NA,NA,Y,NA,D,22,0,0,2,0,0,0,0,0,0,-,-,34.0294189453125,-118.39791107177734,LOS ANGELES,LOS ANGELES,-118.39791870117188,34.0292854309082
91169012,2020,2020-01-21,9550,2020-01-10,1800,022439,NA,5,2,9,1900,0,3,5,NA,2,002,LEFFINGWELL ROAD,COLIMA ROAD,0,NA,Y,A,-,N,NA,NA,NA,NA,NA,NA,NA,NA,NA,Y,3,0,1,2,D,-,00,NA,NA,N,D,C,A,A,H,-,B,A,0,NA,NA,NA,NA,Y,NA,-,-,0,1,0,0,0,0,0,0,0,-,-,33.92369842529297,-118.02549743652344,LOS ANGELES,UNINCORPORATED,-118.0255126953125,33.923728942871094
91169014,2020,2020-01-21,9565,2020-01-09,1405,022099,NA,4,2,9,1900,0,2,4,NA,2,024,IMPERIAL HWY,VERMONT AVE,600,W,N,B,-,N,NA,NA,NA,NA,NA,NA,NA,NA,NA,Y,4,0,2,3,A,-,09,21801,A,N,D,C,A,A,H,-,A,A,0,NA,NA,NA,NA,Y,NA,A,07,0,0,2,0,0,0,0,0,0,-,-,33.93088150024414,-118.29325103759766,LOS ANGELES,UNINCORPORATED,-118.29388427734376,33.930973052978516
91169022,2020,2020-01-21,9590,2020-01-09,0245,018529,NA,4,3,7,1942,0,1,1,NA,2,063,I-10 W/B TO I-110,FIGUEROA ST.,150,W,N,A,-,Y,NA,NA,10,NA,NA,NA,R,NA,W,N,4,0,1,1,A,-,08,22107,NA,N,E,J,A,A,H,-,C,D,0,NA,NA,NA,NA,Y,NA,A,01,0,0,1,0,0,0,0,0,0,-,-,34.03778076171875,-118.27143096923828,LOS ANGELES,LOS ANGELES,-118.27143096923828,34.03778076171875
91169035,2019,2020-01-21,9590,2019-12-31,1550,021667,NA,2,2,7,1942,0,1,1,NA,2,081,SR-110 N/B (ARROYOR SECO PARKWAY),AVENUE 60,500,N,N,A,-,Y,NA,NA,110,NA,NA,NA,NA,NA,N,Y,3,0,1,1,A,-,08,22107,NA,N,E,I,A,A,H,-,A,D,0,NA,NA,Y,NA,Y,NA,C,02,0,1,0,0,0,0,0,0,1,-,-,34.11127853393555,-118.18380737304688,LOS ANGELES,LOS ANGELES,-118.18379974365234,34.11125564575195
9116904,2020,2020-11-14,1900,2020-06-15,1343,407357,0631,1,5,6,1985,0,0,0,NA,0,63T1,SOLEDAD CANYON RD,RT 14,0,NA,Y,A,-,Y,LA,7,14,-,-,33.637,R,4,S,Y,4,0,1,2,A,-,12,21453,A,N,B,C,A,A,H,-,A,A,0,NA,NA,NA,NA,Y,NA,D,22,0,0,1,0,0,0,0,0,0,-,-,34.42689895629883,-118.4227294921875,LOS ANGELES,SANTA CLARITA,-118.42033386230467,34.42681121826172
91169043,2020,2020-01-21,9535,2020-01-11,0040,022285,NA,6,3,5,1947,0,1,3,NA,2,621,SR-60 (POMONA FREEWAY) W/B,GARFIELD AVE.,300,W,N,A,-,Y,NA,NA,60,NA,NA,NA,NA,NA,W,Y,4,0,1,2,C,-,18,NA,NA,N,C,C,A,A,H,-,C,D,0,NA,NA,NA,NA,Y,NA,-,-,0,0,1,0,0,0,0,0,0,-,-,34.033199310302734,-118.1313018798828,LOS ANGELES,MONTEBELLO,-118.1313018798828,34.03321075439453
91169044,2020,2020-01-21,9535,2020-01-10,0540,022305,NA,5,3,5,1906,0,1,1,NA,2,651,I-605 S/B (SAN GABRIEL RIVER FREEWAY),VALLEY BLVD,1056,N,N,A,-,Y,NA,NA,605,NA,NA,NA,NA,NA,S,Y,4,0,5,7,A,-,03,22350,NA,N,B,C,A,A,H,-,C,D,0,NA,NA,NA,NA,Y,NA,D,22,0,0,5,0,0,0,0,0,0,-,-,34.05699157714844,-118.00286102294922,LOS ANGELES,BALDWIN PARK,-118.0029067993164,34.05701446533203
91169073,2020,2020-01-21,9550,2020-01-13,1700,021656,NA,1,2,5,1919,0,1,1,NA,2,652,INTERSTATE 605 N/B,STATE ROUTE 91 (ARTESIA FREEWAY),100,S,N,A,-,Y,NA,NA,605,NA,NA,NA,NA,NA,N,Y,4,0,1,3,A,-,03,22350,NA,N,C,C,A,A,H,-,D,D,0,NA,NA,NA,NA,Y,NA,D,22,0,0,1,0,0,0,0,0,0,-,-,33.87553024291992,-118.10196685791016,LOS ANGELES,CERRITOS,-118.10203552246094,33.87550735473633
91169099,2020,2020-01-22,9535,2020-01-11,0630,022253,NA,6,1,5,1901,0,1,1,NA,2,420,I-10 (SAN BERNARDINO FREEWAY) E/B,ATLANTIC BLVD.,740,W,N,A,-,Y,NA,NA,10,NA,NA,NA,NA,NA,E,Y,3,0,1,2,A,-,01,23152,A,N,B,I,A,A,H,-,B,D,0,NA,NA,NA,NA,Y,Y,D,22,0,1,0,0,0,0,0,0,0,-,-,34.06718826293945,-118.15323638916016,LOS ANGELES,ALHAMBRA,-118.15320587158205,34.06713104248047
9116910,2020,2020-09-09,1942,2020-06-17,1140,39565,0185,3,5,7,1942,0,0,0,A,0,1A85,MAPLE AV,PICO BL,5,S,N,A,-,N,NA,NA,NA,NA,NA,NA,NA,NA,NA,N,4,0,1,2,A,-,07,21658,A,N,B,C,A,A,H,-,A,A,0,NA,NA,NA,Y,Y,NA,A,01,0,0,1,0,0,0,0,0,0,-,-,NA,NA,LOS ANGELES,LOS ANGELES,-118.25727081298828,34.03453826904297
91169134,2020,2020-01-21,9565,2020-01-11,0900,020560,NA,6,1,7,1942,0,1,1,NA,2,062,I-405 N/B TO I-10,NATIONAL BLVD,150,S,N,A,-,Y,NA,NA,405,NA,NA,NA,R,NA,N,N,4,0,1,2,A,-,03,22350,NA,N,C,C,A,A,H,-,A,D,0,NA,NA,NA,NA,Y,NA,A,01,0,0,1,0,0,0,0,0,0,-,-,34.026458740234375,-118.42935180664064,LOS ANGELES,LOS ANGELES,-118.42935180664064,34.026458740234375
91169159,2020,2020-10-15,9550,2020-01-13,0650,021054,NA,1,1,9,1900,0,3,5,NA,2,002,COLIMA ROAD,MULBERRY DRIVE,0,NA,Y,A,-,N,NA,NA,NA,NA,NA,NA,NA,NA,NA,Y,1,1,0,2,A,-,09,21801,A,N,A,C,A,A,H,-,A,D,0,NA,NA,NA,NA,Y,NA,D,22,0,0,0,0,0,0,0,0,0,-,-,33.93560028076172,-118.01650238037108,LOS ANGELES,UNINCORPORATED,-118.01679229736328,33.93526077270508
91169188,2020,2020-01-21,9565,2020-01-10,2020,022437,NA,5,2,7,1942,0,1,1,NA,2,083,I-10 W/B FROM OVERLAND AVE,OVERLAND AVENUE,65,E,N,A,-,Y,NA,NA,10,NA,NA,NA,R,NA,W,N,4,0,1,2,A,-,08,22107,NA,N,B,C,A,A,H,-,C,D,0,NA,NA,NA,NA,Y,NA,-,-,0,0,1,0,0,0,0,0,0,-,-,34.03255844116211,-118.41726684570313,LOS ANGELES,LOS ANGELES,-118.41726684570313,34.03255844116211
91169190,2019,2020-03-18,9540,2019-06-13,1139,021118,NA,4,1,9,1900,0,3,5,NA,2,300,LIVINGSTON AVENUE,AVE WILLIAMS,0,NA,Y,A,-,N,NA,NA,NA,NA,NA,NA,NA,NA,NA,Y,1,1,4,2,A,-,09,21804,A,N,D,C,A,A,C,-,A,D,0,NA,NA,NA,NA,Y,NA,A,01,1,0,3,0,0,0,0,0,0,-,-,34.443138122558594,-118.63713836669922,LOS ANGELES,UNINCORPORATED,-118.6372528076172,34.44316101074219
91169196,2020,2020-01-21,9530,2020-01-13,1820,022079,NA,1,2,9,1900,0,3,5,NA,2,001,COMPTON AVE. (6600 BLOCK),67TH ST.,80,N,N,A,-,N,NA,NA,NA,NA,NA,NA,NA,NA,NA,N,2,0,1,2,A,-,11,21954,A,N,G,B,D,A,H,-,C,D,0,Y,NA,NA,NA,Y,NA,N,60,1,0,0,0,1,0,0,0,0,-,-,33.979488372802734,-118.21778106689452,LOS ANGELES,UNINCORPORATED,-118.24771881103516,33.97943115234375
91169202,2020,2020-01-21,9565,2020-01-11,2020,021484,NA,6,2,7,1942,0,1,1,NA,2,063,I-405 S/B,OLYMPIC BLVD,100,N,N,A,-,Y,NA,NA,405,NA,NA,NA,NA,NA,S,Y,4,0,2,2,A,-,03,22350,NA,N,C,C,A,A,H,-,C,D,0,NA,NA,NA,NA,Y,NA,A,01,0,0,2,0,0,0,0,0,0,-,-,34.04029846191406,-118.44117736816406,LOS ANGELES,LOS ANGELES,-118.4411163330078,34.04035568237305
91169203,2019,2020-01-21,9565,2019-12-08,1455,022219,NA,7,2,7,1942,0,1,1,NA,2,083,I-10 W/B (SANTA MONICA FREEWAY),BAGLEY AVE,300,W,N,A,-,Y,NA,NA,10,NA,NA,NA,NA,NA,W,Y,3,0,1,3,A,-,03,22350,NA,N,C,C,A,A,H,-,A,D,0,NA,NA,NA,NA,Y,NA,A,01,0,1,0,0,0,0,0,0,0,-,-,34.029319763183594,-118.39768981933594,LOS ANGELES,LOS ANGELES,-118.39769744873048,34.029266357421875
91169218,2020,2020-01-21,9525,2020-01-18,1357,020989,NA,6,1,5,1990,0,1,3,NA,2,574,SR-57 N/B TO DIAMOND BAR BLVD,DIAMOND BAR BLVD,528,S,N,B,-,Y,NA,NA,57,NA,NA,NA,R,NA,N,Y,3,0,2,4,A,-,03,22350,NA,N,C,C,A,A,H,-,A,D,0,NA,NA,NA,NA,Y,NA,A,01,0,1,1,0,0,0,0,0,0,-,-,33.96683883666992,-117.84969329833984,LOS ANGELES,DIAMOND BAR,-117.84969329833984,33.96683883666992