CASE_ID,ACCIDENT_YEAR,PROC_DATE,JURIS,COLLISION_DATE,COLLISION_TIME,OFFICER_ID,REPORTING_DISTRICT,DAY_OF_WEEK,CHP_SHIFT,POPULATION,CNTY_CITY_LOC,SPECIAL_COND,BEAT_TYPE,CHP_BEAT_TYPE,CITY_DIVISION_LAPD,CHP_BEAT_CLASS,BEAT_NUMBER,PRIMARY_RD,SECONDARY_RD,DISTANCE,DIRECTION,INTERSECTION,WEATHER_1,WEATHER_2,STATE_HWY_IND,CALTRANS_COUNTY,CALTRANS_DISTRICT,STATE_ROUTE,ROUTE_SUFFIX,POSTMILE_PREFIX,POSTMILE,LOCATION_TYPE,RAMP_INTERSECTION,SIDE_OF_HWY,TOW_AWAY,COLLISION_SEVERITY,NUMBER_KILLED,NUMBER_INJURED,PARTY_COUNT,PRIMARY_COLL_FACTOR,PCF_CODE_OF_VIOL,PCF_VIOL_CATEGORY,PCF_VIOLATION,PCF_VIOL_SUBSECTION,HIT_AND_RUN,TYPE_OF_COLLISION,MVIW,PED_ACTION,ROAD_SURFACE,ROAD_COND_1,ROAD_COND_2,LIGHTING,CONTROL_DEVICE,CHP_ROAD_TYPE,PEDESTRIAN_ACCIDENT,BICYCLE_ACCIDENT,MOTORCYCLE_ACCIDENT,TRUCK_ACCIDENT,NOT_PRIVATE_PROPERTY,ALCOHOL_INVOLVED,STWD_VEHTYPE_AT_FAULT,CHP_VEHTYPE_AT_FAULT,COUNT_SEVERE_INJ,COUNT_VISIBLE_INJ,COUNT_COMPLAINT_PAIN,COUNT_PED_KILLED,COUNT_PED_INJURED,COUNT_BICYCLIST_KILLED,COUNT_BICYCLIST_INJURED,COUNT_MC_KILLED,COUNT_MC_INJURED,PRIMARY_RAMP,SECONDARY_RAMP,LATITUDE,LONGITUDE,COUNTY,CITY,POINT_X,POINT_Y
9116922,2020,2020-09-09,1942,2020-06-13,1100,40800,1343,6,5,7,1942,0,0,0,M,0,13A43,CENTRAL AV,41ST ST,0,NA,Y,A,-,N,NA,NA,NA,NA,NA,NA,NA,NA,NA,N,4,0,1,2,A,-,12,21453,A,N,D,C,A,A,C,-,A,A,0,NA,NA,NA,NA,Y,NA,D,22,0,0,1,0,0,0,0,0,0,-,-,NA,NA,LOS ANGELES,LOS ANGELES,-118.25650787353516,34.009239196777344
91169256,2020,2020-01-21,9530,2020-01-11,0145,022413,NA,6,3,7,1942,0,1,1,NA,2,110,I-110 S/B FROM IMPERIAL HIGHWAY,IMPERIAL HWY.,600,S,N,A,-,Y,NA,NA,110,NA,NA,NA,R,NA,S,Y,4,0,1,2,A,-,01,23152,A,N,C,E,A,A,H,-,A,D,0,NA,NA,NA,NA,Y,Y,A,07,0,0,1,0,0,0,0,0,0,-,-,33.92723846435547,-118.28148651123048,LOS ANGELES,LOS ANGELES,-118.28148651123048,33.92723846435547
91169258,2020,2020-01-21,9565,2020-01-10,1520,022437,NA,5,2,5,1965,0,1,1,NA,2,081,I-10 WESTBOUND (SANTA MONICA FWY),14TH STREET,269,W,N,A,-,Y,NA,NA,10,NA,NA,NA,NA,NA,W,Y,4,0,1,3,A,-,03,22350,NA,N,C,C,A,A,H,-,A,D,0,NA,NA,NA,NA,Y,NA,A,01,0,0,1,0,0,0,0,0,0,-,-,34.01860046386719,-118.48072814941406,LOS ANGELES,SANTA MONICA,-118.48072052001952,34.018585205078125
9116926,2020,2020-09-09,1942,2020-06-16,1720,43344,1352,2,5,7,1942,0,0,0,M,0,13X45,VERNON AV,AVALON BL,5,W,N,A,-,N,NA,NA,NA,NA,NA,NA,NA,NA,NA,N,4,0,1,2,A,-,04,21703,NA,F,C,C,A,A,H,-,A,A,0,NA,NA,NA,NA,Y,NA,-,99,0,0,1,0,0,0,0,0,0,-,-,NA,NA,LOS ANGELES,LOS ANGELES,-118.26528930664064,34.003868103027344
91169279,2020,2020-01-21,9565,2020-01-11,1850,021678,NA,6,2,9,1900,0,1,1,NA,2,012,I-105 W/B (CENTURY FREEWAY),VAN NESS AVE.,250,E,N,A,-,Y,NA,NA,NA,NA,NA,NA,NA,NA,NA,N,3,0,1,2,A,-,03,22350,NA,N,C,C,A,A,H,-,C,D,0,NA,NA,NA,NA,Y,NA,A,01,0,1,0,0,0,0,0,0,0,-,-,33.92557144165039,-118.31697845458984,LOS ANGELES,UNINCORPORATED,-118.31697845458984,33.92561721801758
91169285,2020,2020-01-21,9590,2020-01-12,1430,021912,NA,7,2,7,1942,0,1,1,NA,2,051,I-110 S/B (HARBOR FREEWAY),49TH ST.,250,N,N,A,-,Y,NA,NA,110,NA,NA,NA,NA,NA,S,N,4,0,1,3,A,-,03,22350,NA,N,C,C,A,A,H,-,A,D,0,NA,NA,NA,NA,Y,NA,A,07,0,0,1,0,0,0,0,0,0,-,-,33.99905014038086,-118.28093719482422,LOS ANGELES,LOS ANGELES,-118.28093719482422,33.99905014038086
91169288,2020,2020-01-21,9550,2020-01-13,1510,022387,NA,1,2,9,1900,0,1,1,NA,2,650,I-605 SOUTHBOUND,WASHINGTON BOULEVARD,150,N,N,A,-,Y,NA,NA,605,NA,NA,NA,NA,NA,S,Y,4,0,1,3,A,-,03,22350,NA,N,C,C,A,A,H,-,A,D,0,NA,NA,NA,NA,Y,NA,A,01,0,0,1,0,0,0,0,0,0,-,-,33.97454071044922,-118.07991790771484,LOS ANGELES,UNINCORPORATED,-118.0799560546875,33.974552154541016
91169289,2020,2020-01-21,9580,2020-01-10,0850,017961,NA,5,1,7,1942,0,1,3,NA,2,171,SR-170 S/B (HOLLYWOOD FWY)TO LAUREL CYN,LAUREL CANYON BLVD,500,N,N,A,-,Y,NA,NA,170,NA,NA,NA,R,NA,S,Y,3,0,1,2,A,-,03,22350,NA,N,C,C,A,A,H,-,A,D,0,NA,NA,Y,NA,Y,NA,C,02,0,1,0,0,0,0,0,0,1,-,-,34.18265914916992,-118.39842224121094,LOS ANGELES,LOS ANGELES,-118.39842224121094,34.18265914916992
91169290,2020,2020-01-21,9525,2020-01-12,2353,022368,NA,7,3,6,1955,0,1,3,NA,2,606,SR-60 E/B (POMONA FWY),RESERVOIR ST.,1584,W,N,A,-,Y,NA,NA,60,NA,NA,NA,NA,NA,E,Y,3,0,2,3,A,-,03,22350,NA,F,C,C,A,A,H,-,C,D,0,NA,NA,NA,NA,Y,NA,-,99,0,1,1,0,0,0,0,0,0,-,-,34.024688720703125,-117.73619842529295,LOS ANGELES,POMONA,-117.7362060546875,34.02484130859375
91169300,2020,2020-01-21,9525,2020-01-17,1935,021074,NA,5,2,1,1934,0,1,1,NA,2,652,I-605 N/B (SAN GABRIEL RIVER FWY),ARROW HIGHWAY,5280,N,N,B,-,Y,NA,NA,605,NA,NA,NA,NA,NA,N,Y,3,0,3,2,A,-,03,22350,NA,N,C,C,A,A,H,-,D,D,0,NA,NA,NA,Y,Y,NA,G,25,0,1,2,0,0,0,0,0,0,-,-,34.12443923950195,-117.96592712402344,LOS ANGELES,IRWINDALE,-117.96596527099608,34.124473571777344
91169303,2019,2020-01-21,9535,2019-08-27,1415,022264,NA,2,2,6,1922,0,1,1,NA,2,400,I-10 (SAN BERNARDINO FREEWAY) E/B,PECK ROAD,60,W,N,A,-,Y,NA,NA,10,NA,NA,NA,NA,NA,E,Y,3,0,1,3,A,-,03,22350,NA,N,C,C,A,A,H,-,A,D,0,NA,NA,NA,NA,Y,NA,A,01,0,1,0,0,0,0,0,0,0,-,-,34.06769943237305,-118.02999877929688,LOS ANGELES,EL MONTE,-118.0300064086914,34.067893981933594
91169311,2020,2020-01-21,9525,2020-01-19,0330,021362,NA,7,3,4,1938,0,1,1,NA,2,207,SR-210 W/B (FOOTHILL FWY),FRUIT ST.,2112,W,N,A,-,Y,NA,NA,210,NA,NA,NA,NA,NA,W,Y,3,0,1,1,A,-,08,22107,NA,N,E,I,A,A,H,-,D,D,0,NA,NA,NA,NA,Y,NA,A,08,0,1,0,0,0,0,0,0,0,-,-,34.119789123535156,-117.76925659179688,LOS ANGELES,LA VERNE,-117.76925659179688,34.119747161865234
9116932,2020,2020-09-04,1942,2020-06-16,1800,43008,0146,2,5,7,1942,0,0,0,A,0,1X93WS,WINSTON ST,LOS ANGELES ST,0,NA,Y,A,-,N,NA,NA,NA,NA,NA,NA,NA,NA,NA,N,4,0,1,2,A,-,10,21950,A,N,G,B,E,A,H,-,A,D,0,Y,NA,NA,NA,Y,NA,D,22,0,0,1,0,1,0,0,0,0,-,-,NA,NA,LOS ANGELES,LOS ANGELES,-118.24697875976564,34.04669189453125
91169333,2020,2020-01-21,9580,2020-01-11,1530,022080,NA,6,2,7,1942,0,1,2,NA,2,102,US-101 N/B (VENTURA FREEWAY),I-405 S/B (SAN DIEGO FWY),528,N,N,A,-,Y,NA,NA,101,NA,NA,NA,NA,NA,N,N,4,0,2,3,A,-,03,22350,NA,N,C,C,A,A,H,-,A,D,0,NA,NA,NA,NA,Y,NA,A,01,0,0,2,0,0,0,0,0,0,-,-,34.1622200012207,-118.4709014892578,LOS ANGELES,LOS ANGELES,-118.47091674804688,34.16220474243164
9116934,2020,2020-09-09,1942,2020-06-17,2020,39062,0171,3,5,7,1942,0,0,0,A,0,1A61,W OLYMPIC BL,FRANCISCO ST,40,E,N,A,-,N,NA,NA,NA,NA,NA,NA,NA,NA,NA,Y,4,0,2,3,A,-,03,22350,NA,N,B,C,A,A,H,-,B,D,0,NA,NA,NA,Y,Y,NA,A,01,0,0,2,0,0,0,0,0,0,-,-,NA,NA,LOS ANGELES,LOS ANGELES,-118.26564025878906,34.04539108276367
91169349,2020,2020-01-21,9535,2020-01-11,0945,022256,NA,6,1,9,1900,0,2,4,NA,2,016,1ST STREET,GAGE AVENUE,0,NA,Y,B,-,N,NA,NA,NA,NA,NA,NA,NA,NA,NA,Y,4,0,1,3,A,-,09,21800,D,M,D,C,A,A,H,-,A,B,0,NA,NA,NA,NA,Y,NA,A,07,0,0,1,0,0,0,0,0,0,-,-,34.03607940673828,-118.18460845947266,LOS ANGELES,UNINCORPORATED,-118.18463897705078,34.03602981567383
91169381,2020,2020-01-21,9590,2020-01-02,1345,016692,NA,4,1,7,1942,0,1,1,NA,2,061,I-10 W/B (ROSA PARKS FWY.),BUDLONG AVE. U/C,70,W,N,A,-,Y,NA,NA,10,NA,NA,NA,NA,NA,W,N,4,0,1,2,D,-,00,NA,NA,N,B,C,A,A,H,-,A,D,0,NA,NA,NA,NA,Y,NA,-,-,0,0,1,0,0,0,0,0,0,-,-,34.03704833984375,-118.29637145996094,LOS ANGELES,LOS ANGELES,-118.29637145996094,34.03711700439453
91169395,2020,2020-01-21,9525,2020-01-20,1520,019188,NA,1,2,9,1900,0,3,5,NA,2,002,BADILLO ST.,SUNFLOWER AVE,30,E,N,B,-,N,NA,NA,NA,NA,NA,NA,NA,NA,NA,N,4,0,1,2,A,-,03,22350,NA,N,C,C,A,A,H,-,A,A,0,NA,NA,NA,NA,Y,NA,A,01,0,0,1,0,0,0,0,0,0,-,-,34.092769622802734,-117.8469009399414,LOS ANGELES,UNINCORPORATED,-117.84632873535156,34.093013763427734
9116946,2020,2020-11-06,1942,2020-06-28,0530,33452,1365,7,5,7,1942,0,0,0,M,0,13A75,E 48TH PL,COMPTON AV,312,W,N,A,-,N,NA,NA,NA,NA,NA,NA,NA,NA,NA,Y,4,0,1,2,A,-,05,21650,NA,N,A,E,A,-,H,-,C,D,0,NA,NA,NA,NA,Y,NA,A,01,0,0,1,0,0,0,0,0,0,-,-,NA,NA,LOS ANGELES,LOS ANGELES,-118.2488021850586,33.999305725097656
91169466,2020,2020-01-21,9550,2020-01-13,1421,022426,NA,1,2,9,1900,0,1,1,NA,2,650,INTERSTATE 605 S/B,SLAUSON AVENUE,2000,N,N,A,-,Y,NA,NA,605,NA,NA,NA,NA,NA,S,Y,4,0,1,6,A,-,03,22350,NA,M,C,C,A,A,H,-,A,D,0,NA,NA,NA,NA,Y,NA,A,01,0,0,1,0,0,0,0,0,0,-,-,33.972408294677734,-118.08084869384766,LOS ANGELES,UNINCORPORATED,-118.0807876586914,33.972381591796875
91169511,2020,2020-01-21,9430,2020-01-19,1518,019096,NA,7,2,9,1900,0,1,1,NA,2,051,I-5 S/B ( GOLDEN STATE FREEWAY),GORMAN SCHOOL ROAD,4752,S,N,A,-,Y,NA,NA,5,NA,NA,NA,NA,NA,S,Y,3,0,1,1,A,-,08,22107,NA,N,F,I,A,A,H,-,A,D,0,NA,NA,Y,NA,Y,NA,C,02,0,1,0,0,0,0,0,0,1,-,-,34.792240142822266,-118.8353271484375,LOS ANGELES,UNINCORPORATED,-118.83537292480467,34.79216003417969
91169532,2020,2020-01-21,9565,2020-01-09,0840,022206,NA,4,1,9,1900,0,3,5,NA,2,003,FAIRFAX AVENUE,GOLDLEAF CIR,370,N,N,B,-,N,NA,NA,NA,NA,NA,NA,NA,NA,NA,Y,4,0,1,1,A,-,01,23152,A,N,E,I,A,A,H,-,A,D,0,NA,NA,NA,NA,Y,Y,A,07,0,0,1,0,0,0,0,0,0,-,-,33.990631103515625,-118.36367797851564,LOS ANGELES,UNINCORPORATED,NA,NA
91169549,2020,2020-01-21,9580,2020-01-13,1534,022080,NA,1,2,7,1942,0,1,3,NA,2,116,SR-118 E/B (RONALD REAGAN FWY.),TAMPA AVE,1320,E,N,A,-,Y,NA,NA,118,NA,NA,NA,NA,NA,E,Y,4,0,1,4,A,-,03,22350,NA,N,C,C,A,A,H,-,A,D,0,NA,NA,NA,NA,Y,NA,A,08,0,0,1,0,0,0,0,0,0,-,-,34.273338317871094,-118.54946899414064,LOS ANGELES,LOS ANGELES,-118.54946136474608,34.27329635620117
91169565,2020,2020-01-29,9535,2020-01-12,1725,022287,NA,7,2,4,1962,0,1,1,NA,2,111,I-10 (SBF) W/B HOT LANES,NEW AVENUE,100,E,N,A,-,Y,NA,NA,10,NA,NA,NA,NA,NA,W,Y,2,0,1,2,A,-,03,22350,NA,M,C,C,A,A,H,-,A,D,0,NA,NA,Y,NA,Y,NA,C,02,1,0,0,0,0,0,0,0,1,-,-,34.071998596191406,-118.10769653320313,LOS ANGELES,SAN GABRIEL,-118.10769653320313,34.07200622558594
9116958,2020,2020-09-09,1942,2020-06-18,1610,40193,0203,4,5,7,1942,0,0,0,B,0,2A4,MELROSE AV,WESTMORELAND AV,0,NA,Y,A,-,N,NA,NA,NA,NA,NA,NA,NA,NA,NA,N,3,0,1,2,A,-,12,22450,A,F,D,C,A,A,H,-,A,A,0,NA,NA,NA,NA,Y,NA,-,99,0,1,0,0,0,0,0,0,0,-,-,NA,NA,LOS ANGELES,LOS ANGELES,-118.28800964355467,34.08359909057617
91169592,2019,2020-01-21,9535,2019-10-25,1625,022269,NA,5,2,9,1900,0,1,1,NA,2,500,I-5 (SANTA ANA FREEWAY) N/B,DITMAN AVE.,500,S,N,A,-,Y,NA,NA,5,NA,NA,NA,NA,NA,N,Y,4,0,1,2,A,-,03,22350,NA,N,C,C,A,A,H,-,A,A,0,NA,NA,NA,NA,Y,NA,A,01,0,0,1,0,0,0,0,0,0,-,-,34.02022171020508,-118.18743133544922,LOS ANGELES,UNINCORPORATED,-118.18743133544922,34.02023696899414
91169646,2020,2020-01-21,9430,2020-01-19,1840,019096,NA,7,2,9,1900,0,1,1,NA,2,051,I-5 N/B (GOLDEN STATE FREEWAY),FRAZIER MOUNTAIN PARK RD,5280,S,N,A,-,Y,NA,NA,5,NA,NA,NA,NA,NA,N,Y,3,0,1,2,A,-,03,22350,NA,N,C,C,A,A,H,-,C,D,0,NA,NA,NA,Y,Y,NA,A,01,0,1,0,0,0,0,0,0,0,-,-,34.79927062988281,-118.87239837646484,LOS ANGELES,UNINCORPORATED,-118.8724365234375,34.79922866821289
91169681,2019,2020-01-21,9535,2019-10-12,1337,022305,NA,6,1,9,1900,0,3,5,NA,2,002,CLELA AVE,VERONA ST,0,NA,Y,A,-,N,NA,NA,NA,NA,NA,NA,NA,NA,NA,Y,4,0,2,2,A,-,09,21802,A,N,D,C,A,A,H,-,A,A,0,NA,NA,NA,NA,Y,NA,A,01,0,0,2,0,0,0,0,0,0,-,-,34.01934814453125,-118.16129302978516,LOS ANGELES,UNINCORPORATED,-118.16129302978516,34.01932907104492
91169715,2020,2020-01-21,9590,2020-01-13,2100,022160,NA,1,2,7,1942,0,1,3,NA,2,031,SR-60 W/B,INDIANA ST,350,W,N,A,-,Y,NA,NA,60,NA,NA,NA,NA,NA,W,Y,4,0,1,4,A,-,03,22350,NA,N,C,C,A,A,H,-,C,D,0,NA,NA,NA,Y,Y,NA,A,01,0,0,1,0,0,0,0,0,0,-,-,34.03083038330078,-118.19358825683594,LOS ANGELES,LOS ANGELES,-118.19364166259766,34.03104782104492
91169719,2020,2020-01-21,9590,2020-01-10,0545,022384,NA,5,3,7,1942,0,1,1,NA,2,061,I-10 W/B (SANTA MONICA FREEWAY),CRENSHAW BOULEVARD,420,W,N,A,-,Y,NA,NA,10,NA,NA,NA,NA,NA,W,N,4,0,1,3,A,-,03,22350,NA,N,C,C,A,A,H,-,C,D,0,NA,NA,NA,NA,Y,NA,D,22,0,0,1,0,0,0,0,0,0,-,-,34.03512954711914,-118.33524322509766,LOS ANGELES,LOS ANGELES,-118.33523559570313,34.03508758544922
91169724,2020,2020-01-21,9525,2020-01-15,1411,021074,NA,3,2,9,1900,0,2,4,NA,2,045,VALLEY BLVD (13000 BLOCK),TEMPLE AVE,350,E,N,A,-,N,NA,NA,NA,NA,NA,NA,NA,NA,NA,N,3,0,1,2,A,-,05,21650,NA,F,D,G,A,A,H,-,A,D,0,NA,Y,NA,NA,Y,NA,L,04,0,1,0,0,0,0,1,0,0,-,-,34.05244064331055,-118.0014190673828,LOS ANGELES,UNINCORPORATED,-117.81175231933594,34.04924011230469
91169736,2020,2020-01-21,9550,2020-01-16,1850,021196,NA,4,2,5,1908,0,1,3,NA,2,091,SR-91 W/B FROM LAKEWOOD BLVD S/B,LAKEWOOD BOULEVARD,340,W,N,A,-,Y,NA,NA,91,NA,NA,NA,R,NA,W,N,4,0,1,2,A,-,03,22350,NA,N,C,C,A,A,H,-,C,A,0,NA,NA,NA,NA,Y,NA,D,22,0,0,1,0,0,0,0,0,0,-,-,33.877498626708984,-118.14395141601564,LOS ANGELES,BELLFLOWER,-118.14395141601564,33.877498626708984
91169748,2020,2020-01-21,9590,2020-01-09,1738,017878,NA,4,2,7,1942,0,1,2,NA,2,043,US-101 (SAF),4TH STREET,200,N,N,A,-,Y,NA,NA,101,NA,NA,NA,NA,NA,NA,Y,3,0,1,2,A,-,03,22350,NA,N,E,J,A,A,H,-,C,D,0,NA,NA,NA,NA,Y,Y,A,01,0,1,0,0,0,0,0,0,0,-,-,34.04352951049805,-118.22119903564452,LOS ANGELES,LOS ANGELES,-118.2211456298828,34.04352951049805
91169754,2020,2020-01-21,9535,2020-01-13,1200,022256,NA,1,1,5,1901,0,1,1,NA,2,421,I-10 (SAN BERNARDINO FREEWAY) W/B,GARFIELD AVE,1584,E,N,A,-,Y,NA,NA,10,NA,NA,NA,NA,NA,W,N,4,0,1,2,A,-,03,22350,NA,N,C,C,A,A,H,-,A,D,0,NA,NA,NA,NA,Y,NA,A,08,0,0,1,0,0,0,0,0,0,-,-,34.07189178466797,-118.1176300048828,LOS ANGELES,ALHAMBRA,-118.1176300048828,34.07187271118164
91169776,2020,2020-01-22,9530,2020-01-13,1130,018745,NA,1,1,6,1972,0,1,1,NA,2,400,I-405 S/B FROM CRENSHAW BLVD.,CRENSHAW BLVD.,325,N,N,B,-,Y,NA,NA,405,NA,NA,NA,R,NA,S,Y,4,0,1,2,A,-,03,22350,NA,N,C,C,A,A,H,-,A,A,0,NA,NA,NA,NA,Y,NA,A,01,0,0,1,0,0,0,0,0,0,-,-,33.86463165283203,-118.3276596069336,LOS ANGELES,TORRANCE,-118.3276596069336,33.86463165283203
91169781,2020,2020-01-22,9530,2020-01-13,1545,017860,NA,1,2,5,1977,0,1,1,NA,2,410,I-405 N/B TO I-110 N/B,FIGUEROA ST.,220,S,N,A,-,Y,NA,NA,405,NA,NA,NA,R,NA,N,Y,4,0,2,4,A,-,03,22350,NA,N,C,C,A,A,H,-,A,D,0,NA,NA,NA,NA,Y,NA,A,01,0,0,2,0,0,0,0,0,0,-,-,33.85430908203125,-118.28128814697266,LOS ANGELES,CARSON,-118.28128814697266,33.85430908203125
91169785,2020,2020-01-22,9530,2020-01-14,1500,017860,NA,2,2,7,1941,0,1,1,NA,2,430,I-405 N/B (SAN DIEGO FREEWAY),WOODRUFF AVE.,80,N,N,A,-,Y,NA,NA,405,NA,NA,NA,NA,NA,N,Y,4,0,1,2,A,-,07,21658,A,N,B,C,A,A,H,-,A,D,0,NA,NA,NA,NA,Y,NA,A,07,0,0,1,0,0,0,0,0,0,-,-,33.80189895629883,-118.11441040039064,LOS ANGELES,LONG BEACH,-118.11444854736328,33.801822662353516
91169841,2020,2020-01-22,9565,2020-01-11,2304,022226,NA,6,3,7,1942,0,1,3,NA,2,070,SR-90 E/B TO I-405 S/B,MESMER AVENUE,180,E,N,A,-,Y,NA,NA,NA,NA,NA,NA,NA,NA,NA,Y,3,0,1,1,A,-,01,23152,A,N,E,I,A,A,H,-,C,D,0,NA,NA,NA,NA,Y,Y,A,01,0,1,0,0,0,0,0,0,0,-,-,33.59157943725586,-118.24099731445313,LOS ANGELES,LOS ANGELES,-118.40348815917967,33.988059997558594
91169848,2020,2020-01-22,9565,2020-01-10,1445,018804,NA,5,2,7,1942,0,1,1,NA,2,063,I-405 N/B (SAN DIEGO FWY.),CONSTITUTION AVE.,397,S,N,A,-,Y,NA,NA,405,NA,NA,NA,NA,NA,N,N,3,0,1,2,A,-,03,22350,NA,N,D,C,A,A,H,-,A,D,0,NA,NA,Y,NA,Y,NA,C,02,0,1,0,0,0,0,0,0,1,-,-,34.05913162231445,-118.45452117919922,LOS ANGELES,LOS ANGELES,-118.45465087890624,34.05902862548828
91169849,2020,2020-01-22,9565,2020-01-12,1820,021575,NA,7,2,7,1942,0,1,1,NA,2,061,I-405 SOUTHBOUND (SAN DIEGO FREEWAY),SEPULVEDA BOULEVARD,1000,N,N,A,-,Y,NA,NA,405,NA,NA,NA,NA,NA,S,Y,4,0,1,3,A,-,03,22350,NA,N,C,C,A,A,H,-,C,D,0,NA,NA,NA,NA,Y,NA,A,01,0,0,1,0,0,0,0,0,0,-,-,33.98419189453125,-118.39665222167967,LOS ANGELES,LOS ANGELES,-118.39654541015624,33.98427200317383
91169868,2019,2020-01-22,9590,2019-12-07,1955,022189,NA,6,2,7,1942,0,1,1,NA,2,011,SR-110 S/B (ASP),SAN FERNANDO RD,50,N,N,C,-,Y,NA,NA,110,NA,NA,NA,NA,NA,S,Y,4,0,1,1,A,-,08,22107,NA,N,E,I,A,B,H,-,C,D,0,NA,NA,NA,NA,Y,NA,A,01,0,0,1,0,0,0,0,0,0,-,-,34.08113098144531,-118.22525024414064,LOS ANGELES,LOS ANGELES,-118.2252197265625,34.081092834472656
91169871,2019,2020-01-22,9590,2019-12-23,1750,022344,NA,1,2,7,1942,0,1,1,NA,2,063,I-10 WB (SANTA MONICA FREEWAY),NORMANDIE,500,E,N,A,-,Y,NA,NA,10,NA,NA,NA,NA,NA,W,N,4,0,2,2,A,-,03,22350,NA,N,C,C,A,B,H,-,C,D,0,NA,NA,NA,NA,Y,NA,A,01,0,0,2,0,0,0,0,0,0,-,-,34.037288665771484,-118.29721069335938,LOS ANGELES,LOS ANGELES,-118.29721069335938,34.03712844848633
91169875,2019,2020-01-22,9590,2019-12-19,0235,022404,NA,4,3,7,1942,0,1,2,NA,2,073,US-101 S/B (HOF) AT SANTA MONICA BLVD,SANTA MONICA BLVD,0,NA,Y,A,-,Y,NA,NA,NA,NA,NA,NA,NA,NA,NA,Y,2,0,1,1,A,-,01,23152,A,N,E,I,A,A,H,-,C,D,0,NA,NA,NA,NA,Y,Y,A,01,1,0,0,0,0,0,0,0,0,-,-,34.052730560302734,-118.18238067626952,LOS ANGELES,LOS ANGELES,-118.30657196044922,34.09077072143555
91169913,2020,2020-01-22,9535,2020-01-10,1430,022354,NA,5,2,5,1901,0,1,1,NA,2,420,I-10 (SAN BERNARDINO FREEWAY) E/B,ATLANTIC BLVD.,20,E,N,A,-,Y,NA,NA,NA,NA,NA,NA,NA,NA,NA,N,4,0,1,2,A,-,03,22350,NA,N,C,C,A,A,H,-,A,D,0,NA,NA,Y,NA,Y,NA,A,01,0,0,1,0,0,0,0,0,1,-,-,34.0703010559082,-118.13420104980467,LOS ANGELES,ALHAMBRA,-118.13437652587892,34.07134246826172
91169920,2020,2020-04-09,9540,2020-01-20,0953,014277,NA,1,1,9,1900,0,1,1,NA,2,513,I-5 S/B (GOLDEN STATE FREEWAY),SMOKEY BEAR RD,1584,S,N,B,-,Y,NA,NA,5,NA,NA,NA,NA,NA,S,Y,1,1,0,1,A,-,08,22107,NA,N,E,I,A,A,H,-,A,D,0,NA,NA,NA,Y,Y,NA,G,25,0,0,0,0,0,0,0,0,0,-,-,34.703731536865234,-118.79450225830078,LOS ANGELES,UNINCORPORATED,-118.79444122314452,34.703758239746094
91169927,2020,2020-01-22,9540,2020-01-17,1945,019508,NA,5,2,6,1985,0,1,3,NA,1,144,SR-14 N/B (ANTELOPE VALLEY FREEWAY),VIA PRINCESSA,1056,S,N,A,-,Y,NA,NA,14,NA,NA,NA,NA,NA,N,Y,4,0,5,3,A,-,03,22350,NA,N,C,C,A,A,H,-,D,D,0,NA,NA,NA,NA,Y,NA,A,01,0,0,5,0,0,0,0,0,0,-,-,34.39842987060547,-118.46222686767578,LOS ANGELES,SANTA CLARITA,-118.46215057373048,34.3983154296875
91169944,2020,2020-01-22,9530,2020-01-14,0820,013990,NA,2,1,7,1941,0,1,1,NA,2,072,I-710 N/B (LONG BEACH FREEWAY),WILLOW ST.,1056,S,N,A,-,Y,NA,NA,710,NA,NA,NA,NA,NA,N,Y,3,0,1,3,A,-,03,22350,NA,N,C,C,A,A,H,-,A,D,0,NA,NA,NA,NA,Y,NA,A,01,0,1,0,0,0,0,0,0,0,-,-,33.800819396972656,-118.2068099975586,LOS ANGELES,LONG BEACH,-118.20691680908205,33.80080795288086
91169947,2020,2020-01-22,9535,2020-01-11,2225,022316,NA,6,3,6,1922,0,1,1,NA,2,111,I-10 (SAN BERNARDINO FREEWAY) W/B,VALLEY BLVD,1450,E,N,A,-,Y,NA,NA,10,NA,NA,NA,NA,NA,W,Y,3,0,1,2,A,-,08,22107,NA,N,F,I,A,A,H,-,C,D,0,NA,NA,Y,NA,Y,NA,C,02,0,1,0,0,0,0,0,0,1,-,-,34.067928314208984,-118.02214050292967,LOS ANGELES,EL MONTE,-118.02214050292967,34.06794357299805
91169960,2020,2020-01-22,9535,2020-01-11,2315,022342,NA,6,3,5,1943,0,1,1,NA,2,105,I-105 (CENTURY FREEWAY) W/B,ATLANTIC AVE,600,E,N,A,-,Y,NA,NA,105,NA,NA,NA,NA,NA,W,N,3,0,2,1,A,-,01,23152,A,N,F,A,A,A,H,-,D,D,0,NA,NA,Y,NA,Y,Y,C,02,0,2,0,0,0,0,0,0,2,-,-,33.916038513183594,-118.18887329101564,LOS ANGELES,LYNWOOD,-118.18888092041016,33.916011810302734