CASE_ID,ACCIDENT_YEAR,PROC_DATE,JURIS,COLLISION_DATE,COLLISION_TIME,OFFICER_ID,REPORTING_DISTRICT,DAY_OF_WEEK,CHP_SHIFT,POPULATION,CNTY_CITY_LOC,SPECIAL_COND,BEAT_TYPE,CHP_BEAT_TYPE,CITY_DIVISION_LAPD,CHP_BEAT_CLASS,BEAT_NUMBER,PRIMARY_RD,SECONDARY_RD,DISTANCE,DIRECTION,INTERSECTION,WEATHER_1,WEATHER_2,STATE_HWY_IND,CALTRANS_COUNTY,CALTRANS_DISTRICT,STATE_ROUTE,ROUTE_SUFFIX,POSTMILE_PREFIX,POSTMILE,LOCATION_TYPE,RAMP_INTERSECTION,SIDE_OF_HWY,TOW_AWAY,COLLISION_SEVERITY,NUMBER_KILLED,NUMBER_INJURED,PARTY_COUNT,PRIMARY_COLL_FACTOR,PCF_CODE_OF_VIOL,PCF_VIOL_CATEGORY,PCF_VIOLATION,PCF_VIOL_SUBSECTION,HIT_AND_RUN,TYPE_OF_COLLISION,MVIW,PED_ACTION,ROAD_SURFACE,ROAD_COND_1,ROAD_COND_2,LIGHTING,CONTROL_DEVICE,CHP_ROAD_TYPE,PEDESTRIAN_ACCIDENT,BICYCLE_ACCIDENT,MOTORCYCLE_ACCIDENT,TRUCK_ACCIDENT,NOT_PRIVATE_PROPERTY,ALCOHOL_INVOLVED,STWD_VEHTYPE_AT_FAULT,CHP_VEHTYPE_AT_FAULT,COUNT_SEVERE_INJ,COUNT_VISIBLE_INJ,COUNT_COMPLAINT_PAIN,COUNT_PED_KILLED,COUNT_PED_INJURED,COUNT_BICYCLIST_KILLED,COUNT_BICYCLIST_INJURED,COUNT_MC_KILLED,COUNT_MC_INJURED,PRIMARY_RAMP,SECONDARY_RAMP,LATITUDE,LONGITUDE,COUNTY,CITY,POINT_X,POINT_Y
91169980,2020,2020-01-22,9545,2020-01-17,1953,014790,NA,5,2,9,1900,0,3,5,NA,2,001,SIERRA HWY,AVENUE E,0,NA,Y,A,-,N,NA,NA,NA,NA,NA,NA,NA,NA,NA,Y,4,0,1,2,A,-,09,21801,A,N,D,C,A,A,H,-,C,D,0,NA,NA,NA,NA,Y,NA,A,01,0,0,1,0,0,0,0,0,0,-,-,34.7624397277832,-118.14679718017578,LOS ANGELES,UNINCORPORATED,-118.14682006835938,34.762428283691406
91169986,2020,2020-01-22,9545,2020-01-16,0150,022265,NA,4,3,9,1900,0,1,3,NA,2,031,SR-14 S/B FROM SIERRA HIGHWAY,VINCENT RAMP,1350,S,N,A,-,Y,NA,NA,14,NA,NA,NA,R,NA,S,Y,3,0,1,1,A,-,08,22107,NA,N,F,I,A,A,H,-,D,D,0,NA,NA,NA,NA,Y,NA,A,01,0,1,0,0,0,0,0,0,0,-,-,34.5078010559082,-118.11334228515624,LOS ANGELES,UNINCORPORATED,-118.11334228515624,34.5078010559082
91170005,2020,2020-01-22,9530,2020-01-14,2340,021325,NA,2,3,9,1900,0,1,1,NA,2,210,I-105 E/B (GLENN ANDERSON FWY),CENTRAL AVE.,52,E,N,A,-,Y,NA,NA,105,NA,NA,NA,NA,NA,E,Y,2,0,1,1,A,-,01,23152,A,N,E,I,A,A,H,-,C,D,0,NA,NA,NA,NA,Y,Y,A,01,1,0,0,0,0,0,0,0,0,-,-,33.9280891418457,-118.25385284423828,LOS ANGELES,UNINCORPORATED,-118.25383758544922,33.927982330322266
91170028,2020,2020-01-22,9530,2020-01-14,2010,022438,NA,2,2,7,1942,0,1,1,NA,2,120,I-110 N/B FROM C STREET,C ST.,100,N,N,A,-,Y,NA,NA,110,NA,NA,NA,R,NA,N,Y,3,0,1,1,A,-,03,22350,NA,N,F,A,A,A,H,-,C,D,0,NA,NA,NA,Y,Y,NA,G,25,0,1,0,0,0,0,0,0,0,-,-,33.772300720214844,-118.27950286865234,LOS ANGELES,LOS ANGELES,-118.27950286865234,33.772300720214844
91170040,2020,2020-01-22,9535,2020-01-12,0505,022248,NA,7,3,5,1901,0,1,1,NA,2,420,I-10 E/B TO S/B NEW AVE.,NEW AVE,170,W,N,A,-,Y,NA,NA,10,NA,NA,NA,R,NA,E,Y,3,0,1,1,A,-,01,23152,A,N,E,I,A,A,H,-,E,D,0,NA,NA,NA,NA,Y,Y,A,01,0,1,0,0,0,0,0,0,0,-,-,34.0713005065918,-118.10870361328124,LOS ANGELES,ALHAMBRA,-118.10870361328124,34.0713005065918
91170053,2020,2020-01-22,9550,2020-01-18,1115,018854,NA,6,1,9,1900,0,1,3,NA,2,601,SR 60 W/B,FULLERTON ROAD,1056,W,N,A,-,Y,NA,NA,NA,NA,NA,NA,NA,NA,NA,N,4,0,2,2,A,-,03,22350,NA,N,C,C,A,A,H,-,A,D,0,NA,NA,NA,NA,Y,NA,E,22,0,0,2,0,0,0,0,0,0,-,-,33.99507141113281,-117.91575622558594,LOS ANGELES,UNINCORPORATED,-117.90862274169922,33.994285583496094
91170070,2019,2020-01-22,9530,2019-09-13,2245,022056,NA,5,3,9,1900,0,3,5,NA,2,001,ALAMEDA STREET,92ND STREET,0,NA,Y,A,-,N,NA,NA,NA,NA,NA,NA,NA,NA,NA,Y,3,0,2,2,A,-,09,21801,A,N,A,C,A,A,H,-,C,A,0,NA,NA,NA,NA,Y,NA,A,01,0,1,1,0,0,0,0,0,0,-,-,33.95323944091797,-118.23017120361328,LOS ANGELES,UNINCORPORATED,-118.22963714599608,33.953311920166016
91170097,2020,2020-01-22,9535,2020-01-11,1335,022354,NA,6,1,9,1900,0,1,1,NA,2,650,I-605 N/B (SAN GABRIEL RIVER FWY),VALLEY BLVD,1056,S,N,A,-,Y,NA,NA,605,NA,NA,NA,NA,NA,N,N,4,0,1,2,A,-,03,22350,NA,N,C,C,A,A,H,-,A,D,0,NA,NA,NA,NA,Y,NA,A,01,0,0,1,0,0,0,0,0,0,-,-,34.04956817626953,-118.00675201416016,LOS ANGELES,UNINCORPORATED,-118.00677490234376,34.049583435058594
91170137,2020,2020-01-22,9530,2020-01-15,1601,017755,NA,3,2,7,1941,0,1,1,NA,2,430,I-405 S/B (SAN DIEGO FREEWAY),WOODRUFF AVE.,596,S,N,A,-,Y,NA,NA,405,NA,NA,NA,NA,NA,S,N,4,0,2,2,A,-,03,22350,NA,N,C,C,A,A,H,-,A,D,0,NA,NA,NA,NA,Y,NA,A,01,0,0,2,0,0,0,0,0,0,-,-,33.800498962402344,-118.11299896240234,LOS ANGELES,LONG BEACH,-118.11295318603516,33.80056381225586
91170138,2020,2020-01-22,9550,2020-01-18,1230,018854,NA,6,1,9,1900,0,1,3,NA,2,600,SR 60 W/B,CROSSROADS PARKWAY,500,E,N,A,-,Y,NA,NA,60,NA,NA,NA,NA,NA,W,Y,4,0,3,5,A,-,03,22350,NA,N,B,C,A,A,H,-,A,D,0,NA,NA,NA,Y,Y,NA,A,07,0,0,3,0,0,0,0,0,0,-,-,34.02928924560547,-118.01110076904295,LOS ANGELES,UNINCORPORATED,-118.01110076904295,34.029205322265625
91170146,2020,2020-01-22,9530,2020-01-14,0705,018745,NA,2,1,9,1900,0,3,5,NA,2,005,MANHATTAN BEACH BLVD. (3400 BLOCK),LEMOLI AVE.,465,W,N,B,-,N,NA,NA,NA,NA,NA,NA,NA,NA,NA,Y,2,0,1,2,A,-,07,21658,A,N,D,C,A,A,H,-,A,D,0,NA,NA,NA,NA,Y,NA,A,01,1,0,0,0,0,0,0,0,0,-,-,33.887359619140625,-118.33219909667967,LOS ANGELES,UNINCORPORATED,-118.33213043212892,33.88737869262695
91170155,2020,2020-01-22,9545,2020-01-21,1012,019816,NA,2,1,9,1900,0,3,5,NA,2,002,AVENUE O,20TH STREET WEST,0,NA,Y,A,-,N,NA,NA,NA,NA,NA,NA,NA,NA,NA,N,4,0,1,2,A,-,21,22106,NA,N,D,C,A,A,H,-,A,A,0,NA,NA,NA,NA,Y,NA,D,22,0,0,1,0,0,0,0,0,0,-,-,34.616371154785156,-118.16548919677734,LOS ANGELES,UNINCORPORATED,-118.16549682617188,34.616390228271484
91170165,2019,2020-01-22,9565,2019-12-28,1235,022226,NA,6,1,9,1900,0,3,5,NA,2,004,INGLEWOOD AVENUE,112TH STREET,8,S,N,A,-,N,NA,NA,NA,NA,NA,NA,NA,NA,NA,Y,3,0,1,3,A,-,08,22107,NA,N,C,E,A,A,H,-,A,D,0,NA,NA,NA,NA,Y,NA,A,07,0,1,0,0,0,0,0,0,0,-,-,33.93272018432617,-118.36125946044922,LOS ANGELES,UNINCORPORATED,-118.361328125,33.932769775390625
91170202,2020,2020-01-22,9550,2020-01-18,1130,019179,NA,6,1,5,1919,0,1,3,NA,2,092,STATE ROUTE 91 (ARTESIA FREEWAY),PIONEER BOULEVARD,400,E,N,A,-,Y,NA,NA,91,NA,NA,NA,NA,NA,NA,Y,4,0,1,2,A,-,03,22350,NA,N,C,C,A,A,H,-,A,D,0,NA,NA,NA,NA,Y,NA,A,01,0,0,1,0,0,0,0,0,0,-,-,33.87644958496094,-118.08090972900392,LOS ANGELES,CERRITOS,-118.08090972900392,33.876461029052734
91170229,2020,2020-01-22,9530,2020-01-15,0655,022421,NA,3,1,7,1942,0,1,1,NA,2,110,I-110 N/B TO I-105 E/B,117TH ST.,1140,S,N,A,-,Y,NA,NA,110,NA,NA,NA,R,NA,N,Y,3,0,2,1,A,-,08,22107,NA,N,E,I,A,A,H,-,A,D,0,NA,NA,NA,NA,Y,NA,A,01,0,1,1,0,0,0,0,0,0,-,-,33.924190521240234,-118.2808837890625,LOS ANGELES,LOS ANGELES,-118.2808837890625,33.924190521240234
91170235,2019,2020-01-22,9540,2019-08-14,0535,021118,NA,3,3,9,1900,0,1,1,NA,2,508,I-5 N/B (GOLDEN STATE FWY),PARKER RD,5808,S,N,A,-,Y,NA,NA,5,NA,NA,NA,NA,NA,N,Y,1,1,0,2,A,-,03,22350,NA,N,C,C,A,A,D,-,B,A,0,NA,NA,NA,Y,Y,NA,D,22,0,0,0,0,0,0,0,0,0,-,-,34.473758697509766,-118.6156005859375,LOS ANGELES,UNINCORPORATED,-118.61538696289064,34.47371292114258
91170244,2020,2020-01-22,9590,2020-01-11,2110,022087,NA,6,2,7,1942,0,1,1,NA,2,064,I-10 E/B (SANTA MONICA FREEWAY),WALL ST.,100,E,N,A,-,Y,NA,NA,NA,NA,NA,NA,NA,NA,NA,N,4,0,1,4,A,-,07,21658,A,N,B,C,A,A,H,-,C,D,0,NA,NA,NA,NA,Y,NA,A,01,0,0,1,0,0,0,0,0,0,-,-,34.01499938964844,-118.1530990600586,LOS ANGELES,LOS ANGELES,-118.25850677490234,34.030635833740234
91170264,2020,2020-01-22,9590,2020-01-11,1112,015575,NA,6,1,7,1942,0,1,1,NA,2,014,SR-110 N/B (ARROYO SECO PARKWAY),GLENARM STREET,206,S,N,A,-,Y,NA,NA,NA,NA,NA,NA,NA,NA,NA,Y,3,0,1,3,C,-,18,NA,NA,N,C,C,A,A,H,-,A,A,0,NA,NA,NA,NA,Y,NA,-,-,0,1,0,0,0,0,0,0,0,-,-,34.12704849243164,-118.14711761474608,LOS ANGELES,LOS ANGELES,-118.14715576171876,34.126956939697266
91170270,2020,2020-01-22,9530,2020-01-15,0700,022421,NA,3,1,7,1942,0,1,1,NA,2,110,I-110 S/B (HARBOR FREEWAY),135TH ST.,483,N,N,A,-,Y,NA,NA,110,NA,NA,NA,NA,NA,S,Y,3,0,1,2,A,-,03,22350,NA,N,C,C,A,A,H,-,A,D,0,NA,NA,NA,NA,Y,NA,A,01,0,1,0,0,0,0,0,0,0,-,-,33.910640716552734,-118.28675079345705,LOS ANGELES,LOS ANGELES,-118.28671264648438,33.910640716552734
91170304,2020,2020-01-22,9540,2020-01-13,1300,018582,NA,1,1,9,1900,0,2,4,NA,2,072,LAKE HUGHES RD,WARM SPRINGS RD,15840,E,N,A,-,N,NA,NA,NA,NA,NA,NA,NA,NA,NA,Y,4,0,1,1,D,-,00,NA,NA,N,E,I,A,A,H,-,A,D,0,NA,NA,NA,NA,Y,NA,-,-,0,0,1,0,0,0,0,0,0,-,-,34.630218505859375,-118.5429916381836,LOS ANGELES,UNINCORPORATED,-118.55667114257813,34.57693099975586
91170319,2020,2020-01-22,9590,2020-01-12,1235,022281,NA,7,1,7,1942,0,1,1,NA,2,062,I-10 E/B (SMF),VERMONT AVENUE,45,W,N,A,-,Y,NA,NA,10,NA,NA,NA,NA,NA,E,Y,3,0,1,2,A,-,03,22350,NA,N,C,C,A,A,H,-,A,D,0,NA,NA,NA,NA,Y,NA,A,01,0,1,0,0,0,0,0,0,0,-,-,34.036869049072266,-118.2919921875,LOS ANGELES,LOS ANGELES,-118.2919921875,34.03684616088867
91170359,2020,2020-01-22,9590,2020-01-12,2200,021883,NA,7,3,7,1942,0,1,1,NA,2,050,I-110 N/B (HARBOR FREEWAY)(HOT LANES),FLORENCE AVENUE,1000,N,N,A,-,Y,NA,NA,110,NA,NA,NA,NA,NA,N,Y,2,0,2,2,A,-,01,23152,A,N,E,I,A,A,H,-,C,D,0,NA,NA,NA,NA,Y,Y,A,01,1,1,0,0,0,0,0,0,0,-,-,33.977970123291016,-118.2807388305664,LOS ANGELES,LOS ANGELES,-118.28072357177734,33.977970123291016
91170361,2019,2020-01-22,9535,2019-10-17,1748,022261,NA,4,2,9,1900,0,1,1,NA,2,420,I-10 (SAN BERNARDINO FREEWAY) EASTBOUND,HERBERT AVENUE,1000,E,N,A,-,Y,NA,NA,10,NA,NA,NA,NA,NA,E,Y,2,0,1,2,A,-,07,21658,A,N,B,C,A,A,H,-,A,D,0,NA,NA,Y,NA,Y,NA,A,01,1,0,0,0,0,0,0,0,1,-,-,34.05781936645508,-118.17945098876952,LOS ANGELES,UNINCORPORATED,-118.17942810058594,34.057777404785156
91170378,2020,2020-01-22,9580,2020-01-14,1955,020451,NA,2,2,9,1900,0,1,3,NA,1,270,SR-27 S/B (TOPANGA CYN. BLVD.),HIGHVALE TRAIL,1056,N,N,A,-,Y,NA,NA,27,NA,NA,NA,NA,NA,S,Y,3,0,1,1,A,-,08,22107,NA,N,E,I,A,A,H,-,D,D,0,NA,NA,NA,NA,Y,NA,D,22,0,1,0,0,0,0,0,0,0,-,-,34.100990295410156,-118.59709167480467,LOS ANGELES,UNINCORPORATED,-118.59708404541016,34.10098648071289
91170385,2020,2020-01-22,9580,2020-01-20,1730,022275,NA,1,2,7,1942,0,1,2,NA,2,102,US-101 N/B (VENTURA FREEWAY),VAN NUYS BLVD.,1320,S,N,B,-,Y,NA,NA,101,NA,NA,NA,NA,NA,N,Y,4,0,2,2,A,-,03,22350,NA,N,C,C,A,A,H,-,C,D,0,NA,NA,NA,NA,Y,NA,A,01,0,0,2,0,0,0,0,0,0,-,-,34.15760040283203,-118.45320129394533,LOS ANGELES,LOS ANGELES,-118.45318603515624,34.15781021118164
91170415,2020,2020-01-22,9550,2020-01-18,0225,022222,NA,6,3,6,1949,0,1,1,NA,2,651,I-605 NORTHBOUND,CECILIA ST,325,N,N,B,-,Y,NA,NA,605,NA,NA,NA,NA,NA,N,Y,4,0,1,1,A,-,08,22107,NA,N,F,I,A,A,H,-,D,D,0,NA,NA,NA,NA,Y,NA,A,01,0,0,1,0,0,0,0,0,0,-,-,33.932899475097656,-118.1009521484375,LOS ANGELES,NORWALK,-118.1008071899414,33.93282699584961
91170423,2020,2020-01-22,9590,2020-01-12,0540,021926,NA,7,3,7,1942,0,1,1,NA,2,010,SR-110 N/B (ARROYO SECO PARKWAY),LOS ANGELES RIVER,250,S,N,A,-,Y,NA,NA,110,NA,NA,NA,NA,NA,N,N,4,0,1,2,A,-,08,22107,NA,M,B,C,A,A,H,-,B,D,0,NA,NA,NA,NA,Y,NA,-,99,0,0,1,0,0,0,0,0,0,-,-,34.07884979248047,-118.22763824462892,LOS ANGELES,LOS ANGELES,-118.22764587402344,34.078853607177734
91170427,2020,2020-01-22,9590,2020-01-13,1205,022384,NA,1,1,7,1942,0,1,1,NA,2,053,SR110 S/B (ARROYO SECO PARKWAY),STADIUM WAY,800,S,N,A,-,Y,NA,NA,110,NA,NA,NA,NA,NA,S,N,4,0,1,2,A,-,07,21658,A,N,B,C,A,A,H,-,A,D,0,NA,NA,NA,NA,Y,NA,A,01,0,0,1,0,0,0,0,0,0,-,-,34.06930923461914,-118.2364501953125,LOS ANGELES,LOS ANGELES,-118.23646545410156,34.06932067871094
91170429,2020,2020-01-22,9590,2020-01-10,1730,021667,NA,5,2,7,1942,0,1,2,NA,2,072,US-101 N/B (HOLLYWOOD FREEWAY),HOLLYWOOD BOULEVARD,100,N,N,A,-,Y,NA,NA,101,NA,NA,NA,NA,NA,N,Y,2,0,1,2,A,-,07,21658,A,F,F,I,A,A,H,-,C,D,0,NA,NA,Y,NA,Y,NA,-,99,1,0,0,0,0,0,0,0,1,-,-,34.102081298828125,-118.31683349609376,LOS ANGELES,LOS ANGELES,-118.31679534912108,34.102108001708984
91170438,2020,2020-01-22,9580,2020-01-18,1859,022158,NA,6,2,7,1942,0,1,2,NA,2,103,US-101 S/B (VENTURA FREEWAY),VAN NUYS BLVD,700,N,N,A,-,Y,NA,NA,101,NA,NA,NA,NA,NA,S,Y,4,0,2,3,A,-,03,22350,NA,N,C,C,A,A,H,-,C,D,0,NA,NA,NA,NA,Y,NA,A,01,0,0,2,0,0,0,0,0,0,-,-,34.157501220703125,-118.45152282714844,LOS ANGELES,LOS ANGELES,-118.45152282714844,34.157447814941406
91170460,2020,2020-01-22,9580,2020-01-16,1515,020451,NA,4,2,7,1942,0,1,2,NA,2,107,US-101 S/B (VENTURA FREEWAY),PARKWAY CALABASAS,1584,S,N,B,-,Y,NA,NA,NA,NA,NA,NA,NA,NA,NA,Y,4,0,1,3,A,-,03,22350,NA,N,C,C,A,A,H,-,A,D,0,NA,NA,NA,NA,Y,NA,A,07,0,0,1,0,0,0,0,0,0,-,-,34.155399322509766,-118.64727020263672,LOS ANGELES,LOS ANGELES,-118.65690612792967,34.151710510253906
91170466,2020,2020-01-22,9525,2020-01-14,0743,016913,NA,2,1,9,1900,0,3,5,NA,2,002,IRWINDALE AVE,BADILLO ST.,0,NA,Y,A,-,N,NA,NA,NA,NA,NA,NA,NA,NA,NA,Y,3,0,2,3,A,-,12,21453,A,N,D,C,A,A,H,-,A,A,0,NA,NA,NA,NA,Y,NA,A,01,0,2,0,0,0,0,0,0,0,-,-,34.086978912353516,-117.93415832519533,LOS ANGELES,UNINCORPORATED,-117.9338607788086,34.08694839477539
91170539,2020,2020-01-22,9530,2020-01-10,1515,021875,NA,5,2,9,1900,0,1,1,NA,2,120,I-110 S/B (HARBOR FREEWAY),I-405,200,S,N,A,-,Y,NA,NA,110,NA,NA,NA,NA,NA,S,N,4,0,1,3,A,-,07,21658,A,F,B,C,A,A,H,-,A,D,0,NA,NA,NA,NA,Y,NA,-,99,0,0,1,0,0,0,0,0,0,-,-,33.85599899291992,-118.28479766845705,LOS ANGELES,UNINCORPORATED,-118.28482055664064,33.85600280761719
91170547,2020,2020-01-22,9525,2020-01-21,0815,014593,NA,2,1,5,1990,0,1,3,NA,2,583,SR-57 S/B (ORANGE FWY),DIAMOND BAR BLVD,500,N,N,B,-,Y,NA,NA,57,NA,NA,NA,NA,NA,S,Y,4,0,1,2,A,-,03,22350,NA,N,C,C,A,A,H,-,A,D,0,NA,NA,NA,NA,Y,NA,A,07,0,0,1,0,0,0,0,0,0,-,-,33.96976852416992,-117.84806060791016,LOS ANGELES,DIAMOND BAR,-117.84810638427734,33.96980667114258
91170549,2020,2020-02-07,9530,2020-01-13,0810,016606,NA,1,1,7,1941,0,1,1,NA,2,430,I-405 N/B (SAN DIEGO FREEWAY),STUDEBAKER RD.,500,N,N,A,-,Y,NA,NA,405,NA,NA,NA,NA,NA,N,Y,3,0,1,3,A,-,03,22350,NA,N,B,C,A,A,H,-,A,D,0,NA,NA,Y,NA,Y,NA,C,02,0,1,0,0,0,0,0,0,1,-,-,33.79179000854492,-118.10070037841795,LOS ANGELES,LONG BEACH,-118.10076904296876,33.79169845581055
91170608,2020,2020-01-22,9565,2020-01-11,1820,021678,NA,6,2,9,1900,0,2,4,NA,2,023,WESTERN AVE,IMPERIAL HWY,50,N,N,A,-,N,NA,NA,NA,NA,NA,NA,NA,NA,NA,N,4,0,1,2,A,-,11,21954,A,N,G,B,D,A,H,-,C,D,0,Y,NA,NA,NA,Y,NA,N,60,0,0,1,0,1,0,0,0,0,-,-,33.930721282958984,-118.30915069580078,LOS ANGELES,UNINCORPORATED,-118.30914306640624,33.931156158447266
91170639,2020,2020-01-22,9590,2020-01-14,0610,021705,NA,2,1,7,1942,0,1,1,NA,2,081,I-5 S/B (GSF) TO SR-60 E/B (POF),7TH STREET,100,S,N,A,-,Y,NA,NA,5,NA,NA,NA,R,NA,S,N,4,0,1,2,A,-,03,22350,NA,N,C,C,A,A,H,-,B,D,0,NA,NA,NA,NA,Y,NA,A,01,0,0,1,0,0,0,0,0,0,-,-,34.03369903564453,-118.2214126586914,LOS ANGELES,LOS ANGELES,-118.2214126586914,34.03369903564453
91170642,2020,2020-01-22,9550,2020-01-19,2030,022439,NA,7,2,3,1903,0,1,3,NA,2,091,STATE ROUTE 91 (ARTESIA FREEWAY),PIONEER BOULEVARD,1975,W,N,A,-,Y,NA,NA,91,NA,NA,NA,NA,NA,NA,Y,4,0,1,2,A,-,03,22350,NA,N,E,J,A,A,H,-,C,D,0,NA,NA,Y,NA,Y,NA,C,02,0,0,1,0,0,0,0,0,1,-,-,33.87662124633789,-118.09023284912108,LOS ANGELES,ARTESIA,-118.09023284912108,33.87642288208008
91170655,2020,2020-01-22,9550,2020-01-16,1820,021212,NA,4,2,9,1900,0,2,4,NA,1,031,EDGERIDGE DR,HORTICULTURAL DR,2000,N,N,A,-,N,NA,NA,NA,NA,NA,NA,NA,NA,NA,N,3,0,1,2,A,-,21,22106,NA,N,G,B,E,A,H,-,D,D,0,Y,NA,NA,NA,Y,NA,D,22,0,1,0,0,1,0,0,0,0,-,-,34.000370025634766,-117.9932098388672,LOS ANGELES,UNINCORPORATED,-117.99041748046876,33.999019622802734
91170668,2020,2020-01-22,9530,2020-01-15,0835,016606,NA,3,1,7,1941,0,1,1,NA,2,430,I-405 N/B (SAN DIEGO FREEWAY),BELLFLOWER BLVD.,1056,N,N,A,-,Y,NA,NA,405,NA,NA,NA,NA,NA,N,Y,4,0,1,3,A,-,03,22350,NA,N,C,C,A,A,H,-,A,D,0,NA,NA,NA,NA,Y,NA,A,07,0,0,1,0,0,0,0,0,0,-,-,33.80284118652344,-118.12930297851564,LOS ANGELES,LONG BEACH,-118.12930297851564,33.80287170410156
91170687,2019,2020-01-22,9550,2019-10-20,0029,010000,NA,7,3,9,1900,0,3,5,NA,2,003,7TH AVE (1100 BLOCK),SR-60 (POMONA FREEWAY) E/B,87,S,N,A,-,Y,NA,NA,NA,NA,NA,NA,NA,NA,NA,Y,2,0,1,1,A,-,03,22350,NA,N,E,I,A,A,H,-,C,D,0,NA,NA,Y,NA,Y,NA,C,02,1,0,0,0,0,0,0,0,1,-,-,34.01905822753906,-117.98838043212892,LOS ANGELES,UNINCORPORATED,NA,NA
91170697,2020,2020-01-22,9550,2020-01-20,1220,015449,NA,1,1,6,1949,0,1,1,NA,2,651,I-605 N/B (SAN GABRIEL RIVER FREEWAY),FIRESTONE BLVD.,100,S,N,B,-,Y,NA,NA,605,NA,NA,NA,NA,NA,N,Y,4,0,1,3,A,-,03,22350,NA,N,C,C,A,A,H,-,A,D,0,NA,NA,NA,NA,Y,NA,A,01,0,0,1,0,0,0,0,0,0,-,-,33.92422866821289,-118.10401153564452,LOS ANGELES,NORWALK,-118.1040267944336,33.924232482910156
91170759,2020,2020-01-22,9580,2020-01-18,1020,019319,NA,6,1,1,1930,0,1,2,NA,2,106,US-101 N/B (VENTURA FREEWAY),PARKWAY CALABASAS,1056,S,N,B,-,Y,NA,NA,101,NA,NA,NA,NA,NA,N,N,4,0,1,2,C,-,18,NA,NA,N,B,C,A,A,H,-,A,D,0,NA,NA,NA,NA,Y,NA,-,-,0,0,1,0,0,0,0,0,0,-,-,34.1555290222168,-118.6474609375,LOS ANGELES,HIDDEN HILLS,-118.64744567871094,34.15549850463867
91170789,2020,2020-01-22,9590,2020-01-21,0525,015575,NA,2,3,7,1942,0,1,1,NA,2,013,SR-110 S/B (ARROYO SECO PARKWAY),YORK BLVD,100,N,N,B,-,Y,NA,NA,110,NA,NA,NA,NA,NA,S,N,4,0,1,3,A,-,03,22350,NA,N,C,C,A,B,H,-,C,D,0,NA,NA,NA,NA,Y,NA,A,01,0,0,1,0,0,0,0,0,0,-,-,34.11294937133789,-118.17726135253906,LOS ANGELES,LOS ANGELES,-118.17728424072266,34.112979888916016
91170794,2020,2020-01-22,9590,2020-01-13,1525,022102,NA,1,2,7,1942,0,1,2,NA,2,071,US-101 S/B (SANTA ANA FREEWAY),ALAMEDA ST.,240,N,N,A,-,Y,NA,NA,101,NA,NA,NA,NA,NA,S,N,4,0,3,3,A,-,03,22350,NA,N,C,C,A,A,H,-,C,D,0,NA,NA,NA,NA,Y,NA,A,01,0,0,3,0,0,0,0,0,0,-,-,34.054569244384766,-118.23870086669922,LOS ANGELES,LOS ANGELES,-118.23870086669922,34.054569244384766
91170821,2020,2020-02-05,9550,2020-01-20,1010,017042,NA,1,1,7,1941,0,1,3,NA,2,090,STATE ROUTE 91 EASTBOUND,CHERRY AVENUE,300,W,N,B,-,Y,NA,NA,91,NA,NA,NA,NA,NA,E,Y,4,0,1,2,A,-,08,22107,NA,N,E,I,A,A,H,-,A,D,0,NA,NA,NA,NA,Y,NA,A,01,0,0,1,0,0,0,0,0,0,-,-,33.87662887573242,-118.16986083984376,LOS ANGELES,LONG BEACH,-118.16993713378906,33.87626266479492
91170834,2020,2020-01-23,9550,2020-01-21,0535,013935,NA,2,3,9,1900,0,2,4,NA,1,022,TELEGRAPH ROAD,TELECHRON AVE.,450,E,N,C,-,N,NA,NA,NA,NA,NA,NA,NA,NA,NA,Y,4,0,1,1,A,-,08,22107,NA,N,E,I,A,B,H,-,C,D,0,NA,NA,NA,NA,Y,NA,A,07,0,0,1,0,0,0,0,0,0,-,-,33.9344596862793,-118.03813934326172,LOS ANGELES,UNINCORPORATED,-118.03826141357422,33.93449020385742
91170840,2020,2020-01-23,9550,2020-01-10,1750,021166,NA,5,2,9,1900,0,1,1,NA,2,650,I-605 N/B TO WASHINGTON BLVD.,WASHINGTON BOULEVARD,260,N,N,A,-,Y,NA,NA,605,NA,NA,NA,R,NA,N,Y,4,0,1,2,A,-,03,22350,NA,N,C,C,A,A,H,-,C,D,0,NA,NA,NA,NA,Y,NA,A,07,0,0,1,0,0,0,0,0,0,-,-,33.97468185424805,-118.0794677734375,LOS ANGELES,UNINCORPORATED,-118.0794677734375,33.97468185424805
91170901,2020,2020-01-23,9590,2020-01-15,0750,015982,NA,3,1,7,1942,0,1,1,NA,2,052,I-110 N/B (HARBOR FREEWAY),7TH ST,50,N,N,A,-,Y,NA,NA,110,NA,NA,NA,NA,NA,N,N,4,0,1,2,A,-,03,22350,NA,N,C,C,A,A,H,-,A,D,0,NA,NA,NA,NA,Y,NA,A,08,0,0,1,0,0,0,0,0,0,-,-,34.05025100708008,-118.26261138916016,LOS ANGELES,LOS ANGELES,-118.26261138916016,34.050254821777344