CASE_ID,ACCIDENT_YEAR,PROC_DATE,JURIS,COLLISION_DATE,COLLISION_TIME,OFFICER_ID,REPORTING_DISTRICT,DAY_OF_WEEK,CHP_SHIFT,POPULATION,CNTY_CITY_LOC,SPECIAL_COND,BEAT_TYPE,CHP_BEAT_TYPE,CITY_DIVISION_LAPD,CHP_BEAT_CLASS,BEAT_NUMBER,PRIMARY_RD,SECONDARY_RD,DISTANCE,DIRECTION,INTERSECTION,WEATHER_1,WEATHER_2,STATE_HWY_IND,CALTRANS_COUNTY,CALTRANS_DISTRICT,STATE_ROUTE,ROUTE_SUFFIX,POSTMILE_PREFIX,POSTMILE,LOCATION_TYPE,RAMP_INTERSECTION,SIDE_OF_HWY,TOW_AWAY,COLLISION_SEVERITY,NUMBER_KILLED,NUMBER_INJURED,PARTY_COUNT,PRIMARY_COLL_FACTOR,PCF_CODE_OF_VIOL,PCF_VIOL_CATEGORY,PCF_VIOLATION,PCF_VIOL_SUBSECTION,HIT_AND_RUN,TYPE_OF_COLLISION,MVIW,PED_ACTION,ROAD_SURFACE,ROAD_COND_1,ROAD_COND_2,LIGHTING,CONTROL_DEVICE,CHP_ROAD_TYPE,PEDESTRIAN_ACCIDENT,BICYCLE_ACCIDENT,MOTORCYCLE_ACCIDENT,TRUCK_ACCIDENT,NOT_PRIVATE_PROPERTY,ALCOHOL_INVOLVED,STWD_VEHTYPE_AT_FAULT,CHP_VEHTYPE_AT_FAULT,COUNT_SEVERE_INJ,COUNT_VISIBLE_INJ,COUNT_COMPLAINT_PAIN,COUNT_PED_KILLED,COUNT_PED_INJURED,COUNT_BICYCLIST_KILLED,COUNT_BICYCLIST_INJURED,COUNT_MC_KILLED,COUNT_MC_INJURED,PRIMARY_RAMP,SECONDARY_RAMP,LATITUDE,LONGITUDE,COUNTY,CITY,POINT_X,POINT_Y
91171413,2020,2020-01-23,9525,2020-01-18,1805,021931,NA,6,2,4,1913,0,1,1,NA,2,209,SR-210 W/B (FOOTHILL FWY),TOWNE AVE,5280,E,N,A,-,Y,NA,NA,210,NA,NA,NA,NA,NA,W,Y,4,0,1,2,A,-,08,22107,NA,N,E,I,A,A,H,-,D,D,0,NA,NA,NA,NA,Y,NA,D,23,0,0,1,0,0,0,0,0,0,-,-,34.12017822265625,-117.7164306640625,LOS ANGELES,CLAREMONT,-117.7164306640625,34.12019348144531
91171420,2020,2020-01-23,9535,2020-01-14,0750,022085,NA,2,1,9,1900,0,1,3,NA,2,601,SR-60 (POMONA FREEWAY) W/B,MARIANNA AVE. POC,370,W,N,A,-,Y,NA,NA,60,NA,NA,NA,NA,NA,W,N,4,0,1,4,A,-,07,21658,A,N,B,C,E,A,H,-,A,D,0,Y,NA,NA,Y,Y,NA,A,01,0,0,1,0,1,0,0,0,0,-,-,34.034759521484375,-118.17687225341795,LOS ANGELES,UNINCORPORATED,-118.17686462402344,34.034698486328125
91171423,2020,2020-01-23,9535,2020-01-15,0425,022414,NA,3,3,9,1900,0,2,4,NA,2,024,WHITTIER BLVD.,ATLANTIC BLVD.,0,NA,Y,A,-,N,NA,NA,NA,NA,NA,NA,NA,NA,NA,N,3,0,1,2,A,-,10,21950,A,N,G,B,B,A,H,-,C,A,0,Y,NA,NA,NA,Y,NA,A,01,0,1,0,0,1,0,0,0,0,-,-,34.02029037475586,-118.15737915039064,LOS ANGELES,UNINCORPORATED,-118.15728759765624,34.020408630371094
91171434,2020,2020-01-23,9565,2020-01-14,1145,021512,NA,2,1,4,1918,0,1,1,NA,2,061,I-405 N/B (SAN DIEGO FWY),HOWARD HUGHES PKY,20,S,N,A,-,Y,NA,NA,405,NA,NA,NA,NA,NA,N,Y,3,0,1,3,A,-,03,22350,NA,N,C,C,A,A,H,-,A,D,0,NA,NA,NA,NA,Y,NA,A,07,0,1,0,0,0,0,0,0,0,-,-,33.975608825683594,-118.38491058349608,LOS ANGELES,CULVER CITY,-118.38490295410156,33.97562789916992
91171445,2020,2020-01-23,9530,2020-01-17,0008,021756,NA,5,3,5,1943,0,1,1,NA,2,210,I-105 W/B (GLENN ANDERSON FWY),STATE ST.,53,E,N,C,-,Y,NA,NA,NA,NA,NA,NA,NA,NA,NA,Y,4,0,1,1,A,-,03,22350,NA,N,E,I,A,B,H,-,C,D,0,NA,NA,NA,NA,Y,NA,A,01,0,0,1,0,0,0,0,0,0,-,-,33.55406188964844,-118.13040161132813,LOS ANGELES,LYNWOOD,-118.21700286865234,33.928165435791016
91171446,2020,2020-01-23,9525,2020-01-16,1300,020552,NA,4,1,1,1934,0,1,1,NA,2,204,I-210 E/B (FOOTHILL FWY),IRWINDALE AVE,1056,E,N,A,-,Y,NA,NA,210,NA,NA,NA,NA,NA,E,Y,3,0,1,2,A,-,08,22107,NA,N,B,C,A,A,H,-,A,D,0,NA,NA,NA,Y,Y,NA,A,01,0,1,0,0,0,0,0,0,0,-,-,34.13056945800781,-117.92874908447266,LOS ANGELES,IRWINDALE,-117.92874908447266,34.13066482543945
91171448,2020,2020-01-23,9525,2020-01-21,0650,016679,NA,2,1,5,1990,0,1,3,NA,2,604,SR-60 E/B (POMONA FWY),GRAND AVE,528,E,N,B,-,Y,NA,NA,60,NA,NA,NA,NA,NA,E,Y,4,0,1,3,A,-,03,22350,NA,N,C,C,A,A,H,-,A,D,0,NA,NA,NA,NA,Y,NA,A,01,0,0,1,0,0,0,0,0,0,-,-,34.01231002807617,-117.82100677490234,LOS ANGELES,DIAMOND BAR,-117.82099151611328,34.01229476928711
91171450,2020,2020-01-23,9530,2020-01-17,1245,021623,NA,5,1,7,1941,0,1,1,NA,2,430,I-405 S/B (SAN DIEGO FREEWAY),PALOS VERDES AVENUE,500,N,N,A,-,Y,NA,NA,405,NA,NA,NA,NA,NA,S,Y,4,0,1,1,C,-,18,NA,NA,N,E,I,A,A,H,-,A,D,0,NA,NA,NA,NA,Y,NA,-,-,0,0,1,0,0,0,0,0,0,-,-,33.79669952392578,-118.1077880859375,LOS ANGELES,LONG BEACH,-118.1077880859375,33.79669952392578
91171454,2020,2020-01-23,9530,2020-01-15,0755,022421,NA,3,1,7,1942,0,1,1,NA,2,110,I-110 S/B (HARBOR FREEWAY),FIGUEROA ST.,20,S,N,A,-,Y,NA,NA,110,NA,NA,NA,NA,NA,S,N,4,0,2,2,A,-,03,22350,NA,N,C,C,A,A,H,-,A,D,0,NA,NA,NA,NA,Y,NA,A,01,0,0,2,0,0,0,0,0,0,-,-,33.92012023925781,-118.28337860107422,LOS ANGELES,LOS ANGELES,-118.28328704833984,33.9200325012207
91171476,2020,2020-01-23,9525,2020-01-23,0555,014593,NA,4,3,1,1932,0,1,3,NA,2,601,SR-60 W/B (POMONA FWY),FAIRWAY DR.,1584,E,N,A,-,Y,NA,NA,60,NA,NA,NA,NA,NA,W,Y,4,0,1,6,A,-,03,22350,NA,N,C,C,A,A,H,-,D,D,0,NA,NA,NA,NA,Y,NA,D,22,0,0,1,0,0,0,0,0,0,-,-,33.99721145629883,-117.86493682861328,LOS ANGELES,INDUSTRY,-117.86495208740234,33.997283935546875
91171478,2020,2020-01-23,9545,2020-01-14,0845,017495,NA,2,1,9,1900,0,1,3,NA,2,031,SR-14 S/B,WARD ROAD,1000,N,N,A,-,Y,NA,NA,14,NA,NA,NA,NA,NA,S,Y,4,0,2,2,A,-,03,22350,NA,N,C,C,A,A,H,-,A,D,0,NA,NA,NA,NA,Y,NA,D,22,0,0,2,0,0,0,0,0,0,-,-,34.499481201171875,-118.22254943847656,LOS ANGELES,UNINCORPORATED,-118.22266387939452,34.49925994873047
91171487,2020,2020-01-23,9580,2020-01-21,1525,020585,NA,2,2,7,1942,0,1,2,NA,2,103,US-101 S/B (VENTURA FREEWAY),VAN NUYS BLVD,1584,N,N,A,-,Y,NA,NA,101,NA,NA,NA,NA,NA,S,Y,4,0,1,3,A,-,03,22350,NA,N,C,C,A,A,H,-,A,D,0,NA,NA,NA,NA,Y,NA,A,01,0,0,1,0,0,0,0,0,0,-,-,34.15919876098633,-118.46302795410156,LOS ANGELES,LOS ANGELES,-118.46302795410156,34.15931701660156
91171491,2020,2020-01-23,9530,2020-01-16,0645,016606,NA,4,1,7,1941,0,1,1,NA,2,430,I-405 N/B (SAN DIEGO FREEWAY),WOODRUFF AVE.,500,S,N,A,-,Y,NA,NA,405,NA,NA,NA,NA,NA,N,Y,3,0,1,5,A,-,03,22350,NA,N,C,C,A,A,H,-,A,D,0,NA,NA,NA,NA,Y,NA,A,07,0,1,0,0,0,0,0,0,0,-,-,33.801170349121094,-118.11324310302734,LOS ANGELES,LONG BEACH,-118.11331176757813,33.80107498168945
91171493,2020,2020-01-23,9530,2020-01-16,2300,022413,NA,4,3,7,1941,0,1,1,NA,2,420,I-405 N/B (SAN DIEGO FREEWAY),BELLFLOWER BLVD.,600,E,N,C,-,Y,NA,NA,405,NA,NA,NA,NA,NA,N,Y,4,0,1,2,A,-,03,22350,NA,F,B,C,A,B,H,-,C,D,0,NA,NA,NA,NA,Y,NA,A,01,0,0,1,0,0,0,0,0,0,-,-,33.80278015136719,-118.11892700195313,LOS ANGELES,LONG BEACH,-118.11892700195313,33.80275344848633
91171494,2020,2020-01-23,9580,2020-01-21,1440,020585,NA,2,2,7,1942,0,1,2,NA,2,103,US-101 S/B (VENTURA FREEWAY),WOODMAN AVE,1584,N,N,A,-,Y,NA,NA,101,NA,NA,NA,NA,NA,S,N,4,0,1,2,A,-,03,22350,NA,N,C,C,A,A,H,-,A,D,0,NA,NA,NA,NA,Y,NA,A,01,0,0,1,0,0,0,0,0,0,-,-,34.155601501464844,-118.43778228759766,LOS ANGELES,LOS ANGELES,-118.43778228759766,34.155555725097656
91171501,2020,2020-01-23,9550,2020-01-16,1455,021656,NA,4,2,6,1920,0,1,1,NA,2,150,INTERSTATE 105 E/B (CENTURY FREEWAY),LAKEWOOD BOULEVARD,500,E,N,A,-,Y,NA,NA,105,NA,NA,NA,NA,NA,E,Y,4,0,1,2,A,-,03,22350,NA,N,C,C,A,A,H,-,A,D,0,NA,NA,NA,NA,Y,NA,D,22,0,0,1,0,0,0,0,0,0,-,-,33.91278839111328,-118.1381378173828,LOS ANGELES,DOWNEY,-118.1381378173828,33.912940979003906
91171524,2020,2020-03-31,9580,2020-01-18,2030,021954,NA,6,2,7,1942,0,1,2,NA,2,104,US-101 N/B (VENTURA FREEWAY),WHITE OAK AVE,400,N,N,A,-,Y,NA,NA,101,NA,NA,NA,NA,NA,N,Y,4,0,2,1,A,-,08,22107,NA,N,E,I,A,A,H,-,D,D,0,NA,NA,NA,NA,Y,NA,A,01,0,0,2,0,0,0,0,0,0,-,-,34.171199798583984,-118.52091979980467,LOS ANGELES,LOS ANGELES,-118.52091979980467,34.171287536621094
91171530,2020,2020-01-23,9530,2020-01-15,1920,017860,NA,3,2,7,1941,0,1,1,NA,2,071,I-710 N/B (LONG BEACH FREEWAY),DEL AMO BLVD.,1142,S,N,A,-,Y,NA,NA,710,NA,NA,NA,NA,NA,N,Y,4,0,1,3,A,-,07,21658,A,F,A,C,A,A,H,-,D,D,0,NA,NA,NA,NA,Y,NA,-,99,0,0,1,0,0,0,0,0,0,-,-,33.84341812133789,-118.20613098144533,LOS ANGELES,LONG BEACH,-118.20614624023438,33.84342575073242
91171532,2020,2020-01-23,9580,2020-01-14,1732,022080,NA,2,2,7,1942,0,1,3,NA,2,115,SR-118 W/B (RONALD REAGAN FWY.),TAMPA AVE,1320,E,N,A,-,Y,NA,NA,118,NA,NA,NA,NA,NA,W,Y,4,0,1,2,A,-,03,22350,NA,N,C,C,A,A,H,-,D,D,0,NA,NA,NA,NA,Y,NA,A,07,0,0,1,0,0,0,0,0,0,-,-,34.273860931396484,-118.54879760742188,LOS ANGELES,LOS ANGELES,-118.54876708984376,34.27374267578125
91171536,2020,2020-01-23,9565,2020-01-22,1320,019355,NA,3,1,7,1942,0,1,1,NA,2,083,I-10 E/B (SANTA MONICA FREEWAY),BAGLEY AVENUE,930,E,N,A,-,Y,NA,NA,10,NA,NA,NA,NA,NA,E,Y,2,0,1,2,A,-,03,22350,NA,N,C,C,A,A,H,-,A,D,0,NA,NA,Y,Y,Y,NA,C,02,1,0,0,0,0,0,0,0,1,-,-,34.02947998046875,-118.39376068115234,LOS ANGELES,LOS ANGELES,-118.39374542236328,34.02943420410156
91171538,2020,2020-01-23,9580,2020-01-16,1805,020585,NA,4,2,7,1942,0,1,2,NA,2,102,US-101 N/B (VENTURA FREEWAY),VAN NUYS BLVD,528,N,N,B,-,Y,NA,NA,101,NA,NA,NA,NA,NA,N,N,4,0,1,2,A,-,03,22350,NA,N,C,C,A,A,H,-,C,D,0,NA,NA,NA,NA,Y,NA,A,07,0,0,1,0,0,0,0,0,0,-,-,34.15803909301758,-118.45455932617188,LOS ANGELES,LOS ANGELES,-118.45457458496094,34.15790557861328
91171563,2020,2020-01-23,9550,2020-01-18,1955,022203,NA,6,2,9,1900,0,1,1,NA,2,651,INTERSTATE 605 N/B TO INTERSTATE 5 N/B,FLORENCE AVENUE,1300,S,N,A,-,Y,NA,NA,NA,NA,NA,NA,NA,NA,NA,Y,4,0,1,3,A,-,03,22350,NA,N,C,C,A,A,H,-,D,D,0,NA,NA,NA,NA,Y,NA,D,22,0,0,1,0,0,0,0,0,0,-,-,33.934200286865234,-118.09983825683594,LOS ANGELES,UNINCORPORATED,-118.09999084472656,33.9345703125
91171586,2020,2020-01-23,9525,2020-01-12,1200,021931,NA,7,1,9,1900,0,1,3,NA,1,024,SR-39 (SAN GABRIEL CANYON RD.),RINCON FIRE STATION,13200,N,N,A,-,N,NA,NA,39,NA,NA,NA,NA,NA,NA,Y,4,0,1,1,A,-,03,22350,NA,N,F,A,A,A,H,-,A,D,0,NA,NA,Y,NA,Y,NA,C,02,0,0,1,0,0,0,0,0,1,-,-,34.26227951049805,-117.85070037841795,LOS ANGELES,UNINCORPORATED,-117.85071563720705,34.26226043701172
91171589,2020,2020-01-23,9550,2020-01-17,1710,022144,NA,5,2,9,1900,0,2,4,NA,1,021,PAINTER AVENUE S/B,MULBERRY DRIVE,30,N,N,A,-,N,NA,NA,NA,NA,NA,NA,NA,NA,NA,N,4,0,1,2,A,-,03,22350,NA,N,C,C,A,A,H,-,C,A,0,NA,NA,NA,NA,Y,NA,A,01,0,0,1,0,0,0,0,0,0,-,-,33.95368957519531,-118.04255676269533,LOS ANGELES,UNINCORPORATED,-118.04275512695313,33.95346450805664
91171592,2020,2020-01-23,9550,2020-01-22,1735,020861,NA,3,2,1,1932,0,1,3,NA,2,600,SR-60 W/B (POMONA FREEWAY),CROSSROADS PARKWAY,400,W,N,A,-,Y,NA,NA,60,NA,NA,NA,NA,NA,W,N,4,0,2,3,A,-,03,22350,NA,N,C,C,A,A,H,-,C,D,0,NA,NA,NA,NA,Y,NA,A,01,0,0,2,0,0,0,0,0,0,-,-,34.02920150756836,-118.01422119140624,LOS ANGELES,INDUSTRY,-118.01422119140624,34.029205322265625
91171601,2020,2020-01-23,9550,2020-01-17,1315,022144,NA,5,1,9,1900,0,1,1,NA,2,651,INTERSTATE 605 N/B,ROSECRANS AVENUE,100,N,N,A,-,Y,NA,NA,NA,NA,NA,NA,NA,NA,NA,Y,4,0,1,3,A,-,03,22350,NA,N,C,C,A,A,H,-,A,D,0,NA,NA,NA,NA,Y,NA,A,01,0,0,1,0,0,0,0,0,0,-,-,33.902801513671875,-118.10518646240234,LOS ANGELES,UNINCORPORATED,-118.10511016845705,33.90242385864258
9117161,2020,2021-06-18,1942,2020-06-23,1800,41691,0134,2,5,7,1942,0,0,0,A,0,1X95,HILL ST,4TH ST,0,NA,Y,A,-,N,NA,NA,NA,NA,NA,NA,NA,NA,NA,N,4,0,1,2,A,-,10,21950,NA,F,D,G,A,A,H,-,A,A,0,NA,Y,NA,NA,Y,NA,-,99,0,0,1,0,0,0,1,0,0,-,-,NA,NA,LOS ANGELES,LOS ANGELES,-118.25042724609376,34.05023193359375
9117162,2020,2020-08-27,1942,2020-06-23,2145,40865,0249,2,5,7,1942,0,0,0,B,0,2A69,WILSHIRE BL,S BIXEL ST,0,NA,Y,A,-,N,NA,NA,NA,NA,NA,NA,NA,NA,NA,N,2,0,1,2,D,-,00,NA,NA,F,G,B,E,A,H,-,C,D,0,Y,NA,NA,NA,Y,Y,-,-,1,0,0,0,1,0,0,0,0,-,-,NA,NA,LOS ANGELES,LOS ANGELES,-118.26332092285156,34.052330017089844
9117163,2020,2020-08-27,1942,2020-06-18,0345,43406,0236,4,5,7,1942,0,0,0,B,0,2A45W3,BONNIE BRAE ST,2ND ST,0,NA,Y,A,-,N,NA,NA,NA,NA,NA,NA,NA,NA,NA,N,2,0,1,2,A,-,11,21955,NA,F,G,J,E,A,H,-,C,-,0,Y,NA,NA,NA,Y,NA,N,60,1,0,0,0,1,0,0,0,0,-,-,NA,NA,LOS ANGELES,LOS ANGELES,-118.26860809326172,34.064361572265625
91171632,2020,2020-01-23,9525,2020-01-12,1620,021931,NA,7,2,9,1900,0,1,3,NA,1,024,SR-39 (SAN GABRIEL CANYON RD.),N. FORK BRIDGE,14784,N,N,A,-,N,NA,NA,39,NA,NA,NA,NA,NA,NA,Y,2,0,5,2,A,-,03,22350,NA,N,A,C,A,A,H,-,A,D,0,NA,NA,NA,NA,Y,NA,A,01,1,3,1,0,0,0,0,0,0,-,-,34.292198181152344,-117.8339385986328,LOS ANGELES,UNINCORPORATED,-117.8339385986328,34.29219436645508
9117164,2020,2020-12-09,1942,2020-06-28,2215,42876,1371,7,5,7,1942,0,0,0,M,0,13A85,MAIN ST,57TH ST,139,S,N,A,-,N,NA,NA,NA,NA,NA,NA,NA,NA,NA,Y,4,0,3,2,A,-,05,21460,A,F,A,C,A,A,H,-,C,A,0,NA,NA,NA,NA,Y,NA,A,08,0,0,3,0,0,0,0,0,0,-,-,NA,NA,LOS ANGELES,LOS ANGELES,-118.27394104003906,33.990299224853516
9117165,2020,2020-08-27,1942,2020-06-16,1430,39428,0409,2,5,7,1942,0,0,0,D,0,4A9,POPLAR BL,HUNTINGTON DR,50,N,N,A,-,N,NA,NA,NA,NA,NA,NA,NA,NA,NA,N,4,0,1,2,A,-,09,21804,A,F,D,C,A,A,H,-,A,D,0,NA,NA,NA,NA,Y,NA,-,99,0,0,1,0,0,0,0,0,0,-,-,NA,NA,LOS ANGELES,LOS ANGELES,-118.1648406982422,34.09059143066406
9117166,2020,2020-08-27,1942,2020-06-17,0900,38502,0182,3,5,7,1942,0,0,0,A,0,1A61,W OLYMPIC BL,S FLOWER ST,0,NA,Y,B,-,N,NA,NA,NA,NA,NA,NA,NA,NA,NA,N,4,0,1,2,A,-,11,21954,A,F,G,B,D,A,H,-,A,D,0,Y,NA,NA,NA,Y,NA,-,99,0,0,1,0,1,0,0,0,0,-,-,NA,NA,LOS ANGELES,LOS ANGELES,-118.26278686523438,34.04438018798828
9117167,2020,2020-08-27,1942,2020-06-16,2340,33902,0451,2,5,7,1942,0,0,0,D,0,4A59,GABRIEL GARCIA MARQUEZ ST,VIA LAS VEGAS,30,S,N,A,-,N,NA,NA,NA,NA,NA,NA,NA,NA,NA,Y,4,0,1,2,A,-,03,22350,NA,N,B,E,A,A,H,-,C,D,0,NA,NA,NA,NA,Y,NA,A,01,0,0,1,0,0,0,0,0,0,-,-,NA,NA,LOS ANGELES,LOS ANGELES,-118.22402191162108,34.047916412353516
91171679,2019,2020-01-23,9535,2019-12-14,0225,022261,NA,6,3,9,1900,0,1,3,NA,2,066,SR-164 (ROSEMEAD BLVD),SR-60 EB TO SR-164 OFFRAMP,75,N,N,A,-,N,NA,NA,164,NA,NA,NA,NA,NA,NA,Y,2,0,2,2,A,-,01,23152,A,N,C,C,A,A,H,-,C,A,0,NA,NA,NA,NA,Y,Y,A,01,2,0,0,0,0,0,0,0,0,-,-,34.04005813598633,-118.06436157226564,LOS ANGELES,UNINCORPORATED,-118.06436157226564,34.04005813598633
9117168,2020,2020-08-27,1942,2020-06-15,1330,41597,0448,1,5,7,1942,0,0,0,D,0,4A56,LANCASTER AV,VANEGAS LN,5,W,N,A,-,N,NA,NA,NA,NA,NA,NA,NA,NA,NA,N,4,0,2,2,A,-,04,21703,NA,N,C,C,A,A,H,-,A,D,0,NA,NA,NA,NA,Y,NA,A,01,0,0,2,0,0,0,0,0,0,-,-,NA,NA,LOS ANGELES,LOS ANGELES,-118.19418334960938,34.057193756103516
9117169,2020,2020-08-27,1942,2020-06-16,1415,43574,1351,2,5,7,1942,0,0,0,M,0,13X53W,MAIN ST,43RD ST,55,S,N,A,-,N,NA,NA,NA,NA,NA,NA,NA,NA,NA,Y,4,0,1,2,A,-,09,21804,A,N,D,C,A,A,H,-,A,D,0,NA,NA,NA,NA,Y,NA,A,01,0,0,1,0,0,0,0,0,0,-,-,NA,NA,LOS ANGELES,LOS ANGELES,-118.27400970458984,34.005489349365234
9117170,2020,2020-08-27,1942,2020-06-10,1710,44124,1341,3,5,7,1942,0,0,0,M,0,13X28,GRAND AV,W 38TH ST,0,NA,Y,A,-,N,NA,NA,NA,NA,NA,NA,NA,NA,NA,N,4,0,1,2,A,-,08,22107,NA,N,B,C,A,A,H,-,A,D,0,NA,NA,NA,NA,Y,NA,A,01,0,0,1,0,0,0,0,0,0,-,-,NA,NA,LOS ANGELES,LOS ANGELES,-118.27938079833984,34.01517105102539
9117171,2020,2020-08-27,1942,2020-06-10,1550,42359,1309,3,5,7,1942,0,0,0,M,0,13A9,WASHINGON BL,ALAMEDA,0,NA,Y,A,-,N,NA,NA,NA,NA,NA,NA,NA,NA,NA,N,4,0,1,2,A,-,09,21801,A,F,B,C,A,A,H,-,A,A,0,NA,NA,NA,NA,Y,NA,A,01,0,0,1,0,0,0,0,0,0,-,-,NA,NA,LOS ANGELES,LOS ANGELES,-118.23954,34.01997
9117172,2020,2020-08-27,1942,2020-06-12,2320,40664,1371,5,5,7,1942,0,0,0,M,0,13A93,BROADWAY,55TH ST,0,NA,Y,A,-,N,NA,NA,NA,NA,NA,NA,NA,NA,NA,N,3,0,1,2,A,-,09,21801,NA,F,D,C,A,A,H,-,C,A,0,NA,NA,NA,NA,Y,NA,-,99,0,1,0,0,0,0,0,0,0,-,-,NA,NA,LOS ANGELES,LOS ANGELES,-118.27831268310548,33.99238967895508
9117173,2020,2020-08-27,1942,2020-06-18,1800,34426,0221,4,5,7,1942,0,0,0,B,0,2A1,BEVERLY BL,HELIOTROPE DR,0,NA,Y,A,-,N,NA,NA,NA,NA,NA,NA,NA,NA,NA,N,4,0,1,3,A,-,09,21801,A,F,D,C,A,A,H,-,A,D,0,NA,NA,NA,NA,Y,NA,A,07,0,0,1,0,0,0,0,0,0,-,-,NA,NA,LOS ANGELES,LOS ANGELES,-118.29580688476564,34.07630920410156
9117174,2020,2020-08-27,1942,2020-06-18,0505,44244,0157,4,5,7,1942,0,0,0,A,0,1A61,7TH,SAN PEDRO,0,NA,Y,A,-,N,NA,NA,NA,NA,NA,NA,NA,NA,NA,N,4,0,1,2,A,-,12,21453,A,N,D,C,A,A,H,-,B,A,0,NA,NA,NA,NA,Y,NA,A,07,0,0,1,0,0,0,0,0,0,-,-,NA,NA,LOS ANGELES,LOS ANGELES,-118.2467803955078,34.04069900512695
9117175,2020,2020-08-27,1942,2020-06-17,1520,43684,0144,3,5,7,1942,0,0,0,A,0,1X26,5TH ST,MAIN ST,45,W,N,A,-,N,NA,NA,NA,NA,NA,NA,NA,NA,NA,N,3,0,1,2,A,-,11,21954,A,F,G,B,D,A,-,-,A,-,0,Y,NA,NA,NA,Y,NA,N,60,0,1,0,0,1,0,0,0,0,-,-,NA,NA,LOS ANGELES,LOS ANGELES,-118.24864959716795,34.046775817871094
9117206,2020,2020-09-12,1942,2020-06-12,0510,43606,0155,5,5,7,1942,0,0,0,A,0,1245,WALL ST,BOYD ST,0,NA,Y,A,-,N,NA,NA,NA,NA,NA,NA,NA,NA,NA,Y,4,0,2,2,A,-,03,22350,NA,N,C,E,A,A,H,-,B,D,0,NA,NA,NA,Y,Y,NA,A,07,0,0,2,0,0,0,0,0,0,-,-,NA,NA,LOS ANGELES,LOS ANGELES,-118.2442626953125,34.04719161987305
9117212,2020,2020-09-14,1942,2020-06-11,1740,364884,1821,4,5,7,1942,0,0,0,R,0,181432,FIGUEROA,99TH ST,0,NA,Y,A,-,N,NA,NA,NA,NA,NA,NA,NA,NA,NA,N,4,0,3,2,A,-,09,21802,A,N,D,D,A,A,H,-,A,D,0,NA,NA,NA,NA,Y,NA,D,22,0,0,3,0,0,0,0,0,0,-,-,NA,NA,LOS ANGELES,LOS ANGELES,-118.28266143798828,33.946441650390625
9117214,2020,2020-09-21,1942,2020-06-17,0900,43278,1566,3,5,7,1942,0,0,0,O,0,15A85,VINELAND,WHIPPLE,0,NA,Y,A,-,N,NA,NA,NA,NA,NA,NA,NA,NA,NA,Y,4,0,2,3,A,-,03,22350,NA,N,C,C,A,A,H,-,A,A,0,NA,NA,NA,NA,Y,NA,D,22,0,0,2,0,0,0,0,0,0,-,-,NA,NA,LOS ANGELES,LOS ANGELES,-118.37033081054688,34.1480598449707
9117218,2020,2020-09-09,1942,2020-06-19,0645,27792,1519,5,5,7,1942,0,0,0,O,0,15A27,VINELAND AV,VANOWEN ST,3,S,N,A,-,N,NA,NA,NA,NA,NA,NA,NA,NA,NA,Y,4,0,1,2,A,-,12,21453,A,N,D,C,A,A,H,-,A,A,0,NA,NA,NA,NA,Y,NA,D,72,0,0,1,0,0,0,0,0,0,-,-,NA,NA,LOS ANGELES,LOS ANGELES,-118.37030029296876,34.19394302368164
9117220,2020,2020-09-09,1942,2020-06-08,1830,42723,1881,1,5,7,1942,0,0,0,R,0,18A55,MENLO AV,ALONDRA BL,0,NA,Y,A,-,N,NA,NA,NA,NA,NA,NA,NA,NA,NA,N,4,0,1,2,A,-,09,21802,A,N,D,C,A,A,H,-,A,A,0,NA,NA,NA,NA,Y,NA,D,22,0,0,1,0,0,0,0,0,0,-,-,NA,NA,LOS ANGELES,LOS ANGELES,-118.28929901123048,33.88528060913086
9117222,2020,2020-09-09,1942,2020-06-25,0100,36599,1615,4,5,7,1942,0,0,0,P,0,26TL32,FOOTHILL BL,OSBORNE ST,975,S,N,A,-,N,NA,NA,NA,NA,NA,NA,NA,NA,NA,Y,2,0,2,2,A,-,03,22350,NA,N,D,C,A,A,H,-,C,A,0,NA,NA,Y,NA,Y,NA,C,02,2,0,0,0,0,0,0,0,2,-,-,NA,NA,LOS ANGELES,LOS ANGELES,-118.39080810546876,34.27285385131836
9117230,2020,2020-07-29,1918,2020-02-26,1600,1055,1918,3,5,4,1918,0,0,0,NA,0,PATROL,WASHINGTON BL,ROBERTSON BL,20,W,N,A,-,N,NA,NA,NA,NA,NA,NA,NA,NA,NA,N,4,0,3,6,A,-,08,22107,NA,N,B,C,A,A,H,-,A,A,0,NA,NA,NA,NA,Y,NA,A,07,0,0,3,0,0,0,0,0,0,-,-,34.02602005004883,-118.39016723632813,LOS ANGELES,CULVER CITY,-118.39027404785156,34.02594757080078
9117231,2020,2020-09-09,1926,2020-06-26,1735,0120,1,5,5,5,1926,0,0,0,NA,0,NA,FOOTHILL BL,VISTA BONITA AV,0,NA,Y,A,-,N,NA,NA,NA,NA,NA,NA,NA,NA,NA,N,3,0,2,2,A,-,09,21801,A,N,D,C,A,A,H,-,A,D,0,NA,NA,NA,Y,Y,NA,A,01,0,1,1,0,0,0,0,0,0,-,-,34.13605880737305,-117.86415863037108,LOS ANGELES,GLENDORA,-117.86418151855467,34.13602828979492