CASE_ID,ACCIDENT_YEAR,PROC_DATE,JURIS,COLLISION_DATE,COLLISION_TIME,OFFICER_ID,REPORTING_DISTRICT,DAY_OF_WEEK,CHP_SHIFT,POPULATION,CNTY_CITY_LOC,SPECIAL_COND,BEAT_TYPE,CHP_BEAT_TYPE,CITY_DIVISION_LAPD,CHP_BEAT_CLASS,BEAT_NUMBER,PRIMARY_RD,SECONDARY_RD,DISTANCE,DIRECTION,INTERSECTION,WEATHER_1,WEATHER_2,STATE_HWY_IND,CALTRANS_COUNTY,CALTRANS_DISTRICT,STATE_ROUTE,ROUTE_SUFFIX,POSTMILE_PREFIX,POSTMILE,LOCATION_TYPE,RAMP_INTERSECTION,SIDE_OF_HWY,TOW_AWAY,COLLISION_SEVERITY,NUMBER_KILLED,NUMBER_INJURED,PARTY_COUNT,PRIMARY_COLL_FACTOR,PCF_CODE_OF_VIOL,PCF_VIOL_CATEGORY,PCF_VIOLATION,PCF_VIOL_SUBSECTION,HIT_AND_RUN,TYPE_OF_COLLISION,MVIW,PED_ACTION,ROAD_SURFACE,ROAD_COND_1,ROAD_COND_2,LIGHTING,CONTROL_DEVICE,CHP_ROAD_TYPE,PEDESTRIAN_ACCIDENT,BICYCLE_ACCIDENT,MOTORCYCLE_ACCIDENT,TRUCK_ACCIDENT,NOT_PRIVATE_PROPERTY,ALCOHOL_INVOLVED,STWD_VEHTYPE_AT_FAULT,CHP_VEHTYPE_AT_FAULT,COUNT_SEVERE_INJ,COUNT_VISIBLE_INJ,COUNT_COMPLAINT_PAIN,COUNT_PED_KILLED,COUNT_PED_INJURED,COUNT_BICYCLIST_KILLED,COUNT_BICYCLIST_INJURED,COUNT_MC_KILLED,COUNT_MC_INJURED,PRIMARY_RAMP,SECONDARY_RAMP,LATITUDE,LONGITUDE,COUNTY,CITY,POINT_X,POINT_Y
91173249,2019,2020-01-24,9535,2019-09-24,0142,022176,NA,2,3,1,1932,0,1,1,NA,2,651,I-605 S/B (SAN GABRIEL RIVER FWY),SR-60 (POMONA FREEWAY) W/B,2100,N,N,A,-,Y,NA,NA,605,NA,NA,NA,NA,NA,S,Y,4,0,1,2,A,-,08,22107,NA,N,B,C,A,A,H,-,D,D,0,NA,NA,NA,Y,Y,Y,A,01,0,0,1,0,0,0,0,0,0,-,-,34.037601470947266,-118.02249908447266,LOS ANGELES,INDUSTRY,-118.02256011962892,34.03767776489258
91173298,2020,2020-01-24,9580,2020-01-19,1723,022036,NA,7,2,7,1942,0,1,2,NA,2,102,US-101 N/B (VENTURA FREEWAY),KESTER AVE,150,S,N,B,-,Y,NA,NA,101,NA,NA,NA,NA,NA,N,Y,4,0,1,2,A,-,03,22350,NA,N,C,C,A,A,H,-,C,D,0,NA,NA,NA,NA,Y,NA,A,01,0,0,1,0,0,0,0,0,0,-,-,34.15850067138672,-118.45700073242188,LOS ANGELES,LOS ANGELES,-118.4570083618164,34.158477783203125
91173314,2020,2020-04-03,9565,2020-01-14,0935,014952,NA,2,1,6,1933,0,1,1,NA,2,060,I-405 N/B (SAN DIEGO FWY),CENTURY BLVD.,300,N,N,A,-,Y,NA,NA,405,NA,NA,NA,NA,NA,N,Y,4,0,1,2,A,-,03,22350,NA,N,C,C,A,A,H,-,A,D,0,NA,NA,NA,Y,Y,NA,D,22,0,0,1,0,0,0,0,0,0,-,-,33.94633865356445,-118.36823272705078,LOS ANGELES,INGLEWOOD,-118.36823272705078,33.94633865356445
91173322,2020,2020-01-24,9525,2020-01-15,2225,020719,NA,3,3,9,1900,0,3,5,NA,2,002,SUNFLOWER AVE.,ARROW HIGHWAY,0,NA,Y,B,-,N,NA,NA,NA,NA,NA,NA,NA,NA,NA,Y,4,0,1,2,A,-,09,21801,A,N,D,C,A,A,H,-,C,D,0,NA,NA,NA,NA,Y,NA,D,22,0,0,1,0,0,0,0,0,0,-,-,34.10668182373047,-117.84632110595705,LOS ANGELES,UNINCORPORATED,-117.84638214111328,34.10673141479492
91173325,2020,2020-01-24,9530,2020-01-15,0640,021490,NA,3,1,9,1900,0,3,5,NA,2,001,CALIFORNIA ST. (2500 BLOCK),PACIFIC BLVD.,18,W,N,A,-,N,NA,NA,NA,NA,NA,NA,NA,NA,NA,N,4,0,1,2,A,-,09,21804,A,N,D,G,A,A,H,-,A,D,0,NA,Y,NA,NA,Y,NA,L,04,0,0,1,0,0,0,1,0,0,-,-,33.97249984741211,-118.2253875732422,LOS ANGELES,UNINCORPORATED,-118.22528839111328,33.97250747680664
91173326,2020,2020-01-24,9525,2020-01-16,2125,021779,NA,4,2,4,1946,0,1,1,NA,2,211,I-210 W/B (FOOTHILL FWY),HUNTINGTON DR.,1056,W,N,B,C,Y,NA,NA,210,NA,NA,NA,NA,NA,W,Y,4,0,3,3,A,-,03,22350,NA,N,C,C,A,B,H,-,D,D,0,NA,NA,NA,NA,Y,NA,A,01,0,0,3,0,0,0,0,0,0,-,-,34.142520904541016,-118.01992797851564,LOS ANGELES,MONROVIA,-118.0198974609375,34.142581939697266
91173343,2020,2020-01-24,9525,2020-01-17,1800,021757,NA,5,2,6,1955,0,1,1,NA,2,108,I-10 E/B (SAN BERNARDINO FWY),KELLOGG DR.,100,E,N,A,-,Y,NA,NA,10,NA,NA,NA,NA,NA,E,N,4,0,1,3,A,-,03,22350,NA,N,C,C,A,A,D,E,C,D,0,NA,NA,NA,NA,Y,NA,A,01,0,0,1,0,0,0,0,0,0,-,-,34.06393814086914,-117.81137084960938,LOS ANGELES,POMONA,-117.81136322021484,34.06386947631836
91173359,2019,2020-01-24,9535,2019-11-19,1330,022343,NA,2,1,9,1900,0,2,4,NA,2,014,CESAR E CHAVEZ AVE (3400 BLOCK),ALMA AVE,50,W,N,A,-,N,NA,NA,NA,NA,NA,NA,NA,NA,NA,Y,4,0,2,2,A,-,09,21804,A,N,D,D,A,A,H,-,A,D,0,NA,NA,NA,NA,Y,NA,A,01,0,0,2,0,0,0,0,0,0,-,-,34.04051971435547,-118.1917724609375,LOS ANGELES,UNINCORPORATED,-118.19157409667967,34.04050064086914
9117339,2020,2020-09-03,1942,2020-06-17,1135,36536,1821,3,5,7,1942,0,0,0,R,0,18A17,COLDEN AV,HOOVER ST,300,E,N,A,-,N,NA,NA,NA,NA,NA,NA,NA,NA,NA,Y,4,0,1,4,A,NA,05,21650,A,N,B,C,A,A,H,-,A,D,0,NA,NA,NA,NA,Y,NA,A,01,0,0,1,0,0,0,0,0,0,-,-,NA,NA,LOS ANGELES,LOS ANGELES,-118.28598022460938,33.94915008544922
91173390,2020,2020-01-24,9525,2020-01-18,2349,022368,NA,6,3,6,1955,0,1,1,NA,2,109,I-10 W/B (SAN BERNARDINO FWY),WHITE AVE,1584,W,N,A,-,Y,NA,NA,10,NA,NA,NA,NA,NA,W,Y,4,0,1,2,A,-,01,23152,A,F,C,C,A,A,H,-,C,D,0,NA,NA,NA,NA,Y,Y,A,07,0,0,1,0,0,0,0,0,0,-,-,34.07122039794922,-117.7646713256836,LOS ANGELES,POMONA,-117.76468658447266,34.07109832763672
9117340,2020,2020-09-03,1942,2020-06-14,2145,44141,1841,7,5,7,1942,0,0,0,R,0,18A41,FIGUEROA ST,111TH PL,0,NA,Y,A,-,N,NA,NA,NA,NA,NA,NA,NA,NA,NA,Y,4,0,1,4,A,-,09,21801,A,N,D,C,A,A,H,-,C,A,0,NA,NA,NA,NA,Y,NA,A,01,0,0,1,0,0,0,0,0,0,-,-,NA,NA,LOS ANGELES,LOS ANGELES,-118.28263092041016,33.93389129638672
9117341,2020,2020-09-09,1942,2020-06-10,1200,43905,1837,3,5,7,1942,0,0,0,R,0,18A35W,CENTRAL AV,107TH ST,60,N,N,A,-,N,NA,NA,NA,NA,NA,NA,NA,NA,NA,Y,3,0,1,2,A,-,05,21650,A,N,B,E,A,A,H,-,A,A,0,NA,NA,NA,NA,Y,NA,A,01,0,1,0,0,0,0,0,0,0,-,-,NA,NA,LOS ANGELES,LOS ANGELES,-118.25418090820313,33.93940353393555
9117342,2020,2020-09-09,1942,2020-06-10,1720,42345,1806,3,5,7,1942,0,0,0,R,0,18A44,CENTRAL AV,92ND ST,250,S,N,A,-,N,NA,NA,NA,NA,NA,NA,NA,NA,NA,N,4,0,1,3,A,-,03,22350,NA,N,A,C,A,A,H,-,A,D,0,NA,NA,NA,NA,Y,NA,A,01,0,0,1,0,0,0,0,0,0,-,-,NA,NA,LOS ANGELES,LOS ANGELES,-118.25618743896484,33.95264434814453
91173423,2020,2020-01-24,9590,2020-01-23,2000,021111,NA,4,2,7,1942,0,1,1,NA,2,064,I-10 E/B (SANTA MONICA FREEWAY),MAPLE AVENUE,250,E,N,A,-,Y,NA,NA,10,NA,NA,NA,NA,NA,E,N,4,0,1,2,A,-,01,23152,A,N,C,C,A,A,H,-,C,D,0,NA,NA,NA,NA,Y,Y,A,07,0,0,1,0,0,0,0,0,0,-,-,34.03070068359375,-118.25871276855467,LOS ANGELES,LOS ANGELES,-118.25871276855467,34.03070068359375
9117343,2020,2020-09-10,1942,2020-06-10,1200,40013,1837,3,5,7,1942,0,0,0,R,0,18A97,CENTRAL AV,106TH ST,30,S,N,A,-,N,NA,NA,NA,NA,NA,NA,NA,NA,NA,Y,3,0,1,3,A,-,00,21050,NA,N,A,C,A,A,H,-,A,D,0,NA,NA,NA,NA,Y,NA,A,01,0,1,0,0,0,0,0,0,0,-,-,NA,NA,LOS ANGELES,LOS ANGELES,-118.25418090820313,33.939979553222656
91173436,2020,2020-01-27,9525,2020-01-23,0645,020552,NA,4,1,9,1900,0,3,5,NA,2,004,AMAR RD (14600 BLOCK),EVANWOOD ST,365,W,N,A,-,N,NA,NA,NA,NA,NA,NA,NA,NA,NA,Y,4,0,3,2,A,-,03,22350,NA,N,C,C,A,A,H,-,A,D,0,NA,NA,NA,NA,Y,NA,A,01,0,0,3,0,0,0,0,0,0,-,-,34.04404067993164,-117.96115112304688,LOS ANGELES,UNINCORPORATED,-117.96121978759766,34.04392623901367
9117344,2020,2020-09-09,1942,2020-06-10,1230,38953,1837,3,5,7,1942,0,0,0,R,0,18H41,COMPTON AV,114TH ST,0,NA,Y,A,-,N,NA,NA,NA,NA,NA,NA,NA,NA,NA,Y,4,0,1,2,A,-,09,21802,A,N,D,C,A,A,H,-,A,D,0,NA,NA,NA,NA,Y,NA,A,01,0,0,1,0,0,0,0,0,0,-,-,NA,NA,LOS ANGELES,LOS ANGELES,-118.2462921142578,33.93111038208008
9117345,2020,2020-09-09,1942,2020-06-11,1735,44205,1249,4,5,7,1942,0,0,0,L,0,18A26,FIGUEROA,70TH,30,N,N,A,-,N,NA,NA,NA,NA,NA,NA,NA,NA,NA,N,3,0,1,2,A,-,08,22107,NA,N,B,G,A,A,H,-,A,D,0,NA,Y,NA,NA,Y,Y,A,01,0,1,0,0,0,0,1,0,0,-,-,NA,NA,LOS ANGELES,LOS ANGELES,-118.28269958496094,33.97654342651367
91173457,2020,2020-01-27,9550,2020-01-18,0055,022434,NA,6,3,7,1941,0,1,1,NA,2,653,I-605 S/B,KATELLA AVENUE,1300,N,N,A,-,Y,NA,NA,605,NA,NA,NA,NA,NA,S,Y,4,0,1,2,A,-,01,23152,A,F,C,C,A,A,H,-,C,D,0,NA,NA,NA,NA,Y,Y,A,01,0,0,1,0,0,0,0,0,0,-,-,33.805728912353516,-118.08154296875,LOS ANGELES,LONG BEACH,-118.08153533935548,33.805728912353516
91173470,2020,2020-01-27,9590,2020-01-17,1730,020618,NA,5,2,7,1942,0,1,1,NA,2,062,I-10 EB (SMF),HILL STREET,50,E,N,A,-,Y,NA,NA,10,NA,NA,NA,NA,NA,E,Y,4,0,1,2,A,-,07,21658,A,N,C,C,A,A,H,-,B,D,0,NA,NA,Y,NA,Y,NA,A,01,0,0,1,0,0,0,0,0,1,-,-,34.03350067138672,-118.265380859375,LOS ANGELES,LOS ANGELES,-118.26538848876952,34.033485412597656
91173483,2019,2020-01-27,9575,2019-10-23,1650,016603,NA,3,2,6,1925,0,1,3,NA,2,042,SR-134 E/B (VENTURA FREEWAY),GLENDALE AVENUE,528,W,N,A,-,Y,NA,NA,134,NA,NA,NA,NA,NA,E,N,4,0,2,2,A,-,03,22350,NA,M,C,C,A,A,H,-,B,D,0,NA,NA,NA,NA,Y,NA,D,22,0,0,2,0,0,0,0,0,0,-,-,34.15620040893555,-118.24410247802734,LOS ANGELES,GLENDALE,-118.24410247802734,34.15617752075195
91173486,2020,2020-01-27,9575,2020-01-14,1853,017491,NA,2,2,7,1942,0,1,1,NA,2,052,I-5 N/B (GOLDEN STATE FREEWAY),LAUREL CANYON BOULEVARD,224,S,N,A,-,Y,NA,NA,5,NA,NA,NA,NA,NA,N,Y,2,0,2,2,A,-,03,22350,NA,N,C,C,A,A,H,-,D,D,0,NA,NA,NA,NA,Y,NA,A,01,1,0,1,0,0,0,0,0,0,-,-,34.2311897277832,-118.40077209472656,LOS ANGELES,LOS ANGELES,-118.40077209472656,34.23116683959961
91173491,2020,2020-01-27,9575,2020-01-15,0845,019629,NA,3,1,6,1925,0,1,3,NA,2,042,I-5 FROM SR-134 W/B,LA RIVER,200,E,N,A,-,Y,NA,NA,NA,NA,NA,NA,NA,NA,NA,Y,3,0,2,4,A,-,03,22350,NA,N,C,C,A,A,H,-,A,D,0,NA,NA,NA,NA,Y,NA,D,22,0,2,0,0,0,0,0,0,0,-,-,34.153480529785156,-118.27662658691406,LOS ANGELES,GLENDALE,NA,NA
91173492,2020,2020-01-27,9575,2020-01-15,1025,015375,NA,3,1,6,1925,0,1,3,NA,2,090,SR-2 E/B (GLENDALE FREEWAY),MOUNTAIN ST,1215,E,N,A,-,Y,NA,NA,NA,NA,NA,NA,NA,NA,NA,Y,3,0,1,2,A,-,03,22350,NA,N,C,C,A,A,H,-,A,D,0,NA,NA,NA,Y,Y,NA,G,25,0,1,0,0,0,0,0,0,0,-,-,34.167701721191406,-118.33270263671876,LOS ANGELES,GLENDALE,-118.22403717041016,34.16753005981445
91173493,2020,2020-01-27,9575,2020-01-15,1027,015375,NA,3,1,6,1925,0,1,3,NA,2,090,SR-2 E/B (GLENDALE FREEWAY),MOUNTAIN ST,1235,E,N,A,-,Y,NA,NA,NA,NA,NA,NA,NA,NA,NA,Y,3,0,1,2,A,-,03,22350,NA,N,B,C,A,A,H,-,A,D,0,NA,NA,NA,NA,Y,NA,A,07,0,1,0,0,0,0,0,0,0,-,-,36.167701721191406,-118.22370147705078,LOS ANGELES,GLENDALE,-118.22402191162108,34.16758346557617
91173497,2020,2020-01-27,9575,2020-01-15,1415,021925,NA,3,2,6,1953,0,1,1,NA,2,064,I-210 EB TO HILL AVENUE,HILL AVENUE,500,W,N,A,-,Y,NA,NA,210,NA,NA,NA,R,NA,E,Y,4,0,1,2,A,-,03,22350,NA,N,C,C,A,A,H,-,A,D,0,NA,NA,NA,NA,Y,NA,A,01,0,0,1,0,0,0,0,0,0,-,-,34.151771545410156,-118.12384796142578,LOS ANGELES,PASADENA,-118.12384796142578,34.151771545410156
91173511,2020,2020-01-27,9525,2020-01-18,1705,021355,NA,6,2,4,1960,0,1,3,NA,2,601,SR-57 N/B (ORANGE FWY),COVINA BLVD,1056,S,N,A,-,Y,NA,NA,57,NA,NA,NA,NA,NA,N,Y,4,0,1,2,A,-,03,22350,NA,N,C,C,A,A,H,-,A,D,0,NA,NA,NA,NA,Y,Y,A,01,0,0,1,0,0,0,0,0,0,-,-,34.09225845336914,-117.8193817138672,LOS ANGELES,SAN DIMAS,-117.81935119628906,34.09225845336914
91173513,2020,2020-01-27,9525,2020-01-10,1620,020823,NA,5,2,9,1900,0,3,5,NA,2,004,FAIRGROVE AVE,WILLOW AVE,0,NA,Y,A,-,N,NA,NA,NA,NA,NA,NA,NA,NA,NA,Y,4,0,1,2,A,-,12,22450,A,N,D,C,A,A,H,-,A,D,0,NA,NA,NA,NA,Y,NA,A,01,0,0,1,0,0,0,0,0,0,-,-,34.0561408996582,-117.96855926513672,LOS ANGELES,UNINCORPORATED,-117.9685287475586,34.05611038208008
91173516,2020,2020-01-27,9525,2020-01-22,1050,018592,NA,3,1,5,1906,0,1,1,NA,2,651,I-605 S/B (SAN GABRIEL RIVER FWY),I-10 E/B (SAN BERNARDINO FWY),1056,N,N,B,-,Y,NA,NA,605,NA,NA,NA,NA,NA,S,Y,3,0,1,2,A,-,08,22107,NA,N,E,I,A,A,H,-,A,D,0,NA,NA,NA,NA,Y,NA,A,08,0,1,0,0,0,0,0,0,0,-,-,34.06937026977539,-118.00080871582033,LOS ANGELES,BALDWIN PARK,-118.00062561035156,34.069339752197266
91173519,2020,2020-01-27,9535,2020-01-15,1535,022354,NA,3,2,9,1900,0,2,4,NA,2,022,OLYMPIC BLVD. (4200 BLOCK),DOWNEY AVE,50,W,N,A,-,N,NA,NA,NA,NA,NA,NA,NA,NA,NA,Y,4,0,3,3,C,-,18,NA,NA,N,F,C,A,A,H,-,A,D,0,NA,NA,NA,NA,Y,NA,-,-,0,0,3,0,0,0,0,0,0,-,-,34.01890182495117,-118.1802978515625,LOS ANGELES,UNINCORPORATED,-118.18024444580078,34.0189094543457
91173523,2020,2020-01-27,9575,2020-01-15,1800,016543,NA,3,2,9,1900,0,3,5,NA,2,001,LA GRANADA WAY,WALTONIA DRIVE,1,E,N,A,-,N,NA,NA,NA,NA,NA,NA,NA,NA,NA,N,3,0,1,2,A,-,10,21950,A,N,G,B,B,A,H,-,D,A,0,Y,NA,NA,NA,Y,NA,A,07,0,1,0,0,1,0,0,0,0,-,-,34.21044921875,-118.22309112548828,LOS ANGELES,UNINCORPORATED,-118.22308349609376,34.21044158935547
91173525,2020,2020-01-27,9525,2020-01-19,1315,019146,NA,7,1,5,1990,0,1,3,NA,2,603,SR-60 W/B (POMONA FWY),PROSPECTORS ROAD,500,W,N,A,-,Y,NA,NA,60,NA,NA,NA,NA,NA,W,Y,4,0,2,4,A,-,03,22350,NA,F,C,C,A,A,H,-,A,D,0,NA,NA,NA,NA,Y,NA,D,22,0,0,2,0,0,0,0,0,0,-,-,34.0195198059082,-117.8155517578125,LOS ANGELES,DIAMOND BAR,-117.81556701660156,34.01953125
91173540,2020,2020-01-27,9525,2020-01-23,0605,015445,NA,4,1,6,1975,0,1,1,NA,2,105,I-10 W/B (SAN BERNARDINO FWY),HOLT AVE,350,W,N,A,-,N,NA,NA,10,NA,NA,NA,NA,NA,W,N,4,0,1,2,A,-,03,22350,NA,N,C,C,A,A,D,E,B,D,0,NA,NA,NA,NA,Y,NA,A,01,0,0,1,0,0,0,0,0,0,-,-,34.0709114074707,-117.86540985107422,LOS ANGELES,WEST COVINA,-117.86544799804688,34.07082748413086
91173553,2020,2020-01-27,9525,2020-01-24,1800,021757,NA,5,2,4,1946,0,1,1,NA,2,201,I-210 W/B (FOOTHILL FWY),HUNTINGTON DR.,200,E,N,A,-,Y,NA,NA,210,NA,NA,NA,NA,NA,W,N,4,0,1,3,A,-,03,22350,NA,N,C,C,A,A,H,-,C,D,0,NA,NA,NA,NA,Y,NA,A,01,0,0,1,0,0,0,0,0,0,-,-,34.1386604309082,-118.01480102539064,LOS ANGELES,MONROVIA,-118.01482391357422,34.13862609863281
91173564,2020,2020-01-27,9525,2020-01-20,1610,021355,NA,1,2,4,1913,0,1,1,NA,2,210,SR-210 E/B (FOOTHILL FWY),BASELINE RD.,100,W,N,A,-,Y,NA,NA,210,NA,NA,NA,NA,NA,E,Y,4,0,2,3,A,-,03,22350,NA,N,D,C,A,A,H,-,A,D,0,NA,NA,NA,NA,Y,NA,D,22,0,0,2,0,0,0,0,0,0,-,-,34.1219596862793,-117.6955337524414,LOS ANGELES,CLAREMONT,-117.69552612304688,34.121952056884766
91173566,2020,2020-01-27,9525,2020-01-24,1818,021542,NA,5,2,6,1975,0,1,1,NA,2,105,I-10 W/B (SAN BERNARDINO FWY),HOLT AVE,1000,E,N,A,-,Y,NA,NA,10,NA,NA,NA,NA,NA,W,N,2,0,2,1,A,-,03,22350,NA,N,F,A,A,A,D,E,C,D,0,NA,NA,Y,NA,Y,NA,C,02,1,1,0,0,0,0,0,0,2,-,-,34.06830978393555,-117.85700988769533,LOS ANGELES,WEST COVINA,-117.85700225830078,34.068145751953125
91173570,2020,2020-01-27,9525,2020-01-24,1520,021931,NA,5,2,5,1926,0,1,1,NA,2,215,I-210 W/B (FOOTHILL FWY),GRAND AVE.,3168,E,N,A,-,Y,NA,NA,210,NA,NA,NA,NA,NA,W,Y,4,0,5,2,A,-,03,22350,NA,N,C,C,A,A,H,-,A,D,0,NA,NA,NA,NA,Y,NA,A,01,0,0,5,0,0,0,0,0,0,-,-,34.1173095703125,-117.8581085205078,LOS ANGELES,GLENDORA,-117.8581085205078,34.11729431152344
91173605,2020,2020-01-27,9565,2020-01-13,2215,022378,NA,1,3,5,1928,0,1,1,NA,2,012,I-105 W/B (CENTURY FREEWAY),CRENSHAW BLVD,330,E,N,A,-,Y,NA,NA,105,NA,NA,NA,NA,NA,W,Y,4,0,1,2,A,-,03,22350,NA,N,C,C,A,A,D,-,C,D,0,NA,NA,NA,NA,Y,NA,A,07,0,0,1,0,0,0,0,0,0,-,-,33.92544937133789,-118.32537841796876,LOS ANGELES,HAWTHORNE,-118.32537841796876,33.925472259521484
91173608,2020,2020-01-27,9565,2020-01-15,0542,022231,NA,3,3,5,1928,0,1,1,NA,2,012,I-105 W/B,118TH ST,65,W,N,A,-,Y,NA,NA,105,NA,NA,NA,NA,NA,W,N,4,0,1,3,A,-,03,22350,NA,N,C,C,A,A,H,-,D,D,0,NA,NA,NA,NA,Y,NA,A,07,0,0,1,0,0,0,0,0,0,-,-,33.9273796081543,-118.33985900878906,LOS ANGELES,HAWTHORNE,-118.33987426757813,33.92735290527344
91173609,2020,2020-01-27,9565,2020-01-15,1840,019355,NA,3,2,7,1942,0,1,1,NA,2,010,I-105 E/B (CENTURY FREEWAY),HUGHES WAY,450,W,N,A,-,Y,NA,NA,105,NA,NA,NA,NA,NA,E,Y,4,0,1,3,A,-,03,22350,NA,N,C,C,A,A,H,-,C,D,0,NA,NA,NA,NA,Y,NA,A,07,0,0,1,0,0,0,0,0,0,-,-,33.93132019042969,-118.39340209960938,LOS ANGELES,LOS ANGELES,-118.39340209960938,33.931243896484375
91173633,2019,2020-01-27,9575,2019-11-12,1410,016603,NA,2,2,7,1942,0,1,3,NA,2,043,SR-134 E/B (VENTURA FREEWAY),I-5 S/B (GOLDEN STATE FREEWAY),1056,W,N,A,-,Y,NA,NA,134,NA,NA,NA,NA,NA,E,N,4,0,1,2,A,-,03,22350,NA,M,C,C,A,A,H,-,A,D,0,NA,NA,NA,NA,Y,NA,D,22,0,0,1,0,0,0,0,0,0,-,-,34.15304183959961,-118.28663635253906,LOS ANGELES,LOS ANGELES,-118.28662872314452,34.153053283691406
91173636,2020,2020-01-27,9575,2020-01-15,1725,021879,NA,3,2,9,1900,0,2,4,NA,2,016,LA CRESCENTA AVE. (4200 BLOCK),I-210 E/B FROM LA CRESCENTA AVE.,0,NA,Y,A,-,Y,NA,NA,NA,NA,NA,NA,NA,NA,NA,Y,4,0,2,2,A,-,01,23152,A,N,A,C,A,A,H,-,C,D,0,NA,NA,NA,NA,Y,Y,A,01,0,0,2,0,0,0,0,0,0,-,-,34.217750549316406,-118.24005889892578,LOS ANGELES,UNINCORPORATED,NA,NA
91173641,2020,2020-01-27,9575,2020-01-16,0955,020620,NA,4,1,7,1942,0,1,1,NA,2,053,I-5 S/B (GOLDEN STATE FREEWAY),BRANFORD ST.,470,S,N,A,-,Y,NA,NA,5,NA,NA,NA,NA,NA,S,Y,4,0,1,2,A,-,07,21658,A,N,B,C,A,A,H,-,A,D,0,NA,NA,NA,Y,Y,NA,G,25,0,0,1,0,0,0,0,0,0,-,-,34.2376594543457,-118.41516876220705,LOS ANGELES,LOS ANGELES,-118.41513824462892,34.23769760131836
91173661,2020,2020-01-27,9575,2020-01-15,0610,015375,NA,3,1,7,1942,0,1,1,NA,2,053,I-5 S/B FROM VAN NUYS BLVD.,VAN NUYS BLVD,5,S,N,A,-,Y,NA,NA,5,NA,NA,NA,R,NA,S,N,2,0,1,2,A,-,03,22350,NA,F,D,G,A,A,H,-,C,D,0,NA,Y,NA,NA,Y,NA,L,04,1,0,0,0,0,0,1,0,0,-,-,34.25624084472656,-118.43536376953124,LOS ANGELES,LOS ANGELES,-118.43536376953124,34.25624084472656
91173663,2020,2020-01-27,9565,2020-01-15,0547,015587,NA,3,3,7,1942,0,1,1,NA,2,064,I-405 S/B (SAN DIEGO FREEWAY),SKIRBALL CENTER DR,528,N,N,A,-,Y,NA,NA,405,NA,NA,NA,NA,NA,S,Y,2,0,1,2,A,-,08,22107,NA,F,F,A,A,A,H,-,D,D,0,NA,NA,Y,NA,Y,NA,-,99,1,0,0,0,0,0,0,0,1,-,-,34.12403869628906,-118.47750854492188,LOS ANGELES,LOS ANGELES,-118.4775390625,34.124061584472656
91173678,2020,2020-01-27,9565,2020-01-16,2220,021905,NA,4,3,6,1933,0,2,4,NA,2,022,NORMANDIE AVE,102ND ST,100,S,N,C,-,N,NA,NA,NA,NA,NA,NA,NA,NA,NA,N,4,0,1,2,A,-,03,22350,NA,M,C,C,A,B,H,-,C,D,0,NA,NA,NA,NA,Y,NA,A,08,0,0,1,0,0,0,0,0,0,-,-,33.943660736083984,-118.3002471923828,LOS ANGELES,INGLEWOOD,-118.30029296875,33.94380569458008
91173680,2020,2020-01-27,9575,2020-01-16,2350,022110,NA,4,3,7,1942,0,1,1,NA,2,053,I-5 S/B (GOLDEN STATE FREEWAY),VAN NUYS BOULEVARD,1531,N,N,C,-,Y,NA,NA,5,NA,NA,NA,NA,NA,S,Y,4,0,3,1,A,-,03,22350,NA,N,E,I,A,B,H,-,D,D,0,NA,NA,NA,NA,Y,NA,A,01,0,0,3,0,0,0,0,0,0,-,-,34.25988006591797,-118.4384536743164,LOS ANGELES,LOS ANGELES,-118.4385223388672,34.259803771972656
91173685,2020,2020-04-20,9575,2020-01-16,1655,019976,NA,4,2,6,1953,0,1,1,NA,2,064,I-210 E/B (FOOTHILL FREEWAY),LAKE AVENUE,2000,W,N,B,-,Y,NA,NA,210,NA,NA,NA,NA,NA,E,Y,4,0,1,2,A,-,03,22350,NA,N,C,C,A,A,H,-,A,D,0,NA,NA,NA,NA,Y,NA,A,01,0,0,1,0,0,0,0,0,0,-,-,34.1515998840332,-118.13880157470705,LOS ANGELES,PASADENA,-118.13880157470705,34.151649475097656
91173707,2020,2020-07-16,9575,2020-01-20,2040,021925,NA,1,2,6,1953,0,1,1,NA,2,063,I-210 E/B (FOOTHILL FREEWAY),ARROYO BOULEVARD,1200,W,N,A,-,Y,NA,NA,210,NA,NA,NA,NA,NA,E,N,4,0,1,1,A,-,03,22350,NA,N,E,I,A,A,H,-,C,D,0,NA,NA,NA,NA,Y,NA,A,08,0,0,1,0,0,0,0,0,0,-,-,34.18362045288086,-118.17469787597656,LOS ANGELES,PASADENA,-118.17467498779295,34.18368148803711
9117371,2020,2020-09-09,1926,2020-06-24,1834,0075,NA,3,5,5,1926,0,0,0,NA,0,004,SUNFLOWER,CLARADAY,160,S,N,A,-,N,NA,NA,NA,NA,NA,NA,NA,NA,NA,Y,4,0,2,2,A,-,09,21804,A,N,D,C,A,A,H,-,A,D,0,NA,NA,NA,NA,Y,NA,A,01,0,0,2,0,0,0,0,0,0,-,-,NA,NA,LOS ANGELES,GLENDORA,-117.84638214111328,34.10756301879883
91173711,2020,2020-01-27,9565,2020-01-12,2142,021808,NA,7,2,9,1900,0,2,4,NA,1,032,SLAUSON AVE.,DEANE AVE.,70,E,N,A,-,N,NA,NA,NA,NA,NA,NA,NA,NA,NA,N,3,0,1,2,A,-,03,22350,NA,F,G,B,D,A,H,-,C,D,0,Y,NA,NA,NA,Y,NA,-,99,0,1,0,0,1,0,0,0,0,-,-,33.98897933959961,-118.33808135986328,LOS ANGELES,UNINCORPORATED,-118.33759307861328,33.98897933959961