CASE_ID,ACCIDENT_YEAR,PROC_DATE,JURIS,COLLISION_DATE,COLLISION_TIME,OFFICER_ID,REPORTING_DISTRICT,DAY_OF_WEEK,CHP_SHIFT,POPULATION,CNTY_CITY_LOC,SPECIAL_COND,BEAT_TYPE,CHP_BEAT_TYPE,CITY_DIVISION_LAPD,CHP_BEAT_CLASS,BEAT_NUMBER,PRIMARY_RD,SECONDARY_RD,DISTANCE,DIRECTION,INTERSECTION,WEATHER_1,WEATHER_2,STATE_HWY_IND,CALTRANS_COUNTY,CALTRANS_DISTRICT,STATE_ROUTE,ROUTE_SUFFIX,POSTMILE_PREFIX,POSTMILE,LOCATION_TYPE,RAMP_INTERSECTION,SIDE_OF_HWY,TOW_AWAY,COLLISION_SEVERITY,NUMBER_KILLED,NUMBER_INJURED,PARTY_COUNT,PRIMARY_COLL_FACTOR,PCF_CODE_OF_VIOL,PCF_VIOL_CATEGORY,PCF_VIOLATION,PCF_VIOL_SUBSECTION,HIT_AND_RUN,TYPE_OF_COLLISION,MVIW,PED_ACTION,ROAD_SURFACE,ROAD_COND_1,ROAD_COND_2,LIGHTING,CONTROL_DEVICE,CHP_ROAD_TYPE,PEDESTRIAN_ACCIDENT,BICYCLE_ACCIDENT,MOTORCYCLE_ACCIDENT,TRUCK_ACCIDENT,NOT_PRIVATE_PROPERTY,ALCOHOL_INVOLVED,STWD_VEHTYPE_AT_FAULT,CHP_VEHTYPE_AT_FAULT,COUNT_SEVERE_INJ,COUNT_VISIBLE_INJ,COUNT_COMPLAINT_PAIN,COUNT_PED_KILLED,COUNT_PED_INJURED,COUNT_BICYCLIST_KILLED,COUNT_BICYCLIST_INJURED,COUNT_MC_KILLED,COUNT_MC_INJURED,PRIMARY_RAMP,SECONDARY_RAMP,LATITUDE,LONGITUDE,COUNTY,CITY,POINT_X,POINT_Y
91177841,2020,2020-01-31,9580,2020-01-29,0815,017961,NA,3,1,7,1942,0,1,3,NA,2,117,SR-118 W/B (RONALD REAGAN FWY.),WILBUR AVE,445,W,N,A,-,Y,NA,NA,118,NA,NA,NA,NA,NA,W,N,4,0,1,3,A,-,03,22350,NA,N,C,C,A,A,H,-,A,D,0,NA,NA,NA,NA,Y,NA,D,22,0,0,1,0,0,0,0,0,0,-,-,34.274009704589844,-118.54827880859376,LOS ANGELES,LOS ANGELES,-118.54824829101564,34.27389907836914
91177854,2019,2020-01-31,9535,2019-11-20,2030,022277,NA,3,2,5,1948,0,1,3,NA,2,601,SR-60 (POMONA FREEWAY) W/B,GARFIELD AVE,1584,W,N,B,-,Y,NA,NA,60,NA,NA,NA,NA,NA,W,Y,4,0,2,3,A,-,07,21658,A,N,F,C,A,B,H,-,C,D,0,NA,NA,NA,Y,Y,NA,A,07,0,0,2,0,0,0,0,0,0,-,-,34.03314971923828,-118.13562774658205,LOS ANGELES,MONTEREY PARK,-118.13562774658205,34.033164978027344
91177869,2020,2020-01-31,9575,2020-01-20,1905,021744,NA,1,2,7,1942,0,1,1,NA,2,050,COLORADO STREET EXTENSION,EDENHURST AVENUE,500,W,N,A,-,Y,NA,NA,NA,NA,NA,NA,NA,NA,NA,Y,4,0,1,2,A,-,03,22350,NA,N,C,C,A,A,H,-,D,D,0,NA,NA,NA,NA,Y,NA,A,01,0,0,1,0,0,0,0,0,0,-,-,34.141448974609375,-118.2755126953125,LOS ANGELES,LOS ANGELES,-118.2746353149414,34.14059066772461
91177873,2020,2020-01-31,9575,2020-01-21,1505,021932,NA,2,2,9,1900,0,2,4,NA,2,020,ALTADENA DR (700 BLOCK),EL MOLINO AVE,400,W,N,A,-,N,NA,NA,NA,NA,NA,NA,NA,NA,NA,Y,4,0,1,4,A,-,06,21755,NA,N,C,E,A,A,H,-,A,D,0,NA,NA,NA,Y,Y,NA,A,01,0,0,1,0,0,0,0,0,0,-,-,34.19021987915039,-118.13363647460938,LOS ANGELES,UNINCORPORATED,NA,NA
91177905,2020,2020-01-31,9550,2020-01-29,1210,016228,NA,3,1,5,1908,0,1,3,NA,2,090,SR-91 W/B,BELLFLOWER BLVD.,1500,E,N,A,-,Y,NA,NA,91,NA,NA,NA,NA,NA,W,N,4,0,1,2,A,-,08,22107,NA,N,B,C,A,A,H,-,A,D,0,NA,NA,NA,NA,Y,NA,A,07,0,0,1,0,0,0,0,0,0,-,-,33.87630081176758,-118.12200164794922,LOS ANGELES,BELLFLOWER,-118.12200164794922,33.876304626464844
91177908,2020,2020-01-31,9525,2020-01-25,1530,021080,NA,6,2,4,1946,0,1,1,NA,2,202,I-210 E/B (FOOTHILL FWY),MOUNTAIN AVE,1056,E,N,A,-,Y,NA,NA,NA,NA,NA,NA,NA,NA,NA,N,4,0,1,2,A,-,07,21658,A,N,B,C,A,A,H,-,A,D,0,NA,NA,Y,NA,Y,NA,A,01,0,0,1,0,0,0,0,0,1,-,-,34.13536071777344,-117.98310089111328,LOS ANGELES,MONROVIA,-117.98285675048828,34.135353088378906
9117794,2020,2020-07-23,1900,2020-06-02,2030,624467,0331,2,5,4,1939,0,0,0,NA,0,35D,MARINE AVE,EASTWOOD AV,5,E,N,A,-,N,NA,NA,NA,NA,NA,NA,NA,NA,NA,N,3,0,1,2,A,-,07,21658,A,N,F,A,A,A,H,-,C,D,0,NA,NA,Y,NA,Y,NA,J,48,0,1,0,0,0,0,0,0,1,-,-,33.89466094970703,-118.34744262695313,LOS ANGELES,LAWNDALE,-118.34752655029295,33.894649505615234
9117795,2020,2020-07-23,1942,2020-06-21,1810,35936,1256,7,5,7,1942,0,0,0,L,0,12A57,FLORENCE AV,BROADWAY,0,NA,Y,A,-,N,NA,NA,NA,NA,NA,NA,NA,NA,NA,N,3,0,2,3,A,-,08,22100,B,N,D,C,A,A,H,-,A,A,0,NA,NA,NA,NA,Y,NA,A,01,0,1,1,0,0,0,0,0,0,-,-,NA,NA,LOS ANGELES,LOS ANGELES,-118.27832794189452,33.97465896606445
9117797,2020,2020-07-22,1941,2020-06-18,1525,11569,NA,4,5,7,1941,0,0,0,NA,0,NA,REDONDO AV,ANAHEIM ST,0,NA,Y,A,-,N,NA,NA,NA,NA,NA,NA,NA,NA,NA,N,4,0,1,2,A,-,03,22350,NA,M,C,C,A,A,H,-,A,A,0,NA,NA,NA,Y,Y,NA,A,NA,0,0,1,0,0,0,0,0,0,-,-,NA,NA,LOS ANGELES,LONG BEACH,-118.15242004394533,33.78260040283203
91177971,2020,2020-01-31,9525,2020-01-29,1230,018164,NA,3,1,6,1955,0,2,S,NA,2,700,1600 S. GAREY AVENUE,GAREY AVE,95,E,N,A,-,N,NA,NA,NA,NA,NA,NA,NA,NA,NA,N,3,0,3,2,A,-,21,22106,NA,N,C,E,A,A,H,-,A,D,0,NA,NA,NA,NA,Y,NA,A,01,0,3,0,0,0,0,0,0,0,-,-,34.0418701171875,-117.7490692138672,LOS ANGELES,POMONA,-117.74858856201172,34.11235809326172
91177982,2019,2020-01-31,9550,2019-11-15,2210,022194,NA,5,3,9,1900,0,1,3,NA,2,601,SR-60 WESTBOUND,AZUSA AVE.,500,E,N,A,-,Y,NA,NA,NA,NA,NA,NA,NA,NA,NA,Y,4,0,1,2,A,-,08,22107,NA,N,B,C,A,A,H,-,C,D,0,NA,NA,NA,Y,Y,NA,-,-,0,0,1,0,0,0,0,0,0,-,-,33.99644088745117,-117.92636108398438,LOS ANGELES,UNINCORPORATED,-117.92958831787108,33.99684524536133
91177986,2020,2020-01-31,9535,2020-01-21,1039,022305,NA,2,1,9,1900,0,3,5,NA,2,001,3RD ST (4500 BLOCK),FORD BLVD,0,NA,Y,A,-,N,NA,NA,NA,NA,NA,NA,NA,NA,NA,Y,4,0,1,2,A,-,07,21658,A,N,D,C,A,A,H,-,A,A,0,NA,NA,NA,NA,Y,NA,-,-,0,0,1,0,0,0,0,0,0,-,-,34.033390045166016,-118.16922760009766,LOS ANGELES,UNINCORPORATED,-118.16918182373048,34.03322982788086
9117799,2020,2020-07-23,1942,2020-02-19,0340,37737,0646,3,5,7,1942,0,0,0,F,0,31B123,SUNSET BL,SCHRADER BL,115,NA,N,A,-,N,NA,NA,NA,NA,NA,NA,NA,NA,NA,N,2,0,1,2,A,-,-,NA,NA,N,G,B,E,A,H,-,C,D,0,Y,NA,NA,NA,Y,NA,N,60,1,0,0,0,1,0,0,0,0,-,-,NA,NA,LOS ANGELES,LOS ANGELES,-118.33245086669922,34.097991943359375
91177994,2019,2020-01-31,9535,2019-10-05,0310,022172,NA,6,3,5,1901,0,1,1,NA,2,070,I-710 (LONG BEACH FREEWAY) N/B,HELLMAN AVE,802,N,N,A,-,Y,NA,NA,710,NA,NA,NA,NA,NA,N,Y,1,1,1,2,A,-,11,21954,A,N,G,B,E,A,H,-,D,D,0,Y,NA,NA,NA,Y,NA,N,60,0,0,1,1,0,0,0,0,0,-,-,34.071529388427734,-118.16107940673828,LOS ANGELES,ALHAMBRA,-118.16111755371094,34.0715446472168
9117800,2020,2020-07-23,1942,2020-06-24,0940,37511,0782,3,5,7,1942,0,0,0,G,0,7A73,VENICE BL,CADILLAC AV,0,NA,Y,A,-,N,NA,NA,NA,NA,NA,NA,NA,NA,NA,Y,4,0,4,3,A,-,-,NA,NA,N,D,C,A,A,H,-,A,A,0,NA,NA,NA,NA,Y,NA,J,48,0,0,4,0,0,0,0,0,0,-,-,NA,NA,LOS ANGELES,LOS ANGELES,-118.37418365478516,34.03744125366211
91178001,2020,2020-01-31,9550,2020-01-29,0624,017042,NA,3,1,6,1949,0,1,1,NA,2,651,I-605 S/B (SAN GABRIEL RIVER FREEWAY),FIRESTONE BOULEVARD,1230,N,N,A,-,Y,NA,NA,605,NA,NA,NA,NA,NA,S,N,4,0,1,2,A,-,03,22350,NA,N,C,C,A,A,H,-,B,D,0,NA,NA,NA,NA,Y,NA,A,07,0,0,1,0,0,0,0,0,0,-,-,33.92504119873047,-118.104248046875,LOS ANGELES,NORWALK,-118.10419464111328,33.92502975463867
91178014,2020,2020-02-03,9550,2020-01-29,0920,019939,NA,3,1,9,1900,0,1,1,NA,2,650,INTERSTATE 605 S/B,SARAGOSA ST.,1100,N,N,A,-,Y,NA,NA,605,NA,NA,NA,NA,NA,S,Y,3,0,1,3,A,-,03,22350,NA,N,C,C,A,A,H,-,A,D,0,NA,NA,NA,NA,Y,NA,A,01,0,1,0,0,0,0,0,0,0,-,-,33.979759216308594,-118.07698059082033,LOS ANGELES,UNINCORPORATED,-118.07698059082033,33.979759216308594
91178017,2020,2020-02-03,9550,2020-01-29,1819,022237,NA,3,2,5,1976,0,1,1,NA,2,650,INTERSTATE 605 SOUTHBOUND,DUNLAP CROSSING ROAD U/C,380,N,N,A,-,Y,NA,NA,NA,NA,NA,NA,NA,NA,NA,Y,4,0,3,3,A,-,03,22350,NA,N,C,C,A,A,H,-,C,D,0,NA,NA,NA,NA,Y,NA,A,01,0,0,3,0,0,0,0,0,0,-,-,33.98469161987305,-118.0724868774414,LOS ANGELES,WHITTIER,-118.07256317138672,33.98466873168945
91178021,2020,2020-02-03,9535,2020-01-26,2000,022287,NA,7,2,9,1900,0,3,5,NA,2,001,RAMONA BLVD.,EASTERN AVE.,0,NA,Y,A,-,Y,NA,NA,NA,NA,NA,NA,NA,NA,NA,N,4,0,1,2,A,-,03,22350,NA,M,C,C,A,A,H,-,D,A,0,NA,NA,NA,NA,Y,NA,-,99,0,0,1,0,0,0,0,0,0,-,-,34.05950164794922,-118.1728973388672,LOS ANGELES,UNINCORPORATED,-118.17285919189452,34.0595703125
91178033,2020,2020-02-03,9590,2020-01-29,0700,015982,NA,3,1,7,1942,0,1,1,NA,2,053,I-110 S/B (HARBOR FREEWAY),28TH ST,300,N,N,A,-,Y,NA,NA,110,NA,NA,NA,NA,NA,S,N,4,0,4,3,A,-,03,22350,NA,N,C,C,A,A,H,-,A,D,0,NA,NA,NA,NA,Y,NA,A,01,0,0,4,0,0,0,0,0,0,-,-,34.02622985839844,-118.2752685546875,LOS ANGELES,LOS ANGELES,-118.27529907226564,34.026248931884766
91178048,2020,2020-02-03,9575,2020-01-18,0858,020847,NA,6,1,9,1900,0,1,3,NA,2,081,ROSEMEAD BLVD.,DUARTE RD.,0,NA,Y,A,-,N,NA,NA,NA,NA,NA,NA,NA,NA,NA,Y,3,0,1,3,A,-,12,21453,A,N,D,C,A,A,H,-,A,A,0,NA,NA,NA,NA,Y,NA,A,01,0,1,0,0,0,0,0,0,0,-,-,34.12295150756836,-118.07301330566406,LOS ANGELES,UNINCORPORATED,-118.07302856445313,34.122989654541016
91178050,2020,2020-02-03,9575,2020-01-24,1201,020620,NA,5,1,9,1900,0,3,5,NA,2,001,ROSEMONT AVE. (4500 BLOCK),FOOTHILL BLVD.,32,N,N,A,-,N,NA,NA,NA,NA,NA,NA,NA,NA,NA,N,3,0,1,2,A,-,03,22350,NA,N,B,C,A,A,H,-,A,D,0,NA,NA,NA,NA,Y,NA,A,07,0,1,0,0,0,0,0,0,0,-,-,34.221378326416016,-118.2351531982422,LOS ANGELES,UNINCORPORATED,-118.23512268066406,34.221256256103516
91178052,2020,2020-02-03,9575,2020-01-25,0950,020887,NA,6,1,7,1942,0,1,1,NA,2,053,I-5 S/B (GOLDEN STATE FREEWAY),OSBORNE ST,500,S,N,A,-,Y,NA,NA,5,NA,NA,NA,NA,NA,S,N,4,0,1,2,A,-,03,22350,NA,N,C,C,A,A,H,-,A,D,0,NA,NA,NA,NA,Y,NA,D,22,0,0,1,0,0,0,0,0,0,-,-,34.24312973022461,-118.42098236083984,LOS ANGELES,LOS ANGELES,-118.42093658447266,34.24317932128906
91178055,2020,2020-02-03,9575,2020-01-24,1650,021879,NA,5,2,7,1942,0,1,1,NA,2,060,I-210 W/B (FOOTHILL FREEWAY),FOOTHILL BLVD.,450,W,N,A,-,Y,NA,NA,210,NA,NA,NA,NA,NA,W,N,4,0,2,3,A,-,03,22350,NA,N,C,C,A,A,H,-,A,D,0,NA,NA,NA,NA,Y,NA,A,01,0,0,2,0,0,0,0,0,0,-,-,34.27452087402344,-118.38198852539064,LOS ANGELES,LOS ANGELES,-118.3817901611328,34.275306701660156
91178058,2020,2020-02-03,9575,2020-01-26,1920,020902,NA,7,2,6,1953,0,1,3,NA,2,040,SR-134 E/B (VENTURA FREEWAY),SAN RAFAEL AVE,1000,W,N,A,-,Y,NA,NA,134,NA,NA,NA,NA,NA,E,Y,4,0,4,2,A,-,03,22350,NA,N,C,C,A,A,H,-,C,D,0,NA,NA,NA,NA,Y,NA,A,07,0,0,4,0,0,0,0,0,0,-,-,34.14210891723633,-118.17372131347656,LOS ANGELES,PASADENA,-118.17372894287108,34.14213180541992
91178060,2020,2020-02-03,9575,2020-01-25,0525,022429,NA,6,3,6,1912,0,1,1,NA,2,051,I-5 N/B (GOLDEN STATE FREEWAY),WINONA AVENUE,350,N,N,A,-,Y,NA,NA,5,NA,NA,NA,NA,NA,N,Y,4,0,1,1,A,-,08,22107,NA,N,E,I,A,A,D,-,C,D,0,NA,NA,NA,NA,Y,NA,A,07,0,0,1,0,0,0,0,0,0,-,-,34.2010612487793,-118.33895874023438,LOS ANGELES,BURBANK,-118.33917236328124,34.20091247558594
91178067,2020,2020-02-03,9575,2020-01-27,1905,021878,NA,1,2,7,1942,0,1,1,NA,2,053,I-5 N/B (GOLDEN STATE FREEWAY),VAN NUYS BOULEVARD,2112,S,N,A,-,Y,NA,NA,5,NA,NA,NA,NA,NA,N,Y,4,0,2,2,A,-,03,22350,NA,N,C,C,A,A,H,-,C,D,0,NA,NA,NA,NA,Y,NA,A,07,0,0,2,0,0,0,0,0,0,-,-,34.252689361572266,-118.43038940429688,LOS ANGELES,LOS ANGELES,-118.43053436279295,34.25253677368164
91178068,2020,2020-02-03,9575,2020-01-27,1300,022429,NA,1,1,6,1925,0,1,3,NA,2,042,SR-134E/B FROM PACIFIC AVE,PACIFIC AVE,400,E,N,A,-,Y,NA,NA,134,NA,NA,NA,R,NA,NA,N,4,0,1,2,A,-,03,22350,NA,N,C,C,A,A,H,-,A,A,0,NA,NA,NA,NA,Y,NA,A,07,0,0,1,0,0,0,0,0,0,-,-,34.15592956542969,-118.2634735107422,LOS ANGELES,GLENDALE,-118.2634735107422,34.15592956542969
91178079,2020,2020-02-03,9530,2020-01-22,1815,020140,NA,3,2,4,1939,0,1,1,NA,2,400,I-405 S/B (SAN DIEGO FREEWAY),INGLEWOOD AVE,250,S,N,A,-,Y,NA,NA,405,NA,NA,NA,NA,NA,S,Y,4,0,1,4,A,-,03,22350,NA,F,C,C,A,A,H,-,C,D,0,NA,NA,NA,NA,Y,NA,A,01,0,0,1,0,0,0,0,0,0,-,-,33.89030838012695,-118.36058044433594,LOS ANGELES,LAWNDALE,-118.360595703125,33.89029312133789
91178080,2020,2020-02-03,9575,2020-01-28,2055,021878,NA,2,2,7,1942,0,1,1,NA,2,052,I-5 S/B (GOLDEN STATE FREEWAY),HOLLYWOOD WAY,1584,N,N,A,-,Y,NA,NA,5,NA,NA,NA,NA,NA,S,N,4,0,1,2,A,-,03,22350,NA,N,C,C,A,A,H,-,C,D,0,NA,NA,NA,NA,Y,NA,-,99,0,0,1,0,0,0,0,0,0,-,-,34.214630126953125,-118.35183715820313,LOS ANGELES,LOS ANGELES,-118.35173797607422,34.21474838256836
91178081,2020,2020-02-03,9530,2020-01-25,1255,021493,NA,6,1,9,1900,0,3,5,NA,2,001,HOOPER AVE.,SLAUSON AVE.,0,NA,Y,A,-,N,NA,NA,NA,NA,NA,NA,NA,NA,NA,N,4,0,1,2,A,-,12,21453,A,N,D,C,A,A,H,-,A,A,0,NA,NA,NA,NA,Y,NA,A,07,0,0,1,0,0,0,0,0,0,-,-,33.989280700683594,-118.25213623046876,LOS ANGELES,UNINCORPORATED,-118.25212097167967,33.98931884765625
91178083,2020,2020-02-03,9530,2020-01-25,2230,021995,NA,6,3,7,1942,0,1,1,NA,2,200,I-105 E/B (GLENN ANDERSON FWY),I-110,2100,E,N,A,-,Y,NA,NA,105,NA,NA,NA,NA,NA,E,Y,3,0,1,1,A,-,01,23152,A,N,E,I,A,A,H,-,D,D,0,NA,NA,NA,NA,Y,Y,A,01,0,1,0,0,0,0,0,0,0,-,-,33.92839050292969,-118.28829956054688,LOS ANGELES,LOS ANGELES,-118.28829956054688,33.92852020263672
91178084,2020,2020-02-03,9530,2020-01-25,0205,021995,NA,6,3,7,1942,0,1,1,NA,2,110,I-110 S/B (HARBOR FREEWAY),IMPERIAL HWY.,2640,S,N,E,-,Y,NA,NA,110,NA,NA,NA,NA,NA,S,N,2,0,1,3,A,-,03,22350,NA,N,C,C,A,A,H,-,D,D,0,NA,NA,NA,NA,Y,NA,A,01,1,0,0,0,0,0,0,0,0,-,-,33.91838073730469,-118.28482055664064,LOS ANGELES,LOS ANGELES,-118.2847900390625,33.91835403442383
91178085,2020,2020-02-03,9575,2020-01-28,1815,019976,NA,2,2,7,1942,0,1,3,NA,2,043,SR-134 W/B (VENTURA FREEWAY),FOREST LAWN DRIVE,150,W,N,A,-,Y,NA,NA,134,NA,NA,NA,NA,NA,W,N,4,0,2,3,A,-,03,22350,NA,N,C,C,A,A,H,-,A,D,0,NA,NA,NA,NA,Y,NA,A,07,0,0,2,0,0,0,0,0,0,-,-,34.154998779296875,-118.3113021850586,LOS ANGELES,LOS ANGELES,-118.31129455566406,34.154964447021484
91178088,2020,2020-02-03,9530,2020-01-25,2010,021490,NA,6,2,7,1941,0,1,1,NA,2,072,I-710 S/B TO I-405 N/B,CARSON ST.,500,S,N,A,-,Y,NA,NA,710,NA,NA,NA,R,NA,S,N,4,0,1,2,A,-,07,21658,A,N,B,C,A,A,H,-,D,D,0,NA,NA,Y,NA,Y,NA,A,01,0,0,1,0,0,0,0,0,1,-,-,33.83034133911133,-118.20883178710938,LOS ANGELES,LONG BEACH,-118.20883178710938,33.83034133911133
91178089,2020,2020-02-11,9530,2020-01-26,2135,022406,NA,7,2,9,1900,0,3,5,NA,2,002,EL SEGUNDO BLVD.,BROADWAY AVE.,0,NA,Y,A,-,N,NA,NA,NA,NA,NA,NA,NA,NA,NA,Y,4,0,3,2,A,-,09,21801,A,N,D,C,A,A,H,-,C,A,0,NA,NA,NA,NA,Y,NA,A,01,0,0,3,0,0,0,0,0,0,-,-,33.91659927368164,-118.27848815917967,LOS ANGELES,UNINCORPORATED,-118.27835845947266,33.916419982910156
91178091,2020,2020-02-03,9530,2020-01-27,1350,018745,NA,1,1,5,1977,0,1,1,NA,2,410,I-405 S/B (SAN DIEGO FREEWAY),AVALON BLVD.,528,N,N,A,-,Y,NA,NA,405,NA,NA,NA,NA,NA,S,N,4,0,1,2,A,-,03,22350,NA,N,C,C,A,A,H,-,A,D,0,NA,NA,NA,NA,Y,NA,A,07,0,0,1,0,0,0,0,0,0,-,-,33.84056091308594,-118.26473999023438,LOS ANGELES,CARSON,-118.26473999023438,33.84056091308594
91178093,2020,2020-02-03,9530,2020-01-27,1115,013990,NA,1,1,9,1900,0,3,5,NA,2,003,WHITE AVE.,MYRRH ST.,0,NA,Y,A,-,N,NA,NA,NA,NA,NA,NA,NA,NA,NA,N,3,0,1,2,A,-,09,21802,A,N,D,C,A,A,H,-,A,A,0,NA,NA,NA,NA,Y,NA,A,01,0,1,0,0,0,0,0,0,0,-,-,33.89241027832031,-118.19528198242188,LOS ANGELES,UNINCORPORATED,-118.19537353515624,33.89244079589844
91178099,2020,2020-02-05,9530,2020-01-27,0550,018745,NA,1,3,7,1942,0,1,1,NA,2,120,I-110 S/B (HARBOR FREEWAY),HARRY BRIDGES BLVD.,375,N,N,B,-,Y,NA,NA,110,NA,NA,NA,NA,NA,S,Y,3,0,1,2,A,-,03,22350,NA,N,C,C,A,A,H,-,C,D,0,NA,NA,NA,NA,Y,NA,A,01,0,1,0,0,0,0,0,0,0,-,-,33.77299880981445,-118.2799835205078,LOS ANGELES,LOS ANGELES,-118.27986907958984,33.77299880981445
91178105,2020,2020-02-03,9575,2020-01-29,1855,021879,NA,3,2,6,1925,0,1,1,NA,2,062,I-210 W/B (FOOTHILL FREEWAY),LOWELL AVE.,2400,E,N,A,-,Y,NA,NA,210,NA,NA,NA,NA,NA,W,N,4,0,1,2,A,-,03,22350,NA,N,C,C,A,A,H,-,C,D,0,NA,NA,NA,NA,Y,NA,A,01,0,0,1,0,0,0,0,0,0,-,-,34.22909927368164,-118.25868988037108,LOS ANGELES,GLENDALE,-118.25862884521484,34.22924041748047
91178107,2020,2020-02-03,9575,2020-01-29,1448,021006,NA,3,2,6,1953,0,1,1,NA,2,063,I-210 E/B (FOOTHILL FREEWAY),ORANGE GROVE BLVD.,200,W,N,A,-,Y,NA,NA,210,NA,NA,NA,NA,NA,E,Y,4,0,1,3,A,-,03,22350,NA,N,C,C,A,A,H,-,A,D,0,NA,NA,NA,NA,Y,NA,A,01,0,0,1,0,0,0,0,0,0,-,-,34.15541076660156,-118.15801239013672,LOS ANGELES,PASADENA,-118.15782165527344,34.15549087524414
91178108,2020,2020-02-03,9575,2020-01-29,1746,021006,NA,3,2,6,1912,0,1,1,NA,2,051,I-5 S/B (GOLDEN STATE FREEWAY),ALAMEDA AVE.,50,N,N,A,-,Y,NA,NA,5,NA,NA,NA,NA,NA,S,Y,4,0,2,2,A,-,03,22350,NA,N,C,C,A,A,H,-,C,D,0,NA,NA,NA,NA,Y,NA,A,01,0,0,2,0,0,0,0,0,0,-,-,34.17041015625,-118.30461120605467,LOS ANGELES,BURBANK,-118.30461883544922,34.17039489746094
91178147,2019,2020-02-03,9550,2019-10-09,2115,021872,NA,3,2,6,1949,0,1,1,NA,2,500,I-5 N/B,FLORENCE AVENUE,2260,S,N,B,-,Y,NA,NA,5,NA,NA,NA,NA,NA,N,Y,4,0,1,3,A,-,03,22350,NA,N,C,C,A,A,H,-,D,D,0,NA,NA,NA,Y,Y,NA,A,01,0,0,1,0,0,0,0,0,0,-,-,33.93257141113281,-118.09044647216795,LOS ANGELES,NORWALK,-118.09059143066406,33.932472229003906
91178148,2020,2020-02-03,9550,2020-01-31,2252,021872,NA,5,3,5,1919,0,1,1,NA,2,652,I-605 S/B,CENTRALIA STREET,250,N,N,A,-,Y,NA,NA,NA,NA,NA,NA,NA,NA,NA,Y,4,0,1,1,A,-,08,22107,NA,N,F,I,A,A,H,-,D,D,0,NA,NA,NA,NA,Y,NA,A,07,0,0,1,0,0,0,0,0,0,-,-,33.83932113647461,-118.08873748779295,LOS ANGELES,CERRITOS,-118.08872222900392,33.83928680419922
91178153,2020,2020-02-03,9575,2020-01-26,1530,021879,NA,7,2,9,1900,0,3,5,NA,2,003,UPPER BIG TUJUNGA CANYON ROAD,ANGELES CREST HWY.,4800,W,N,A,-,Y,NA,NA,NA,NA,NA,NA,NA,NA,NA,Y,2,0,1,1,A,-,03,22350,NA,N,F,A,A,A,H,-,A,D,0,NA,NA,Y,NA,Y,NA,C,02,1,0,0,0,0,0,0,0,1,-,-,34.2770881652832,-118.02812957763672,LOS ANGELES,UNINCORPORATED,NA,NA
91178159,2020,2020-02-03,9575,2020-01-23,1435,017491,NA,4,2,6,1925,0,1,3,NA,2,042,SR-134 E/B (VENTURA FREEWAY),CENTRAL AVENUE,355,E,N,A,-,Y,NA,NA,134,NA,NA,NA,NA,NA,E,Y,4,0,1,4,A,-,03,22350,NA,N,C,C,A,A,H,-,A,D,0,NA,NA,NA,NA,Y,NA,A,01,0,0,1,0,0,0,0,0,0,-,-,34.15618896484375,-118.25666046142578,LOS ANGELES,GLENDALE,-118.25666046142578,34.15626907348633
91178166,2020,2020-02-03,9575,2020-01-28,2340,022435,NA,2,3,7,1942,0,1,1,NA,2,050,I-5 N/B (GOLDEN STATE FREEWAY),COLORADO ST FWY EXT,1085,N,N,A,-,Y,NA,NA,5,NA,NA,NA,NA,NA,N,N,4,0,2,2,A,-,03,22350,NA,M,C,C,A,A,H,-,D,D,0,NA,NA,NA,NA,Y,NA,-,99,0,0,2,0,0,0,0,0,0,-,-,34.14387130737305,-118.2781982421875,LOS ANGELES,LOS ANGELES,-118.27821350097656,34.14386749267578
91178183,2020,2020-02-03,9580,2020-01-25,0009,021780,NA,6,3,7,1942,0,1,2,NA,2,103,US-101 S/B (VENTURA FREEWAY),VAN NUYS BLVD,650,N,N,A,-,Y,NA,NA,NA,NA,NA,NA,NA,NA,NA,Y,4,0,2,2,A,-,03,22350,NA,N,C,C,A,A,H,-,C,D,0,NA,NA,NA,NA,Y,NA,A,01,0,0,2,0,0,0,0,0,0,-,-,34.92649841308594,-118.27339935302734,LOS ANGELES,LOS ANGELES,-118.45074462890624,34.15740203857422
91178186,2020,2020-02-03,9575,2020-01-27,0750,022429,NA,1,1,6,1925,0,1,3,NA,2,042,SR-134 W/B (VENTURA FREEWAY),CONCORD STREET,600,E,N,A,-,Y,NA,NA,134,NA,NA,NA,NA,NA,W,Y,4,0,1,3,A,-,03,22350,NA,N,C,C,A,A,H,-,A,D,0,NA,NA,NA,NA,Y,NA,A,01,0,0,1,0,0,0,0,0,0,-,-,34.15544128417969,-118.26915740966795,LOS ANGELES,GLENDALE,-118.26914215087892,34.15538024902344
91178194,2020,2020-02-03,9565,2020-01-18,1235,021512,NA,6,1,7,1942,0,1,1,NA,2,061,I-405 S/B (SAN DIEGO FWY),LA TIJERA BLVD,100,N,N,A,-,Y,NA,NA,405,NA,NA,NA,NA,NA,S,Y,4,0,1,2,A,-,03,22350,NA,M,C,C,A,A,H,-,A,D,0,NA,NA,NA,NA,Y,NA,A,01,0,0,1,0,0,0,0,0,0,-,-,33.97505187988281,-118.38430786132813,LOS ANGELES,LOS ANGELES,-118.38427734375,33.97511291503906