CASE_ID,ACCIDENT_YEAR,PROC_DATE,JURIS,COLLISION_DATE,COLLISION_TIME,OFFICER_ID,REPORTING_DISTRICT,DAY_OF_WEEK,CHP_SHIFT,POPULATION,CNTY_CITY_LOC,SPECIAL_COND,BEAT_TYPE,CHP_BEAT_TYPE,CITY_DIVISION_LAPD,CHP_BEAT_CLASS,BEAT_NUMBER,PRIMARY_RD,SECONDARY_RD,DISTANCE,DIRECTION,INTERSECTION,WEATHER_1,WEATHER_2,STATE_HWY_IND,CALTRANS_COUNTY,CALTRANS_DISTRICT,STATE_ROUTE,ROUTE_SUFFIX,POSTMILE_PREFIX,POSTMILE,LOCATION_TYPE,RAMP_INTERSECTION,SIDE_OF_HWY,TOW_AWAY,COLLISION_SEVERITY,NUMBER_KILLED,NUMBER_INJURED,PARTY_COUNT,PRIMARY_COLL_FACTOR,PCF_CODE_OF_VIOL,PCF_VIOL_CATEGORY,PCF_VIOLATION,PCF_VIOL_SUBSECTION,HIT_AND_RUN,TYPE_OF_COLLISION,MVIW,PED_ACTION,ROAD_SURFACE,ROAD_COND_1,ROAD_COND_2,LIGHTING,CONTROL_DEVICE,CHP_ROAD_TYPE,PEDESTRIAN_ACCIDENT,BICYCLE_ACCIDENT,MOTORCYCLE_ACCIDENT,TRUCK_ACCIDENT,NOT_PRIVATE_PROPERTY,ALCOHOL_INVOLVED,STWD_VEHTYPE_AT_FAULT,CHP_VEHTYPE_AT_FAULT,COUNT_SEVERE_INJ,COUNT_VISIBLE_INJ,COUNT_COMPLAINT_PAIN,COUNT_PED_KILLED,COUNT_PED_INJURED,COUNT_BICYCLIST_KILLED,COUNT_BICYCLIST_INJURED,COUNT_MC_KILLED,COUNT_MC_INJURED,PRIMARY_RAMP,SECONDARY_RAMP,LATITUDE,LONGITUDE,COUNTY,CITY,POINT_X,POINT_Y
91178864,2020,2020-02-03,9575,2020-01-30,1511,021006,NA,4,2,7,1942,0,1,1,NA,2,052,I-5 N/B (GOLDEN STATE FREEWAY),LAUREL CANYON BLVD.,20,N,N,A,-,Y,NA,NA,5,NA,NA,NA,NA,NA,N,Y,4,0,1,2,A,-,03,22350,NA,N,C,C,A,A,H,-,A,D,0,NA,NA,NA,NA,Y,NA,A,01,0,0,1,0,0,0,0,0,0,-,-,34.23160934448242,-118.40331268310548,LOS ANGELES,LOS ANGELES,-118.40331268310548,34.2315788269043
91178893,2020,2020-02-03,9545,2020-01-29,1606,015589,NA,3,2,9,1900,0,1,3,NA,2,021,SR-14 S/B,VINCENT RAMP OVERCROSSING,3696,N,N,A,-,Y,NA,NA,14,NA,NA,NA,NA,NA,S,N,3,0,1,1,C,-,18,NA,NA,N,E,J,A,A,H,-,A,D,0,NA,NA,NA,NA,Y,NA,-,-,0,1,0,0,0,0,0,0,0,-,-,34.531288146972656,-118.11412811279295,LOS ANGELES,UNINCORPORATED,-118.11410522460938,34.53130340576172
91178894,2020,2020-02-03,9525,2020-02-01,1830,020989,NA,6,2,5,1990,0,1,3,NA,2,601,SR-60 W/B (POMONA FWY),GRAND AVE,2640,W,N,A,-,Y,NA,NA,60,NA,NA,NA,NA,NA,W,Y,4,0,1,3,A,-,03,22350,NA,N,C,C,A,A,H,-,C,D,0,NA,NA,NA,NA,Y,NA,A,01,0,0,1,0,0,0,0,0,0,-,-,34.005340576171875,-117.82913208007813,LOS ANGELES,DIAMOND BAR,-117.82903289794922,34.005210876464844
91178903,2020,2020-02-03,9525,2020-01-27,1910,021355,NA,1,2,4,1916,0,1,1,NA,2,105,I-10 W/B (SAN BERNARDINO FWY),VIA VERDE,300,W,N,A,-,Y,NA,NA,NA,NA,NA,NA,NA,NA,NA,Y,4,0,1,1,C,-,18,NA,NA,N,E,J,A,A,D,E,C,D,0,NA,NA,NA,NA,Y,NA,-,-,0,0,1,0,0,0,0,0,0,-,-,34.06895065307617,-117.84223175048828,LOS ANGELES,COVINA,NA,NA
91178905,2020,2020-02-03,9565,2020-01-26,1140,021512,NA,7,1,7,1942,0,1,1,NA,2,081,I-10 E/B (SANTA MONICA FWY),I-405,300,W,N,A,-,Y,NA,NA,10,NA,NA,NA,NA,NA,E,Y,4,0,1,4,A,-,03,22350,NA,N,C,C,A,A,H,-,A,D,0,NA,NA,NA,NA,Y,NA,D,22,0,0,1,0,0,0,0,0,0,-,-,34.030208587646484,-118.44019317626952,LOS ANGELES,LOS ANGELES,-118.44020080566406,34.03026580810547
91178915,2020,2020-02-03,9545,2020-01-31,1500,020244,NA,5,2,6,1950,0,1,3,NA,2,021,SR-14 S/B,RAYBURN RD,300,S,N,A,-,Y,NA,NA,NA,NA,NA,NA,NA,NA,NA,Y,4,0,2,1,A,-,08,22107,NA,N,E,J,A,A,H,-,A,D,0,NA,NA,NA,NA,Y,NA,A,01,0,0,2,0,0,0,0,0,0,-,-,34.65597915649414,-118.13356018066406,LOS ANGELES,PALMDALE,-118.13364410400392,34.57110595703125
91178927,2020,2020-04-13,9535,2020-01-23,2324,022269,NA,4,3,4,1907,0,1,1,NA,2,072,I-710 (LONG BEACH FREEWAY) N/B,SLAUSON AVE,300,S,N,A,-,Y,NA,NA,710,NA,NA,NA,NA,NA,N,Y,3,0,2,2,A,-,01,23152,A,N,C,C,A,A,H,-,C,D,0,NA,NA,NA,NA,Y,Y,A,01,0,1,1,0,0,0,0,0,0,-,-,33.98625946044922,-118.16941833496094,LOS ANGELES,BELL,-118.16940307617188,33.986270904541016
9117894,2020,2020-11-25,1942,2020-07-20,1040,43441,1454,1,5,7,1942,0,0,0,N,0,14A45,MINDANAO WY,RT 90,0,NA,Y,A,-,Y,LA,7,90,-,-,1.202,I,5,E,Y,3,0,1,2,A,-,12,21453,NA,N,D,A,A,A,H,-,A,A,0,NA,NA,NA,NA,Y,NA,A,08,0,1,0,0,0,0,0,0,0,-,-,NA,NA,LOS ANGELES,LOS ANGELES,-118.43805694580078,33.98297119140625
91178973,2020,2020-02-03,9525,2020-02-01,1256,020499,NA,6,1,5,1926,0,1,1,NA,2,205,I-210 W/B (FOOTHILL FWY),SUNFLOWER AVE,1056,W,N,A,-,Y,NA,NA,210,NA,NA,NA,NA,NA,W,Y,2,0,1,2,A,-,03,22350,NA,N,C,C,A,A,H,-,A,D,0,NA,NA,Y,NA,Y,NA,C,02,1,0,0,0,0,0,0,0,1,-,-,34.11764907836914,-117.85034942626952,LOS ANGELES,GLENDORA,-117.85034942626952,34.117706298828125
91178974,2020,2020-02-03,9525,2020-02-01,1815,022009,NA,6,2,4,1960,0,1,1,NA,2,208,SR-210 E/B (FOOTHILL FWY),SAN DIMAS AVE,2112,W,N,A,-,Y,NA,NA,210,NA,NA,NA,NA,NA,E,Y,4,0,4,2,A,-,03,22350,NA,N,C,C,A,A,H,-,C,D,0,NA,NA,NA,NA,Y,NA,A,07,0,0,4,0,0,0,0,0,0,-,-,34.11970138549805,-117.81468200683594,LOS ANGELES,SAN DIMAS,-117.81468200683594,34.11970520019531
91178979,2020,2020-02-03,9550,2020-01-27,1550,022037,NA,1,2,9,1900,0,2,4,NA,1,051,PATHFINDER ROAD,FULLERTON ROAD,0,NA,Y,A,-,N,NA,NA,NA,NA,NA,NA,NA,NA,NA,Y,4,0,1,2,A,-,12,21453,A,N,D,C,A,A,H,-,A,A,0,NA,NA,NA,NA,Y,NA,A,01,0,0,1,0,0,0,0,0,0,-,-,33.96780014038086,-117.9152374267578,LOS ANGELES,UNINCORPORATED,-117.91532135009766,33.96784973144531
91178984,2020,2020-02-03,9550,2020-01-25,1120,022403,NA,6,1,6,1949,0,1,1,NA,2,501,INTERSTATE 5 N/B,NORWALK BOULEVARD,600,S,N,A,-,Y,NA,NA,5,NA,NA,NA,NA,NA,N,N,4,0,6,2,A,-,21,22106,NA,N,C,C,A,A,H,-,A,D,0,NA,NA,NA,NA,Y,NA,D,22,0,0,6,0,0,0,0,0,0,-,-,33.91044998168945,-118.07054901123048,LOS ANGELES,NORWALK,-118.07054901123048,33.91044998168945
91178985,2020,2020-02-03,9530,2020-01-28,1733,017755,NA,2,2,5,1977,0,1,1,NA,2,410,I-405 N/B (SAN DIEGO FREEWAY),MAIN ST.,2040,S,N,A,-,Y,NA,NA,405,NA,NA,NA,NA,NA,N,Y,4,0,2,3,A,-,03,22350,NA,N,C,C,A,A,H,-,C,D,0,NA,NA,NA,NA,Y,NA,A,01,0,0,2,0,0,0,0,0,0,-,-,33.849700927734375,-118.2751007080078,LOS ANGELES,CARSON,-118.27507781982422,33.84973907470703
91178989,2020,2020-02-03,9525,2020-02-02,1125,020499,NA,7,1,9,1900,0,1,3,NA,1,024,SR-39 (SAN GABRIEL CANYON RD.),EAST FORK RD.,5280,S,N,A,-,Y,NA,NA,39,NA,NA,NA,NA,NA,NA,Y,2,0,1,1,A,-,03,22350,NA,N,F,A,A,A,H,-,A,D,0,NA,NA,Y,NA,Y,NA,C,02,1,0,0,0,0,0,0,0,1,-,-,34.21446990966797,-117.86180877685548,LOS ANGELES,UNINCORPORATED,-117.8618392944336,34.2145881652832
91178996,2020,2020-02-03,9545,2020-01-24,0953,019951,NA,5,1,9,1900,0,3,5,NA,2,004,240TH STREET EAST,AVENUE O,140,N,N,A,-,N,NA,NA,NA,NA,NA,NA,NA,NA,NA,Y,3,0,2,2,A,-,08,22107,NA,F,F,A,A,A,H,-,A,A,0,NA,NA,NA,NA,Y,Y,A,01,0,2,0,0,0,0,0,0,0,-,-,34.61692810058594,-117.70291900634766,LOS ANGELES,UNINCORPORATED,-117.70272064208984,34.6169548034668
91178999,2020,2020-02-03,9535,2020-01-24,1430,022142,NA,5,2,4,1962,0,1,1,NA,2,401,I-10 (SAN BERNARDINO FREEWAY) W/B,DEL MAR AVE,300,W,N,A,-,Y,NA,NA,10,NA,NA,NA,NA,NA,W,Y,4,0,1,3,A,-,03,22350,NA,N,C,C,A,A,H,-,A,D,0,NA,NA,NA,NA,Y,NA,A,07,0,0,1,0,0,0,0,0,0,-,-,34.072288513183594,-118.10437774658205,LOS ANGELES,SAN GABRIEL,-118.10437774658205,34.07219314575195
91179000,2020,2020-02-03,9550,2020-01-23,1740,021656,NA,4,2,9,1900,0,1,1,NA,2,650,INTERSTATE 605 S/B,WHITTIER BOULEVARD,2000,N,N,A,-,Y,NA,NA,605,NA,NA,NA,NA,NA,S,Y,3,0,1,3,A,-,03,22350,NA,N,C,C,A,A,H,-,D,D,0,NA,NA,NA,NA,Y,NA,A,07,0,1,0,0,0,0,0,0,0,-,-,33.99924850463867,-118.06787109375,LOS ANGELES,UNINCORPORATED,-118.0679168701172,33.99925994873047
91179008,2020,2020-02-03,9580,2020-02-01,1915,022036,NA,6,2,7,1942,0,1,2,NA,2,105,US-101 S/B (VENTURA FREEWAY),TAMPA AVE,1000,S,N,B,-,Y,NA,NA,101,NA,NA,NA,NA,NA,S,Y,4,0,2,2,A,-,03,22350,NA,N,C,C,A,A,H,-,C,D,0,NA,NA,NA,NA,Y,NA,A,01,0,0,2,0,0,0,0,0,0,-,-,34.17340087890625,-118.54989624023438,LOS ANGELES,LOS ANGELES,-118.54989624023438,34.17340850830078
9117902,2020,2020-08-10,1942,2020-06-13,1715,34426,0155,6,5,7,1942,0,0,0,A,0,1A35,WALL ST,5TH ST,32,S,N,A,-,N,NA,NA,NA,NA,NA,NA,NA,NA,NA,N,4,0,1,2,A,-,11,21954,A,N,G,B,E,A,H,-,A,D,0,Y,NA,NA,NA,Y,NA,N,60,0,0,1,0,1,0,0,0,0,-,-,NA,NA,LOS ANGELES,LOS ANGELES,-118.2458724975586,34.04484176635742
91179034,2020,2020-02-03,9580,2020-02-01,2000,021954,NA,6,2,7,1942,0,1,1,NA,2,404,INTERSTATE 405 N/B (SAN DIEGO FWY),SEPULVEDA BLVD,2000,S,N,A,-,Y,NA,NA,405,NA,NA,NA,NA,NA,N,Y,4,0,3,4,A,-,08,22107,NA,M,B,C,A,A,H,-,C,D,0,NA,NA,NA,NA,Y,NA,A,01,0,0,3,0,0,0,0,0,0,-,-,34.14316940307617,-118.47113800048828,LOS ANGELES,LOS ANGELES,-118.47130584716795,34.143192291259766
91179039,2020,2020-02-06,9530,2020-01-28,1025,013990,NA,2,1,7,1941,0,1,1,NA,2,072,I-710 S/B TO W/B PACIFIC COAST HWY,PACIFIC COAST HWY.,387,N,N,A,-,Y,NA,NA,710,NA,NA,NA,R,NA,S,Y,3,0,1,2,A,-,07,21658,A,F,B,C,A,A,H,-,A,D,0,NA,NA,NA,NA,Y,NA,-,99,0,1,0,0,0,0,0,0,0,-,-,33.7911491394043,-118.20816040039064,LOS ANGELES,LONG BEACH,-118.20816040039064,33.7911491394043
91179106,2019,2020-06-19,9525,2019-06-23,0423,021393,NA,7,3,6,1955,0,1,1,NA,2,108,I-10 E/B (SAN BERNARDINO FWY),DUDLEY STREET,15,W,N,A,-,Y,NA,NA,10,NA,NA,NA,NA,NA,E,Y,1,1,1,3,A,-,01,23152,A,N,C,C,A,A,H,-,C,D,0,NA,NA,NA,NA,Y,Y,A,07,0,0,1,0,0,0,0,0,0,-,-,34.07278060913086,-117.77841186523438,LOS ANGELES,POMONA,-117.77841186523438,34.07281494140625
91179112,2020,2020-02-03,9535,2020-01-23,0527,022214,NA,4,3,5,1901,0,1,1,NA,2,421,I-10 (SAN BERNARDINO FREEWAY) W/B,ATLANTIC BOULEVARD,250,W,N,A,-,Y,NA,NA,10,NA,NA,NA,NA,NA,W,Y,3,0,8,4,A,-,03,22350,NA,M,B,C,A,A,H,-,C,D,0,NA,NA,NA,NA,Y,NA,A,01,0,3,5,0,0,0,0,0,0,-,-,34.071720123291016,-118.1356201171875,LOS ANGELES,ALHAMBRA,-118.1356201171875,34.0716552734375
91179115,2020,2020-02-03,9535,2020-01-23,0529,017943,NA,4,3,5,1901,0,1,1,NA,2,421,I-10 W/B TO FREMONT AVENUE,FREMONT AVENUE,449,E,N,A,-,Y,NA,NA,10,NA,NA,NA,R,NA,W,Y,3,0,1,1,A,-,03,22350,NA,N,E,I,A,A,H,-,C,D,0,NA,NA,NA,NA,Y,NA,A,01,0,1,0,0,0,0,0,0,0,-,-,34.06937026977539,-118.15016174316406,LOS ANGELES,ALHAMBRA,-118.15016174316406,34.06937026977539
91179132,2020,2020-02-03,9550,2020-01-28,1730,021100,NA,2,2,5,1976,0,1,1,NA,2,650,I-605 S/B,BEVERLY BOULEVARD,1200,S,N,A,-,Y,NA,NA,605,NA,NA,NA,NA,NA,S,Y,4,0,1,3,A,-,01,23152,F,N,E,I,A,A,H,-,C,D,0,NA,NA,NA,NA,Y,NA,A,01,0,0,1,0,0,0,0,0,0,-,-,34.00310134887695,-118.0654067993164,LOS ANGELES,WHITTIER,-118.06546020507813,34.00315856933594
91179133,2019,2020-04-22,9525,2019-12-30,1749,021542,NA,1,2,9,1900,0,1,1,NA,2,105,I-10 W/B (SAN BERNARDINO FREEWAY),HOLT AVENUE,758,E,N,A,-,Y,NA,NA,10,NA,NA,NA,NA,NA,W,Y,1,1,5,4,A,-,03,22350,NA,N,C,C,A,A,D,E,C,D,0,NA,NA,NA,NA,Y,NA,A,08,1,2,2,0,0,0,0,0,0,-,-,34.068721771240234,-117.86119842529295,LOS ANGELES,UNINCORPORATED,-117.8612060546875,34.0687141418457
91179135,2020,2020-02-03,9535,2020-01-24,1828,021978,NA,5,2,9,1900,0,1,1,NA,2,070,I-710 N/B FROM SR-60,CESAR E CHAVEZ AVE,150,S,N,A,-,Y,NA,NA,710,NA,NA,NA,R,NA,N,Y,4,0,1,3,A,-,03,22350,NA,M,C,C,A,A,H,-,C,D,0,NA,NA,NA,NA,Y,NA,-,99,0,0,1,0,0,0,0,0,0,-,-,34.04011917114258,-118.16959381103516,LOS ANGELES,UNINCORPORATED,-118.16959381103516,34.04011917114258
91179158,2020,2020-02-03,9525,2020-01-25,1125,021250,NA,6,1,9,1900,0,3,5,NA,2,003,FRANCISQUITO AVE,LARK ELLEN AVE,0,NA,Y,A,-,N,NA,NA,NA,NA,NA,NA,NA,NA,NA,Y,4,0,2,2,A,-,12,21453,A,N,D,C,A,A,H,-,A,A,0,NA,NA,NA,NA,Y,NA,A,07,0,0,2,0,0,0,0,0,0,-,-,34.0502815246582,-117.91686248779295,LOS ANGELES,UNINCORPORATED,-117.91687774658205,34.0502815246582
91179191,2020,2020-02-03,9525,2020-02-01,1730,021156,NA,6,2,6,1955,0,1,1,NA,2,107,I-10 W/B (SAN BERNARDINO FWY),KELLOGG DR.,2640,E,N,A,-,Y,NA,NA,NA,NA,NA,NA,NA,NA,NA,Y,4,0,2,2,A,-,03,22350,NA,N,C,C,A,A,D,E,A,D,0,NA,NA,NA,NA,Y,NA,A,01,0,0,2,0,0,0,0,0,0,-,-,34.06406021118164,-117.82427978515624,LOS ANGELES,POMONA,-117.80656433105467,34.06512451171875
91179193,2020,2020-02-04,9525,2020-02-01,1731,021156,NA,6,2,6,1955,0,1,1,NA,2,107,I-10 W/B (SAN BERNARDINO FWY),KELLOGG DR.,2640,W,N,A,-,Y,NA,NA,NA,NA,NA,NA,NA,NA,NA,Y,4,0,4,2,A,-,21,22106,NA,N,C,C,A,A,D,E,C,D,0,NA,NA,NA,NA,Y,NA,A,01,0,0,4,0,0,0,0,0,0,-,-,34.06406021118164,-117.82427978515624,LOS ANGELES,POMONA,-117.82069396972656,34.0635871887207
91179197,2020,2020-02-04,9590,2020-01-26,1910,022102,NA,7,2,7,1942,0,1,2,NA,2,071,US-101 S/B (SANTA ANA FREEWAY),CENTER ST,150,S,N,A,-,Y,NA,NA,101,NA,NA,NA,NA,NA,S,Y,4,0,2,2,A,-,03,22350,NA,N,C,C,A,A,H,-,C,D,0,NA,NA,NA,NA,Y,NA,A,01,0,0,2,0,0,0,0,0,0,-,-,34.05331039428711,-118.23085784912108,LOS ANGELES,LOS ANGELES,-118.23085784912108,34.05331802368164
91179200,2020,2020-02-11,9525,2020-01-27,1418,020823,NA,1,2,9,1900,0,3,5,NA,2,004,VALLEY BLVD,7TH AVE.,0,NA,Y,A,-,N,NA,NA,NA,NA,NA,NA,NA,NA,NA,Y,3,0,1,2,A,-,12,21453,A,N,D,C,A,A,H,-,A,A,0,NA,NA,NA,Y,Y,NA,F,25,0,1,0,0,0,0,0,0,0,-,-,34.034690856933594,-117.97454071044922,LOS ANGELES,UNINCORPORATED,-117.97457122802734,34.034759521484375
91179201,2020,2020-02-04,9525,2020-01-27,1842,020823,NA,1,2,9,1900,0,3,5,NA,2,004,VALLEY BLVD.,TEMPLE AVE,0,NA,Y,A,-,N,NA,NA,NA,NA,NA,NA,NA,NA,NA,Y,3,0,2,2,A,-,12,21453,A,N,D,C,A,A,H,-,C,A,0,NA,NA,NA,NA,Y,NA,-,-,0,2,0,0,0,0,0,0,0,-,-,34.05310821533203,-118.00225830078124,LOS ANGELES,UNINCORPORATED,-117.81234741210938,34.04841995239258
91179202,2020,2020-02-04,9590,2020-01-24,0335,021317,NA,5,3,7,1942,0,1,1,NA,2,040,I-5 N/B (SANTA ANA FREEWAY),INDIANA ST.,1000,N,N,A,-,Y,NA,NA,5,NA,NA,NA,NA,NA,N,Y,4,0,1,2,A,-,08,22107,NA,N,B,C,A,A,H,-,C,D,0,NA,NA,NA,NA,Y,NA,A,01,0,0,1,0,0,0,0,0,0,-,-,34.02122116088867,-118.1951904296875,LOS ANGELES,LOS ANGELES,-118.19525146484376,34.02105712890625
91179207,2020,2020-02-04,9590,2020-01-24,1835,021583,NA,5,2,7,1942,0,1,2,NA,2,072,US-101 N/B (HOLLYWOOD FREEWAY),BARHAM BOULEVARD,800,S,N,A,-,Y,NA,NA,101,NA,NA,NA,NA,NA,N,Y,4,0,1,3,A,-,03,22350,NA,N,C,C,A,A,H,-,C,D,0,NA,NA,NA,NA,Y,NA,A,01,0,0,1,0,0,0,0,0,0,-,-,34.127498626708984,-118.34561157226564,LOS ANGELES,LOS ANGELES,-118.34556579589844,34.12754821777344
91179208,2020,2020-02-04,9590,2020-01-24,1850,021912,NA,5,2,7,1942,0,1,1,NA,2,062,I-10 E/B (SMF) COLLECTOR ROAD,FIGUEROA ST.,550,W,N,A,-,Y,NA,NA,10,NA,NA,NA,NA,NA,E,N,4,0,1,3,A,-,03,22350,NA,N,C,C,A,A,H,-,C,D,0,NA,NA,NA,NA,Y,NA,A,01,0,0,1,0,0,0,0,0,0,-,-,34.03739929199219,-118.27233123779295,LOS ANGELES,LOS ANGELES,-118.27224731445313,34.03764343261719
91179216,2020,2020-02-04,9590,2020-01-24,1410,022127,NA,5,2,7,1942,0,1,3,NA,2,095,SR-2 W/B (GLF) TO I-5 S/B (GSF),NEWELL ST.,600,W,N,A,-,Y,NA,NA,NA,NA,NA,NA,NA,NA,NA,N,4,0,1,2,A,-,07,21658,A,N,B,C,A,A,H,-,A,D,0,NA,NA,Y,NA,Y,NA,A,01,0,0,1,0,0,0,0,0,1,-,-,34.097660064697266,-118.24642944335938,LOS ANGELES,LOS ANGELES,NA,NA
91179217,2020,2020-02-04,9550,2020-01-28,1000,020025,NA,2,1,5,1908,0,1,3,NA,2,091,SR91 WB,DOWNEY AVENUE,300,E,N,A,-,Y,NA,NA,91,NA,NA,NA,NA,NA,W,N,4,0,1,2,A,-,08,22107,NA,N,B,C,A,A,H,-,A,D,0,NA,NA,NA,NA,Y,NA,A,07,0,0,1,0,0,0,0,0,0,-,-,33.87717819213867,-118.14716339111328,LOS ANGELES,BELLFLOWER,-118.14716339111328,33.87720489501953
91179226,2020,2020-02-04,9590,2020-01-25,1408,022127,NA,6,2,7,1942,0,1,1,NA,2,085,I-5 S/B (GOLDEN STATE FREEWAY),GILROY ST.,500,S,N,A,-,Y,NA,NA,5,NA,NA,NA,NA,NA,S,Y,4,0,1,2,A,-,03,22350,NA,N,C,C,A,A,H,-,A,D,0,NA,NA,NA,NA,Y,NA,D,22,0,0,1,0,0,0,0,0,0,-,-,34.1037712097168,-118.25170135498048,LOS ANGELES,LOS ANGELES,-118.2517318725586,34.10372543334961
91179274,2020,2020-02-04,9590,2020-01-21,1550,021111,NA,2,2,7,1942,0,1,1,NA,2,053,I-110 S/B (HARBOR FREEWAY),OLYMPIC BLVD.,200,N,N,A,-,Y,NA,NA,110,NA,NA,NA,NA,NA,S,Y,4,0,5,3,A,-,03,22350,NA,N,C,C,A,A,H,-,A,D,0,NA,NA,NA,NA,Y,NA,A,01,0,0,5,0,0,0,0,0,0,-,-,34.04703140258789,-118.26809692382813,LOS ANGELES,LOS ANGELES,-118.26814270019533,34.047096252441406
91179276,2020,2020-02-04,9565,2020-01-17,0615,021729,NA,5,1,9,1900,0,2,4,NA,2,024,VAN NESS AVE.,IMPERIAL HWY,0,NA,Y,A,-,N,NA,NA,NA,NA,NA,NA,NA,NA,NA,N,4,0,1,2,A,-,10,21950,NA,N,G,B,B,A,H,-,C,A,0,Y,NA,NA,NA,Y,NA,-,-,0,0,1,0,1,0,0,0,0,-,-,33.930908203125,-118.31761169433594,LOS ANGELES,UNINCORPORATED,-118.31777954101564,33.9310188293457
91179277,2020,2020-04-03,9565,2020-01-20,1155,021729,NA,1,1,9,1900,0,3,5,NA,2,004,CRENSHAW BLVD N/B,135TH ST.,150,N,N,A,-,N,NA,NA,NA,NA,NA,NA,NA,NA,NA,Y,3,0,1,2,A,-,08,22107,NA,N,B,C,A,A,H,-,A,D,0,NA,NA,NA,NA,Y,NA,-,-,0,1,0,0,0,0,0,0,0,-,-,33.91044998168945,-118.32644653320313,LOS ANGELES,UNINCORPORATED,-118.32659912109376,33.909603118896484
91179285,2020,2020-02-04,9565,2020-01-22,1807,018804,NA,3,2,9,1900,0,3,5,NA,2,002,W. 135TH ST.,CRENSHAW BLVD.,5,W,N,A,-,N,NA,NA,NA,NA,NA,NA,NA,NA,NA,N,4,0,1,2,A,-,08,22107,NA,N,B,C,A,A,H,-,C,A,0,NA,NA,NA,NA,Y,NA,-,-,0,0,1,0,0,0,0,0,0,-,-,33.90922164916992,-118.32660675048828,LOS ANGELES,UNINCORPORATED,-118.3266143798828,33.9091911315918
91179289,2020,2020-02-04,9535,2020-01-24,1725,022263,NA,5,2,5,1943,0,1,1,NA,2,074,I-710 (LONG BEACH FREEWAY) N/B,ROSECRANS AVE,200,N,N,A,-,Y,NA,NA,710,NA,NA,NA,NA,NA,N,Y,3,0,1,2,A,-,07,21658,A,N,B,C,A,A,H,-,C,D,0,NA,NA,Y,NA,Y,NA,C,02,0,1,0,0,0,0,0,0,1,-,-,33.904109954833984,-118.18505859375,LOS ANGELES,LYNWOOD,-118.18496704101564,33.904029846191406
91179291,2020,2020-02-04,9530,2020-01-26,0730,021493,NA,7,1,9,1900,0,3,5,NA,2,002,ROSECRANS AVE.,MAIN ST.,0,NA,Y,B,-,N,NA,NA,NA,NA,NA,NA,NA,NA,NA,Y,3,0,3,2,A,-,09,21801,A,N,D,C,A,A,H,-,A,A,0,NA,NA,NA,NA,Y,NA,A,01,0,1,2,0,0,0,0,0,0,-,-,33.9019889831543,-118.27413940429688,LOS ANGELES,UNINCORPORATED,-118.27407836914064,33.90195083618164
91179302,2020,2020-02-04,9590,2020-01-23,0144,021245,NA,4,3,7,1942,0,1,1,NA,2,020,I-10 W/B (SBF),CESAR CHAVEZ AVE.,400,E,N,A,-,Y,NA,NA,10,NA,NA,NA,NA,NA,W,Y,3,0,1,1,A,-,01,23152,A,N,E,I,A,A,H,-,C,D,0,NA,NA,NA,NA,Y,Y,A,01,0,1,0,0,0,0,0,0,0,-,-,34.05400848388672,-118.22184753417967,LOS ANGELES,LOS ANGELES,-118.2219696044922,34.054161071777344
91179307,2020,2020-02-04,9590,2020-01-24,1850,022304,NA,5,2,7,1942,0,1,1,NA,2,053,I-110 S/B (HARBOR FREEWAY),30TH STREET,200,S,N,A,-,Y,NA,NA,110,NA,NA,NA,NA,NA,S,N,4,0,2,3,A,-,03,22350,NA,N,C,C,A,A,H,-,C,D,0,NA,NA,NA,NA,Y,NA,A,07,0,0,2,0,0,0,0,0,0,-,-,34.02368927001953,-118.27689361572266,LOS ANGELES,LOS ANGELES,-118.27681732177734,34.02365493774414
91179310,2020,2020-02-04,9565,2020-01-26,1240,021729,NA,7,1,7,1942,0,1,1,NA,2,063,I-405 S/B,OLYMPIC BLVD,100,N,N,A,-,Y,NA,NA,405,NA,NA,NA,NA,NA,S,Y,4,0,1,2,A,-,03,22350,NA,N,C,C,A,A,H,-,A,D,0,NA,NA,NA,NA,Y,NA,A,01,0,0,1,0,0,0,0,0,0,-,-,34.03956985473633,-118.4404525756836,LOS ANGELES,LOS ANGELES,-118.44044494628906,34.039573669433594
91179315,2020,2020-02-04,9535,2020-01-24,0600,022277,NA,5,1,9,1900,0,1,3,NA,2,620,SR-60 (POMONA FREEWAY) E/B,SAN GABRIEL BLVD,1200,E,N,A,-,Y,NA,NA,60,NA,NA,NA,NA,NA,E,Y,4,0,2,4,A,-,07,21658,A,N,C,C,A,A,H,-,B,D,0,NA,NA,NA,Y,Y,NA,D,22,0,0,2,0,0,0,0,0,0,-,-,34.03662872314453,-118.03439331054688,LOS ANGELES,UNINCORPORATED,-118.03440856933594,34.03656768798828
91179324,2020,2020-02-04,9590,2020-01-25,0110,018529,NA,6,3,7,1942,0,1,1,NA,2,061,I-10 W/B,WEST BLVD,350,W,N,B,-,Y,NA,NA,10,NA,NA,NA,NA,NA,W,Y,4,0,1,2,A,-,01,23152,A,N,C,C,A,A,D,H,C,A,0,NA,NA,NA,NA,Y,Y,A,07,0,0,1,0,0,0,0,0,0,-,-,34.03483963012695,-118.3412628173828,LOS ANGELES,LOS ANGELES,-118.34125518798828,34.0348014831543