CASE_ID,ACCIDENT_YEAR,PROC_DATE,JURIS,COLLISION_DATE,COLLISION_TIME,OFFICER_ID,REPORTING_DISTRICT,DAY_OF_WEEK,CHP_SHIFT,POPULATION,CNTY_CITY_LOC,SPECIAL_COND,BEAT_TYPE,CHP_BEAT_TYPE,CITY_DIVISION_LAPD,CHP_BEAT_CLASS,BEAT_NUMBER,PRIMARY_RD,SECONDARY_RD,DISTANCE,DIRECTION,INTERSECTION,WEATHER_1,WEATHER_2,STATE_HWY_IND,CALTRANS_COUNTY,CALTRANS_DISTRICT,STATE_ROUTE,ROUTE_SUFFIX,POSTMILE_PREFIX,POSTMILE,LOCATION_TYPE,RAMP_INTERSECTION,SIDE_OF_HWY,TOW_AWAY,COLLISION_SEVERITY,NUMBER_KILLED,NUMBER_INJURED,PARTY_COUNT,PRIMARY_COLL_FACTOR,PCF_CODE_OF_VIOL,PCF_VIOL_CATEGORY,PCF_VIOLATION,PCF_VIOL_SUBSECTION,HIT_AND_RUN,TYPE_OF_COLLISION,MVIW,PED_ACTION,ROAD_SURFACE,ROAD_COND_1,ROAD_COND_2,LIGHTING,CONTROL_DEVICE,CHP_ROAD_TYPE,PEDESTRIAN_ACCIDENT,BICYCLE_ACCIDENT,MOTORCYCLE_ACCIDENT,TRUCK_ACCIDENT,NOT_PRIVATE_PROPERTY,ALCOHOL_INVOLVED,STWD_VEHTYPE_AT_FAULT,CHP_VEHTYPE_AT_FAULT,COUNT_SEVERE_INJ,COUNT_VISIBLE_INJ,COUNT_COMPLAINT_PAIN,COUNT_PED_KILLED,COUNT_PED_INJURED,COUNT_BICYCLIST_KILLED,COUNT_BICYCLIST_INJURED,COUNT_MC_KILLED,COUNT_MC_INJURED,PRIMARY_RAMP,SECONDARY_RAMP,LATITUDE,LONGITUDE,COUNTY,CITY,POINT_X,POINT_Y
91181553,2019,2020-02-06,9535,2019-10-27,1115,021970,NA,7,1,5,1959,0,1,1,NA,2,400,I-10 EB FROM WALNUT GROVE ONRAMP,HELLMAN AVE,500,N,N,A,-,Y,NA,NA,NA,NA,NA,NA,NA,NA,NA,Y,4,0,1,2,A,-,03,22350,NA,N,E,I,A,A,H,-,A,D,0,NA,NA,NA,NA,Y,NA,A,07,0,0,1,0,0,0,0,0,0,-,-,34.417911529541016,-118.45713806152344,LOS ANGELES,ROSEMEAD,NA,NA
9118156,2020,2020-10-20,1942,2020-06-27,1655,43771,1001,6,5,7,1942,0,0,0,J,0,10X94,ROSSCOE BL,TAMPA AV,0,NA,Y,A,-,N,NA,NA,NA,NA,NA,NA,NA,NA,NA,Y,4,0,1,2,A,-,09,21801,A,N,D,C,A,A,H,-,A,A,0,NA,NA,NA,NA,Y,NA,A,01,0,0,1,0,0,0,0,0,0,-,-,NA,NA,LOS ANGELES,LOS ANGELES,-118.5535125732422,34.220481872558594
9118157,2020,2020-11-14,1942,2020-06-26,1825,38696,LA,5,5,7,1942,0,0,0,NA,0,1049,BURBANK,RT 405,100,W,N,A,-,Y,LA,7,405,-,-,40.081,R,4,S,Y,4,0,3,4,A,-,03,22350,NA,N,B,C,A,A,H,-,B,D,0,NA,NA,NA,NA,Y,NA,A,01,0,0,3,0,0,0,0,0,0,-,-,NA,NA,LOS ANGELES,LOS ANGELES,-118.46819305419922,34.16920471191406
9118158,2020,2020-09-14,1942,2020-06-27,2020,35761,0981,6,5,7,1942,0,0,0,I,0,9A89,BURBANK BL,KESTER AV,0,NA,Y,A,-,N,NA,NA,NA,NA,NA,NA,NA,NA,NA,Y,3,0,2,2,A,-,09,21801,A,N,A,C,A,A,H,-,C,A,0,NA,NA,NA,NA,Y,NA,A,07,0,2,0,0,0,0,0,0,0,-,-,NA,NA,LOS ANGELES,LOS ANGELES,-118.45745086669922,34.17211151123047
9118159,2020,2020-09-09,1942,2020-06-24,2006,44158,0952,3,5,7,1942,0,0,0,I,0,9A41,WEDDINGTON ST,KESTER AV,0,NA,Y,A,-,N,NA,NA,NA,NA,NA,NA,NA,NA,NA,Y,2,0,3,2,A,-,03,22350,NA,N,B,C,A,A,H,-,B,D,0,NA,NA,NA,NA,Y,NA,A,01,1,0,2,0,0,0,0,0,0,-,-,NA,NA,LOS ANGELES,LOS ANGELES,-118.45745086669922,34.16667938232422
91181594,2020,2020-02-06,9550,2020-02-05,0015,022012,NA,3,3,9,1900,0,2,4,NA,1,021,PAINTER AVENUE N/B,LANNING DRIVE,55,N,N,A,-,N,NA,NA,NA,NA,NA,NA,NA,NA,NA,N,4,0,1,2,A,-,11,21954,A,N,G,B,D,A,H,-,D,D,0,Y,NA,NA,NA,Y,NA,N,60,0,0,1,0,1,0,0,0,0,-,-,33.95452880859375,-118.04158020019533,LOS ANGELES,UNINCORPORATED,-118.04167938232422,33.95455551147461
9118160,2020,2020-09-09,1942,2020-06-23,1515,44351,1003,2,5,7,1942,0,0,0,J,0,10A83,ROSCOE BL,RESEDA,500,W,N,A,-,N,NA,NA,NA,NA,NA,NA,NA,NA,NA,Y,4,0,4,4,A,-,08,22107,NA,F,-,C,A,A,H,-,A,D,0,NA,NA,NA,NA,Y,NA,-,99,0,0,4,0,0,0,0,0,0,-,-,NA,NA,LOS ANGELES,LOS ANGELES,-118.53772735595705,34.22072219848633
91181612,2020,2020-02-06,9550,2020-02-05,1045,018854,NA,3,1,9,1900,0,1,1,NA,2,650,I-605 S/B,SARAGOSA ST.,1000,N,N,B,-,Y,NA,NA,605,NA,NA,NA,NA,NA,S,Y,4,0,1,2,A,-,03,22350,NA,N,C,C,A,A,H,-,A,D,0,NA,NA,NA,NA,Y,NA,A,01,0,0,1,0,0,0,0,0,0,-,-,33.980308532714844,-118.07631683349608,LOS ANGELES,UNINCORPORATED,-118.07636260986328,33.98035430908203
91181639,2020,2020-02-06,9540,2020-01-30,1210,021118,NA,4,1,6,1985,0,1,1,NA,1,502,I-5 N/B (GOLDEN STATE FWY),CALGROVE BLVD,500,S,N,A,-,Y,NA,NA,5,NA,NA,NA,NA,NA,N,Y,4,0,1,2,A,-,03,22350,NA,N,C,C,A,A,H,-,A,D,0,NA,NA,NA,NA,Y,NA,A,01,0,0,1,0,0,0,0,0,0,-,-,34.36103057861328,-118.55458831787108,LOS ANGELES,SANTA CLARITA,-118.55460357666016,34.36102294921875
91181710,2020,2020-02-06,9535,2020-01-28,1025,022085,NA,2,1,9,1900,0,1,3,NA,2,621,SR-60 (POMONA FREEWAY) W/B,INDIANA AVE,480,E,N,A,-,Y,NA,NA,60,NA,NA,NA,NA,NA,W,N,4,0,1,3,A,-,08,22107,NA,N,B,C,A,A,H,-,A,D,0,NA,NA,NA,NA,Y,NA,A,01,0,0,1,0,0,0,0,0,0,-,-,34.03165054321289,-118.19068145751952,LOS ANGELES,UNINCORPORATED,-118.19068908691406,34.03172302246094
91181716,2020,2020-02-06,9530,2020-01-31,0615,022377,NA,5,1,5,1977,0,1,1,NA,2,410,I-405 S/B (SAN DIEGO FREEWAY),WILMINGTON AVE.,975,N,N,A,-,Y,NA,NA,405,NA,NA,NA,NA,NA,S,Y,4,0,2,2,A,-,03,22350,NA,N,C,C,A,A,H,-,A,D,0,NA,NA,NA,NA,Y,NA,A,01,0,0,2,0,0,0,0,0,0,-,-,33.82569885253906,-118.24649810791016,LOS ANGELES,CARSON,-118.24649810791016,33.82575607299805
91181721,2020,2020-02-06,9580,2020-02-04,0735,016523,NA,2,1,7,1942,0,1,3,NA,2,117,SR-118 W/B (RONALD REAGAN FWY.),I-405 S/B (SAN DIEGO FWY),1320,W,N,A,-,Y,NA,NA,118,NA,NA,NA,NA,NA,W,Y,4,0,1,2,A,-,03,22350,NA,N,C,C,A,A,H,-,A,D,0,NA,NA,NA,NA,Y,NA,A,01,0,0,1,0,0,0,0,0,0,-,-,34.266151428222656,-118.47508239746094,LOS ANGELES,LOS ANGELES,-118.47508239746094,34.26611328125
91181738,2020,2020-02-06,9530,2020-02-02,2025,020956,NA,7,2,5,1977,0,1,1,NA,2,410,I-405 S/B (SAN DIEGO FREEWAY),WILMINGTON AVE.,400,N,N,A,-,N,NA,NA,405,NA,NA,NA,NA,NA,S,Y,2,0,1,2,A,-,03,22350,NA,N,C,C,A,A,H,-,C,D,0,NA,NA,NA,NA,Y,NA,A,01,1,0,0,0,0,0,0,0,0,-,-,33.826499938964844,-118.24960327148438,LOS ANGELES,CARSON,-118.2497100830078,33.82620620727539
91181745,2020,2020-02-06,9590,2020-02-04,1045,017520,NA,2,1,7,1942,0,1,1,NA,2,062,I-10 E/B (SMF),VERMONT ST.,50,W,N,A,-,Y,NA,NA,10,NA,NA,NA,NA,NA,E,N,4,0,1,2,A,-,07,21658,A,N,B,C,A,A,H,-,A,D,0,NA,NA,NA,Y,Y,NA,A,01,0,0,1,0,0,0,0,0,0,-,-,34.036590576171875,-118.29155731201172,LOS ANGELES,LOS ANGELES,-118.29155731201172,34.03683853149414
91181747,2020,2020-02-06,9550,2020-02-05,0830,022426,NA,3,1,6,1920,0,1,1,NA,2,651,INTERSTATE 605 S/B,FLORENCE AVENUE,580,S,N,A,-,Y,NA,NA,605,NA,NA,NA,NA,NA,S,Y,4,0,1,3,A,-,03,22350,NA,N,C,C,A,A,H,-,A,D,0,NA,NA,NA,NA,Y,NA,A,01,0,0,1,0,0,0,0,0,0,-,-,33.936378479003906,-118.09918212890624,LOS ANGELES,DOWNEY,-118.0992431640625,33.9364128112793
91181754,2020,2020-04-13,9590,2020-01-31,2320,022173,NA,5,3,7,1942,0,1,1,NA,2,052,I-110 N/B (HARBOR FREEWAY),VENICE BLVD,500,N,N,A,-,Y,NA,NA,110,NA,NA,NA,NA,NA,N,N,4,0,1,2,A,-,03,22350,NA,N,C,C,A,A,H,-,C,D,0,NA,NA,NA,NA,Y,NA,A,07,0,0,1,0,0,0,0,0,0,-,-,34.039649963378906,-118.27377319335938,LOS ANGELES,LOS ANGELES,-118.27368927001952,34.03963851928711
91181758,2020,2020-02-06,9535,2020-01-29,0555,022225,NA,3,3,5,1901,0,1,1,NA,2,420,I-10 (SAN BERNARDINO FREEWAY) E/B,GARFIELD AVE,712,W,N,A,-,Y,NA,NA,10,NA,NA,NA,NA,NA,E,N,4,0,1,2,A,-,07,21658,A,N,C,C,A,A,A,-,B,D,0,NA,NA,NA,NA,Y,NA,D,22,0,0,1,0,0,0,0,0,0,-,-,34.0714111328125,-118.1254425048828,LOS ANGELES,ALHAMBRA,-118.1254425048828,34.0714225769043
91181773,2020,2020-02-06,9525,2020-01-30,1725,020370,NA,4,2,4,1946,0,1,1,NA,2,201,I-210 W/B (FOOTHILL FWY),HUNTINGTON DR.,400,E,N,A,-,Y,NA,NA,210,NA,NA,NA,NA,NA,W,Y,4,0,1,4,A,-,03,22350,NA,N,C,C,A,A,H,-,D,D,0,NA,NA,NA,NA,Y,NA,A,01,0,0,1,0,0,0,0,0,0,-,-,34.13697814941406,-118.0112075805664,LOS ANGELES,MONROVIA,-118.01121520996094,34.1369514465332
91181790,2020,2020-02-06,9580,2020-02-05,1735,021627,NA,3,2,7,1942,0,1,2,NA,2,100,US-101 N/B (HOLLYWOOD FREEWAY),CAMPO DE CAHUENGA OVERCROSSING,450,S,N,A,-,Y,NA,NA,101,NA,NA,NA,NA,NA,N,Y,4,0,1,3,A,-,03,22350,NA,N,C,C,A,A,H,-,B,D,0,NA,NA,NA,NA,Y,NA,A,07,0,0,1,0,0,0,0,0,0,-,-,34.13890075683594,-118.36431121826172,LOS ANGELES,LOS ANGELES,-118.3643035888672,34.138912200927734
91181795,2020,2020-02-06,9535,2020-01-27,1550,022339,NA,1,2,9,1900,0,1,1,NA,2,070,I-710 (LONG BEACH FREEWAY) N/B,OLYMPIC BLVD.,1700,N,N,A,-,Y,NA,NA,710,NA,NA,NA,NA,NA,N,Y,4,0,1,1,C,-,18,NA,NA,N,E,I,A,A,H,-,A,D,0,NA,NA,NA,NA,Y,NA,-,-,0,0,1,0,0,0,0,0,0,-,-,34.0241584777832,-118.17247772216795,LOS ANGELES,UNINCORPORATED,-118.1723403930664,34.02412796020508
9118180,2020,2020-09-09,1942,2020-06-30,0630,38947,1995,2,5,7,1942,0,0,0,NA,0,19A93,ARMINTA ST,WILLIS AV,783,E,N,A,-,N,NA,NA,NA,NA,NA,NA,NA,NA,NA,Y,3,0,2,3,A,-,05,21650,NA,N,A,C,A,A,H,-,A,D,0,NA,NA,NA,NA,Y,NA,A,01,0,1,1,0,0,0,0,0,0,-,-,NA,NA,LOS ANGELES,LOS ANGELES,-118.4527587890625,34.213401794433594
91181814,2020,2020-02-06,9525,2020-01-24,1250,014593,NA,5,1,5,1990,0,1,3,NA,2,574,SR-57 N/B (ORANGE FWY),DIAMOND BAR BLVD,750,N,N,A,-,Y,NA,NA,57,NA,NA,NA,NA,NA,N,N,4,0,1,1,A,-,08,22107,NA,N,F,A,A,A,H,-,A,D,0,NA,NA,Y,NA,Y,NA,C,02,0,0,1,0,0,0,0,0,1,-,-,33.970211029052734,-117.84751129150392,LOS ANGELES,DIAMOND BAR,-117.84744262695313,33.97015380859375
91181817,2020,2020-02-06,9550,2020-01-26,1850,022048,NA,7,2,7,1941,0,1,1,NA,2,653,INTERSTATE 605 S/B TO WILLOW STREET,WILLOW STREETS,1320,N,N,A,-,Y,NA,NA,605,NA,NA,NA,R,NA,S,Y,4,0,1,1,A,-,01,23152,A,N,E,I,A,A,H,-,C,D,0,NA,NA,NA,NA,Y,Y,A,07,0,0,1,0,0,0,0,0,0,-,-,33.80699157714844,-118.0818328857422,LOS ANGELES,LONG BEACH,-118.0818328857422,33.80699157714844
91181819,2020,2020-02-06,9530,2020-01-27,0525,020583,NA,1,3,7,1942,0,1,1,NA,2,110,I-110 S/B TO SR-91 E/B,SR-91,500,N,N,A,-,Y,NA,NA,110,NA,NA,NA,R,NA,S,Y,3,0,1,2,A,-,03,22350,NA,N,C,C,A,A,H,-,D,D,0,NA,NA,NA,Y,Y,NA,A,01,0,1,0,0,0,0,0,0,0,-,-,33.874290466308594,-118.28540802001952,LOS ANGELES,LOS ANGELES,-118.28540802001952,33.874290466308594
91181831,2020,2020-02-06,9590,2020-01-30,1915,022357,NA,4,2,7,1942,0,1,2,NA,2,071,US-101 S/B (HOLLYWOOD FREEWAY),GLENDALE BLVD,300,N,N,A,-,Y,NA,NA,101,NA,NA,NA,NA,NA,S,Y,4,0,1,3,A,-,07,21658,A,N,B,C,A,A,H,-,C,D,0,NA,NA,Y,NA,Y,NA,A,01,0,0,1,0,0,0,0,0,1,-,-,34.07001876831055,-118.26232147216795,LOS ANGELES,LOS ANGELES,-118.26232147216795,34.070011138916016
9118185,2020,2020-09-15,1942,2020-07-06,1130,38191,0901,1,5,7,1942,0,0,0,I,0,9A5,N SEPULVEDA BL,WYANDOTTE ST,0,NA,Y,A,-,N,NA,NA,NA,NA,NA,NA,NA,NA,NA,N,4,0,2,2,A,-,21,22106,NA,N,B,C,A,A,H,-,A,D,0,NA,NA,NA,NA,Y,NA,D,22,0,0,2,0,0,0,0,0,0,-,-,NA,NA,LOS ANGELES,LOS ANGELES,-118.46620178222656,34.202999114990234
91181853,2020,2020-04-29,9550,2020-02-04,0648,022426,NA,2,1,9,1900,0,2,4,NA,1,011,SLAUSON AVENUE W/B,NORWALK BOULEVARD,210,E,N,A,-,N,NA,NA,NA,NA,NA,NA,NA,NA,NA,Y,3,0,1,2,A,-,06,21755,NA,N,B,C,A,A,H,-,A,D,0,NA,NA,NA,Y,Y,NA,A,07,0,1,0,0,0,0,0,0,0,-,-,33.96480941772461,-118.06983947753906,LOS ANGELES,UNINCORPORATED,-118.06990051269533,33.964656829833984
91181855,2019,2020-02-06,9535,2019-10-26,1837,022254,NA,6,2,5,1969,0,1,1,NA,2,074,I-710 (LONG BEACH FREEWAY) N/B,FILESTONE BLVD,2200,S,N,A,-,Y,NA,NA,710,NA,NA,NA,NA,NA,N,Y,4,0,1,3,A,-,03,22350,NA,N,C,C,A,A,H,-,C,D,0,NA,NA,NA,NA,Y,NA,A,01,0,0,1,0,0,0,0,0,0,-,-,33.94295883178711,-118.17098236083984,LOS ANGELES,SOUTH GATE,-118.1709213256836,33.94295120239258
9118188,2020,2020-09-09,1942,2020-06-30,1025,44223,1063,2,5,7,1942,0,0,0,J,0,10A83,PHILLIPRIMM ST,WILBUR AV,215,E,N,A,-,N,NA,NA,NA,NA,NA,NA,NA,NA,NA,Y,3,0,1,2,A,-,03,22350,NA,N,C,E,A,A,H,-,A,D,0,NA,NA,Y,NA,Y,NA,A,01,0,1,0,0,0,0,0,0,0,-,-,NA,NA,LOS ANGELES,LOS ANGELES,-118.5439910888672,34.173011779785156
91181887,2020,2020-02-06,9530,2020-02-01,1145,022380,NA,6,1,9,1900,0,3,5,NA,2,001,FIRESTONE BLVD. (1600 BLOCK),MAIE AVE.,150,W,N,A,-,N,NA,NA,NA,NA,NA,NA,NA,NA,NA,Y,4,0,1,2,A,-,09,21801,A,F,D,C,A,A,H,-,A,D,0,NA,NA,Y,NA,Y,Y,A,01,0,0,1,0,0,0,0,0,1,-,-,33.960079193115234,-118.24501800537108,LOS ANGELES,UNINCORPORATED,-118.24493408203124,33.96015167236328
9118189,2020,2020-10-06,1942,2020-07-04,0930,40119,1012,6,5,7,1942,0,0,0,J,0,10A3,SHERMAN WAY,AMIGO AV,0,NA,Y,A,-,N,NA,NA,NA,NA,NA,NA,NA,NA,NA,Y,4,0,2,2,A,-,12,21453,A,N,D,C,A,A,H,-,A,A,0,NA,NA,NA,NA,Y,NA,-,-,0,0,2,0,0,0,0,0,0,-,-,NA,NA,LOS ANGELES,LOS ANGELES,-118.53862762451172,34.20117950439453
91181892,2020,2020-02-06,9535,2020-01-29,0945,022254,NA,3,1,5,1952,0,1,1,NA,2,075,I-710 (LONG BEACH FREEWAY) S/B,COMPTON BLVD.,250,N,N,A,-,Y,NA,NA,710,NA,NA,NA,NA,NA,S,Y,4,0,1,3,A,-,07,21658,A,N,B,C,A,A,H,-,A,D,0,NA,NA,NA,NA,Y,NA,A,01,0,0,1,0,0,0,0,0,0,-,-,33.89704132080078,-118.18757629394533,LOS ANGELES,PARAMOUNT,-118.18760681152344,33.89704513549805
91181912,2020,2020-02-06,9550,2020-02-06,0815,017042,NA,4,1,5,1919,0,1,1,NA,2,652,I-605 S/B (SAN GABRIEL RIVER FRWY),183RD STREET,380,S,N,A,-,Y,NA,NA,605,NA,NA,NA,NA,NA,S,Y,3,0,1,2,A,-,08,22107,NA,N,C,C,A,A,H,-,A,D,0,NA,NA,NA,NA,Y,NA,A,01,0,1,0,0,0,0,0,0,0,-,-,33.86450958251953,-118.09821319580078,LOS ANGELES,CERRITOS,-118.0983428955078,33.86445999145508
9118193,2020,2020-09-15,1942,2020-07-03,0935,42818,1027,5,5,7,1942,0,0,0,J,0,10A17,BALBOA BL,HART ST,0,NA,Y,A,-,N,NA,NA,NA,NA,NA,NA,NA,NA,NA,Y,3,0,4,3,A,-,09,21801,NA,N,D,C,A,A,H,-,A,A,0,NA,NA,NA,NA,Y,NA,A,07,0,1,3,0,0,0,0,0,0,-,-,NA,NA,LOS ANGELES,LOS ANGELES,-118.50137329101564,34.19784164428711
91181958,2020,2020-02-06,9535,2020-01-29,1630,022159,NA,3,2,3,1914,0,1,1,NA,2,501,I-5 (SANTA ANA FREEWAY) S/B,TRIGGS ST,1000,N,N,A,-,Y,NA,NA,5,NA,NA,NA,NA,NA,S,N,4,0,1,2,A,-,03,22350,NA,N,C,C,A,A,H,-,A,D,0,NA,NA,NA,NA,Y,NA,A,07,0,0,1,0,0,0,0,0,0,-,-,34.012451171875,-118.16381072998048,LOS ANGELES,COMMERCE,-118.16382598876952,34.01241683959961
91181962,2020,2020-02-06,9535,2020-01-29,1655,022319,NA,3,2,9,1900,0,3,5,NA,2,001,HERBERT AVE.,WHITESIDE ST.,0,NA,Y,A,-,N,NA,NA,NA,NA,NA,NA,NA,NA,NA,Y,4,0,2,2,A,-,09,21802,A,N,D,C,A,A,H,-,C,A,0,NA,NA,NA,NA,Y,NA,A,01,0,0,2,0,0,0,0,0,0,-,-,34.05727005004883,-118.18341827392578,LOS ANGELES,UNINCORPORATED,-118.18344116210938,34.05725860595703
91181965,2020,2020-02-06,9535,2020-01-29,1730,022025,NA,3,2,3,1914,0,1,1,NA,2,501,I-5 (SANTA ANA FREEWAY) S/B,RIO HONDO RIVER,50,N,N,A,-,Y,NA,NA,5,NA,NA,NA,NA,NA,S,N,4,0,1,2,A,-,03,22350,NA,N,C,C,A,A,H,-,A,D,0,NA,NA,NA,NA,Y,NA,A,01,0,0,1,0,0,0,0,0,0,-,-,33.97140121459961,-118.12290191650392,LOS ANGELES,COMMERCE,-118.1229248046875,33.97139358520508
9118197,2020,2020-09-17,1942,2020-07-06,1745,42051,1003,1,5,7,1942,0,0,0,J,0,10A3,SATICOY ST,AMIGO AV,50,W,N,A,-,N,NA,NA,NA,NA,NA,NA,NA,NA,NA,Y,4,0,6,3,A,-,03,22350,NA,N,C,C,A,A,H,-,A,D,0,NA,NA,NA,NA,Y,NA,D,22,0,0,6,0,0,0,0,0,0,-,-,NA,NA,LOS ANGELES,LOS ANGELES,-118.53841400146484,34.2083625793457
91181977,2020,2020-02-06,9535,2020-01-29,1852,022298,NA,3,2,5,1947,0,1,3,NA,2,620,SR-60 E/B (POMONA FREEWAY),SAN GABRIEL BOULEVARD,1500,W,N,A,-,Y,NA,NA,60,NA,NA,NA,NA,NA,E,Y,4,0,1,2,A,-,03,22350,NA,N,C,C,A,A,H,-,D,D,0,NA,NA,NA,NA,Y,NA,A,01,0,0,1,0,0,0,0,0,0,-,-,34.03765869140625,-118.08577728271484,LOS ANGELES,MONTEBELLO,-118.08578491210938,34.03766632080078
9118201,2020,2020-09-15,1942,2020-07-08,0935,43300,1061,3,5,7,1942,0,0,0,J,0,10A83,VENTURA BL,TAMPA AV,0,NA,Y,A,-,N,NA,NA,NA,NA,NA,NA,NA,NA,NA,Y,4,0,1,2,A,-,09,21801,A,N,D,C,A,A,H,-,A,D,0,NA,NA,NA,NA,Y,NA,I,11,0,0,1,0,0,0,0,0,0,-,-,NA,NA,LOS ANGELES,LOS ANGELES,-118.553466796875,34.17264175415039
91182036,2020,2020-02-07,9550,2020-02-05,2015,020037,NA,3,2,5,1919,0,1,3,NA,2,092,STATE ROUTE 91 WESTBOUND (ARTESIA FWY),BLOOMFIELD AVENUE,100,E,N,A,-,Y,NA,NA,91,NA,NA,NA,NA,NA,W,Y,4,0,2,2,A,-,01,23152,F,N,E,I,A,A,H,-,C,D,0,NA,NA,NA,NA,Y,NA,A,01,0,0,2,0,0,0,0,0,0,-,-,33.87548065185547,-118.06358337402344,LOS ANGELES,CERRITOS,-118.06365966796876,33.87529754638672
9118204,2020,2020-09-16,1942,2020-07-06,1820,38033,1902,1,5,7,1942,0,0,0,NA,0,19A7,FOOTHILL BL,ROXFORD ST,300,N,N,A,-,N,NA,NA,NA,NA,NA,NA,NA,NA,NA,Y,4,0,4,3,A,-,21,22106,NA,N,D,C,A,A,H,-,A,A,0,NA,NA,NA,NA,Y,NA,A,01,0,0,4,0,0,0,0,0,0,-,-,NA,NA,LOS ANGELES,LOS ANGELES,-118.45924377441406,34.32249069213867
9118205,2020,2020-09-15,1942,2020-07-04,1320,33947,1549,6,5,7,1942,0,0,0,O,0,15A39,CAHUENGA BL,CHANDLER BL,450,S,N,A,-,N,NA,NA,NA,NA,NA,NA,NA,NA,NA,Y,3,0,1,2,A,-,08,22100,NA,N,C,C,A,A,H,-,A,D,0,NA,NA,NA,NA,Y,NA,A,07,0,1,0,0,0,0,0,0,0,-,-,NA,NA,LOS ANGELES,LOS ANGELES,-118.36154174804688,34.16746520996094
91182079,2020,2020-02-07,9575,2020-01-28,2320,017148,NA,2,3,6,1925,0,1,3,NA,2,042,SR-134 E/B (VENTURA FREEWAY),HARVEY DR,300,W,N,A,-,Y,NA,NA,134,NA,NA,NA,NA,NA,E,Y,4,0,1,2,A,-,01,23152,A,N,C,C,A,A,H,-,C,D,0,NA,NA,NA,NA,Y,Y,D,22,0,0,1,0,0,0,0,0,0,-,-,34.15005874633789,-118.23345184326172,LOS ANGELES,GLENDALE,-118.23347473144533,34.15001678466797
9118208,2020,2020-09-25,1942,2020-07-04,0245,43913,1962,6,5,7,1942,0,0,0,NA,0,19A61,NORDHOFF ST,NOBLE AV,0,NA,Y,A,-,N,NA,NA,NA,NA,NA,NA,NA,NA,NA,N,4,0,1,2,D,-,00,NA,NA,N,D,C,A,A,-,-,C,A,0,NA,NA,NA,NA,Y,NA,-,-,0,0,1,0,0,0,0,0,0,-,-,NA,NA,LOS ANGELES,LOS ANGELES,-118.46096801757813,34.23548126220703
9118209,2020,2020-09-30,1942,2020-07-03,1530,41514,1503,5,5,7,1942,0,0,0,O,0,15A3,ARCHWOOD ST,LAUREL CANYON BL,50,E,N,A,-,N,NA,NA,NA,NA,NA,NA,NA,NA,NA,N,4,0,1,2,A,-,09,21804,A,N,D,C,A,A,H,-,A,D,0,NA,NA,NA,NA,Y,NA,D,22,0,0,1,0,0,0,0,0,0,-,-,NA,NA,LOS ANGELES,LOS ANGELES,-118.39634704589844,34.19211196899414
91182091,2019,2020-02-07,9565,2019-12-15,1410,022219,NA,7,2,9,1900,0,2,4,NA,2,021,VERMONT AVE.,88TH ST,30,S,N,A,-,N,NA,NA,NA,NA,NA,NA,NA,NA,NA,N,2,0,1,2,A,-,08,22107,NA,N,D,G,A,A,H,-,A,A,0,NA,Y,NA,NA,Y,Y,L,04,1,0,0,0,0,0,1,0,0,-,-,33.957759857177734,-118.2917709350586,LOS ANGELES,UNINCORPORATED,-118.29191589355467,33.95785903930664
91182113,2020,2020-02-07,9530,2020-02-05,0755,014654,NA,3,1,7,1941,0,1,1,NA,2,420,I-405 N/B (SAN DIEGO FREEWAY),ORANGE AVE.,100,S,N,A,-,Y,NA,NA,NA,NA,NA,NA,NA,NA,NA,N,4,0,1,2,A,-,03,22350,NA,N,C,C,A,A,H,-,A,D,0,NA,NA,NA,NA,Y,NA,A,07,0,0,1,0,0,0,0,0,0,-,-,33.48509979248047,-118.10327911376952,LOS ANGELES,LONG BEACH,-118.17633056640624,33.81438064575195
91182118,2020,2020-02-07,9565,2020-01-10,1310,021484,NA,5,1,9,1900,0,3,5,NA,2,005,VIA MARINA (4500 BLOCK),NW PASSAGE,0,NA,Y,A,-,N,NA,NA,NA,NA,NA,NA,NA,NA,NA,N,4,0,1,2,A,-,05,21650,NA,N,D,G,A,A,H,-,A,D,0,NA,Y,NA,NA,Y,NA,L,04,0,0,1,0,0,0,1,0,0,-,-,33.970149993896484,-118.45471954345705,LOS ANGELES,UNINCORPORATED,-118.4548568725586,33.97016143798828
9118212,2020,2020-09-14,1942,2020-06-29,1915,44114,2139,1,5,7,1942,0,0,0,NA,0,NA,SATICOY ST,OAKDALE AV,0,NA,Y,A,-,N,NA,NA,NA,NA,NA,NA,NA,NA,NA,Y,4,0,1,2,A,-,09,21801,A,N,D,C,A,A,H,-,A,A,0,NA,NA,NA,NA,Y,NA,A,01,0,0,1,0,0,0,0,0,0,-,-,NA,NA,LOS ANGELES,LOS ANGELES,-118.56668090820313,34.20832824707031
91182122,2020,2020-02-07,9535,2020-01-31,1340,021976,NA,5,1,5,1901,0,1,1,NA,2,420,I-10 (SAN BERNARDINO FREEWAY) E/B,GARFIELD AVE.,330,W,N,A,-,Y,NA,NA,10,NA,NA,NA,NA,NA,E,Y,4,0,1,3,A,-,03,22350,NA,N,C,C,A,A,H,-,A,D,0,NA,NA,NA,NA,Y,NA,A,01,0,0,1,0,0,0,0,0,0,-,-,34.07141876220703,-118.12416076660156,LOS ANGELES,ALHAMBRA,-118.12416076660156,34.071441650390625