CASE_ID,ACCIDENT_YEAR,PROC_DATE,JURIS,COLLISION_DATE,COLLISION_TIME,OFFICER_ID,REPORTING_DISTRICT,DAY_OF_WEEK,CHP_SHIFT,POPULATION,CNTY_CITY_LOC,SPECIAL_COND,BEAT_TYPE,CHP_BEAT_TYPE,CITY_DIVISION_LAPD,CHP_BEAT_CLASS,BEAT_NUMBER,PRIMARY_RD,SECONDARY_RD,DISTANCE,DIRECTION,INTERSECTION,WEATHER_1,WEATHER_2,STATE_HWY_IND,CALTRANS_COUNTY,CALTRANS_DISTRICT,STATE_ROUTE,ROUTE_SUFFIX,POSTMILE_PREFIX,POSTMILE,LOCATION_TYPE,RAMP_INTERSECTION,SIDE_OF_HWY,TOW_AWAY,COLLISION_SEVERITY,NUMBER_KILLED,NUMBER_INJURED,PARTY_COUNT,PRIMARY_COLL_FACTOR,PCF_CODE_OF_VIOL,PCF_VIOL_CATEGORY,PCF_VIOLATION,PCF_VIOL_SUBSECTION,HIT_AND_RUN,TYPE_OF_COLLISION,MVIW,PED_ACTION,ROAD_SURFACE,ROAD_COND_1,ROAD_COND_2,LIGHTING,CONTROL_DEVICE,CHP_ROAD_TYPE,PEDESTRIAN_ACCIDENT,BICYCLE_ACCIDENT,MOTORCYCLE_ACCIDENT,TRUCK_ACCIDENT,NOT_PRIVATE_PROPERTY,ALCOHOL_INVOLVED,STWD_VEHTYPE_AT_FAULT,CHP_VEHTYPE_AT_FAULT,COUNT_SEVERE_INJ,COUNT_VISIBLE_INJ,COUNT_COMPLAINT_PAIN,COUNT_PED_KILLED,COUNT_PED_INJURED,COUNT_BICYCLIST_KILLED,COUNT_BICYCLIST_INJURED,COUNT_MC_KILLED,COUNT_MC_INJURED,PRIMARY_RAMP,SECONDARY_RAMP,LATITUDE,LONGITUDE,COUNTY,CITY,POINT_X,POINT_Y
91183175,2020,2020-02-10,9550,2020-01-29,1240,017719,NA,3,1,9,1900,0,3,5,NA,2,003,NEWTON STREET,KWIS AVENUE,0,NA,Y,A,-,N,NA,NA,NA,NA,NA,NA,NA,NA,NA,N,4,0,1,2,A,-,10,21950,A,N,G,B,B,A,H,-,A,A,0,Y,NA,NA,NA,Y,NA,A,07,0,0,1,0,1,0,0,0,0,-,-,33.99803161621094,-117.97437286376952,LOS ANGELES,UNINCORPORATED,-117.97442626953124,33.99795913696289
91183178,2020,2020-02-10,9545,2020-02-01,0305,022265,NA,6,3,6,1992,0,1,3,NA,2,011,SR-14 N/B,AVENUE J,860,S,N,A,-,Y,NA,NA,14,NA,NA,NA,NA,NA,N,Y,4,0,1,1,A,-,01,23152,A,N,E,I,A,A,H,-,D,D,0,NA,NA,NA,NA,Y,Y,A,01,0,0,1,0,0,0,0,0,0,-,-,34.68708038330078,-118.16838073730467,LOS ANGELES,LANCASTER,-118.1684341430664,34.68704605102539
91183206,2020,2020-02-10,9540,2020-01-31,1355,021214,NA,5,1,7,1942,0,1,1,NA,1,501,I-5 S/B (GOLDEN STATE FREEWAY),SAN FERNANDO MISSION BLVD,1056,N,N,A,-,Y,NA,NA,5,NA,NA,NA,NA,NA,S,Y,4,0,1,2,A,-,07,21658,A,N,D,C,A,A,H,-,A,D,0,NA,NA,NA,Y,Y,NA,A,01,0,0,1,0,0,0,0,0,0,-,-,34.28049850463867,-118.456298828125,LOS ANGELES,LOS ANGELES,-118.45622253417967,34.28054428100586
91183231,2020,2020-02-10,9545,2020-02-03,0802,019816,NA,1,1,9,1900,0,3,5,NA,2,003,ALISO CANYON ROAD,AVENUE Y8,0,NA,Y,A,-,N,NA,NA,NA,NA,NA,NA,NA,NA,NA,Y,4,0,1,2,A,-,09,21802,A,N,D,C,A,A,H,-,A,D,0,NA,NA,NA,NA,Y,NA,A,07,0,0,1,0,0,0,0,0,0,-,-,34.458900451660156,-118.1576919555664,LOS ANGELES,UNINCORPORATED,-118.15763092041016,34.45895004272461
91183245,2020,2020-02-10,9530,2020-01-31,0605,018745,NA,5,1,9,1900,0,3,5,NA,2,005,MARINE AVE. (3100 BLOCK),CRENSHAW BLVD.,38,W,N,A,-,N,NA,NA,NA,NA,NA,NA,NA,NA,NA,Y,2,0,1,2,A,-,07,21658,A,N,D,C,A,A,H,-,C,D,0,NA,NA,Y,NA,Y,NA,C,02,1,0,0,0,0,0,0,0,1,-,-,33.894691467285156,-118.32673645019533,LOS ANGELES,UNINCORPORATED,-118.32666778564452,33.89466094970703
91183264,2020,2020-09-30,9530,2020-02-03,0810,019412,NA,1,1,9,1900,0,3,5,NA,2,002,127TH ST. (300 BLOCK),SAN PEDRO ST.,200,E,N,A,-,Y,NA,NA,NA,NA,NA,NA,NA,NA,NA,N,4,0,1,2,A,-,21,22106,NA,N,B,C,A,A,H,-,A,D,0,NA,NA,NA,NA,Y,NA,A,01,0,0,1,0,0,0,0,0,0,-,-,33.91764831542969,-118.26853942871094,LOS ANGELES,UNINCORPORATED,-118.26895141601564,33.91763687133789
91183269,2020,2020-02-10,9540,2020-02-07,1810,021447,NA,5,2,6,1985,0,1,3,NA,1,144,SR-14 N/B,VIA PRINCESSA,1200,S,N,A,-,Y,NA,NA,14,NA,NA,NA,NA,NA,N,Y,4,0,2,2,A,-,04,21703,NA,N,C,C,A,A,H,-,C,D,0,NA,NA,NA,NA,Y,NA,A,08,0,0,2,0,0,0,0,0,0,-,-,34.40040969848633,-118.45852661132813,LOS ANGELES,SANTA CLARITA,-118.45853424072266,34.40041732788086
91183277,2020,2020-02-10,9590,2020-01-22,0930,021926,NA,3,1,7,1942,0,1,1,NA,2,021,I-10 W/B (SBF) TO SOTO ST.,SOTO,15,E,N,A,-,Y,NA,NA,10,NA,NA,NA,R,NA,W,N,4,0,1,2,A,-,08,22107,NA,N,B,C,A,A,H,-,A,D,0,NA,NA,NA,NA,Y,NA,-,99,0,0,1,0,0,0,0,0,0,-,-,34.05649185180664,-118.20172882080078,LOS ANGELES,LOS ANGELES,-118.20172882080078,34.05649185180664
91183282,2020,2020-02-10,9530,2020-02-03,0855,021004,NA,1,1,9,1900,0,3,5,NA,2,001,HILL ST (2700 BLOCK),SEVILLE AVE.,212,E,N,A,-,N,NA,NA,NA,NA,NA,NA,NA,NA,NA,N,4,0,1,2,A,-,09,21804,A,N,D,C,A,A,H,-,A,D,0,NA,NA,NA,NA,Y,NA,A,07,0,0,1,0,0,0,0,0,0,-,-,33.96710968017578,-118.22102355957033,LOS ANGELES,UNINCORPORATED,-118.22174835205078,33.967140197753906
91183286,2020,2020-02-10,9565,2020-01-29,0855,020560,NA,3,1,7,1942,0,1,1,NA,2,061,I-405 S/B,JEFFERSON BLVD,1000,S,N,A,-,Y,NA,NA,405,NA,NA,NA,NA,NA,S,N,4,0,2,2,A,-,03,22350,NA,N,C,C,A,A,H,-,A,D,0,NA,NA,NA,NA,Y,NA,A,01,0,0,2,0,0,0,0,0,0,-,-,33.98548889160156,-118.3975830078125,LOS ANGELES,LOS ANGELES,-118.39752960205078,33.98552703857422
91183289,2020,2020-02-10,9565,2020-02-02,1644,022038,NA,7,2,4,1918,0,1,1,NA,2,061,I-405 S/B (SAN DIEGO FWY),BRADDOCK DR,800,S,N,A,-,Y,NA,NA,405,NA,NA,NA,NA,NA,S,Y,3,0,1,2,A,-,07,21658,A,F,B,C,A,A,H,-,A,D,0,NA,NA,Y,NA,Y,NA,-,99,0,1,0,0,0,0,0,0,1,-,-,33.997989654541016,-118.4074935913086,LOS ANGELES,CULVER CITY,-118.40740966796876,33.998050689697266
91183290,2020,2020-02-10,9550,2020-02-05,1055,018161,NA,3,1,3,1964,0,1,1,NA,2,650,INTERSTATE 605 SOUTHBOUND,TELEGRAPH ROAD,300,N,N,A,-,Y,NA,NA,605,NA,NA,NA,NA,NA,S,N,3,0,1,2,A,-,03,22350,NA,N,C,C,A,A,H,-,A,D,0,NA,NA,NA,NA,Y,NA,A,01,0,1,0,0,0,0,0,0,0,-,-,33.953731536865234,-118.08973693847656,LOS ANGELES,SANTA FE SPRINGS,-118.08973693847656,33.9537239074707
91183298,2020,2020-02-10,9565,2020-02-01,1707,022038,NA,6,2,5,1928,0,1,1,NA,2,012,I-105 E/B (CENTURY FWY),118TH ST,100,W,N,A,-,Y,NA,NA,105,NA,NA,NA,NA,NA,E,N,4,0,2,2,A,-,03,22350,NA,N,C,C,A,A,H,-,B,D,0,NA,NA,NA,NA,Y,NA,A,07,0,0,2,0,0,0,0,0,0,-,-,33.92797088623047,-118.34136962890624,LOS ANGELES,HAWTHORNE,-118.3413543701172,33.9279899597168
91183309,2020,2020-02-10,9550,2020-02-04,0745,018161,NA,2,1,9,1900,0,2,4,NA,1,012,WASHINGTON BOULEVARD,DUCHESS DR,18,W,N,A,-,N,NA,NA,NA,NA,NA,NA,NA,NA,NA,Y,3,0,1,2,A,-,09,21801,A,N,D,C,A,A,H,-,A,A,0,NA,NA,NA,NA,Y,NA,A,01,0,1,0,0,0,0,0,0,0,-,-,33.97188949584961,-118.07080078125,LOS ANGELES,UNINCORPORATED,-118.07090759277344,33.9718132019043
9118332,2020,2020-09-11,1942,2020-06-09,1330,44114,2147,2,5,7,1942,0,0,0,NA,0,21A42,SHERMAN WAY,JORDAN AV,0,NA,Y,A,-,N,NA,NA,NA,NA,NA,NA,NA,NA,NA,Y,3,0,1,3,D,-,00,NA,NA,N,D,C,A,A,H,-,A,A,0,NA,NA,NA,NA,Y,NA,-,-,0,1,0,0,0,0,0,0,0,-,-,NA,NA,LOS ANGELES,LOS ANGELES,-118.60285186767578,34.201019287109375
91183332,2020,2020-02-10,9590,2020-01-31,2255,018529,NA,5,3,7,1942,0,1,1,NA,2,052,I-110 N/B,28TH ST.,100,N,N,A,-,Y,NA,NA,110,NA,NA,NA,NA,NA,N,Y,4,0,1,2,A,-,07,21658,A,N,B,C,A,A,H,-,C,D,0,NA,NA,NA,NA,Y,NA,A,01,0,0,1,0,0,0,0,0,0,-,-,34.02621841430664,-118.2753677368164,LOS ANGELES,LOS ANGELES,-118.27516174316406,34.02608871459961
91183336,2019,2020-02-10,9530,2019-09-26,1308,021689,NA,4,1,7,1941,0,1,A,NA,2,710,I-710 S/B (LONG BEACH FREEWAY),LONG BEACH BLVD.,300,S,N,A,-,Y,NA,NA,710,NA,NA,NA,NA,NA,S,Y,1,1,0,1,A,-,08,22107,NA,N,E,I,A,A,H,-,A,D,0,NA,NA,NA,NA,Y,NA,A,07,0,0,0,0,0,0,0,0,0,-,-,33.863990783691406,-118.19905853271484,LOS ANGELES,LONG BEACH,-118.19867706298828,33.86376190185547
91183363,2020,2020-02-10,9575,2020-01-30,1509,021006,NA,4,2,7,1942,0,1,1,NA,2,052,I-5 N/B (GOLDEN STATE FREEWAY),LAUREL CANYON BLVD.,90,N,N,A,-,Y,NA,NA,5,NA,NA,NA,NA,NA,N,Y,4,0,4,6,A,-,07,21658,A,N,B,C,A,A,H,-,A,D,0,NA,NA,NA,Y,Y,NA,A,01,0,0,4,0,0,0,0,0,0,-,-,34.23160934448242,-118.40321350097656,LOS ANGELES,LOS ANGELES,-118.40322113037108,34.231563568115234
91183381,2020,2020-02-10,9565,2020-01-31,0840,020560,NA,5,1,4,1918,0,1,1,NA,2,061,I-405 S/B,WASHINGTON PL.,500,N,N,A,-,Y,NA,NA,405,NA,NA,NA,NA,NA,S,Y,4,0,3,2,A,-,07,21658,A,N,B,C,A,A,H,-,A,D,0,NA,NA,NA,NA,Y,NA,D,22,0,0,3,0,0,0,0,0,0,-,-,34.009300231933594,-118.4162368774414,LOS ANGELES,CULVER CITY,-118.41626739501952,34.009281158447266
91183388,2020,2020-02-10,9565,2020-01-30,1124,015587,NA,4,1,7,1942,0,1,1,NA,2,063,I-405 S/B (SAN DIEGO FREEWAY),SANTA MONICA BLVD,1584,S,N,A,-,Y,NA,NA,405,NA,NA,NA,NA,NA,S,N,4,0,2,3,A,-,03,22350,NA,N,C,C,A,A,H,-,A,D,0,NA,NA,NA,NA,Y,NA,A,01,0,0,2,0,0,0,0,0,0,-,-,34.04233932495117,-118.44300842285156,LOS ANGELES,LOS ANGELES,-118.44290161132813,34.04243087768555
91183419,2020,2020-02-10,9530,2020-02-01,2145,021290,NA,6,2,6,1972,0,1,1,NA,2,400,I-405 S/B (SAN DIEGO FREEWAY),WESTERN AVE.,1300,S,N,A,-,Y,NA,NA,NA,NA,NA,NA,NA,NA,NA,Y,4,0,2,2,D,-,00,NA,NA,N,C,C,A,A,H,-,C,D,0,NA,NA,NA,NA,Y,NA,-,-,0,0,2,0,0,0,0,0,0,-,-,33.85969924926758,-118.30474853515624,LOS ANGELES,TORRANCE,-118.30917358398438,33.859771728515625
91183425,2020,2020-02-10,9535,2020-01-29,0510,022286,NA,3,3,5,1948,0,1,3,NA,2,600,SR-60 (POMONA FREEWAY) E/B,PARAMOUNT BLVD,1600,W,N,A,-,Y,NA,NA,60,NA,NA,NA,NA,NA,E,Y,2,0,1,2,A,-,07,21658,A,N,B,C,A,A,H,-,D,D,0,NA,NA,NA,Y,Y,NA,A,01,1,0,0,0,0,0,0,0,0,-,-,34.035621643066406,-118.09977722167967,LOS ANGELES,MONTEREY PARK,-118.09978485107422,34.03569030761719
91183446,2020,2020-02-10,9580,2020-02-02,1405,022036,NA,7,2,7,1942,0,1,2,NA,2,102,US-101 N/B (VENTURA FREEWAY),I-405,600,N,N,A,-,Y,NA,NA,101,NA,NA,NA,NA,NA,N,N,4,0,1,2,A,-,03,22350,NA,M,C,C,A,A,H,-,A,D,0,NA,NA,NA,NA,Y,NA,-,99,0,0,1,0,0,0,0,0,0,-,-,34.16270065307617,-118.47129821777344,LOS ANGELES,LOS ANGELES,-118.47132110595705,34.162681579589844
91183454,2019,2020-02-10,9535,2019-11-27,2000,021773,NA,3,2,9,1900,0,3,5,NA,2,001,MEDFORD ST (3900 E. BLOCK),KNOWLES AVE,50,W,N,B,-,N,NA,NA,NA,NA,NA,NA,NA,NA,NA,Y,4,0,1,2,A,-,07,21658,A,M,C,C,A,B,H,-,C,D,0,NA,NA,NA,NA,Y,NA,A,01,0,0,1,0,0,0,0,0,0,-,-,34.060081481933594,-118.18264770507813,LOS ANGELES,UNINCORPORATED,-118.1825942993164,34.06011199951172
91183475,2020,2020-02-10,9575,2020-02-02,1940,021006,NA,7,2,9,1900,0,2,4,NA,2,028,MARENGO AVE. (2800 BLOCK),ALTADENA DR.,150,N,N,B,-,N,NA,NA,NA,NA,NA,NA,NA,NA,NA,N,4,0,1,1,A,-,01,23152,A,N,F,A,A,A,H,-,C,D,0,NA,NA,Y,NA,Y,Y,O,05,0,0,1,0,0,0,0,0,1,-,-,34.192909240722656,-118.14112091064452,LOS ANGELES,UNINCORPORATED,-118.14103698730467,34.19297409057617
91183485,2020,2020-02-10,9550,2020-02-06,0943,020014,NA,4,1,9,1900,0,3,5,NA,2,002,MILLS AVENUE,OVAL DRIVE,0,NA,Y,A,-,N,NA,NA,NA,NA,NA,NA,NA,NA,NA,Y,4,0,1,2,A,-,12,21453,A,N,D,C,A,A,H,-,E,A,0,NA,NA,NA,NA,Y,NA,A,07,0,0,1,0,0,0,0,0,0,-,-,33.94369125366211,-118.02571105957033,LOS ANGELES,UNINCORPORATED,-118.02578735351564,33.943660736083984
91183491,2020,2020-02-10,9540,2020-02-01,1851,021214,NA,6,2,7,1942,0,1,1,NA,2,504,I-5 N/B (GOLDEN STATE FREEWAY) TRK RTE,I-210,284,N,N,A,-,Y,NA,NA,5,NA,NA,NA,NA,NA,N,Y,3,0,1,1,A,-,01,23152,A,M,E,I,A,A,H,-,D,D,0,NA,NA,NA,NA,Y,Y,A,07,0,1,0,0,0,0,0,0,0,-,-,34.319358825683594,-118.49295806884766,LOS ANGELES,LOS ANGELES,-118.49313354492188,34.31914138793945
91183518,2020,2020-02-10,9540,2020-02-05,0615,020862,NA,3,1,9,1900,0,1,1,NA,1,503,I-5 SOUTHBOUND (GOLDEN STATE FWY),CALGROVE BLVD,2112,S,N,A,-,Y,NA,NA,5,NA,NA,NA,NA,NA,S,Y,4,0,2,3,A,-,04,21703,NA,F,C,C,A,A,H,-,B,D,0,NA,NA,NA,NA,Y,NA,A,01,0,0,2,0,0,0,0,0,0,-,-,34.35721969604492,-118.55287170410156,LOS ANGELES,UNINCORPORATED,-118.55290985107422,34.3571891784668
91183540,2020,2020-02-10,9540,2020-01-29,0530,018513,NA,3,3,6,1985,0,1,3,NA,2,149,SR-14 S/B (ANTELOPE VALLEY FREEWAY),VIA PRINCESSA,130,S,N,A,-,Y,NA,NA,14,NA,NA,NA,NA,NA,S,Y,3,0,1,3,A,-,07,21658,A,F,B,C,A,A,H,-,D,D,0,NA,NA,NA,NA,Y,NA,-,99,0,1,0,0,0,0,0,0,0,-,-,34.40242004394531,-118.45536041259766,LOS ANGELES,SANTA CLARITA,-118.45538330078124,34.40245819091797
91183544,2019,2020-02-10,9530,2019-12-08,1210,021493,NA,7,1,7,1942,0,1,1,NA,2,110,I-110 N/B (HARBOR FREEWAY),ROSECRANS AVE.,500,S,N,B,C,Y,NA,NA,110,NA,NA,NA,NA,NA,N,Y,3,0,2,2,A,-,07,21658,A,N,C,C,A,B,H,-,A,D,0,NA,NA,Y,NA,Y,NA,C,02,0,2,0,0,0,0,0,0,2,-,-,33.901161193847656,-118.286376953125,LOS ANGELES,LOS ANGELES,-118.28651428222656,33.901161193847656
91183553,2020,2020-02-10,9580,2020-01-31,1845,020728,NA,5,2,7,1942,0,1,2,NA,2,105,US-101 S/B (VENTURA FREEWAY),WINNETKA AVE,100,S,N,A,-,Y,NA,NA,101,NA,NA,NA,NA,NA,S,N,4,0,4,3,A,-,03,22350,NA,N,C,C,A,A,H,-,C,D,0,NA,NA,NA,NA,Y,NA,A,07,0,0,4,0,0,0,0,0,0,-,-,34.172550201416016,-118.56971740722656,LOS ANGELES,LOS ANGELES,-118.5697021484375,34.172462463378906
91183582,2020,2020-02-10,9540,2020-02-02,1405,021370,NA,7,2,9,1900,0,2,4,NA,2,010,THE OLD RD (25900 BLOCK),STEVENSON RANCH PKY,10,S,N,A,-,N,NA,NA,NA,NA,NA,NA,NA,NA,NA,Y,4,0,3,2,A,-,07,21658,A,N,C,C,A,A,H,-,A,A,0,NA,NA,NA,NA,Y,NA,A,01,0,0,3,0,0,0,0,0,0,-,-,34.393150329589844,-118.57437133789064,LOS ANGELES,UNINCORPORATED,-118.57457733154295,34.393436431884766
91183593,2020,2020-02-10,9565,2020-01-31,2232,022219,NA,5,3,5,1928,0,1,1,NA,2,060,I-405 S/B (SAN DIEGO FREEWAY),ROSECRANS AVE,1000,S,N,A,-,Y,NA,NA,405,NA,NA,NA,NA,NA,S,Y,3,0,3,2,A,-,08,22107,NA,N,B,C,A,A,H,-,D,D,0,NA,NA,NA,NA,Y,Y,A,01,0,3,0,0,0,0,0,0,0,-,-,33.89768981933594,-118.36990356445313,LOS ANGELES,HAWTHORNE,-118.36992645263672,33.897674560546875
91183595,2020,2020-02-10,9545,2020-02-06,2145,021814,NA,4,2,9,1900,0,3,5,NA,2,003,PEARBLOSSOM HWY,OLD NADEAU RD,60,E,N,A,-,N,NA,NA,NA,NA,NA,NA,NA,NA,NA,N,4,0,1,1,C,-,18,NA,NA,N,E,J,A,A,H,-,D,D,0,NA,NA,NA,NA,Y,NA,-,-,0,0,1,0,0,0,0,0,0,-,-,34.523860931396484,-118.09580230712892,LOS ANGELES,UNINCORPORATED,-118.09586334228516,34.52385330200195
91183600,2020,2020-02-10,9580,2020-02-05,1630,021291,NA,3,2,7,1942,0,1,3,NA,2,116,SR-118 E/B (RONALD REAGAN FWY.),WOODLEY AVE,1500,W,N,A,-,Y,NA,NA,118,NA,NA,NA,NA,NA,E,Y,4,0,1,4,A,-,03,22350,NA,N,C,C,A,A,H,-,A,D,0,NA,NA,NA,NA,Y,NA,A,01,0,0,1,0,0,0,0,0,0,-,-,34.270729064941406,-118.48912811279295,LOS ANGELES,LOS ANGELES,-118.48891448974608,34.27098846435547
91183614,2020,2020-02-10,9525,2020-02-02,1502,021080,NA,7,2,5,1990,0,1,3,NA,2,584,SR-57 N/B (ORANGE FWY),DIAMOND BAR BLVD,2640,N,N,A,-,Y,NA,NA,57,NA,NA,NA,NA,NA,N,N,4,0,3,3,A,-,03,22350,NA,N,C,C,A,A,H,-,A,D,0,NA,NA,NA,NA,Y,NA,A,07,0,0,3,0,0,0,0,0,0,-,-,33.97554016113281,-117.84311676025392,LOS ANGELES,DIAMOND BAR,-117.84310150146484,33.97552490234375
91183628,2020,2020-02-10,9565,2020-01-29,1400,021678,NA,3,2,9,1900,0,2,4,NA,1,041,LA CIENEGA BLVD.,120TH ST,0,NA,Y,A,-,N,NA,NA,NA,NA,NA,NA,NA,NA,NA,Y,3,0,1,2,A,-,09,21801,A,N,D,C,A,A,H,-,A,D,0,NA,NA,NA,NA,Y,NA,D,22,0,1,0,0,0,0,0,0,0,-,-,33.92366027832031,-118.37010192871094,LOS ANGELES,UNINCORPORATED,-118.37007904052734,33.92361831665039
91183632,2020,2020-02-10,9580,2020-01-31,1800,022275,NA,5,2,7,1942,0,1,2,NA,2,103,US-101 S/B TO I-405 S/B,I-405 S/B (SAN DIEGO FWY),1056,W,N,A,-,Y,NA,NA,101,NA,NA,NA,R,NA,S,N,4,0,1,3,A,-,03,22350,NA,N,C,C,A,A,H,-,C,D,0,NA,NA,NA,NA,Y,NA,A,07,0,0,1,0,0,0,0,0,0,-,-,34.16320037841797,-118.47229766845705,LOS ANGELES,LOS ANGELES,-118.47229766845705,34.16320037841797
91183634,2020,2020-02-10,9550,2020-02-06,1605,022237,NA,4,2,9,1900,0,2,4,NA,1,051,COLIMA ROAD,JELLICK AVENUE,500,E,N,A,-,N,NA,NA,NA,NA,NA,NA,NA,NA,NA,Y,3,0,2,2,A,-,03,22350,NA,N,C,C,A,A,H,-,A,D,0,NA,NA,NA,NA,Y,NA,A,01,0,1,1,0,0,0,0,0,0,-,-,33.98814010620117,-117.89929962158205,LOS ANGELES,UNINCORPORATED,-117.89955902099608,33.988014221191406
91183642,2020,2020-02-10,9550,2020-02-07,1758,020948,NA,5,2,9,1900,0,1,3,NA,2,601,STATE ROUTE 60 W/B,HACIENDA BOULEVARD,1100,E,N,A,-,Y,NA,NA,60,NA,NA,NA,NA,NA,W,Y,4,0,1,3,A,-,03,22350,NA,F,C,C,A,A,H,-,B,D,0,NA,NA,NA,NA,Y,NA,-,99,0,0,1,0,0,0,0,0,0,-,-,34.00600814819336,-117.96079254150392,LOS ANGELES,UNINCORPORATED,-117.96082305908205,34.00589370727539
91183658,2020,2020-02-10,9525,2020-02-03,0040,021393,NA,1,3,9,1900,0,1,1,NA,2,106,I-10 E/B (SAN BERNARDINO FWY),VIA VERDE,1056,W,N,B,-,Y,NA,NA,10,NA,NA,NA,NA,NA,E,Y,3,0,4,3,A,-,03,22350,NA,N,C,C,A,B,D,E,C,D,0,NA,NA,NA,NA,Y,NA,A,01,0,2,2,0,0,0,0,0,0,-,-,34.0683708190918,-117.85028839111328,LOS ANGELES,UNINCORPORATED,-117.8502960205078,34.068275451660156
91183659,2020,2020-02-10,9535,2020-02-01,1200,022253,NA,6,1,9,1900,0,2,4,NA,2,014,CESAR E CHAVEZ AVE,HUMPHREYS AVE,0,NA,Y,A,-,Y,NA,NA,NA,NA,NA,NA,NA,NA,NA,Y,4,0,1,2,A,-,12,21453,A,N,D,C,A,A,H,-,A,A,0,NA,NA,NA,NA,Y,NA,A,01,0,0,1,0,0,0,0,0,0,-,-,34.04059982299805,-118.17141723632813,LOS ANGELES,UNINCORPORATED,-118.17137908935548,34.04058074951172
91183663,2020,2020-02-10,9550,2020-02-09,0200,022260,NA,7,3,6,1949,0,1,1,NA,2,651,I-605 S/B,ALONDRA BOULEVARD,2060,N,N,B,-,Y,NA,NA,605,NA,NA,NA,NA,NA,S,Y,4,0,1,2,A,-,03,22350,NA,N,C,C,A,A,H,-,D,D,0,NA,NA,NA,NA,Y,NA,D,22,0,0,1,0,0,0,0,0,0,-,-,33.89336013793945,-118.10484313964844,LOS ANGELES,NORWALK,-118.10491943359376,33.89335632324219
9118369,2020,2020-09-17,1942,2020-07-05,1740,41977,1263,7,5,7,1942,0,0,0,L,0,12A53,WESTERN AV,N 81ST ST,50,N,N,A,-,N,NA,NA,NA,NA,NA,NA,NA,NA,NA,Y,4,0,1,3,A,-,03,22350,NA,N,C,C,A,A,H,-,A,A,0,NA,NA,NA,NA,Y,NA,D,22,0,0,1,0,0,0,0,0,0,-,-,NA,NA,LOS ANGELES,LOS ANGELES,-118.30902099609376,33.965606689453125
9118370,2020,2020-09-25,1942,2020-07-01,2110,41072,1243,3,5,7,1942,0,0,0,L,0,12A45,HAAS AV,W GAGE AV,0,NA,Y,A,-,N,NA,NA,NA,NA,NA,NA,NA,NA,NA,Y,4,0,2,2,C,-,18,NA,NA,N,D,C,A,A,H,-,C,B,0,NA,NA,NA,NA,Y,NA,-,-,0,0,2,0,0,0,0,0,0,-,-,NA,NA,LOS ANGELES,LOS ANGELES,-118.31680297851564,33.98183822631836
91183704,2020,2020-02-10,9580,2020-01-31,1037,019715,NA,5,1,7,1942,0,1,2,NA,2,102,US-101 N/B (VENTURA FREEWAY),SEPULVEDA BLVD,400,S,N,A,-,Y,NA,NA,NA,NA,NA,NA,NA,NA,NA,Y,4,0,1,3,A,-,03,22350,NA,N,C,C,A,A,H,-,A,D,0,NA,NA,NA,NA,Y,NA,A,01,0,0,1,0,0,0,0,0,0,-,-,34.09339904785156,-118.27529907226564,LOS ANGELES,LOS ANGELES,-118.46484375,34.15952682495117
91183712,2020,2020-02-10,9525,2020-02-05,1240,016913,NA,3,1,3,1921,0,1,1,NA,2,202,I-210 E/B (FOOTHILL FWY),BUENA VISTA ST.,500,E,N,A,-,Y,NA,NA,210,NA,NA,NA,NA,NA,E,N,3,0,1,2,A,-,03,22350,NA,N,C,C,A,A,H,-,A,D,0,NA,NA,NA,NA,Y,NA,A,01,0,1,0,0,0,0,0,0,0,-,-,34.13541030883789,-117.97621154785156,LOS ANGELES,DUARTE,-117.97621154785156,34.135215759277344
91183721,2020,2020-02-10,9525,2020-02-05,1955,021080,NA,3,2,9,1900,0,3,5,NA,2,003,VALINDA AVE. (14000 BLOCK),MAPLEGROVE ST.,200,N,N,A,-,N,NA,NA,NA,NA,NA,NA,NA,NA,NA,Y,4,0,1,3,A,-,03,22350,NA,N,C,C,A,A,H,-,C,D,0,NA,NA,NA,NA,Y,NA,A,01,0,0,1,0,0,0,0,0,0,-,-,34.045230865478516,-117.92566680908205,LOS ANGELES,UNINCORPORATED,-117.92569732666016,34.0446891784668
91183725,2020,2020-02-10,9535,2020-02-02,1305,022277,NA,7,1,9,1900,0,1,3,NA,2,620,SR-60 (POMONA FREEWAY) E/B TO I-605,I-605,300,W,N,A,-,Y,NA,NA,60,NA,NA,NA,R,NA,E,Y,4,0,1,2,A,-,01,23152,A,M,C,C,A,A,H,-,A,D,0,NA,NA,NA,NA,Y,Y,A,01,0,0,1,0,0,0,0,0,0,-,-,34.03609085083008,-118.03317260742188,LOS ANGELES,UNINCORPORATED,-118.03317260742188,34.03609085083008
91183735,2020,2020-02-10,9535,2020-01-29,0730,022256,NA,3,1,9,1900,0,3,5,NA,2,002,6TH STREET,FETTERLY AVENUE,0,NA,Y,A,-,N,NA,NA,NA,NA,NA,NA,NA,NA,NA,N,4,0,1,2,A,-,10,21950,A,N,G,B,B,A,H,-,A,D,0,Y,NA,NA,NA,Y,NA,A,01,0,0,1,0,1,0,0,0,0,-,-,34.02643966674805,-118.16329956054688,LOS ANGELES,UNINCORPORATED,-118.1632080078125,34.02642059326172