CASE_ID,ACCIDENT_YEAR,PROC_DATE,JURIS,COLLISION_DATE,COLLISION_TIME,OFFICER_ID,REPORTING_DISTRICT,DAY_OF_WEEK,CHP_SHIFT,POPULATION,CNTY_CITY_LOC,SPECIAL_COND,BEAT_TYPE,CHP_BEAT_TYPE,CITY_DIVISION_LAPD,CHP_BEAT_CLASS,BEAT_NUMBER,PRIMARY_RD,SECONDARY_RD,DISTANCE,DIRECTION,INTERSECTION,WEATHER_1,WEATHER_2,STATE_HWY_IND,CALTRANS_COUNTY,CALTRANS_DISTRICT,STATE_ROUTE,ROUTE_SUFFIX,POSTMILE_PREFIX,POSTMILE,LOCATION_TYPE,RAMP_INTERSECTION,SIDE_OF_HWY,TOW_AWAY,COLLISION_SEVERITY,NUMBER_KILLED,NUMBER_INJURED,PARTY_COUNT,PRIMARY_COLL_FACTOR,PCF_CODE_OF_VIOL,PCF_VIOL_CATEGORY,PCF_VIOLATION,PCF_VIOL_SUBSECTION,HIT_AND_RUN,TYPE_OF_COLLISION,MVIW,PED_ACTION,ROAD_SURFACE,ROAD_COND_1,ROAD_COND_2,LIGHTING,CONTROL_DEVICE,CHP_ROAD_TYPE,PEDESTRIAN_ACCIDENT,BICYCLE_ACCIDENT,MOTORCYCLE_ACCIDENT,TRUCK_ACCIDENT,NOT_PRIVATE_PROPERTY,ALCOHOL_INVOLVED,STWD_VEHTYPE_AT_FAULT,CHP_VEHTYPE_AT_FAULT,COUNT_SEVERE_INJ,COUNT_VISIBLE_INJ,COUNT_COMPLAINT_PAIN,COUNT_PED_KILLED,COUNT_PED_INJURED,COUNT_BICYCLIST_KILLED,COUNT_BICYCLIST_INJURED,COUNT_MC_KILLED,COUNT_MC_INJURED,PRIMARY_RAMP,SECONDARY_RAMP,LATITUDE,LONGITUDE,COUNTY,CITY,POINT_X,POINT_Y
91187008,2020,2020-02-14,9580,2020-02-13,1645,021627,NA,4,2,7,1942,0,1,3,NA,2,116,SR-118 E/B (RONALD REAGAN FWY.),TAMPA AVE. OVERCROSSING,110,W,N,A,-,Y,NA,NA,118,NA,NA,NA,NA,NA,E,Y,4,0,1,4,A,-,03,22350,NA,N,C,C,A,A,H,-,A,D,0,NA,NA,NA,NA,Y,NA,A,01,0,0,1,0,0,0,0,0,0,-,-,34.272361755371094,-118.55679321289064,LOS ANGELES,LOS ANGELES,-118.55679321289064,34.2723274230957
9118701,2020,2020-09-11,1942,2020-06-24,1005,41316,1901,3,5,7,1942,0,0,0,NA,0,19A1,FOOTHILL BL,YARNELL ST,0,NA,Y,A,-,N,NA,NA,NA,NA,NA,NA,NA,NA,NA,Y,4,0,1,2,A,-,09,21801,A,N,D,C,A,A,H,-,A,A,0,NA,NA,NA,NA,Y,NA,A,01,0,0,1,0,0,0,0,0,0,-,-,NA,NA,LOS ANGELES,LOS ANGELES,-118.47917938232422,34.32133865356445
9118702,2020,2020-09-15,1942,2020-06-23,0125,43687,1995,2,5,7,1942,0,0,0,NA,0,19A93,VAN NUYS BL,ARMINTA ST,0,NA,Y,A,-,N,NA,NA,NA,NA,NA,NA,NA,NA,NA,Y,4,0,1,2,A,-,05,21650,A,N,B,C,A,A,-,-,C,A,0,NA,NA,NA,NA,Y,NA,A,01,0,0,1,0,0,0,0,0,0,-,-,NA,NA,LOS ANGELES,LOS ANGELES,-118.44925689697266,34.213409423828125
91187020,2020,2020-02-14,9550,2020-02-12,1610,021274,NA,3,2,9,1900,0,3,5,NA,2,002,AMBER VALLEY DR.,GROVELAND AVENUE,255,E,N,A,-,N,NA,NA,NA,NA,NA,NA,NA,NA,NA,N,3,0,1,2,A,-,08,22107,NA,N,B,C,A,A,H,-,A,D,0,NA,NA,NA,NA,Y,NA,A,01,0,1,0,0,0,0,0,0,0,-,-,33.924278259277344,-117.98693084716795,LOS ANGELES,UNINCORPORATED,-117.98699951171876,33.924224853515625
9118703,2020,2020-09-11,1942,2020-06-23,1615,33294,1954,2,5,7,1942,0,0,0,NA,0,26M36,DEVONSHIRE ST,LEMONA AV,0,NA,Y,A,-,N,NA,NA,NA,NA,NA,NA,NA,NA,NA,Y,4,0,2,2,A,-,09,21801,A,N,D,C,A,A,H,-,A,A,0,NA,NA,NA,NA,Y,NA,A,01,0,0,2,0,0,0,0,0,0,-,-,NA,NA,LOS ANGELES,LOS ANGELES,-118.45861053466795,34.25722885131836
91187039,2020,2020-02-14,9535,2020-02-10,0808,022245,NA,1,1,3,1914,0,1,1,NA,2,072,I-710 N/B TO I-5 N/B,I-5 (SANTA ANA FREEWAY) N/B,100,S,N,A,-,Y,NA,NA,710,NA,NA,NA,R,NA,N,N,4,0,1,2,A,-,08,22107,NA,N,B,C,A,A,H,-,A,D,0,NA,NA,NA,Y,Y,NA,-,-,0,0,1,0,0,0,0,0,0,-,-,34.016849517822266,-118.17375183105467,LOS ANGELES,COMMERCE,-118.17375183105467,34.016849517822266
9118704,2020,2020-09-11,1942,2020-06-23,1515,33294,1983,2,5,7,1942,0,0,0,NA,0,26M36,PARTHENIA ST,COLUMBUS AV,0,NA,Y,A,-,N,NA,NA,NA,NA,NA,NA,NA,NA,NA,N,4,0,1,2,A,-,03,22350,NA,N,D,G,A,A,H,-,A,A,0,NA,Y,NA,NA,Y,NA,L,04,0,0,1,0,0,0,1,0,0,-,-,NA,NA,LOS ANGELES,LOS ANGELES,-118.46543121337892,34.2282600402832
91187040,2020,2020-02-14,9590,2020-01-19,1945,022087,NA,7,2,7,1942,0,1,1,NA,2,011,SR-110 S/B (ARROYO SECO PARKWAY),PARK ROW DRIVE,1000,N,N,A,-,Y,NA,NA,110,NA,NA,NA,NA,NA,S,N,3,0,1,3,A,-,07,21658,A,N,C,C,A,A,H,-,C,D,0,NA,NA,NA,NA,Y,NA,A,01,0,1,0,0,0,0,0,0,0,-,-,34.07822036743164,-118.22895050048828,LOS ANGELES,LOS ANGELES,-118.2289581298828,34.07823181152344
91187042,2020,2020-02-14,9550,2020-02-05,1545,022391,NA,3,2,9,1900,0,3,5,NA,2,004,CALLE BARCELONA,CALLE BELLEZA,10,W,N,A,-,N,NA,NA,NA,NA,NA,NA,NA,NA,NA,Y,4,0,1,2,A,-,21,22106,NA,N,C,C,A,A,H,-,A,A,0,NA,NA,NA,NA,Y,NA,A,01,0,0,1,0,0,0,0,0,0,-,-,33.988250732421875,-117.91478729248048,LOS ANGELES,UNINCORPORATED,-117.9147491455078,33.98823165893555
9118705,2020,2020-09-11,1942,2020-06-19,1237,43881,1956,5,5,7,1942,0,0,0,NA,0,17X47,LASSEN ST,KESTER AV,0,NA,Y,A,-,N,NA,NA,NA,NA,NA,NA,NA,NA,NA,N,3,0,4,2,A,-,03,22350,NA,N,A,C,A,A,H,-,A,D,0,NA,NA,NA,NA,Y,NA,A,01,0,1,3,0,0,0,0,0,0,-,-,NA,NA,LOS ANGELES,LOS ANGELES,-118.45654296875,34.249961853027344
91187056,2020,2020-02-14,9565,2020-02-04,1630,016545,NA,2,2,7,1942,0,1,3,NA,2,070,SR-90 E/B (MARINA FWY),CENTINELA AVENUE,900,E,N,A,-,Y,NA,NA,90,NA,NA,NA,NA,NA,E,Y,4,0,2,2,A,-,03,22350,NA,N,C,C,A,A,H,-,A,D,0,NA,NA,NA,NA,Y,NA,D,22,0,0,2,0,0,0,0,0,0,-,-,33.98817825317383,-118.40738677978516,LOS ANGELES,LOS ANGELES,-118.40739440917967,33.988189697265625
9118706,2020,2020-09-11,1942,2020-06-25,1930,31652,1963,4,5,7,1942,0,0,0,NA,0,19A75,CEDROS AV,PLUMMER ST,30,S,N,A,-,N,NA,NA,NA,NA,NA,NA,NA,NA,NA,Y,3,0,2,2,A,-,08,22107,NA,N,A,C,A,A,H,-,A,D,0,NA,NA,NA,NA,Y,NA,A,01,0,1,1,0,0,0,0,0,0,-,-,NA,NA,LOS ANGELES,LOS ANGELES,-118.45352935791016,34.24259948730469
9118707,2020,2020-09-16,1942,2020-06-18,0440,44084,1921,4,5,7,1942,0,0,0,NA,0,19A1,SAN FERNANDO RD,EL CAJON ST,25,S,N,A,-,N,NA,NA,NA,NA,NA,NA,NA,NA,NA,N,2,0,1,1,A,-,03,22350,A,N,H,A,A,A,H,-,C,D,0,NA,NA,Y,NA,Y,NA,C,02,1,0,0,0,0,0,0,0,1,-,-,NA,NA,LOS ANGELES,LOS ANGELES,-118.46765899658205,34.305721282958984
9118708,2020,2020-09-11,1961,2020-06-24,1745,44132,1925,3,5,3,1961,0,0,0,NA,0,19A6,SAN FERNANDO RD,ASTORIA ST,0,NA,Y,A,-,N,NA,NA,NA,NA,NA,NA,NA,NA,NA,N,3,0,1,2,A,-,07,21658,A,N,C,C,A,A,H,-,A,A,0,NA,NA,Y,NA,Y,NA,C,02,0,1,0,0,0,0,0,0,1,-,-,NA,NA,LOS ANGELES,SAN FERNANDO,-118.45549774169922,34.29631042480469
91187087,2020,2020-02-14,9525,2020-02-07,1825,022009,NA,5,2,9,1900,0,3,5,NA,2,002,BASELINE RD.,BARRANCA AVE,0,NA,Y,A,-,N,NA,NA,NA,NA,NA,NA,NA,NA,NA,Y,4,0,2,2,A,-,17,21451,A,N,A,C,A,A,H,-,C,A,0,NA,NA,NA,NA,Y,NA,A,01,0,0,2,0,0,0,0,0,0,-,-,34.121421813964844,-117.88144683837892,LOS ANGELES,UNINCORPORATED,-117.88137817382813,34.121421813964844
9118709,2020,2020-09-24,1942,2020-06-19,1527,42304,1555,5,5,7,1942,0,0,0,O,0,15A67,CAMARILLO ST,LEDGE AV,20,W,N,A,-,N,NA,NA,NA,NA,NA,NA,NA,NA,NA,Y,3,0,1,3,A,-,09,21802,A,N,D,C,A,A,H,-,A,A,0,NA,NA,NA,NA,Y,NA,A,01,0,1,0,0,0,0,0,0,0,-,-,NA,NA,LOS ANGELES,LOS ANGELES,-118.35721588134766,34.15766906738281
91187099,2020,2020-02-14,9550,2020-02-11,0715,022430,NA,2,1,9,1900,0,1,3,NA,2,601,SR-60 WB,HACIENDA BOULEVARD,300,E,N,A,-,Y,NA,NA,60,NA,NA,NA,NA,NA,W,Y,4,0,1,2,A,-,03,22350,NA,N,C,C,A,A,H,-,A,D,0,NA,NA,NA,NA,Y,NA,A,01,0,0,1,0,0,0,0,0,0,-,-,34.00605010986328,-117.96115112304688,LOS ANGELES,UNINCORPORATED,-117.96116638183594,34.00600051879883
9118710,2020,2020-09-11,1942,2020-06-25,1020,38185,1557,4,5,7,1942,0,0,0,O,0,15A67,E CAHUENGA BL,BLIX ST,50,S,N,A,-,N,NA,NA,NA,NA,NA,NA,NA,NA,NA,Y,3,0,1,2,A,-,08,22107,NA,N,H,G,A,A,H,-,A,A,0,NA,Y,NA,NA,Y,NA,L,04,0,1,0,0,0,0,1,0,0,-,-,NA,NA,LOS ANGELES,LOS ANGELES,-118.3615493774414,34.156532287597656
9118711,2020,2020-09-15,1942,2020-06-21,1245,38399,1526,7,5,7,1942,0,0,0,O,0,15A39,OXNARD ST,COLFAX AV,22,S,N,A,-,N,NA,NA,NA,NA,NA,NA,NA,NA,NA,Y,3,0,2,3,A,-,12,21453,A,N,D,C,A,A,H,-,A,A,0,NA,NA,NA,NA,Y,NA,A,01,0,1,1,0,0,0,0,0,0,-,-,NA,NA,LOS ANGELES,LOS ANGELES,-118.38780212402344,34.17940902709961
9118712,2020,2020-09-11,1942,2020-06-26,0840,41316,1505,5,5,7,1942,0,0,0,O,0,15A3,LANKERSHIM BL,SHERMAN WY,710,N,N,A,-,N,NA,NA,NA,NA,NA,NA,NA,NA,NA,Y,3,0,3,2,A,-,09,21801,A,N,D,C,A,A,H,-,A,D,0,NA,NA,NA,NA,Y,NA,A,01,0,2,1,0,0,0,0,0,0,-,-,NA,NA,LOS ANGELES,LOS ANGELES,-118.38777923583984,34.2031364440918
9118713,2020,2020-09-11,1942,2020-06-27,1050,40119,1511,6,5,7,1942,0,0,0,O,0,15A21,VARNA AV,SHERMAN WY,0,NA,Y,A,-,N,NA,NA,NA,NA,NA,NA,NA,NA,NA,N,4,0,2,3,A,-,04,21703,NA,N,C,C,A,A,H,-,A,A,0,NA,NA,NA,NA,Y,NA,A,01,0,0,2,0,0,0,0,0,0,-,-,NA,NA,LOS ANGELES,LOS ANGELES,-118.42474365234376,34.20119857788086
91187134,2019,2020-02-14,9545,2019-12-27,2100,019345,NA,5,2,9,1900,0,1,3,NA,1,042,STATE ROUTE 138,248TH STREET EAST,2376,E,N,A,-,Y,NA,NA,138,NA,NA,NA,NA,NA,NA,Y,1,1,0,1,A,-,03,22350,NA,N,F,A,A,C,H,-,D,D,0,NA,NA,Y,NA,Y,NA,C,02,0,0,0,0,0,0,0,1,0,-,-,34.463809967041016,-117.68028259277344,LOS ANGELES,UNINCORPORATED,-117.68025970458984,34.463844299316406
91187136,2020,2020-02-14,9550,2020-02-11,1900,021100,NA,2,2,6,1949,0,1,1,NA,2,150,I-105 E/B,WOODRUFF AVENUE,700,E,N,A,-,Y,NA,NA,NA,NA,NA,NA,NA,NA,NA,N,4,0,1,2,A,-,03,22350,NA,N,C,C,A,A,H,-,A,D,0,NA,NA,NA,NA,Y,NA,A,01,0,0,1,0,0,0,0,0,0,-,-,33.913639068603516,-118.1153564453125,LOS ANGELES,NORWALK,-118.11437225341795,33.913673400878906
9118714,2020,2020-09-14,1942,2020-06-27,1225,42818,1599,6,5,7,1942,0,0,0,O,0,6A31,MULHOLLAND DR,PACIFIC VIEW TR,53,E,N,A,-,N,NA,NA,NA,NA,NA,NA,NA,NA,NA,N,2,0,1,2,A,-,05,21460,A,F,G,B,E,A,H,-,A,A,0,Y,NA,NA,NA,Y,NA,-,99,1,0,0,0,1,0,0,0,0,-,-,NA,NA,LOS ANGELES,LOS ANGELES,-118.3498306274414,34.12006759643555
91187159,2020,2020-02-14,9525,2020-02-13,1525,020370,NA,4,2,4,1960,0,1,1,NA,2,208,SR-210 E/B (FOOTHILL FWY),SAN DIMAS AVE,500,W,N,A,-,Y,NA,NA,210,NA,NA,NA,NA,NA,E,Y,4,0,1,2,A,-,03,22350,NA,N,C,C,A,A,H,-,A,D,0,NA,NA,NA,NA,Y,NA,A,01,0,0,1,0,0,0,0,0,0,-,-,34.11968994140625,-117.8122100830078,LOS ANGELES,SAN DIMAS,-117.8122100830078,34.11967086791992
9118716,2020,2020-09-14,1942,2020-06-27,0700,40119,2144,6,5,7,1942,0,0,0,NA,0,21A43,FALLBROOK AV,VANOWEN ST,37,N,N,A,-,N,NA,NA,NA,NA,NA,NA,NA,NA,NA,Y,4,0,4,4,A,-,03,22350,NA,F,C,C,A,A,H,-,A,A,0,NA,NA,NA,NA,Y,Y,-,99,0,0,4,0,0,0,0,0,0,-,-,NA,NA,LOS ANGELES,LOS ANGELES,-118.6234130859375,34.19382095336914
9118717,2020,2020-09-14,1942,2020-06-24,0530,43687,1921,3,5,7,1942,0,0,0,NA,0,19A1,RYAN ST,TELFAIR,550,W,N,A,-,N,NA,NA,NA,NA,NA,NA,NA,NA,NA,Y,3,0,1,1,A,-,08,22107,NA,N,A,J,A,A,H,-,C,-,0,NA,NA,NA,NA,Y,Y,A,01,0,1,0,0,0,0,0,0,0,-,-,NA,NA,LOS ANGELES,LOS ANGELES,-118.46832275390624,34.29882049560547
9118718,2020,2020-09-14,1942,2020-06-27,1030,30452,1958,6,5,7,1942,0,0,0,NA,0,19A75,VAN NUYS BL,WOODMAN AV,0,NA,Y,A,-,N,NA,NA,NA,NA,NA,NA,NA,NA,NA,N,4,0,1,2,A,-,09,21801,A,N,D,C,A,A,H,-,A,A,0,NA,NA,NA,NA,Y,NA,A,07,0,0,1,0,0,0,0,0,0,-,-,NA,NA,LOS ANGELES,LOS ANGELES,-118.44818115234376,34.2470817565918
9118719,2020,2020-09-14,1942,2020-06-23,1700,41128,1792,2,5,7,1942,0,0,0,Q,0,17X22,TAMPA AV,BRYANT ST,0,NA,Y,A,-,N,NA,NA,NA,NA,NA,NA,NA,NA,NA,N,4,0,1,2,A,-,09,21801,A,N,B,D,A,A,H,-,A,D,0,NA,NA,NA,NA,Y,NA,A,01,0,0,1,0,0,0,0,0,0,-,-,NA,NA,LOS ANGELES,LOS ANGELES,-118.55355072021484,34.227230072021484
91187196,2020,2020-02-14,9535,2020-02-06,1924,022305,NA,4,2,9,1900,0,3,5,NA,2,001,EASTERN AVE. (1700 BLOCK),LANSDOWNE AVE.,0,NA,Y,A,-,N,NA,NA,NA,NA,NA,NA,NA,NA,NA,Y,3,0,2,3,A,-,08,22107,NA,F,D,C,A,A,H,-,C,A,0,NA,NA,NA,NA,Y,NA,A,07,0,1,1,0,0,0,0,0,0,-,-,34.06145095825195,-118.1760711669922,LOS ANGELES,UNINCORPORATED,-118.17607879638672,34.06135940551758
9118720,2020,2020-09-14,1942,2020-06-23,1845,43473,16,2,5,7,1942,0,0,0,P,0,16X8,TUXFORD ST,SAN FERNANDO RD,20,E,N,A,-,N,NA,NA,NA,NA,NA,NA,NA,NA,NA,Y,4,0,3,2,A,-,03,22350,NA,N,C,C,A,A,H,-,A,A,0,NA,NA,NA,NA,Y,NA,A,01,0,0,3,0,0,0,0,0,0,-,-,NA,NA,LOS ANGELES,LOS ANGELES,-118.38101196289064,34.22749710083008
9118721,2020,2020-09-10,1942,2020-06-18,2055,42994,2126,4,5,7,1942,0,0,0,NA,0,21A5,DE SOTO AVE,ROSA RD,100,S,N,A,-,N,NA,NA,NA,NA,NA,NA,NA,NA,NA,Y,3,0,3,2,A,-,08,22107,NA,N,A,C,A,A,H,-,C,D,0,NA,NA,NA,NA,Y,NA,A,01,0,1,2,0,0,0,0,0,0,-,-,NA,NA,LOS ANGELES,LOS ANGELES,NA,NA
91187216,2020,2020-02-14,9535,2020-02-08,1820,022298,NA,6,2,5,1947,0,1,3,NA,2,600,SR-60 E/B (POMONA FREEWAY),FINDLAY AVENUE,75,W,N,A,-,Y,NA,NA,60,NA,NA,NA,NA,NA,E,N,4,0,2,2,A,-,03,22350,NA,N,C,C,A,A,H,-,D,D,0,NA,NA,NA,Y,Y,NA,G,25,0,0,2,0,0,0,0,0,0,-,-,34.0329704284668,-118.1382293701172,LOS ANGELES,MONTEBELLO,-118.1382293701172,34.032981872558594
9118722,2020,2020-09-10,1942,2020-06-14,1230,43586,2133,7,5,7,1942,0,0,0,NA,0,21A1,SHERMAN WAY,FALLBROOK AV,60,E,N,A,-,N,NA,NA,NA,NA,NA,NA,NA,NA,NA,N,3,0,1,2,A,-,05,21651,B,N,A,C,A,A,H,-,A,A,0,NA,NA,NA,NA,Y,NA,A,01,0,1,0,0,0,0,0,0,0,-,-,NA,NA,LOS ANGELES,LOS ANGELES,-118.62322235107422,34.20099639892578
91187222,2020,2020-02-18,9525,2020-02-07,0336,022103,NA,5,3,9,1900,0,3,5,NA,2,004,WORKMAN MILL RD (1900 BLOCK),CROSSROADS PKWY N.,255,S,N,A,-,N,NA,NA,NA,NA,NA,NA,NA,NA,NA,N,3,0,1,2,A,-,11,21954,A,N,G,B,D,A,H,-,C,D,0,Y,NA,NA,NA,Y,NA,N,60,0,1,0,0,1,0,0,0,0,-,-,34.03208923339844,-118.02159881591795,LOS ANGELES,UNINCORPORATED,-118.0214385986328,34.03215408325195
91187225,2020,2020-02-17,9550,2020-02-11,0955,022430,NA,2,1,9,1900,0,1,1,NA,2,651,SR-60 E/B,HACIENDA BOULEVARD,300,E,N,A,-,Y,NA,NA,60,NA,NA,NA,NA,NA,E,Y,4,0,1,3,A,-,03,22350,NA,N,C,C,A,A,H,-,A,D,0,NA,NA,NA,Y,Y,NA,G,25,0,0,1,0,0,0,0,0,0,-,-,34.0064582824707,-117.96327972412108,LOS ANGELES,UNINCORPORATED,-117.96327972412108,34.00646209716797
91187258,2020,2020-02-17,9575,2020-02-08,0405,021492,NA,6,3,7,1942,0,1,3,NA,2,070,SR-118 W/B TO SAN FERNANDO RD.,PAXTON ST.,150,N,N,A,-,Y,NA,NA,118,NA,NA,NA,R,NA,W,Y,4,0,1,1,A,-,01,23152,A,N,E,J,A,A,H,-,C,D,0,NA,NA,NA,NA,Y,Y,A,01,0,0,1,0,0,0,0,0,0,-,-,34.271018981933594,-118.42916107177734,LOS ANGELES,LOS ANGELES,-118.42916107177734,34.271018981933594
9118726,2020,2020-09-10,1942,2020-06-25,1550,40141,1522,4,5,7,1942,0,0,0,O,0,15A21,VICTORY BL,COLDWATER CANYON AV,60,N,N,A,-,N,NA,NA,NA,NA,NA,NA,NA,NA,NA,N,3,0,1,2,-,I,-,NA,NA,N,H,G,A,A,H,-,A,D,0,NA,Y,NA,NA,Y,NA,L,04,0,1,0,0,0,0,1,0,0,-,-,NA,NA,LOS ANGELES,LOS ANGELES,-118.41381072998048,34.18667984008789
91187260,2020,2020-02-17,9575,2020-02-08,1542,020918,NA,6,2,7,1942,0,1,3,NA,2,044,SR-134 W/B (VENTURA FREEWAY),CAHUENGA BLVD.,1848,E,N,A,-,Y,NA,NA,134,NA,NA,NA,NA,NA,W,Y,4,0,1,4,A,-,03,22350,NA,M,C,C,A,A,H,-,B,D,0,NA,NA,NA,NA,Y,NA,A,08,0,0,1,0,0,0,0,0,0,-,-,34.153099060058594,-118.35533905029295,LOS ANGELES,LOS ANGELES,-118.35533905029295,34.15306854248047
91187266,2019,2020-02-17,9575,2019-11-28,0841,020902,NA,4,1,7,1942,0,1,1,NA,2,061,I-210 W/B (FOOTHILL FREEWAY),LA TUNA CANYON RD,1651,W,N,C,-,Y,NA,NA,210,NA,NA,NA,NA,NA,W,Y,1,1,0,1,A,-,03,22350,NA,N,E,I,A,B,H,-,A,D,0,NA,NA,NA,NA,Y,NA,A,01,0,0,0,0,0,0,0,0,0,-,-,34.23479080200195,-118.29521942138672,LOS ANGELES,LOS ANGELES,-118.29522705078124,34.2348747253418
91187267,2020,2020-02-17,9575,2020-01-04,0113,021784,NA,6,3,7,1942,0,1,1,NA,2,052,I-5 N/B (GOLDEN STATE FREEWAY),SHELDON ST.,1000,S,N,A,-,Y,NA,NA,5,NA,NA,NA,NA,NA,N,Y,2,0,2,2,A,-,01,23152,A,N,C,C,A,A,H,-,C,D,0,NA,NA,NA,NA,Y,Y,A,07,2,0,0,0,0,0,0,0,0,-,-,34.23114013671875,-118.40065002441406,LOS ANGELES,LOS ANGELES,-118.40065002441406,34.23114776611328
91187269,2020,2020-02-17,9575,2020-02-10,1107,020620,NA,1,1,9,1900,0,1,3,NA,2,300,SR-2 (ANGELES CREST HIGHWAY),GEORGES GAP,4699,W,N,A,-,Y,NA,NA,2,NA,NA,NA,NA,NA,NA,Y,4,0,4,2,A,-,09,21804,A,N,D,C,A,A,H,-,A,D,0,NA,NA,NA,NA,Y,NA,A,01,0,0,4,0,0,0,0,0,0,-,-,34.26348876953125,-118.1778564453125,LOS ANGELES,UNINCORPORATED,-118.17782592773438,34.26352310180664
9118727,2020,2020-09-10,1942,2020-06-15,1645,42658,1506,1,5,7,1942,0,0,0,O,0,15A21,VINELAND AV,SHERMAN WAY,500,S,N,A,-,N,NA,NA,NA,NA,NA,NA,NA,NA,NA,N,4,0,1,2,A,-,08,22107,NA,N,B,C,A,A,H,-,A,D,0,NA,NA,NA,NA,Y,Y,A,01,0,0,1,0,0,0,0,0,0,-,-,NA,NA,LOS ANGELES,LOS ANGELES,-118.37032318115234,34.19981002807617
91187270,2020,2020-02-17,9575,2020-02-11,0910,012803,NA,2,1,7,1942,0,1,3,NA,2,043,SR-134 E/B (VENTURA FREEWAY),FOREST LAWN DR.,1426,E,N,A,-,Y,NA,NA,134,NA,NA,NA,NA,NA,E,Y,2,0,1,1,A,-,08,22107,NA,N,E,I,A,A,H,-,A,D,0,NA,NA,NA,NA,Y,NA,D,22,1,0,0,0,0,0,0,0,0,-,-,34.156028747558594,-118.30635833740234,LOS ANGELES,LOS ANGELES,-118.30634307861328,34.15594482421875
91187274,2020,2020-02-17,9575,2020-02-12,0823,020620,NA,3,1,5,1902,0,1,1,NA,2,065,I-210 W/B (FOOTHILL FREEWAY),COLORADO BLVD.,82,E,N,A,-,Y,NA,NA,210,NA,NA,NA,NA,NA,W,Y,4,0,2,2,A,-,03,22350,NA,N,C,C,A,A,H,-,A,D,0,NA,NA,NA,NA,Y,NA,A,01,0,0,2,0,0,0,0,0,0,-,-,34.14535903930664,-118.0258331298828,LOS ANGELES,ARCADIA,-118.02580261230467,34.145416259765625
91187277,2020,2020-02-17,9575,2020-02-02,0235,022110,NA,7,3,6,1925,0,1,3,NA,2,042,I-5 FROM SR-134 WESTBOUND TRANSITION,SAN FERNANDO ROAD,660,W,N,A,-,Y,NA,NA,NA,NA,NA,NA,NA,NA,NA,N,4,0,2,2,A,-,03,22350,NA,M,C,C,A,A,H,-,D,D,0,NA,NA,NA,NA,Y,NA,-,99,0,0,2,0,0,0,0,0,0,-,-,34.15359878540039,-118.27781677246094,LOS ANGELES,GLENDALE,-118.27767944335938,34.15364456176758
9118728,2020,2020-09-10,1942,2020-06-21,2200,43848,1562,7,5,7,1942,0,0,0,O,0,15A38,COLDWATER CANYON,MOORPARK ST,0,NA,Y,A,-,N,NA,NA,NA,NA,NA,NA,NA,NA,NA,Y,4,0,2,2,A,-,04,21703,NA,N,C,-,A,A,H,-,C,A,0,NA,NA,NA,NA,Y,NA,A,01,0,0,2,0,0,0,0,0,0,-,-,NA,NA,LOS ANGELES,LOS ANGELES,-118.41378784179688,34.15034866333008
9118729,2020,2020-09-10,1942,2020-06-25,2015,42460,2198,4,5,7,1942,0,0,0,NA,0,21A97,TOPANGA CANYON BL,CEZANNE AV,410,S,N,A,-,N,NA,NA,NA,NA,NA,NA,NA,NA,NA,Y,3,0,2,2,A,-,05,21651,A,N,A,C,A,A,H,-,B,A,0,NA,NA,NA,NA,Y,NA,A,01,0,1,1,0,0,0,0,0,0,-,-,NA,NA,LOS ANGELES,LOS ANGELES,-118.60601806640624,34.14570999145508
91187299,2020,2020-02-17,9575,2020-02-05,1820,020182,NA,3,2,6,1912,0,1,1,NA,2,051,I-5 S/B (GOLDEN STATE FREEWAY),ALLEN AVE.,80,N,N,A,-,Y,NA,NA,5,NA,NA,NA,NA,NA,S,Y,4,0,1,3,A,-,03,22350,NA,N,B,C,A,A,H,-,B,D,0,NA,NA,Y,NA,Y,NA,C,02,0,0,1,0,0,0,0,0,1,-,-,34.16754150390625,-118.30068206787108,LOS ANGELES,BURBANK,-118.30069732666016,34.16751480102539
9118730,2020,2020-09-10,1942,2020-06-24,0810,41316,1011,3,5,7,1942,0,0,0,J,0,10A21,SHERMAN WY,WILBUR AV,0,NA,Y,A,-,N,NA,NA,NA,NA,NA,NA,NA,NA,NA,Y,3,0,2,3,A,-,12,21453,A,N,A,C,A,A,H,-,A,A,0,NA,NA,NA,NA,Y,NA,A,07,0,1,1,0,0,0,0,0,0,-,-,NA,NA,LOS ANGELES,LOS ANGELES,-118.54476165771484,34.201171875
9118731,2020,2020-09-10,1942,2020-06-22,1615,33294,1027,1,5,7,1942,0,0,0,J,0,26M36,VANOWEN ST,BALBOA BL,200,W,N,A,-,N,NA,NA,NA,NA,NA,NA,NA,NA,NA,Y,4,0,1,2,A,-,09,21804,A,N,D,C,A,A,H,-,A,A,0,NA,NA,NA,NA,Y,NA,A,01,0,0,1,0,0,0,0,0,0,-,-,NA,NA,LOS ANGELES,LOS ANGELES,-118.50177764892578,34.193885803222656
9118732,2020,2020-09-10,1942,2020-06-25,1725,40141,0939,4,5,7,1942,0,0,0,I,0,9A37,VICTORY BL,ETHEL AV,0,NA,Y,A,-,N,NA,NA,NA,NA,NA,NA,NA,NA,NA,Y,4,0,3,3,A,-,04,21703,NA,N,C,C,A,A,H,-,A,A,0,NA,NA,NA,NA,Y,NA,A,01,0,0,3,0,0,0,0,0,0,-,-,NA,NA,LOS ANGELES,LOS ANGELES,-118.41813659667967,34.18667984008789
9118733,2020,2020-09-10,1942,2020-06-18,1330,43983,0926,4,5,7,1942,0,0,0,I,0,9A79W2,VICTORY BL,HAZELTINE AV,314,E,N,A,-,N,NA,NA,NA,NA,NA,NA,NA,NA,NA,N,4,0,2,2,A,-,09,21804,NA,N,B,C,A,A,H,-,A,D,0,NA,NA,NA,NA,Y,NA,A,01,0,0,2,0,0,0,0,0,0,-,-,NA,NA,LOS ANGELES,LOS ANGELES,-118.4389419555664,34.186668395996094