CASE_ID,ACCIDENT_YEAR,PROC_DATE,JURIS,COLLISION_DATE,COLLISION_TIME,OFFICER_ID,REPORTING_DISTRICT,DAY_OF_WEEK,CHP_SHIFT,POPULATION,CNTY_CITY_LOC,SPECIAL_COND,BEAT_TYPE,CHP_BEAT_TYPE,CITY_DIVISION_LAPD,CHP_BEAT_CLASS,BEAT_NUMBER,PRIMARY_RD,SECONDARY_RD,DISTANCE,DIRECTION,INTERSECTION,WEATHER_1,WEATHER_2,STATE_HWY_IND,CALTRANS_COUNTY,CALTRANS_DISTRICT,STATE_ROUTE,ROUTE_SUFFIX,POSTMILE_PREFIX,POSTMILE,LOCATION_TYPE,RAMP_INTERSECTION,SIDE_OF_HWY,TOW_AWAY,COLLISION_SEVERITY,NUMBER_KILLED,NUMBER_INJURED,PARTY_COUNT,PRIMARY_COLL_FACTOR,PCF_CODE_OF_VIOL,PCF_VIOL_CATEGORY,PCF_VIOLATION,PCF_VIOL_SUBSECTION,HIT_AND_RUN,TYPE_OF_COLLISION,MVIW,PED_ACTION,ROAD_SURFACE,ROAD_COND_1,ROAD_COND_2,LIGHTING,CONTROL_DEVICE,CHP_ROAD_TYPE,PEDESTRIAN_ACCIDENT,BICYCLE_ACCIDENT,MOTORCYCLE_ACCIDENT,TRUCK_ACCIDENT,NOT_PRIVATE_PROPERTY,ALCOHOL_INVOLVED,STWD_VEHTYPE_AT_FAULT,CHP_VEHTYPE_AT_FAULT,COUNT_SEVERE_INJ,COUNT_VISIBLE_INJ,COUNT_COMPLAINT_PAIN,COUNT_PED_KILLED,COUNT_PED_INJURED,COUNT_BICYCLIST_KILLED,COUNT_BICYCLIST_INJURED,COUNT_MC_KILLED,COUNT_MC_INJURED,PRIMARY_RAMP,SECONDARY_RAMP,LATITUDE,LONGITUDE,COUNTY,CITY,POINT_X,POINT_Y
9118865,2020,2020-09-03,1941,2020-06-22,1837,10925,NA,1,5,7,1941,0,0,0,NA,0,NA,ATLANTIC AV,PACIFIC COAST HWY,0,NA,Y,A,-,N,NA,NA,NA,NA,NA,NA,NA,NA,NA,Y,4,0,2,2,D,-,00,NA,NA,N,D,C,A,A,H,-,A,A,0,NA,NA,NA,NA,Y,NA,-,-,0,0,2,0,0,0,0,0,0,-,-,NA,NA,LOS ANGELES,LONG BEACH,-118.18502807617188,33.78987121582031
91188650,2020,2020-02-18,9565,2020-02-06,1145,018193,NA,4,1,7,1942,0,1,1,NA,2,083,I-10 W/B,CATTARAUGUS AVE,510,E,N,A,-,Y,NA,NA,10,NA,NA,NA,NA,NA,W,Y,2,0,1,3,A,-,03,22350,NA,N,B,C,A,A,H,-,A,D,0,NA,NA,Y,NA,Y,NA,C,02,1,0,0,0,0,0,0,0,1,-,-,34.034751892089844,-118.38443756103516,LOS ANGELES,LOS ANGELES,-118.38446807861328,34.03479766845703
9118866,2020,2020-09-03,1941,2020-06-22,1645,11514,NA,1,5,7,1941,0,0,0,NA,0,NA,CHERRY AV,SAN ANTONIO DR,330,S,N,A,-,N,NA,NA,NA,NA,NA,NA,NA,NA,NA,Y,4,0,1,2,A,-,09,21801,A,N,D,C,A,A,H,-,A,D,0,NA,NA,NA,NA,Y,NA,A,NA,0,0,1,0,0,0,0,0,0,-,-,NA,NA,LOS ANGELES,LONG BEACH,-118.16763305664064,33.84534454345703
9118867,2020,2020-09-03,1941,2020-06-23,0818,5661,NA,2,5,7,1941,0,0,0,NA,0,NA,PICO,HARBOR PLAZA AV,497,N,-,A,-,N,NA,NA,NA,NA,NA,NA,NA,NA,NA,Y,3,0,1,2,A,-,07,21658,A,N,B,C,A,A,H,-,A,D,0,NA,NA,Y,NA,Y,NA,A,NA,0,1,0,0,0,0,0,0,1,-,-,NA,NA,LOS ANGELES,LONG BEACH,-118.20420837402344,33.75727081298828
9118868,2020,2020-09-03,1941,2020-06-22,1849,11552,NA,1,5,7,1941,0,0,0,NA,0,NA,ALOHA DR,POLYNESIAN DR,0,NA,Y,A,-,N,NA,NA,NA,NA,NA,NA,NA,NA,NA,N,4,0,1,2,A,-,12,22450,A,N,-,G,A,A,H,-,A,D,0,NA,Y,NA,NA,Y,NA,-,NA,0,0,1,0,0,0,1,0,0,-,-,NA,NA,LOS ANGELES,LONG BEACH,-118.1897201538086,33.871131896972656
9118869,2020,2020-09-03,1941,2020-06-23,1849,11533,NA,2,5,7,1941,0,0,0,NA,0,NA,PINE AV,HILL ST,7,N,N,A,-,N,NA,NA,NA,NA,NA,NA,NA,NA,NA,N,4,0,1,2,A,-,10,21952,NA,N,A,B,C,A,H,-,A,A,0,Y,NA,NA,NA,Y,NA,B,NA,0,0,1,0,1,0,0,0,0,-,-,NA,NA,LOS ANGELES,LONG BEACH,-118.19259643554688,33.797149658203125
9118870,2020,2020-09-03,1941,2020-06-23,1415,5215,NA,2,5,7,1941,0,0,0,NA,0,NA,57TH ST,LESTER ST,150,E,N,A,-,N,NA,NA,NA,NA,NA,NA,NA,NA,NA,Y,4,0,1,4,A,-,07,21658,A,N,B,E,A,A,H,-,A,D,0,NA,NA,NA,NA,Y,NA,A,NA,0,0,1,0,0,0,0,0,0,-,-,NA,NA,LOS ANGELES,LONG BEACH,-118.19300079345705,33.85920715332031
91188705,2020,2020-02-20,9535,2020-02-09,0242,022343,NA,7,3,9,1900,0,1,1,NA,2,651,I-605 S/B,SR-60 (POMONA FREEWAY) W/B,1800,N,N,A,-,Y,NA,NA,605,NA,NA,NA,NA,NA,S,Y,4,0,1,1,A,-,01,23152,A,N,F,I,A,A,H,-,C,D,0,NA,NA,NA,NA,Y,Y,A,01,0,0,1,0,0,0,0,0,0,-,-,34.03763961791992,-118.02285766601564,LOS ANGELES,UNINCORPORATED,-118.02276611328124,34.03751754760742
91188706,2020,2020-02-18,9565,2020-02-06,0750,020239,NA,4,1,7,1942,0,1,1,NA,2,061,I-405 SOUTHBOUND (SAN DIEGO FREEWAY),CENTINELA AVENUE,102,S,N,A,-,Y,NA,NA,405,NA,NA,NA,NA,NA,S,Y,3,0,2,2,A,-,03,22350,NA,N,C,C,A,A,H,-,A,D,0,NA,NA,NA,NA,Y,NA,A,01,0,2,0,0,0,0,0,0,0,-,-,33.9798698425293,-118.39298248291016,LOS ANGELES,LOS ANGELES,-118.39301300048828,33.97984313964844
9118871,2020,2020-09-03,1941,2020-06-29,2018,5384,NA,1,5,7,1941,0,0,0,NA,0,NA,LONG BEACH BL,10TH ST,0,NA,Y,A,-,N,NA,NA,NA,NA,NA,NA,NA,NA,NA,Y,3,0,1,3,A,-,08,22107,NA,N,D,-,A,A,H,-,A,A,0,NA,NA,NA,NA,Y,NA,A,NA,0,1,0,0,0,0,0,0,0,-,-,NA,NA,LOS ANGELES,LONG BEACH,-118.18948364257813,33.778968811035156
91188714,2020,2020-02-18,9590,2020-02-11,1840,021912,NA,2,2,7,1942,0,1,1,NA,2,051,I-110 S/B (HARBOR FREEWAY),GAGE AVE.,1000,N,N,A,-,Y,NA,NA,110,NA,NA,NA,NA,NA,S,Y,4,0,1,2,A,-,03,22350,NA,N,C,C,A,A,H,-,C,D,0,NA,NA,NA,NA,Y,NA,A,01,0,0,1,0,0,0,0,0,0,-,-,33.985469818115234,-118.28070068359376,LOS ANGELES,LOS ANGELES,-118.28062438964844,33.985469818115234
9118872,2020,2020-09-03,1941,2020-06-28,1726,10952,NA,7,5,7,1941,0,0,0,NA,0,NA,ARTESIA BL,BUTLER AV,0,NA,Y,B,-,N,NA,NA,NA,NA,NA,NA,NA,NA,NA,Y,4,0,1,2,A,-,09,21801,A,N,D,C,A,A,H,-,A,A,0,NA,NA,NA,NA,Y,NA,A,NA,0,0,1,0,0,0,0,0,0,-,-,NA,NA,LOS ANGELES,LONG BEACH,-118.19696807861328,33.87424087524414
91188729,2020,2020-02-18,9525,2020-02-14,0250,018505,NA,5,3,1,1934,0,1,1,NA,2,652,I-605 N/B (SAN GABRIEL RIVER FWY),I-210 E/B (FOOTHILL FWY),3900,S,N,A,-,Y,NA,NA,605,NA,NA,NA,NA,NA,N,Y,4,0,2,2,A,-,03,22350,NA,N,C,C,A,A,H,-,D,D,0,NA,NA,NA,NA,Y,NA,A,01,0,0,2,0,0,0,0,0,0,-,-,34.125240325927734,-117.96510314941406,LOS ANGELES,IRWINDALE,-117.9651336669922,34.125274658203125
9118873,2020,2020-09-03,1941,2020-06-28,1718,11240,NA,7,5,7,1941,0,0,0,NA,0,NA,2ND ST E,BRIDGEPORT DR,0,NA,-,A,-,N,NA,NA,NA,NA,NA,NA,NA,NA,NA,N,3,0,1,2,A,-,08,22107,NA,N,B,G,A,A,H,-,A,D,0,NA,Y,NA,NA,Y,NA,A,NA,0,1,0,0,0,0,1,0,0,-,-,NA,NA,LOS ANGELES,LONG BEACH,NA,NA
9118874,2020,2020-09-03,1941,2020-06-28,0918,11542,NA,7,5,7,1941,0,0,0,NA,0,NA,APPIAN WY,2ND ST,0,NA,Y,B,-,N,NA,NA,NA,NA,NA,NA,NA,NA,NA,Y,4,0,1,1,A,-,03,22350,NA,N,A,I,A,B,A,-,A,D,0,NA,NA,NA,NA,Y,NA,-,-,0,0,1,0,0,0,0,0,0,-,-,NA,NA,LOS ANGELES,LONG BEACH,-118.11981964111328,33.7564697265625
91188740,2020,2020-02-18,9535,2020-02-09,1400,022330,NA,7,2,4,1907,0,1,1,NA,2,073,I-710 (LONG BEACH FREEWAY) S/B,FLORENCE AVE,0,NA,N,A,-,Y,NA,NA,710,NA,NA,NA,NA,NA,S,Y,3,0,1,1,A,-,03,22350,NA,N,F,I,A,B,H,-,A,D,0,NA,NA,NA,NA,Y,NA,A,01,0,1,0,0,0,0,0,0,0,-,-,33.965450286865234,-118.16898345947266,LOS ANGELES,BELL,-118.16875457763672,33.9653434753418
9118875,2020,2020-09-09,1941,2020-06-27,0001,11266,NA,6,5,7,1941,0,0,0,NA,0,NA,LAKEWOOD BL,WILLOW ST,0,NA,Y,A,-,N,NA,NA,NA,NA,NA,NA,NA,NA,NA,N,3,0,1,2,A,-,12,21453,A,N,A,G,B,-,-,-,C,A,0,Y,NA,NA,NA,Y,NA,N,NA,0,1,0,0,1,0,0,0,0,-,-,NA,NA,LOS ANGELES,LONG BEACH,-118.14279174804688,33.803409576416016
9118876,2020,2020-09-03,1941,2020-06-26,1659,11257,NA,5,5,7,1941,0,0,0,NA,0,NA,LONG BEACH BL,CARSON ST,380,S,N,A,-,N,NA,NA,NA,NA,NA,NA,NA,NA,NA,Y,3,0,1,4,A,-,03,22350,NA,N,-,C,A,A,H,-,A,A,0,NA,NA,NA,NA,Y,NA,A,NA,0,1,0,0,0,0,0,0,0,-,-,NA,NA,LOS ANGELES,LONG BEACH,-118.18935394287108,33.83293914794922
91188765,2020,2020-02-18,9535,2020-02-09,2235,022269,NA,7,3,5,1915,0,1,1,NA,2,074,I-710 (LONG BEACH FREEWAY) N/B,ROSECRANS AVE,500,S,N,B,-,Y,NA,NA,710,NA,NA,NA,NA,NA,N,N,4,0,1,3,A,-,07,21658,A,N,B,C,A,A,H,-,C,D,0,NA,NA,NA,NA,Y,NA,D,22,0,0,1,0,0,0,0,0,0,-,-,33.902259826660156,-118.18607330322266,LOS ANGELES,COMPTON,-118.1860580444336,33.902252197265625
9118877,2020,2020-09-09,1941,2020-06-27,1232,11132,NA,6,5,7,1941,0,0,0,NA,0,NA,E 3RD ST,BONITO AV,0,NA,Y,A,-,N,NA,NA,NA,NA,NA,NA,NA,NA,NA,N,3,0,1,2,A,-,09,21802,A,N,D,G,A,A,H,-,A,D,0,NA,Y,NA,NA,Y,NA,L,NA,0,1,0,0,0,0,1,0,0,-,-,NA,NA,LOS ANGELES,LONG BEACH,-118.18009948730467,33.77064895629883
9118878,2020,2020-09-03,1941,2020-06-23,2008,11525,NA,2,5,7,1941,0,0,0,NA,0,NA,PCH JUNIPERO AV,S PCH,18,N,N,A,-,N,NA,NA,NA,NA,NA,NA,NA,NA,NA,Y,4,0,1,2,A,-,09,21801,A,N,D,C,A,A,H,-,C,A,0,NA,NA,NA,NA,Y,NA,-,-,0,0,1,0,0,0,0,0,0,-,-,NA,NA,LOS ANGELES,LONG BEACH,-118.16333770751952,33.78990936279297
9118879,2020,2020-09-03,1941,2020-06-26,0413,11521,NA,5,5,7,1941,0,0,0,NA,0,NA,PACIFIC AV,6TH ST,0,NA,Y,A,-,N,NA,NA,NA,NA,NA,NA,NA,NA,NA,Y,4,0,1,2,A,-,12,21453,A,N,D,C,A,A,H,-,C,A,0,NA,NA,NA,NA,Y,NA,A,NA,0,0,1,0,0,0,0,0,0,-,-,NA,NA,LOS ANGELES,LONG BEACH,-118.19371795654295,33.774139404296875
91188797,2020,2020-02-18,9590,2020-02-13,1805,020618,NA,4,2,7,1942,0,1,1,NA,2,061,I-10 WB (SMF),LA BREA AVENUE,300,E,N,A,-,Y,NA,NA,10,NA,NA,NA,NA,NA,W,N,4,0,1,2,A,-,03,22350,NA,N,C,C,A,A,H,-,C,D,0,NA,NA,NA,NA,Y,NA,A,07,0,0,1,0,0,0,0,0,0,-,-,34.03450012207031,-118.34821319580078,LOS ANGELES,LOS ANGELES,-118.34820556640624,34.03447341918945
9118880,2020,2020-09-03,1941,2020-06-25,1915,10052,NA,4,5,7,1941,0,0,0,NA,0,NA,STUDEBAKER RD,STUDEBAKER RD 2400,0,NA,Y,A,-,N,NA,NA,NA,NA,NA,NA,NA,NA,NA,N,4,0,1,2,A,-,05,21650,1,N,H,G,A,A,H,-,A,D,0,NA,Y,NA,NA,Y,NA,L,NA,0,0,1,0,0,0,1,0,0,-,-,NA,NA,LOS ANGELES,LONG BEACH,NA,NA
91188806,2020,2020-02-19,9590,2020-02-12,1403,020618,NA,3,2,7,1942,0,1,1,NA,2,061,I-10 WB (SMF),WASHINGTON BOULEVARD,300,E,N,A,-,Y,NA,NA,10,NA,NA,NA,NA,NA,W,N,4,0,2,4,A,-,03,22350,NA,N,C,C,A,A,H,-,A,D,0,NA,NA,NA,NA,Y,NA,D,22,0,0,2,0,0,0,0,0,0,-,-,34.03487014770508,-118.3671417236328,LOS ANGELES,LOS ANGELES,-118.3671417236328,34.034854888916016
9118881,2020,2020-09-04,1942,2020-06-24,1845,44008,1621,3,5,7,1942,0,0,0,P,0,16A89,VAN NUYS BL,LAUREL CYN,168,W,N,A,-,N,NA,NA,NA,NA,NA,NA,NA,NA,NA,Y,4,0,3,2,A,-,09,21801,NA,N,D,C,A,A,H,-,A,A,0,NA,NA,NA,NA,Y,NA,A,01,0,0,3,0,0,0,0,0,0,-,-,NA,NA,LOS ANGELES,LOS ANGELES,-118.43252563476564,34.25849533081055
91188813,2020,2020-02-19,9590,2020-02-09,1910,022127,NA,7,2,7,1942,0,1,1,NA,2,083,I-5 S/B (GSF) TO I-10 E/B (SBF),STATE ST.,10,W,N,B,-,Y,NA,NA,5,NA,NA,NA,R,NA,S,Y,4,0,1,2,A,-,03,22350,NA,N,C,C,A,A,H,-,C,D,0,NA,NA,NA,NA,Y,NA,A,07,0,0,1,0,0,0,0,0,0,-,-,34.054439544677734,-118.21248626708984,LOS ANGELES,LOS ANGELES,-118.21248626708984,34.054439544677734
9118882,2020,2020-09-04,1942,2020-06-28,2136,42460,1669,7,5,7,1942,0,0,0,P,0,16A59,TUJUNGA CANYON BL,ELMHURST DR,150,N,N,A,-,N,NA,NA,NA,NA,NA,NA,NA,NA,NA,Y,3,0,1,1,A,-,08,22107,NA,N,H,J,A,A,H,-,C,A,0,NA,NA,Y,NA,Y,NA,C,02,0,1,0,0,0,0,0,0,1,-,-,NA,NA,LOS ANGELES,LOS ANGELES,-118.27332305908205,34.24067687988281
91188824,2020,2020-02-19,9530,2020-02-14,1838,022122,NA,5,2,7,1942,0,1,1,NA,2,400,I-405 S/B (SAN DIEGO FREEWAY),VERMONT AVE.,180,S,N,A,-,Y,NA,NA,405,NA,NA,NA,NA,NA,S,N,4,0,1,2,D,-,00,NA,NA,N,C,C,A,A,H,-,C,D,0,NA,NA,NA,NA,Y,NA,-,-,0,0,1,0,0,0,0,0,0,-,-,33.859161376953125,-118.28986358642578,LOS ANGELES,LOS ANGELES,-118.28987121582033,33.859127044677734
91188825,2020,2020-02-19,9550,2020-02-11,0745,022434,NA,2,1,9,1900,0,1,1,NA,2,650,I-605 S/B TO WASHINGTON BLVD W/B,WASHINGTON BOULEVARD,30,N,N,A,-,Y,NA,NA,605,NA,NA,NA,R,NA,S,Y,4,0,1,2,A,-,21,22106,NA,N,C,C,A,A,H,-,A,A,0,NA,NA,NA,NA,Y,NA,A,01,0,0,1,0,0,0,0,0,0,-,-,33.97486877441406,-118.08145141601564,LOS ANGELES,UNINCORPORATED,-118.08145141601564,33.97486877441406
91188827,2020,2020-02-19,9530,2020-02-08,2203,021756,NA,6,3,9,1900,0,3,5,NA,2,001,NADEAU ST.,ALAMEDA ST.,0,NA,Y,A,-,N,NA,NA,NA,NA,NA,NA,NA,NA,NA,Y,4,0,1,2,A,-,09,21801,A,N,D,C,A,A,H,-,C,A,0,NA,NA,Y,NA,Y,NA,B,08,0,0,1,0,0,0,0,0,1,-,-,33.967430114746094,-118.23322296142578,LOS ANGELES,UNINCORPORATED,-118.23322296142578,33.96744918823242
9118883,2020,2020-09-04,1942,2020-06-22,1230,38471,0952,1,5,7,1942,0,0,0,I,0,9A37W2,SEPULVEDA BL,CLARK ST,80,N,N,A,-,N,NA,NA,NA,NA,NA,NA,NA,NA,NA,Y,4,0,3,2,A,-,09,21804,A,N,A,C,A,A,H,-,A,A,0,NA,NA,NA,NA,Y,NA,A,01,0,0,3,0,0,0,0,0,0,-,-,NA,NA,LOS ANGELES,LOS ANGELES,-118.46616363525392,34.168701171875
9118884,2020,2020-09-04,1942,2020-06-26,1450,40398,0901,5,5,7,1942,0,0,0,I,0,9A5,SEPULVEDA BL,SATICOY ST,0,NA,Y,A,-,N,NA,NA,NA,NA,NA,NA,NA,NA,NA,N,4,0,1,2,A,-,09,21800,A,N,D,C,A,A,H,-,A,A,0,NA,NA,NA,NA,Y,NA,A,01,0,0,1,0,0,0,0,0,0,-,-,NA,NA,LOS ANGELES,LOS ANGELES,-118.46620941162108,34.20845031738281
9118885,2020,2020-09-04,1942,2020-06-28,1420,38185,0914,7,5,7,1942,0,0,0,I,0,9A19,VAN NUYS BL,VANOWEN ST,0,NA,Y,B,-,N,NA,NA,NA,NA,NA,NA,NA,NA,NA,Y,4,0,1,2,A,-,09,21801,A,N,D,C,A,A,H,-,A,A,0,NA,NA,NA,NA,Y,NA,A,01,0,0,1,0,0,0,0,0,0,-,-,NA,NA,LOS ANGELES,LOS ANGELES,-118.44873809814452,34.19390869140625
9118886,2020,2020-09-04,1942,2020-06-27,0830,30452,1079,6,5,7,1942,0,0,0,J,0,10A99,VENTURA BL,DENSMORE AV,15,E,N,A,-,N,NA,NA,NA,NA,NA,NA,NA,NA,NA,N,4,0,1,2,A,-,03,22350,NA,N,C,C,A,A,H,-,A,A,0,NA,NA,Y,NA,Y,NA,A,01,0,0,1,0,0,0,0,0,1,-,-,NA,NA,LOS ANGELES,LOS ANGELES,-118.47747039794922,34.155494689941406
9118887,2020,2020-09-04,1942,2020-06-28,0950,38191,1049,7,5,7,1942,0,0,0,J,0,10A17,BURBANK BL,HAYVENHURST AV,670,E,N,B,-,N,NA,NA,NA,NA,NA,NA,NA,NA,NA,Y,4,0,1,1,A,-,08,22107,NA,N,A,I,A,A,H,-,A,D,0,NA,NA,NA,NA,Y,NA,A,01,0,0,1,0,0,0,0,0,0,-,-,NA,NA,LOS ANGELES,LOS ANGELES,-118.49015808105467,34.16732406616211
91188876,2020,2020-02-19,9530,2020-02-08,1705,022427,NA,6,2,9,1900,0,3,5,NA,2,002,BROADWAY (15500 BLOCK),157TH ST.,348,N,N,A,-,N,NA,NA,NA,NA,NA,NA,NA,NA,NA,Y,2,0,3,3,A,-,08,22102,NA,N,D,C,A,A,H,-,A,D,0,NA,NA,Y,NA,Y,NA,A,01,1,0,2,0,0,0,0,0,2,-,-,33.890201568603516,-118.2786102294922,LOS ANGELES,UNINCORPORATED,-118.27860260009766,33.890174865722656
91188879,2020,2020-02-19,9525,2020-02-13,1800,020370,NA,4,2,9,1900,0,3,5,NA,2,002,BARRANCA AVE,ARROW HWY.,10,S,N,A,-,N,NA,NA,NA,NA,NA,NA,NA,NA,NA,N,4,0,1,2,A,-,03,22350,NA,N,C,C,A,A,H,-,C,A,0,NA,NA,NA,NA,Y,NA,D,22,0,0,1,0,0,0,0,0,0,-,-,34.10652160644531,-117.8814697265625,LOS ANGELES,UNINCORPORATED,-117.88150787353516,34.10664367675781
9118888,2020,2020-09-04,1941,2020-06-20,1706,11569,NA,6,5,7,1941,0,0,0,NA,0,NA,SOUTH ST,PARAMOUNT BL,349,E,N,A,-,N,NA,NA,NA,NA,NA,NA,NA,NA,NA,Y,4,0,2,2,A,-,08,22107,NA,N,D,C,A,A,H,-,A,D,0,NA,NA,NA,NA,Y,NA,A,NA,0,0,2,0,0,0,0,0,0,-,-,NA,NA,LOS ANGELES,LONG BEACH,-118.15875244140624,33.86017990112305
91188881,2020,2020-02-19,9575,2020-02-09,2131,021254,NA,7,2,9,1900,0,1,1,NA,2,062,I-210 W/B (FOOTHILL FREEWAY),RAMSDELL AVE,167,E,N,A,G,Y,NA,NA,210,NA,NA,NA,NA,NA,W,Y,4,0,2,2,A,-,03,22350,NA,N,C,C,A,A,C,-,D,D,0,NA,NA,NA,NA,Y,NA,A,07,0,0,2,0,0,0,0,0,0,-,-,34.22090148925781,-118.24410247802734,LOS ANGELES,UNINCORPORATED,-118.24407958984376,34.22093200683594
9118889,2020,2020-09-04,1941,2020-06-21,0027,10793,NA,7,5,7,1941,0,0,0,NA,0,NA,ARTESIA BL,POLE #BC1272,35,E,N,A,-,N,NA,NA,NA,NA,NA,NA,NA,NA,NA,Y,4,0,1,3,A,-,08,22107,NA,N,C,E,A,A,H,-,C,D,0,NA,NA,Y,NA,Y,Y,A,NA,0,0,1,0,0,0,0,0,0,-,-,NA,NA,LOS ANGELES,LONG BEACH,NA,NA
91188898,2020,2020-02-19,9575,2020-02-07,1237,022435,NA,5,1,7,1942,0,1,1,NA,2,052,I-5 S/B (GOLDEN STATE FREEWAY),HOLLYWOOD WAY,275,S,N,A,-,Y,NA,NA,5,NA,NA,NA,NA,NA,S,Y,4,0,1,4,A,-,07,21658,A,N,C,C,A,A,H,-,A,D,0,NA,NA,NA,NA,Y,NA,A,07,0,0,1,0,0,0,0,0,0,-,-,34.21141052246094,-118.34771728515624,LOS ANGELES,LOS ANGELES,-118.34773254394533,34.211395263671875
91188899,2020,2020-02-19,9525,2020-02-16,2110,021224,NA,7,2,6,1975,0,1,1,NA,2,106,I-10 E/B (SAN BERNARDINO FWY),AZUSA AVE,1584,W,N,A,-,Y,NA,NA,10,NA,NA,NA,NA,NA,E,N,4,0,1,2,A,-,07,21658,A,F,B,C,A,A,D,E,C,D,0,NA,NA,NA,NA,Y,NA,-,99,0,0,1,0,0,0,0,0,0,-,-,34.07210922241211,-117.91229248046876,LOS ANGELES,WEST COVINA,-117.91229248046876,34.072105407714844
9118890,2020,2020-09-04,1941,2020-06-21,1710,11273,NA,7,5,7,1941,0,0,0,NA,0,NA,11TH ST,LEWIS AV,0,NA,Y,A,-,N,NA,NA,NA,NA,NA,NA,NA,NA,NA,N,3,0,1,2,-,-,-,NA,NA,N,A,G,A,A,H,-,-,D,0,NA,Y,NA,NA,Y,NA,-,-,0,1,0,0,0,0,1,0,0,-,-,NA,NA,LOS ANGELES,LONG BEACH,-118.17967224121094,33.78078842163086
91188901,2020,2020-02-19,9535,2020-02-09,1015,022243,NA,7,1,5,1943,0,1,1,NA,2,075,I-710 (LONG BEACH FREEWAY) S/B,IMPERIAL HWY,1375,S,N,B,-,Y,NA,NA,710,NA,NA,NA,NA,NA,S,Y,3,0,1,2,A,-,07,21658,A,F,E,I,A,B,H,-,A,D,0,NA,NA,NA,NA,Y,NA,D,22,0,1,0,0,0,0,0,0,0,-,-,33.92599868774414,-118.17801666259766,LOS ANGELES,LYNWOOD,-118.1779556274414,33.9260139465332
91188906,2020,2020-04-06,9535,2020-02-08,1840,022259,NA,6,2,4,1907,0,1,1,NA,2,073,I-710 (LONG BEACH FREEWAY) S/B,GAGE AVE,25,S,N,A,-,Y,NA,NA,710,NA,NA,NA,NA,NA,S,Y,3,0,2,3,A,-,03,22350,NA,N,B,C,A,A,H,-,C,D,0,NA,NA,NA,NA,Y,NA,A,08,0,1,1,0,0,0,0,0,0,-,-,33.975799560546875,-118.16712951660156,LOS ANGELES,BELL,-118.16766357421876,33.97587966918945
91188908,2020,2020-02-19,9535,2020-02-09,2010,022325,NA,7,2,5,1915,0,1,1,NA,2,075,I-710 S/B TO ALONDRA BLVD W/B,ALONDRA BLVD,100,N,N,B,-,Y,NA,NA,710,NA,NA,NA,R,NA,S,Y,2,0,1,1,A,-,01,23152,A,N,F,C,A,B,H,-,C,D,0,NA,NA,NA,NA,Y,Y,D,22,1,0,0,0,0,0,0,0,0,-,-,33.88943862915039,-118.18901824951172,LOS ANGELES,COMPTON,-118.18901824951172,33.88943862915039
9118891,2020,2020-09-04,1941,2020-06-21,2323,11374,NA,7,5,7,1941,0,0,0,NA,0,NA,LONG BEACH BL,6TH ST,8,N,N,A,-,N,NA,NA,NA,NA,NA,NA,NA,NA,NA,Y,4,0,2,2,A,-,12,21453,A,N,B,C,A,A,H,-,C,A,0,NA,NA,NA,NA,Y,NA,A,NA,0,0,2,0,0,0,0,0,0,-,-,NA,NA,LOS ANGELES,LONG BEACH,-118.18949127197266,33.774173736572266
9118892,2020,2020-09-04,1941,2020-06-20,2132,11526,NA,6,5,7,1941,0,0,0,NA,0,NA,E 56TH ST,DAIRY AV,61,W,N,A,-,N,NA,NA,NA,NA,NA,NA,NA,NA,NA,N,4,0,1,3,A,-,07,21658,A,F,B,B,E,A,H,-,C,D,0,Y,NA,NA,NA,Y,Y,A,NA,0,0,1,0,1,0,0,0,0,-,-,NA,NA,LOS ANGELES,LONG BEACH,-118.19312286376952,33.857566833496094
91188927,2020,2020-02-19,9530,2020-02-10,1620,020608,NA,1,2,9,1900,0,3,5,NA,2,002,124TH ST. (BLOCK #400),AVALON BLVD.,3,W,N,A,-,N,NA,NA,NA,NA,NA,NA,NA,NA,NA,N,4,0,1,2,A,-,10,21950,A,N,G,B,B,A,H,-,A,D,0,Y,NA,NA,NA,Y,NA,D,22,0,0,1,0,1,0,0,0,0,-,-,33.92036056518555,-118.2653579711914,LOS ANGELES,UNINCORPORATED,-118.26524353027344,33.92007827758789
91188962,2020,2020-04-29,9530,2020-02-07,1535,022132,NA,5,2,9,1900,0,3,5,NA,2,002,SAN PEDRO ST. (12200 BLOCK),122ND ST.,10,S,N,A,-,Y,NA,NA,NA,NA,NA,NA,NA,NA,NA,N,4,0,1,2,A,-,10,21950,A,N,G,B,B,A,H,-,A,A,0,Y,NA,NA,NA,Y,NA,A,07,0,0,1,0,1,0,0,0,0,-,-,33.921199798583984,-118.26959991455078,LOS ANGELES,UNINCORPORATED,-118.26959228515624,33.921260833740234
91188967,2020,2020-02-19,9550,2020-02-08,0605,022434,NA,6,1,9,1900,0,1,3,NA,2,600,SR-60 E/B,WORKMAN MILL ROAD,675,E,N,A,-,Y,NA,NA,60,NA,NA,NA,NA,NA,E,Y,2,0,1,3,A,-,08,22107,NA,N,C,E,E,A,H,-,C,D,0,Y,NA,NA,Y,Y,NA,F,27,1,0,0,0,1,0,0,0,0,-,-,34.031158447265625,-118.0214614868164,LOS ANGELES,UNINCORPORATED,-118.02144622802734,34.031185150146484
91188970,2020,2020-02-19,9530,2020-02-10,1450,022427,NA,1,2,7,1941,0,1,1,NA,2,071,I-710 S/B (LONG BEACH FREEWAY),DEL AMO BLVD.,1478,N,N,A,-,Y,NA,NA,710,NA,NA,NA,NA,NA,S,Y,2,0,3,1,A,-,08,22107,NA,N,E,I,A,A,H,-,A,D,0,NA,NA,NA,NA,Y,NA,A,07,2,0,1,0,0,0,0,0,0,-,-,33.8508186340332,-118.20516967773438,LOS ANGELES,LONG BEACH,-118.20528411865234,33.85083770751953