CASE_ID,ACCIDENT_YEAR,PROC_DATE,JURIS,COLLISION_DATE,COLLISION_TIME,OFFICER_ID,REPORTING_DISTRICT,DAY_OF_WEEK,CHP_SHIFT,POPULATION,CNTY_CITY_LOC,SPECIAL_COND,BEAT_TYPE,CHP_BEAT_TYPE,CITY_DIVISION_LAPD,CHP_BEAT_CLASS,BEAT_NUMBER,PRIMARY_RD,SECONDARY_RD,DISTANCE,DIRECTION,INTERSECTION,WEATHER_1,WEATHER_2,STATE_HWY_IND,CALTRANS_COUNTY,CALTRANS_DISTRICT,STATE_ROUTE,ROUTE_SUFFIX,POSTMILE_PREFIX,POSTMILE,LOCATION_TYPE,RAMP_INTERSECTION,SIDE_OF_HWY,TOW_AWAY,COLLISION_SEVERITY,NUMBER_KILLED,NUMBER_INJURED,PARTY_COUNT,PRIMARY_COLL_FACTOR,PCF_CODE_OF_VIOL,PCF_VIOL_CATEGORY,PCF_VIOLATION,PCF_VIOL_SUBSECTION,HIT_AND_RUN,TYPE_OF_COLLISION,MVIW,PED_ACTION,ROAD_SURFACE,ROAD_COND_1,ROAD_COND_2,LIGHTING,CONTROL_DEVICE,CHP_ROAD_TYPE,PEDESTRIAN_ACCIDENT,BICYCLE_ACCIDENT,MOTORCYCLE_ACCIDENT,TRUCK_ACCIDENT,NOT_PRIVATE_PROPERTY,ALCOHOL_INVOLVED,STWD_VEHTYPE_AT_FAULT,CHP_VEHTYPE_AT_FAULT,COUNT_SEVERE_INJ,COUNT_VISIBLE_INJ,COUNT_COMPLAINT_PAIN,COUNT_PED_KILLED,COUNT_PED_INJURED,COUNT_BICYCLIST_KILLED,COUNT_BICYCLIST_INJURED,COUNT_MC_KILLED,COUNT_MC_INJURED,PRIMARY_RAMP,SECONDARY_RAMP,LATITUDE,LONGITUDE,COUNTY,CITY,POINT_X,POINT_Y
91188978,2020,2020-02-19,9535,2020-02-07,0140,022214,NA,5,3,4,1907,0,1,1,NA,2,073,I-710 (LONG BEACH FREEWAY) S/B,SLAUSON AVE,100,S,N,A,-,Y,NA,NA,710,NA,NA,NA,NA,NA,S,Y,3,0,3,2,A,-,01,23152,A,N,C,C,A,A,H,-,D,D,0,NA,NA,NA,NA,Y,Y,A,01,0,2,1,0,0,0,0,0,0,-,-,33.98630142211914,-118.16967010498048,LOS ANGELES,BELL,-118.1696548461914,33.98630905151367
91188988,2020,2020-02-19,9535,2020-02-09,0400,022214,NA,7,3,5,1901,0,1,1,NA,2,070,I-710 (LONG BEACH FREEWAY) N/B,I-10 (SAN BERNARDINO FREEWAY) E/B,450,N,N,A,-,Y,NA,NA,710,NA,NA,NA,NA,NA,N,Y,4,0,1,1,A,-,01,23152,A,N,E,I,A,A,H,-,C,D,0,NA,NA,NA,NA,Y,Y,A,01,0,0,1,0,0,0,0,0,0,-,-,34.063899993896484,-118.16451263427734,LOS ANGELES,ALHAMBRA,-118.16458129882813,34.06391906738281
91189020,2020,2020-02-19,9575,2020-02-12,0755,022429,NA,3,1,9,1900,0,2,4,NA,2,012,FOOTHILL BOULEVARD (2600 BLOCK),RAYMOND AVENUE,200,E,N,A,-,N,NA,NA,NA,NA,NA,NA,NA,NA,NA,N,4,0,1,2,A,-,03,22350,NA,N,C,C,A,A,H,-,A,D,0,NA,NA,NA,NA,Y,NA,A,07,0,0,1,0,0,0,0,0,0,-,-,34.222171783447266,-118.2368392944336,LOS ANGELES,UNINCORPORATED,-118.23697662353516,34.22231674194336
91189026,2020,2020-02-19,9535,2020-02-10,1610,022325,NA,1,2,3,1914,0,1,1,NA,2,073,I-710 (LONG BEACH FREEWAY) S/B,WASHINGTON BLVD,1800,N,N,A,-,Y,NA,NA,710,NA,NA,NA,NA,NA,S,N,4,0,2,3,A,-,03,22350,NA,N,C,C,A,A,H,-,A,D,0,NA,NA,NA,Y,Y,NA,G,27,0,0,2,0,0,0,0,0,0,-,-,34.008731842041016,-118.17250061035156,LOS ANGELES,COMMERCE,-118.17244720458984,34.00872802734375
91189041,2020,2020-02-19,9590,2020-01-05,1922,022088,NA,7,2,7,1942,0,1,1,NA,2,010,SR-110 NORTHBOUND (ARROYO SECO PARKWAY),SUNSET BLVD.,10,S,N,A,-,Y,NA,NA,110,NA,NA,NA,NA,NA,N,Y,3,0,2,3,A,-,03,22350,NA,N,C,C,A,A,H,-,C,D,0,NA,NA,NA,NA,Y,NA,A,07,0,2,0,0,0,0,0,0,0,-,-,34.06357955932617,-118.24764251708984,LOS ANGELES,LOS ANGELES,-118.24763488769533,34.063575744628906
91189054,2020,2020-02-19,9575,2020-02-15,1242,020847,NA,6,1,9,1900,0,3,5,NA,2,002,ALTADENA DR.,PORTER AVE.,0,NA,Y,A,-,N,NA,NA,NA,NA,NA,NA,NA,NA,NA,Y,3,0,3,2,A,-,09,21802,A,N,D,C,A,A,H,-,A,A,0,NA,NA,NA,NA,Y,NA,A,07,0,2,1,0,0,0,0,0,0,-,-,34.19070816040039,-118.11734771728516,LOS ANGELES,UNINCORPORATED,-118.11730194091795,34.19068145751953
91189057,2020,2020-02-19,9590,2020-02-08,1830,021346,NA,6,2,7,1942,0,1,1,NA,2,053,I-110 S/B (HARBOR FREEWAY),JEFFERSON BOULEVARD,300,N,N,A,-,Y,NA,NA,110,NA,NA,NA,NA,NA,S,N,4,0,1,3,A,-,07,21658,A,N,C,C,A,A,H,-,C,D,0,NA,NA,NA,NA,Y,NA,A,01,0,0,1,0,0,0,0,0,0,-,-,34.02214050292969,-118.27777099609376,LOS ANGELES,LOS ANGELES,-118.2776336669922,34.022064208984375
91189066,2020,2020-02-19,9550,2020-02-12,2040,020795,NA,3,2,4,1936,0,1,1,NA,2,501,INTERSTATE 5 SB,VALLEY VIEW AVENUE,1100,S,N,A,-,Y,NA,NA,5,NA,NA,NA,NA,NA,S,Y,3,0,2,2,A,-,07,21658,A,N,B,C,A,A,H,-,D,D,0,NA,NA,NA,NA,Y,NA,A,01,0,1,1,0,0,0,0,0,0,-,-,33.875450134277344,-118.01303863525392,LOS ANGELES,LA MIRADA,-118.0129852294922,33.875572204589844
91189075,2020,2020-02-19,9530,2020-02-09,0525,021493,NA,7,3,7,1942,0,1,1,NA,2,110,I-110 S/B (HARBOR FREEWAY),104TH ST.,100,S,N,A,-,Y,NA,NA,110,NA,NA,NA,NA,NA,S,Y,3,0,2,3,A,-,03,22350,NA,N,C,C,A,A,H,-,C,D,0,NA,NA,NA,NA,Y,Y,A,01,0,1,1,0,0,0,0,0,0,-,-,33.939430236816406,-118.2802963256836,LOS ANGELES,LOS ANGELES,-118.2800521850586,33.93943405151367
9118908,2020,2020-09-11,1942,2020-06-18,1754,38135,0979,4,5,7,1942,0,0,0,I,0,9X16,COLDWATER CANYON AV,KLING ST,300,N,N,A,-,N,NA,NA,NA,NA,NA,NA,NA,NA,NA,N,4,0,2,2,A,-,12,21453,A,N,D,C,A,A,H,-,A,A,0,NA,NA,NA,NA,Y,NA,A,08,0,0,2,0,0,0,0,0,0,-,-,NA,NA,LOS ANGELES,LOS ANGELES,-118.41378784179688,34.15663146972656
91189088,2020,2020-02-19,9550,2020-02-14,0610,015329,NA,5,1,5,1919,0,1,3,NA,2,092,SR-91 W/B FROM NORWALK BLVD. S/B,NORWALK BOULEVARD,50,W,N,A,-,Y,NA,NA,91,NA,NA,NA,R,NA,W,Y,4,0,1,1,A,-,03,22350,NA,N,F,A,A,A,H,-,C,D,0,NA,NA,NA,Y,Y,NA,F,27,0,0,1,0,0,0,0,0,0,-,-,33.87705993652344,-118.07286071777344,LOS ANGELES,CERRITOS,-118.07286071777344,33.87705993652344
9118909,2020,2020-09-21,1942,2020-06-21,2020,42676,1612,7,5,7,1942,0,0,0,P,0,NA,BRADLEY AV,VAN NUYS BL,100,N,N,A,-,N,NA,NA,NA,NA,NA,NA,NA,NA,NA,N,4,0,1,2,-,-,-,NA,NA,N,D,G,A,A,-,-,B,D,0,NA,Y,NA,NA,Y,NA,L,04,0,0,1,0,0,0,1,0,0,-,-,NA,NA,LOS ANGELES,LOS ANGELES,-118.41849517822266,34.269100189208984
91189101,2020,2020-02-19,9550,2020-02-14,1335,022023,NA,5,1,6,1949,0,1,1,NA,2,651,I-605 (N/B),ROSECRANS AVE.,500,S,N,A,-,Y,NA,NA,605,NA,NA,NA,NA,NA,NA,Y,4,0,1,3,A,-,03,22350,NA,N,C,C,A,A,H,-,A,D,0,NA,NA,NA,NA,Y,NA,A,01,0,0,1,0,0,0,0,0,0,-,-,33.89699172973633,-118.10478973388672,LOS ANGELES,NORWALK,-118.1046905517578,33.89699172973633
91189102,2020,2020-02-19,9540,2020-02-09,0805,019254,NA,7,1,6,1985,0,1,3,NA,1,144,SR-14 N/B (ANTELOPE VALLEY FREEWAY),GOLDEN VALLEY ROAD,36,S,N,A,-,Y,NA,NA,14,NA,NA,NA,NA,NA,N,Y,4,0,1,1,C,-,18,NA,NA,N,E,I,A,A,H,-,A,D,0,NA,NA,NA,NA,Y,NA,-,-,0,0,1,0,0,0,0,0,0,-,-,34.392730712890625,-118.47173309326172,LOS ANGELES,SANTA CLARITA,-118.47177886962892,34.392822265625
91189118,2020,2020-02-19,9550,2020-02-14,1305,022237,NA,5,1,9,1900,0,1,3,NA,2,600,STATE ROUTE 60 WESTBOUND,7TH AVENUE,1056,E,N,A,-,Y,NA,NA,60,NA,NA,NA,NA,NA,W,Y,4,0,1,2,A,-,03,22350,NA,N,C,C,A,A,H,-,A,D,0,NA,NA,NA,NA,Y,NA,A,01,0,0,1,0,0,0,0,0,0,-,-,34.01665115356445,-117.98529815673828,LOS ANGELES,UNINCORPORATED,-117.98529815673828,34.01665115356445
91189121,2020,2020-02-19,9535,2020-02-11,0200,022335,NA,2,3,5,1901,0,1,1,NA,2,420,I-10 (SAN BERNARDINO FREEWAY) E/B,NEW AVE,730,W,N,A,-,Y,NA,NA,10,NA,NA,NA,NA,NA,E,Y,3,0,2,1,A,-,01,23152,A,N,F,J,A,A,H,-,D,D,0,NA,NA,NA,NA,Y,Y,A,01,0,2,0,0,0,0,0,0,0,-,-,34.07157897949219,-118.11074066162108,LOS ANGELES,ALHAMBRA,-118.11074066162108,34.0716438293457
91189122,2020,2020-02-19,9580,2020-02-05,0615,017228,NA,3,1,7,1942,0,1,3,NA,2,171,SR-170 S/B (HOLLYWOOD FWY.),MAGNOLIA BOULEVARD,800,N,N,A,-,Y,NA,NA,170,NA,NA,NA,NA,NA,S,Y,3,0,3,3,A,-,03,22350,NA,N,C,C,A,A,H,-,B,D,0,NA,NA,NA,NA,Y,NA,A,01,0,1,2,0,0,0,0,0,0,-,-,34.16844177246094,-118.38455200195313,LOS ANGELES,LOS ANGELES,-118.3845672607422,34.16843032836914
91189124,2020,2020-02-19,9590,2020-02-08,1835,021346,NA,6,2,7,1942,0,1,1,NA,2,052,I-110 N/B (HARBOR FREEWAY),30TH STREET,350,S,N,A,-,Y,NA,NA,110,NA,NA,NA,NA,NA,N,N,4,0,2,3,A,-,03,22350,NA,N,C,C,A,A,H,-,C,D,0,NA,NA,NA,NA,Y,NA,A,07,0,0,2,0,0,0,0,0,0,-,-,34.02323913574219,-118.27670288085938,LOS ANGELES,LOS ANGELES,-118.27677917480467,34.02328109741211
91189125,2020,2020-02-19,9580,2020-02-08,2119,022064,NA,6,2,7,1942,0,1,2,NA,2,104,US-101 N/B (VENTURA FREEWAY),RESEDA BLVD,2640,S,N,A,-,Y,NA,NA,101,NA,NA,NA,NA,NA,N,N,4,0,1,2,A,-,03,22350,NA,N,C,C,A,A,H,-,D,D,0,NA,NA,NA,NA,Y,NA,A,01,0,0,1,0,0,0,0,0,0,-,-,34.17129135131836,-118.52706909179688,LOS ANGELES,LOS ANGELES,-118.52706909179688,34.1712760925293
91189128,2020,2020-02-19,9530,2020-02-10,0343,021076,NA,1,3,7,1941,0,1,1,NA,2,420,I-405 N/B TO I-710 N/B,CARSON ST.,686,S,N,B,-,Y,NA,NA,NA,NA,NA,NA,NA,NA,NA,Y,3,0,1,1,A,-,08,22107,NA,N,F,A,A,B,H,-,C,D,0,NA,NA,NA,NA,Y,NA,A,01,0,1,0,0,0,0,0,0,0,-,-,33.82981872558594,-118.20806121826172,LOS ANGELES,LONG BEACH,-118.25572967529295,33.83163833618164
91189130,2020,2020-02-19,9550,2020-02-14,1820,022237,NA,5,2,3,1964,0,1,1,NA,2,650,INTERSTATE 605 NORTHBOUND,INTERSTATE 5,100,N,N,A,-,Y,NA,NA,605,NA,NA,NA,NA,NA,N,Y,4,0,3,4,A,-,03,22350,NA,N,C,C,A,A,H,-,C,D,0,NA,NA,NA,NA,Y,NA,A,07,0,0,3,0,0,0,0,0,0,-,-,33.94190979003906,-118.09619903564452,LOS ANGELES,SANTA FE SPRINGS,-118.09613800048828,33.94187927246094
91189143,2020,2020-02-19,9590,2020-02-09,1255,022369,NA,7,1,7,1942,0,1,1,NA,2,052,I-110 N/B (HARBOR FREEWAY),OLYMPIC BLVD.,50,S,N,B,-,Y,NA,NA,110,NA,NA,NA,NA,NA,N,N,4,0,1,2,A,-,03,22350,NA,F,C,C,A,A,H,-,A,D,0,NA,NA,NA,NA,Y,Y,-,99,0,0,1,0,0,0,0,0,0,-,-,34.046451568603516,-118.26864624023438,LOS ANGELES,LOS ANGELES,-118.26870727539064,34.046546936035156
91189158,2020,2020-02-19,9580,2020-02-14,1857,021954,NA,5,2,7,1942,0,1,3,NA,2,114,SR-118 E/B (RONALD REAGAN FWY.),INTERSTATE 5,2500,W,N,A,-,Y,NA,NA,118,NA,NA,NA,NA,NA,E,Y,4,0,3,3,A,-,03,22350,NA,N,C,C,A,A,H,-,C,D,0,NA,NA,NA,NA,Y,NA,A,01,0,0,3,0,0,0,0,0,0,-,-,34.265689849853516,-118.45105743408205,LOS ANGELES,LOS ANGELES,-118.45105743408205,34.265724182128906
91189176,2020,2020-02-19,9580,2020-02-09,0920,019544,NA,7,1,7,1942,0,1,2,NA,2,104,US-101 N/B FROM BURBANK BLVD,SR-27 (TOPANAGA CYN BL),480,N,N,B,-,Y,NA,NA,101,NA,NA,NA,R,NA,N,N,4,0,1,2,A,-,03,22350,NA,N,E,I,A,B,H,-,A,D,0,NA,NA,NA,NA,Y,NA,A,01,0,0,1,0,0,0,0,0,0,-,-,34.170719146728516,-118.60785675048828,LOS ANGELES,LOS ANGELES,-118.60785675048828,34.170719146728516
91189192,2020,2020-02-19,9580,2020-02-14,1425,022036,NA,5,2,7,1942,0,1,1,NA,2,404,I-405 N/B (SAN DIEGO FWY),US-101,35,N,N,A,-,Y,NA,NA,405,NA,NA,NA,NA,NA,N,Y,4,0,1,2,A,-,03,22350,NA,N,C,C,A,A,H,-,A,D,0,NA,NA,NA,NA,Y,NA,A,08,0,0,1,0,0,0,0,0,0,-,-,34.16130065917969,-118.46949768066406,LOS ANGELES,LOS ANGELES,-118.46942138671876,34.16130065917969
91189196,2020,2020-02-19,9550,2020-02-14,1915,022391,NA,5,2,3,1964,0,1,1,NA,2,650,INTERSTATE 605 SOUTHBOUND,TELEGRAPH ROAD,1056,S,N,A,-,Y,NA,NA,605,NA,NA,NA,NA,NA,S,Y,4,0,1,3,A,-,03,22350,NA,N,C,C,A,A,H,-,C,D,0,NA,NA,NA,NA,Y,NA,A,01,0,0,1,0,0,0,0,0,0,-,-,33.94721984863281,-118.09365844726564,LOS ANGELES,SANTA FE SPRINGS,-118.09357452392578,33.94717025756836
91189247,2020,2020-02-19,9565,2020-02-08,1300,019355,NA,6,1,7,1942,0,1,1,NA,2,062,I-405 S/B (SAN DIEGO FREEWAY),OLYMPIC BOULEVARD,60,S,N,A,-,Y,NA,NA,405,NA,NA,NA,NA,NA,S,Y,4,0,2,2,A,-,07,21658,A,N,B,C,A,A,H,-,A,D,0,NA,NA,NA,NA,Y,NA,A,01,0,0,2,0,0,0,0,0,0,-,-,34.038700103759766,-118.43988037109376,LOS ANGELES,LOS ANGELES,-118.43981170654295,34.03875732421875
91189293,2020,2020-02-19,9565,2020-02-09,1751,022153,NA,7,2,4,1918,0,1,1,NA,2,061,I-405 N/B (SAN DIEGO FREEWAY),CENTINELA AVE,100,S,N,A,-,Y,NA,NA,405,NA,NA,NA,NA,NA,N,N,3,0,2,2,A,-,03,22350,NA,N,C,C,A,A,H,-,D,D,0,NA,NA,NA,NA,Y,NA,A,01,0,1,1,0,0,0,0,0,0,-,-,33.979469299316406,-118.39241790771484,LOS ANGELES,CULVER CITY,-118.39239501953124,33.979496002197266
91189320,2020,2020-06-29,9565,2020-02-08,0710,021729,NA,6,1,7,1942,0,1,1,NA,2,082,I-10 W/B,CENTINELA AVE,75,E,N,E,-,Y,NA,NA,10,NA,NA,NA,NA,NA,W,Y,4,0,1,2,A,-,07,21658,A,N,B,C,A,A,H,-,A,D,0,NA,NA,NA,NA,Y,NA,A,01,0,0,1,0,0,0,0,0,0,-,-,34.02777099609375,-118.45226287841795,LOS ANGELES,LOS ANGELES,-118.45226287841795,34.02777099609375
91189360,2020,2020-02-19,9550,2020-02-15,1825,022023,NA,6,2,3,1964,0,1,1,NA,2,650,I-605 (S/B),I-5,500,N,N,A,-,Y,NA,NA,605,NA,NA,NA,NA,NA,NA,Y,4,0,3,3,A,-,03,22350,NA,N,C,C,A,A,H,-,C,D,0,NA,NA,NA,NA,Y,NA,A,01,0,0,3,0,0,0,0,0,0,-,-,33.94599914550781,-118.09423828125,LOS ANGELES,SANTA FE SPRINGS,-118.09423065185548,33.94599533081055
91189370,2020,2020-02-19,9590,2020-02-14,1113,016230,NA,5,1,7,1942,0,1,3,NA,2,031,SR-60 WB POF,LORENA ST,170,E,N,A,-,Y,NA,NA,60,NA,NA,NA,NA,NA,W,Y,4,0,1,2,A,-,03,22350,NA,N,C,C,A,A,D,-,A,D,0,NA,NA,NA,NA,Y,NA,A,01,0,0,1,0,0,0,0,0,0,-,-,34.02949142456055,-118.19951629638672,LOS ANGELES,LOS ANGELES,-118.19953918457033,34.02959060668945
91189381,2020,2020-02-19,9545,2020-02-17,1145,013963,NA,1,1,9,1900,0,3,5,NA,2,001,SIERRA HWY,AVENUE G,0,NA,Y,A,-,N,NA,NA,NA,NA,NA,NA,NA,NA,NA,Y,4,0,3,2,A,-,09,21802,A,N,D,C,A,A,H,-,A,A,0,NA,NA,NA,NA,Y,NA,D,22,0,0,3,0,0,0,0,0,0,-,-,34.733131408691406,-118.14219665527344,LOS ANGELES,UNINCORPORATED,-118.14222717285156,34.73337936401367
91189383,2020,2020-02-19,9590,2020-02-09,1150,022369,NA,7,1,7,1942,0,1,1,NA,2,053,I-110 S/B (HARBOR FREEWAY),2ND STREET,150,S,N,B,-,Y,NA,NA,110,NA,NA,NA,NA,NA,S,N,4,0,1,2,A,-,03,22350,NA,N,C,C,A,A,H,-,A,D,0,NA,NA,NA,NA,Y,NA,A,01,0,0,1,0,0,0,0,0,0,-,-,34.0576286315918,-118.25430297851564,LOS ANGELES,LOS ANGELES,-118.2544403076172,34.057777404785156
91189388,2020,2020-02-19,9525,2020-02-12,1102,016679,NA,3,1,5,1990,0,1,3,NA,2,601,SR-60 W/B (POMONA FWY),GRAND AVE,528,W,N,A,-,Y,NA,NA,60,NA,NA,NA,NA,NA,W,Y,4,0,1,6,A,-,03,22350,NA,M,C,C,A,A,H,-,A,D,0,NA,NA,NA,NA,Y,NA,D,22,0,0,1,0,0,0,0,0,0,-,-,34.00830841064453,-117.82550811767578,LOS ANGELES,DIAMOND BAR,-117.8254623413086,34.00825881958008
91189392,2020,2020-02-19,9550,2020-02-15,1320,022023,NA,6,1,9,1900,0,3,5,NA,2,002,VALLEY VIEW AVE. (N/B),TEDFORD AVE.,100,N,N,A,-,Y,NA,NA,NA,NA,NA,NA,NA,NA,NA,Y,4,0,1,2,A,-,08,22107,NA,N,B,C,A,A,H,-,A,D,0,NA,NA,NA,NA,Y,NA,A,01,0,0,1,0,0,0,0,0,0,-,-,33.91994094848633,-118.0290985107422,LOS ANGELES,UNINCORPORATED,-118.02932739257813,33.918975830078125
9118941,2020,2020-09-03,1942,2020-06-22,1410,33458,1641,1,5,7,1942,0,0,0,P,0,16A23,LAUREL CANYON BL,TERRA BELLA ST,0,NA,Y,A,-,N,NA,NA,NA,NA,NA,NA,NA,NA,NA,N,4,0,4,3,A,-,09,21801,A,N,D,C,A,A,H,-,A,A,0,NA,NA,NA,NA,Y,NA,A,01,0,0,4,0,0,0,0,0,0,-,-,NA,NA,LOS ANGELES,LOS ANGELES,-118.42579650878906,34.252830505371094
91189419,2020,2020-02-19,9525,2020-02-18,1230,014971,NA,2,1,5,1906,0,1,1,NA,2,103,I-10 W/B (SAN BERNARDINO FWY),BALDWIN PARK BLVD,1056,W,N,A,-,Y,NA,NA,10,NA,NA,NA,NA,NA,W,Y,4,0,1,2,A,-,03,22350,NA,N,C,C,A,A,H,-,A,D,0,NA,NA,NA,NA,Y,NA,A,01,0,0,1,0,0,0,0,0,0,-,-,34.067169189453125,-117.98607635498048,LOS ANGELES,BALDWIN PARK,-117.9860610961914,34.06704330444336
9118942,2020,2020-09-03,1942,2020-06-23,1235,30452,1641,2,5,7,1942,0,0,0,P,0,16A23,LAUREL CANYON BL,TERRA BELLA ST,0,NA,Y,A,-,N,NA,NA,NA,NA,NA,NA,NA,NA,NA,Y,3,0,2,2,A,-,09,21801,A,N,D,C,A,A,H,-,A,A,0,NA,NA,NA,NA,Y,NA,A,01,0,1,1,0,0,0,0,0,0,-,-,NA,NA,LOS ANGELES,LOS ANGELES,-118.42579650878906,34.252830505371094
91189426,2020,2020-02-19,9590,2020-02-19,0720,018345,NA,3,1,7,1942,0,1,1,NA,2,063,I-10 WB (SMF) TO NORMANDIE AVE.,NORMANDIE AVE.,270,E,N,A,-,Y,NA,NA,10,NA,NA,NA,R,NA,W,Y,4,0,1,3,A,-,03,22350,NA,N,C,C,A,A,H,-,A,D,0,NA,NA,NA,NA,Y,NA,A,01,0,0,1,0,0,0,0,0,0,-,-,34.037471771240234,-118.29924774169922,LOS ANGELES,LOS ANGELES,-118.29924774169922,34.037471771240234
9118943,2020,2020-09-03,1942,2020-06-25,1630,40634,1654,4,5,7,1942,0,0,0,P,0,16A23,OSBORNE PL,GLENOAK BL,200,W,N,A,-,N,NA,NA,NA,NA,NA,NA,NA,NA,NA,N,4,0,1,2,A,-,09,21804,A,N,D,C,A,A,H,-,A,D,0,NA,NA,NA,NA,Y,NA,A,01,0,0,1,0,0,0,0,0,0,-,-,NA,NA,LOS ANGELES,LOS ANGELES,-118.3994140625,34.26148223876953
91189430,2020,2020-02-19,9590,2020-02-10,0610,022357,NA,1,1,7,1942,0,1,2,NA,2,070,US-101 N/B (HOLLYWOOD FREEWAY),SILVER LAKE BLVD,1050,S,N,A,-,Y,NA,NA,101,NA,NA,NA,NA,NA,N,N,4,0,1,4,A,-,03,22350,NA,F,C,C,A,A,H,-,C,D,0,NA,NA,NA,NA,Y,NA,-,99,0,0,1,0,0,0,0,0,0,-,-,34.07622146606445,-118.27744293212892,LOS ANGELES,LOS ANGELES,-118.27745819091795,34.076168060302734
9118944,2020,2020-09-03,1942,2020-06-18,1745,39178,1602,4,5,7,1942,0,0,0,P,0,16X8,MERCER ST,DRONFIELD AV,0,NA,Y,A,-,N,NA,NA,NA,NA,NA,NA,NA,NA,NA,N,4,0,1,2,A,-,09,21804,A,N,B,D,A,A,H,-,A,D,0,NA,NA,NA,NA,Y,NA,A,01,0,0,1,0,0,0,0,0,0,-,-,NA,NA,LOS ANGELES,LOS ANGELES,-118.40705108642578,34.280269622802734
91189444,2020,2020-02-19,9575,2020-02-10,1440,020182,NA,1,2,7,1942,0,1,1,NA,2,052,I-5 N/B (GOLDEN STATE FREEWAY),SUNLAND BLVD.,500,N,N,A,-,Y,NA,NA,5,NA,NA,NA,NA,NA,N,N,4,0,2,2,A,-,07,21658,A,N,C,C,A,A,H,-,A,D,0,NA,NA,NA,Y,Y,NA,A,01,0,0,2,0,0,0,0,0,0,-,-,34.22249984741211,-118.36955261230467,LOS ANGELES,LOS ANGELES,-118.36956024169922,34.222476959228516
91189448,2020,2020-02-19,9535,2020-02-07,0010,022354,NA,5,3,9,1900,0,1,3,NA,2,601,SR-60 (POMONA FREEWAY) W/B,INDIANA AVE,250,E,N,A,-,Y,NA,NA,60,NA,NA,NA,NA,NA,W,Y,3,0,8,4,A,-,03,22350,NA,N,C,C,A,A,H,-,C,D,0,NA,NA,NA,NA,Y,NA,A,01,0,3,5,0,0,0,0,0,0,-,-,34.03179931640625,-118.1886978149414,LOS ANGELES,UNINCORPORATED,-118.1886978149414,34.03183364868164
9118945,2020,2020-09-03,1942,2020-06-12,1425,43265,1685,5,5,7,1942,0,0,0,P,0,16A81,STAGG ST,CAMELLIA AV,28,E,N,A,-,N,NA,NA,NA,NA,NA,NA,NA,NA,NA,Y,3,0,1,3,A,-,08,22107,NA,N,E,E,A,A,H,-,A,D,0,NA,NA,NA,NA,Y,NA,-,NA,0,1,0,0,0,0,0,0,0,-,-,NA,NA,LOS ANGELES,LOS ANGELES,-118.38224792480467,34.21207046508789
91189453,2020,2020-02-19,9590,2020-02-19,0515,019008,NA,3,3,7,1942,0,1,2,NA,2,070,US-101 NB (HOLLYWOOD FREEWAY),BENTON WAY,500,S,N,A,-,Y,NA,NA,101,NA,NA,NA,NA,NA,N,N,4,0,1,2,A,-,07,21658,A,N,B,C,A,A,H,-,C,D,0,NA,NA,NA,NA,Y,NA,A,01,0,0,1,0,0,0,0,0,0,-,-,34.074859619140625,-118.27310943603516,LOS ANGELES,LOS ANGELES,-118.27311706542967,34.074851989746094
91189458,2020,2020-02-19,9535,2020-02-08,0200,022261,NA,6,3,9,1900,0,1,1,NA,2,650,I-605 N/B (SAN GABRIEL RIVER FREEWAY),GOLF COURSE PUC (N/EDGE),1000,N,N,A,-,Y,NA,NA,605,NA,NA,NA,NA,NA,N,Y,3,0,1,3,A,-,01,23152,A,N,C,C,A,A,H,-,C,D,0,NA,NA,NA,NA,Y,Y,A,01,0,1,0,0,0,0,0,0,0,-,-,34.04970932006836,-118.00666046142578,LOS ANGELES,UNINCORPORATED,-118.00669097900392,34.04972839355469
9118946,2020,2020-09-03,1942,2020-06-23,0905,27260,1749,2,5,7,1942,0,0,0,Q,0,17A49,WOODLEY AV,DEVONSHIRE ST,0,NA,Y,A,-,N,NA,NA,NA,NA,NA,NA,NA,NA,NA,N,4,0,1,2,A,-,09,21804,A,N,D,C,A,A,H,-,A,D,0,NA,NA,NA,NA,Y,NA,A,01,0,0,1,0,0,0,0,0,0,-,-,NA,NA,LOS ANGELES,LOS ANGELES,-118.4848403930664,34.25741195678711
91189464,2020,2020-02-19,9575,2020-02-17,1400,021878,NA,1,2,9,1900,0,3,5,NA,2,003,LITTLE TUJUNGA CANYON ROAD,WILDLIFE WAYSTATION,2534,N,N,A,-,N,NA,NA,NA,NA,NA,NA,NA,NA,NA,Y,3,0,1,1,A,-,03,22350,NA,N,E,I,A,A,H,-,A,D,0,NA,NA,NA,NA,Y,NA,A,01,0,1,0,0,0,0,0,0,0,-,-,34.33517074584961,-118.3424072265625,LOS ANGELES,UNINCORPORATED,NA,NA
91189468,2020,2020-02-19,9590,2020-02-10,1525,022417,NA,1,2,7,1942,0,1,1,NA,2,083,I-5 S/B (GOLDEN STATE FREEWAY) (GSF),LOS FELIZ BLVD,500,N,N,A,-,Y,NA,NA,5,NA,NA,NA,NA,NA,S,N,4,0,1,3,A,-,03,22350,NA,N,C,C,A,A,H,-,A,D,0,NA,NA,NA,NA,Y,NA,A,01,0,0,1,0,0,0,0,0,0,-,-,34.12213134765625,-118.27198028564452,LOS ANGELES,LOS ANGELES,-118.27206420898438,34.122093200683594