CASE_ID,ACCIDENT_YEAR,PROC_DATE,JURIS,COLLISION_DATE,COLLISION_TIME,OFFICER_ID,REPORTING_DISTRICT,DAY_OF_WEEK,CHP_SHIFT,POPULATION,CNTY_CITY_LOC,SPECIAL_COND,BEAT_TYPE,CHP_BEAT_TYPE,CITY_DIVISION_LAPD,CHP_BEAT_CLASS,BEAT_NUMBER,PRIMARY_RD,SECONDARY_RD,DISTANCE,DIRECTION,INTERSECTION,WEATHER_1,WEATHER_2,STATE_HWY_IND,CALTRANS_COUNTY,CALTRANS_DISTRICT,STATE_ROUTE,ROUTE_SUFFIX,POSTMILE_PREFIX,POSTMILE,LOCATION_TYPE,RAMP_INTERSECTION,SIDE_OF_HWY,TOW_AWAY,COLLISION_SEVERITY,NUMBER_KILLED,NUMBER_INJURED,PARTY_COUNT,PRIMARY_COLL_FACTOR,PCF_CODE_OF_VIOL,PCF_VIOL_CATEGORY,PCF_VIOLATION,PCF_VIOL_SUBSECTION,HIT_AND_RUN,TYPE_OF_COLLISION,MVIW,PED_ACTION,ROAD_SURFACE,ROAD_COND_1,ROAD_COND_2,LIGHTING,CONTROL_DEVICE,CHP_ROAD_TYPE,PEDESTRIAN_ACCIDENT,BICYCLE_ACCIDENT,MOTORCYCLE_ACCIDENT,TRUCK_ACCIDENT,NOT_PRIVATE_PROPERTY,ALCOHOL_INVOLVED,STWD_VEHTYPE_AT_FAULT,CHP_VEHTYPE_AT_FAULT,COUNT_SEVERE_INJ,COUNT_VISIBLE_INJ,COUNT_COMPLAINT_PAIN,COUNT_PED_KILLED,COUNT_PED_INJURED,COUNT_BICYCLIST_KILLED,COUNT_BICYCLIST_INJURED,COUNT_MC_KILLED,COUNT_MC_INJURED,PRIMARY_RAMP,SECONDARY_RAMP,LATITUDE,LONGITUDE,COUNTY,CITY,POINT_X,POINT_Y
91199843,2019,2020-03-02,9535,2019-11-09,0910,022335,NA,6,1,9,1900,0,2,4,NA,2,014,CESAR E CHAVEZ AVE (3700 BLOCK),GAGE AVE,45,W,N,A,-,Y,NA,NA,NA,NA,NA,NA,NA,NA,NA,N,4,0,1,4,A,-,03,22350,NA,N,C,C,A,A,H,-,A,D,0,NA,NA,NA,NA,Y,NA,A,07,0,0,1,0,0,0,0,0,0,-,-,34.0405387878418,-118.1848602294922,LOS ANGELES,UNINCORPORATED,-118.18479919433594,34.04051971435547
91199849,2020,2020-03-02,9525,2020-02-25,1845,021542,NA,2,2,6,1975,0,1,1,NA,2,106,I-10 E/B (SAN BERNARDINO FWY),AZUSA AVE,500,W,N,A,-,Y,NA,NA,10,NA,NA,NA,NA,NA,E,N,4,0,1,2,A,-,07,21658,A,N,B,C,A,A,D,E,C,D,0,NA,NA,NA,NA,Y,NA,A,01,0,0,1,0,0,0,0,0,0,-,-,34.072208404541016,-117.91371154785156,LOS ANGELES,WEST COVINA,-117.91371154785156,34.07211685180664
91199865,2020,2020-03-02,9565,2020-02-19,0805,020468,NA,3,1,9,1900,0,3,5,NA,2,002,113TH STREET,HARVARD BOULEVARD,0,NA,Y,A,-,N,NA,NA,NA,NA,NA,NA,NA,NA,NA,N,4,0,1,2,A,-,08,22107,NA,N,D,C,A,A,H,-,A,D,0,NA,NA,NA,NA,Y,NA,A,01,0,0,1,0,0,0,0,0,0,-,-,33.931861877441406,-118.30642700195313,LOS ANGELES,UNINCORPORATED,-118.306396484375,33.93185043334961
91199876,2020,2020-03-02,9530,2020-02-22,1105,019357,NA,6,1,7,1941,0,1,1,NA,2,073,I-710 S/B FROM ANAHEIM ST. E/B,ANAHEIM ST.,400,S,N,A,-,Y,NA,NA,NA,NA,NA,NA,NA,NA,NA,Y,3,0,1,1,A,-,03,22350,NA,N,E,I,A,A,H,-,A,D,0,NA,NA,NA,Y,Y,NA,G,25,0,1,0,0,0,0,0,0,0,-,-,33.465301513671875,-118.12286376953124,LOS ANGELES,LONG BEACH,-118.20783233642578,33.781578063964844
91199884,2020,2020-03-02,9580,2020-02-21,1715,022064,NA,5,2,7,1942,0,1,3,NA,2,170,SR-170 N/B (HOLLYWOOD FWY.),VICTORY BLVD,792,N,N,A,-,Y,NA,NA,170,NA,NA,NA,NA,NA,N,Y,4,0,1,2,A,-,03,22350,NA,N,C,C,A,A,H,-,A,D,0,NA,NA,NA,NA,Y,NA,A,01,0,0,1,0,0,0,0,0,0,-,-,34.18912124633789,-118.40167236328124,LOS ANGELES,LOS ANGELES,-118.40170288085938,34.189117431640625
91199900,2020,2020-03-02,9580,2020-02-27,1435,022158,NA,4,2,7,1942,0,1,1,NA,2,406,I-405 N/B (SAN DIEGO FWY),ROSCOE BLVD,200,S,N,B,-,Y,NA,NA,405,NA,NA,NA,NA,NA,N,Y,3,0,2,2,A,-,03,22350,NA,N,C,C,A,A,H,-,A,D,0,NA,NA,NA,NA,Y,NA,A,01,0,1,1,0,0,0,0,0,0,-,-,34.22071075439453,-118.47315979003906,LOS ANGELES,LOS ANGELES,-118.47309112548828,34.22071075439453
91199920,2020,2020-03-02,9590,2020-02-19,1845,022417,NA,3,2,7,1942,0,1,1,NA,2,085,I-5 S/B (GOLDEN STATE FREEWAY) (GSF),LOS FELIZ BLVD,500,N,N,A,-,Y,NA,NA,5,NA,NA,NA,NA,NA,S,Y,4,0,1,2,A,-,03,22350,NA,N,E,C,A,A,H,-,D,D,0,NA,NA,Y,NA,Y,NA,C,02,0,0,1,0,0,0,0,0,1,-,-,34.122711181640625,-118.27210998535156,LOS ANGELES,LOS ANGELES,-118.27227783203124,34.122650146484375
91199971,2020,2020-03-02,9590,2020-02-17,1255,022493,NA,1,1,7,1942,0,1,1,NA,2,082,I-5 N/B (GOLDEN STATE FREEWAY),LOS FELIZ BLVD.,100,S,N,A,-,Y,NA,NA,5,NA,NA,NA,NA,NA,N,N,4,0,1,3,A,-,17,22109,NA,N,C,C,A,A,H,-,A,A,0,NA,NA,NA,NA,Y,NA,A,01,0,0,1,0,0,0,0,0,0,-,-,34.120479583740234,-118.27079010009766,LOS ANGELES,LOS ANGELES,-118.27098846435548,34.12037658691406
91199972,2020,2020-03-02,9575,2020-02-19,1625,022448,NA,3,2,9,1900,0,2,4,NA,2,022,LINCOLN AVE (2200 BLOCK),ACACIA ST,3,S,N,A,-,N,NA,NA,NA,NA,NA,NA,NA,NA,NA,N,3,0,1,2,A,-,10,21950,A,N,G,B,B,A,H,-,A,A,0,Y,NA,NA,NA,Y,NA,A,01,0,1,0,0,1,0,0,0,0,-,-,34.183799743652344,-118.15969848632813,LOS ANGELES,UNINCORPORATED,-118.15969848632813,34.18381118774414
91200032,2020,2020-03-02,9550,2020-02-24,0815,020014,NA,1,1,9,1900,0,3,5,NA,2,001,MINES BLVD,BROADWAY AVE,300,E,N,A,-,N,NA,NA,NA,NA,NA,NA,NA,NA,NA,N,4,0,1,3,A,-,03,22350,NA,N,C,C,A,A,H,-,A,D,0,NA,NA,NA,NA,Y,NA,A,07,0,0,1,0,0,0,0,0,0,-,-,33.97711181640625,-118.06404113769533,LOS ANGELES,UNINCORPORATED,-118.06404113769533,33.97703552246094
91200055,2020,2020-03-02,9535,2020-02-21,0540,022085,NA,5,3,9,1900,0,1,3,NA,2,600,SR-60 (POMONA FREEWAY) E/B,3RD ST. ON RAMP O/C,1000,E,N,A,-,Y,NA,NA,60,NA,NA,NA,NA,NA,E,Y,4,0,1,3,A,-,03,22350,NA,N,C,C,A,A,H,-,A,D,0,NA,NA,NA,Y,Y,NA,F,25,0,0,1,0,0,0,0,0,0,-,-,34.032798767089844,-118.18154144287108,LOS ANGELES,UNINCORPORATED,-118.18157196044922,34.032859802246094
91200076,2020,2020-03-02,9525,2020-02-20,0755,022519,NA,4,1,9,1900,0,3,5,NA,2,003,FAIRGROVE AVE.,CLOVERGLEN DR.,0,NA,Y,A,-,N,NA,NA,NA,NA,NA,NA,NA,NA,NA,Y,4,0,1,2,A,-,09,21802,A,N,D,C,A,A,H,-,A,A,0,NA,NA,NA,NA,Y,NA,A,07,0,0,1,0,0,0,0,0,0,-,-,34.03990936279297,-117.92880249023438,LOS ANGELES,UNINCORPORATED,-117.92884063720705,34.03990173339844
91200086,2020,2020-03-02,9550,2020-02-23,1240,022434,NA,7,1,9,1900,0,2,4,NA,1,041,AZUSA AVE. S/B,COLIMA ROAD,500,N,N,A,-,N,NA,NA,NA,NA,NA,NA,NA,NA,NA,Y,3,0,1,2,A,-,09,21801,A,N,D,C,A,A,H,-,A,D,0,NA,NA,Y,NA,Y,NA,A,01,0,1,0,0,0,0,0,0,1,-,-,33.99224090576172,-117.93183135986328,LOS ANGELES,UNINCORPORATED,-117.93177795410156,33.99233627319336
91200097,2020,2020-03-02,9530,2020-02-22,2138,020548,NA,6,2,9,1900,0,3,5,NA,2,003,ATLANTIC AVE (15200 BLOCK),ROSE ST.,150,N,N,A,-,N,NA,NA,NA,NA,NA,NA,NA,NA,NA,Y,4,0,1,2,A,-,01,23152,A,N,C,C,A,A,H,-,C,D,0,NA,NA,NA,NA,Y,Y,A,01,0,0,1,0,0,0,0,0,0,-,-,33.894569396972656,-118.19338989257813,LOS ANGELES,UNINCORPORATED,-118.19332885742188,33.894649505615234
91200123,2020,2020-03-02,9550,2020-02-20,1021,022512,NA,4,1,3,1964,0,1,1,NA,2,500,I-5 N/B (SANTA ANA FREEWAY),FLORENCE AVENUE,500,N,N,A,-,Y,NA,NA,5,NA,NA,NA,NA,NA,N,Y,4,0,2,2,A,-,03,22350,NA,N,C,D,A,A,D,-,A,D,0,NA,NA,NA,NA,Y,NA,A,01,0,0,2,0,0,0,0,0,0,-,-,33.936458587646484,-118.09300231933594,LOS ANGELES,SANTA FE SPRINGS,-118.09326171875,33.936275482177734
91200139,2020,2020-03-02,9525,2020-02-26,0725,020499,NA,3,1,4,1905,0,1,1,NA,2,203,I-210 W/B (FOOTHILL FWY),AZUSA AVE,1584,E,N,A,-,Y,NA,NA,210,NA,NA,NA,NA,NA,W,Y,4,0,1,2,A,-,03,22350,NA,N,C,C,A,A,H,-,A,D,0,NA,NA,NA,NA,Y,NA,A,01,0,0,1,0,0,0,0,0,0,-,-,34.12118148803711,-117.90203857421876,LOS ANGELES,AZUSA,-117.90203857421876,34.121131896972656
91200153,2020,2020-03-02,9530,2020-02-23,1308,021689,NA,7,1,5,1943,0,1,1,NA,2,210,I-105 E/B (GLENN ANDERSON FWY),FIR ST.,200,E,N,A,-,Y,NA,NA,105,NA,NA,NA,NA,NA,E,Y,4,0,1,2,A,-,03,22350,NA,N,C,C,A,A,H,-,A,D,0,NA,NA,NA,NA,Y,NA,A,01,0,0,1,0,0,0,0,0,0,-,-,33.922271728515625,-118.20448303222656,LOS ANGELES,LYNWOOD,-118.2044677734375,33.92230224609375
91200176,2020,2020-03-02,9580,2020-02-19,2313,021475,NA,3,3,7,1942,0,1,2,NA,2,103,US-101 S/B (VENTURA FREEWAY),BALBOA BLVD,245,N,N,A,-,Y,NA,NA,101,NA,NA,NA,NA,NA,S,Y,2,0,1,2,A,-,01,23152,F,N,B,C,A,A,H,-,D,D,0,NA,NA,NA,NA,Y,NA,A,01,1,0,0,0,0,0,0,0,0,-,-,34.17063903808594,-118.50206756591795,LOS ANGELES,LOS ANGELES,-118.50205230712892,34.17070007324219
91200196,2020,2020-03-02,9550,2020-02-22,2155,021533,NA,6,2,9,1900,0,1,3,NA,2,601,STATE ROUTE 60 EB,AZUSA AVENUE,30,E,N,B,-,Y,NA,NA,60,NA,NA,NA,NA,NA,E,Y,3,0,3,3,A,-,03,22350,NA,F,C,C,A,A,H,-,D,D,0,NA,NA,NA,NA,Y,NA,A,01,0,1,2,0,0,0,0,0,0,-,-,33.99679946899414,-117.93087005615234,LOS ANGELES,UNINCORPORATED,-117.9308624267578,33.996849060058594
91200201,2020,2020-03-02,9525,2020-02-25,1445,020843,NA,2,2,9,1900,0,3,5,NA,2,002,ENID AVE (5100 BLOCK),ALCROSS ST,96,N,N,A,-,N,NA,NA,NA,NA,NA,NA,NA,NA,NA,N,4,0,1,2,A,-,03,22350,NA,F,G,B,D,A,H,-,A,D,0,Y,NA,NA,NA,Y,NA,-,99,0,0,1,0,1,0,0,0,0,-,-,34.10652160644531,-117.91426849365234,LOS ANGELES,UNINCORPORATED,-117.9142837524414,34.10639953613281
91200209,2020,2020-03-02,9535,2020-02-22,2030,022269,NA,6,2,5,1901,0,1,1,NA,2,420,SB GARFIELD AVE. TO EB I-10,GARFIELD AVE,100,W,N,A,-,Y,NA,NA,NA,NA,NA,NA,NA,NA,NA,N,4,0,1,2,A,-,03,22350,NA,M,C,C,A,A,H,-,C,D,0,NA,NA,NA,NA,Y,NA,D,22,0,0,1,0,0,0,0,0,0,-,-,34.07123947143555,-118.12338256835938,LOS ANGELES,ALHAMBRA,-118.13489532470705,34.10595703125
91200216,2020,2020-03-02,9525,2020-02-24,0935,022521,NA,1,1,9,1900,0,2,4,NA,2,030,HACIENDA BLVD (1800 BLOCK),FRANCISQUITO AVE,352,N,N,A,-,N,NA,NA,NA,NA,NA,NA,NA,NA,NA,Y,4,0,2,2,A,-,09,21804,A,N,D,C,A,A,H,-,A,D,0,NA,NA,NA,NA,Y,NA,A,01,0,0,2,0,0,0,0,0,0,-,-,34.051361083984375,-117.94294738769533,LOS ANGELES,UNINCORPORATED,-117.94566345214844,34.04896926879883
91200221,2020,2020-03-03,9525,2020-02-29,1155,020552,NA,6,1,6,1975,0,1,1,NA,2,106,I-10 E/B (SAN BERNARDINO FWY),AZUSA AVE,1056,E,N,A,-,Y,NA,NA,10,NA,NA,NA,NA,NA,E,N,4,0,2,3,A,-,03,22350,NA,N,C,C,A,A,D,E,A,D,0,NA,NA,NA,NA,Y,NA,A,08,0,0,2,0,0,0,0,0,0,-,-,34.07188034057617,-117.90206146240234,LOS ANGELES,WEST COVINA,-117.90206146240234,34.071998596191406
91200222,2020,2020-03-03,9525,2020-02-15,1215,018761,NA,6,1,5,1926,0,1,1,NA,2,215,I-210 W/B (FOOTHILL FWY),LONE HILL AVE,500,W,N,A,-,Y,NA,NA,210,NA,NA,NA,NA,NA,W,Y,4,0,1,4,A,-,03,22350,NA,N,C,C,A,A,H,-,A,D,0,NA,NA,NA,NA,Y,NA,A,07,0,0,1,0,0,0,0,0,0,-,-,34.12120056152344,-117.8323974609375,LOS ANGELES,GLENDORA,-117.8323974609375,34.1212043762207
91200226,2020,2020-03-03,9550,2020-02-25,1715,020974,NA,2,2,9,1900,0,2,4,NA,1,031,HACIENDA BOULEVARD S/B,GALE AVENUE,150,N,N,A,-,N,NA,NA,NA,NA,NA,NA,NA,NA,NA,N,4,0,2,3,A,-,03,22350,NA,N,C,C,A,A,H,-,B,D,0,NA,NA,NA,NA,Y,NA,A,07,0,0,2,0,0,0,0,0,0,-,-,34.011409759521484,-117.96286010742188,LOS ANGELES,UNINCORPORATED,-117.96286010742188,34.01123046875
91200227,2020,2020-03-03,9525,2020-02-28,1853,020505,NA,5,2,6,1955,0,1,3,NA,2,571,SR-57 S/B TO I-10 E/B,SR-71 O/C,400,W,N,A,-,Y,NA,NA,NA,NA,NA,NA,NA,NA,NA,N,4,0,2,3,A,-,03,22350,NA,N,C,C,A,A,H,-,C,D,0,NA,NA,NA,NA,Y,NA,D,22,0,0,2,0,0,0,0,0,0,-,-,34.065731048583984,-117.80362701416016,LOS ANGELES,POMONA,NA,NA
91200230,2020,2020-03-03,9525,2020-02-28,1314,021138,NA,5,1,4,1905,0,1,1,NA,2,204,I-210 E/B (FOOTHILL FWY),VERNON AVE,2112,W,N,A,-,Y,NA,NA,210,NA,NA,NA,NA,NA,E,N,4,0,1,2,A,-,03,22350,NA,N,C,C,A,A,H,-,A,D,0,NA,NA,NA,Y,Y,NA,G,25,0,0,1,0,0,0,0,0,0,-,-,34.12836837768555,-117.92111206054688,LOS ANGELES,AZUSA,-117.92110443115234,34.128387451171875
91200241,2020,2020-03-03,9525,2020-02-29,1515,021138,NA,6,2,6,1955,0,1,1,NA,2,107,I-10 W/B (SAN BERNARDINO FWY),VIA VERDE ST,2112,E,N,A,-,Y,NA,NA,NA,NA,NA,NA,NA,NA,NA,Y,4,0,2,2,A,-,03,22350,NA,N,C,C,A,A,D,E,A,D,0,NA,NA,NA,NA,Y,NA,A,01,0,0,2,0,0,0,0,0,0,-,-,34.067039489746094,-117.8329620361328,LOS ANGELES,POMONA,NA,NA
91200291,2020,2020-03-03,9540,2020-02-24,1955,021124,NA,1,2,9,1900,0,2,4,NA,2,010,THE OLD ROAD,STEVENSONS RANCH PARKWAY,515,S,N,A,-,N,NA,NA,NA,NA,NA,NA,NA,NA,NA,Y,3,0,2,2,A,-,09,21804,A,N,D,C,A,A,H,-,C,D,0,NA,NA,NA,NA,Y,NA,A,07,0,2,0,0,0,0,0,0,0,-,-,34.39202117919922,-118.57395935058594,LOS ANGELES,UNINCORPORATED,-118.57407379150392,34.39211654663086
91200299,2020,2020-03-03,9590,2020-02-11,2225,020348,NA,2,3,7,1942,0,1,1,NA,2,052,I-110 NB (HAF) TO US-101 NB (HAF),TEMPLE ST.,100,N,N,A,-,Y,NA,NA,110,NA,NA,NA,R,NA,N,N,4,0,1,1,A,-,08,22107,NA,N,F,A,A,A,H,-,C,D,0,NA,NA,Y,NA,Y,NA,C,02,0,0,1,0,0,0,0,0,1,-,-,34.06153106689453,-118.24954986572266,LOS ANGELES,LOS ANGELES,-118.24954986572266,34.06153106689453
91200303,2020,2020-03-03,9535,2020-02-15,1412,022298,NA,6,2,9,1900,0,3,5,NA,2,001,BEVERLY BOULEVARD,ATLANTIC BOULEVARD,0,NA,Y,A,-,N,NA,NA,NA,NA,NA,NA,NA,NA,NA,Y,3,0,3,2,B,-,22,NA,NA,N,D,C,A,A,H,-,A,A,0,NA,NA,NA,NA,Y,NA,J,48,0,2,1,0,0,0,0,0,0,-,-,34.032249450683594,-118.1536865234375,LOS ANGELES,UNINCORPORATED,-118.15370941162108,34.03213119506836
91200306,2020,2020-03-03,9540,2020-02-22,1605,021869,NA,6,2,9,1900,0,1,1,NA,2,504,I-5 TRUCK ROUTE N/B,SIERRA HWY.,528,N,N,C,-,Y,NA,NA,NA,NA,NA,NA,NA,NA,NA,Y,2,0,1,1,A,-,03,22350,NA,N,E,I,A,B,H,-,A,D,0,NA,NA,NA,NA,Y,NA,E,22,1,0,0,0,0,0,0,0,0,-,-,34.33441162109375,-118.50563049316406,LOS ANGELES,UNINCORPORATED,NA,NA
91200312,2020,2020-03-16,9525,2020-02-22,0320,021342,NA,6,3,6,1955,0,1,1,NA,2,110,I-10 E/B (SAN BERNARDINO FWY),TOWNE AVE,1056,W,N,B,-,Y,NA,NA,10,NA,NA,NA,NA,NA,E,Y,2,0,1,2,A,-,07,21658,A,N,C,C,A,A,H,-,C,D,0,NA,NA,NA,NA,Y,NA,A,01,1,0,0,0,0,0,0,0,0,-,-,34.07664108276367,-117.74517822265624,LOS ANGELES,POMONA,-117.74519348144533,34.076683044433594
91200326,2020,2020-03-03,9590,2020-02-29,2225,022252,NA,6,3,7,1942,0,1,1,NA,2,052,I-110 NB (HARBOR FREEWAY),ADAMS BLVD,200,S,N,A,-,Y,NA,NA,110,NA,NA,NA,NA,NA,N,N,4,0,2,2,A,-,07,21658,A,N,B,C,A,A,H,-,C,D,0,NA,NA,NA,NA,Y,NA,A,01,0,0,2,0,0,0,0,0,0,-,-,34.02690124511719,-118.27467346191406,LOS ANGELES,LOS ANGELES,-118.27469635009766,34.026912689208984
91200347,2020,2020-03-03,9545,2020-02-23,0200,021819,NA,7,3,6,1950,0,1,3,NA,2,021,SR-14 S/B (ANTELOPE VALLEY FREEWAY),AVE. Q,280,S,N,A,-,Y,NA,NA,14,NA,NA,NA,NA,NA,S,Y,4,0,1,1,A,-,01,23152,A,N,E,I,A,A,H,-,C,D,0,NA,NA,NA,NA,Y,Y,A,01,0,0,1,0,0,0,0,0,0,-,-,34.586368560791016,-118.134033203125,LOS ANGELES,PALMDALE,-118.13401794433594,34.586368560791016
91200349,2020,2020-03-03,9530,2020-02-23,0145,021756,NA,7,3,9,1900,0,1,1,NA,2,120,I-110 N/B (HARBOR FREEWAY),TORRANCE BLVD.,538,S,N,A,-,Y,NA,NA,110,NA,NA,NA,NA,NA,N,Y,4,0,1,2,A,-,07,21658,A,N,C,C,A,A,H,-,C,D,0,NA,NA,NA,NA,Y,NA,A,01,0,0,1,0,0,0,0,0,0,-,-,33.84056091308594,-118.28634643554688,LOS ANGELES,UNINCORPORATED,-118.2863311767578,33.84055709838867
91200362,2020,2020-03-03,9590,2020-02-20,2055,022041,NA,4,2,7,1942,0,1,1,NA,2,052,I-110 N/B (HARBOR FREEWAY),ADAMS BLVD. O/C,10,S,N,A,-,Y,NA,NA,110,NA,NA,NA,NA,NA,N,Y,3,0,1,2,A,-,07,21658,A,M,B,C,A,A,H,-,C,D,0,NA,NA,NA,NA,Y,NA,-,99,0,1,0,0,0,0,0,0,0,-,-,34.02772903442383,-118.2744598388672,LOS ANGELES,LOS ANGELES,-118.2744140625,34.02771759033203
91200363,2020,2020-03-03,9540,2020-02-26,0818,018037,NA,3,1,9,1900,0,1,3,NA,1,143,SR-14 S/B (ANTELOPE VALLEY FREEWAY),SIERRA HIGHWAY U/C,115,N,N,A,-,Y,NA,NA,14,NA,NA,NA,NA,NA,S,N,4,0,1,2,A,-,03,22350,NA,N,C,C,A,A,H,-,A,D,0,NA,NA,NA,NA,Y,NA,A,01,0,0,1,0,0,0,0,0,0,-,-,34.339168548583984,-118.50704956054688,LOS ANGELES,UNINCORPORATED,-118.507080078125,34.33917999267578
91200369,2020,2020-03-03,9530,2020-02-21,1650,022132,NA,5,2,5,1977,0,1,3,NA,2,310,SR-91 W/B (ARTESIA FREEWAY),MAIN ST.,1020,E,N,A,-,Y,NA,NA,91,NA,NA,NA,NA,NA,W,Y,4,0,1,6,A,-,03,22350,NA,N,C,C,A,A,H,-,A,D,0,NA,NA,NA,NA,Y,NA,A,01,0,0,1,0,0,0,0,0,0,-,-,33.872718811035156,-118.27198791503906,LOS ANGELES,CARSON,-118.27198791503906,33.87272262573242
91200372,2020,2020-03-03,9590,2020-02-22,1955,022428,NA,6,2,7,1942,0,1,1,NA,2,064,I-10 E/B (SANTA MONICA FREEWAY),BROADWAY,115,W,N,A,-,Y,NA,NA,10,NA,NA,NA,NA,NA,E,N,4,0,2,5,A,-,03,22350,NA,N,C,C,A,A,H,-,C,D,0,NA,NA,NA,NA,Y,NA,A,01,0,0,2,0,0,0,0,0,0,-,-,34.03322982788086,-118.26492309570313,LOS ANGELES,LOS ANGELES,-118.26492309570313,34.033226013183594
91200383,2020,2020-03-03,9590,2020-02-22,1215,022360,NA,6,1,7,1942,0,1,1,NA,2,085,I-5 S/B (GOLDEN STATE FREEWAY),COLORADO STREET,600,S,N,B,-,Y,NA,NA,5,NA,NA,NA,NA,NA,S,N,4,0,1,2,A,-,03,22350,NA,N,C,C,A,A,H,-,A,D,0,NA,NA,NA,NA,Y,NA,A,01,0,0,1,0,0,0,0,0,0,-,-,34.130279541015625,-118.27452087402344,LOS ANGELES,LOS ANGELES,-118.27448272705078,34.13029098510742
91200391,2020,2020-03-03,9580,2020-02-20,0819,021522,NA,4,1,7,1942,0,1,3,NA,2,171,SR-170 S/B (HOLLYWOOD FWY.),STRATHERN STREET,200,N,N,A,-,Y,NA,NA,170,NA,NA,NA,NA,NA,S,Y,4,0,2,2,A,-,07,21658,A,N,B,C,A,A,H,-,A,D,0,NA,NA,NA,NA,Y,NA,A,01,0,0,2,0,0,0,0,0,0,-,-,34.216121673583984,-118.40878295898438,LOS ANGELES,LOS ANGELES,-118.40877532958984,34.216121673583984
91200393,2020,2020-03-03,9565,2020-02-29,2110,022056,NA,6,2,5,1928,0,1,1,NA,2,010,I-105 W/B TO HAWTHORNE BOULEVARD,HAWTHORNE BOULEVARD,130,E,N,A,-,Y,NA,NA,105,NA,NA,NA,R,NA,W,Y,3,0,7,4,A,-,01,23152,A,F,C,C,A,A,H,-,C,A,0,NA,NA,NA,NA,Y,Y,A,01,0,3,4,0,0,0,0,0,0,-,-,33.934059143066406,-118.35196685791016,LOS ANGELES,HAWTHORNE,-118.35196685791016,33.934059143066406
91200394,2020,2020-03-03,9590,2020-03-02,0825,013179,NA,1,1,7,1942,0,1,1,NA,2,065,I-10 W/B (SANTA MONICA FREEWAY),CENTRAL AVENUE,500,E,N,A,-,Y,NA,NA,10,NA,NA,NA,NA,NA,W,N,4,0,1,2,A,-,07,21658,A,N,F,C,A,A,H,-,A,D,0,NA,NA,Y,NA,Y,NA,A,08,0,0,1,0,0,0,0,0,1,-,-,34.02389144897461,-118.24330139160156,LOS ANGELES,LOS ANGELES,-118.24330139160156,34.02378463745117
91200400,2020,2020-03-03,9530,2020-02-22,0128,021123,NA,6,3,9,1900,0,3,5,NA,2,001,FLORENCE AVE. (1600 BLOCK),CONVERSE AVE.,155,E,N,A,-,N,NA,NA,NA,NA,NA,NA,NA,NA,NA,Y,3,0,1,1,A,-,01,23152,A,N,E,I,A,A,H,-,C,D,0,NA,NA,NA,NA,Y,Y,A,07,0,1,0,0,0,0,0,0,0,-,-,33.97483825683594,-118.24347686767578,LOS ANGELES,UNINCORPORATED,-118.24358367919922,33.97468566894531
91200409,2020,2020-03-03,9565,2020-02-20,1445,021892,NA,4,2,7,1942,0,1,1,NA,2,062,I-405 S/B,PALMS BLVD,500,N,N,A,-,Y,NA,NA,405,NA,NA,NA,NA,NA,S,Y,4,0,1,2,A,-,07,21658,A,N,C,C,A,A,H,-,A,A,0,NA,NA,Y,NA,Y,NA,A,01,0,0,1,0,0,0,0,0,1,-,-,34.02070999145508,-118.42540740966795,LOS ANGELES,LOS ANGELES,-118.42536163330078,34.020748138427734
91200420,2020,2020-03-03,9525,2020-02-23,1740,022455,NA,7,2,9,1900,0,3,5,NA,2,003,FRANCISQUITO AVE (1800 BLOCK),GRIFFITH AVE.,0,NA,Y,A,-,N,NA,NA,NA,NA,NA,NA,NA,NA,NA,N,4,0,1,2,A,-,09,21804,A,N,D,C,A,A,H,-,C,D,0,NA,NA,NA,NA,Y,NA,D,22,0,0,1,0,0,0,0,0,0,-,-,34.0505485534668,-117.94300842285156,LOS ANGELES,UNINCORPORATED,-117.94304656982422,34.05051040649414
91200429,2020,2020-03-03,9590,2020-02-23,1205,022360,NA,7,1,7,1942,0,1,1,NA,2,082,I-5 N/B (GOLDEN STATE FREEWAY),MISSION RD,535,N,N,B,-,Y,NA,NA,5,NA,NA,NA,NA,NA,N,N,4,0,1,3,A,-,03,22350,NA,N,C,C,A,A,H,-,A,D,0,NA,NA,NA,NA,Y,NA,D,22,0,0,1,0,0,0,0,0,0,-,-,34.06187057495117,-118.21537017822266,LOS ANGELES,LOS ANGELES,-118.21542358398438,34.061851501464844
91200477,2020,2020-03-03,9530,2020-02-22,2305,021123,NA,6,3,9,1900,0,3,5,NA,2,001,HOOPER AVENUE (6800 BLOCK),68TH ST.,60,S,N,A,-,N,NA,NA,NA,NA,NA,NA,NA,NA,NA,Y,3,0,1,2,B,-,22,NA,NA,N,A,C,A,A,H,-,C,D,0,NA,NA,Y,NA,Y,Y,-,-,0,1,0,0,0,0,0,0,1,-,-,33.97827911376953,-118.25202178955078,LOS ANGELES,UNINCORPORATED,-118.25205993652344,33.97823715209961