CASE_ID,ACCIDENT_YEAR,PROC_DATE,JURIS,COLLISION_DATE,COLLISION_TIME,OFFICER_ID,REPORTING_DISTRICT,DAY_OF_WEEK,CHP_SHIFT,POPULATION,CNTY_CITY_LOC,SPECIAL_COND,BEAT_TYPE,CHP_BEAT_TYPE,CITY_DIVISION_LAPD,CHP_BEAT_CLASS,BEAT_NUMBER,PRIMARY_RD,SECONDARY_RD,DISTANCE,DIRECTION,INTERSECTION,WEATHER_1,WEATHER_2,STATE_HWY_IND,CALTRANS_COUNTY,CALTRANS_DISTRICT,STATE_ROUTE,ROUTE_SUFFIX,POSTMILE_PREFIX,POSTMILE,LOCATION_TYPE,RAMP_INTERSECTION,SIDE_OF_HWY,TOW_AWAY,COLLISION_SEVERITY,NUMBER_KILLED,NUMBER_INJURED,PARTY_COUNT,PRIMARY_COLL_FACTOR,PCF_CODE_OF_VIOL,PCF_VIOL_CATEGORY,PCF_VIOLATION,PCF_VIOL_SUBSECTION,HIT_AND_RUN,TYPE_OF_COLLISION,MVIW,PED_ACTION,ROAD_SURFACE,ROAD_COND_1,ROAD_COND_2,LIGHTING,CONTROL_DEVICE,CHP_ROAD_TYPE,PEDESTRIAN_ACCIDENT,BICYCLE_ACCIDENT,MOTORCYCLE_ACCIDENT,TRUCK_ACCIDENT,NOT_PRIVATE_PROPERTY,ALCOHOL_INVOLVED,STWD_VEHTYPE_AT_FAULT,CHP_VEHTYPE_AT_FAULT,COUNT_SEVERE_INJ,COUNT_VISIBLE_INJ,COUNT_COMPLAINT_PAIN,COUNT_PED_KILLED,COUNT_PED_INJURED,COUNT_BICYCLIST_KILLED,COUNT_BICYCLIST_INJURED,COUNT_MC_KILLED,COUNT_MC_INJURED,PRIMARY_RAMP,SECONDARY_RAMP,LATITUDE,LONGITUDE,COUNTY,CITY,POINT_X,POINT_Y
91201229,2020,2020-03-04,9530,2020-02-22,1554,021689,NA,6,2,5,1943,0,1,1,NA,2,210,I-105 E/B (GLENN ANDERSON FWY),LONG BEACH BLVD.,300,W,N,A,-,Y,NA,NA,105,NA,NA,NA,NA,NA,E,Y,4,0,1,2,A,-,07,21658,A,F,B,C,A,A,H,-,A,D,0,NA,NA,Y,NA,Y,NA,-,99,0,0,1,0,0,0,0,0,1,-,-,33.92675018310547,-118.21440887451172,LOS ANGELES,LYNWOOD,-118.21443176269533,33.92669677734375
91201241,2020,2020-04-08,9550,2020-03-02,1255,022167,NA,1,1,9,1900,0,2,4,NA,1,022,LEFFINGWELL ROAD,CORLEY DRIVE,20,W,N,A,-,N,NA,NA,NA,NA,NA,NA,NA,NA,NA,Y,4,0,1,2,A,-,09,21802,A,F,C,C,A,A,H,-,A,A,0,NA,NA,NA,NA,Y,NA,A,01,0,0,1,0,0,0,0,0,0,-,-,33.92314147949219,-118.02810668945313,LOS ANGELES,UNINCORPORATED,-118.0278549194336,33.92307662963867
91201268,2020,2020-03-04,9590,2020-02-23,0615,022357,NA,7,1,7,1942,0,1,1,NA,2,063,I-10 W/B (SMF) TO I-110 N/B (HAF),GRAND AVE,500,W,N,A,-,Y,NA,NA,10,NA,NA,NA,R,NA,W,Y,4,0,1,1,A,-,08,22107,NA,N,E,I,A,A,H,-,B,D,0,NA,NA,NA,NA,Y,NA,A,01,0,0,1,0,0,0,0,0,0,-,-,34.03562927246094,-118.26824188232422,LOS ANGELES,LOS ANGELES,-118.26824188232422,34.03562927246094
91201281,2020,2020-03-04,9565,2020-02-21,1138,022251,NA,5,1,9,1900,0,2,4,NA,2,024,IMPERIAL HIGHWAY,NEW HAMPSHIRE AVENUE,0,NA,Y,A,-,N,NA,NA,NA,NA,NA,NA,NA,NA,NA,Y,4,0,1,2,A,-,09,21801,A,N,D,C,A,A,H,-,A,D,0,NA,NA,NA,NA,Y,NA,A,07,0,0,1,0,0,0,0,0,0,-,-,33.9310302734375,-118.29311370849608,LOS ANGELES,UNINCORPORATED,-118.29319763183594,33.93098068237305
91201307,2020,2020-03-04,9590,2020-02-23,2111,021346,NA,7,2,7,1942,0,1,1,NA,2,052,I-110 N/B (HARBOR FREEWAY),TEMPLE STREET,500,S,N,A,-,Y,NA,NA,110,NA,NA,NA,NA,NA,N,Y,4,0,2,2,A,-,03,22350,NA,N,C,C,A,A,H,-,C,D,0,NA,NA,NA,NA,Y,NA,A,01,0,0,2,0,0,0,0,0,0,-,-,34.06037902832031,-118.2511978149414,LOS ANGELES,LOS ANGELES,-118.2512435913086,34.060428619384766
91201320,2020,2020-03-04,9530,2020-02-21,0530,019412,NA,5,3,9,1900,0,3,5,NA,2,003,ROSECRANS AVENUE,CASTLEGATE AVENUE,0,NA,Y,A,-,N,NA,NA,NA,NA,NA,NA,NA,NA,NA,Y,2,0,1,3,A,-,03,22350,NA,N,D,C,A,A,H,-,C,D,0,NA,NA,Y,NA,Y,NA,C,02,1,0,0,0,0,0,0,0,1,-,-,33.90354919433594,-118.1968994140625,LOS ANGELES,UNINCORPORATED,-118.1968994140625,33.903560638427734
9120133,2020,2020-11-04,1942,2020-06-14,1010,34251,0811,7,5,7,1942,0,0,0,H,0,8A1,PCH,PORTO MARINA WY,650,N,N,A,-,Y,LA,7,1,-,R,39.76,H,-,S,Y,3,0,2,4,A,-,08,22107,NA,N,D,C,A,A,H,-,A,D,0,NA,NA,NA,NA,Y,NA,A,07,0,1,1,0,0,0,0,0,0,-,-,NA,NA,LOS ANGELES,LOS ANGELES,-118.56262969970705,34.040767669677734
91201336,2020,2020-03-04,9550,2020-02-26,1045,017719,NA,3,1,9,1900,0,2,4,NA,1,041,AZUSA AVENUE,COLIMA ROAD,150,N,N,A,-,N,NA,NA,NA,NA,NA,NA,NA,NA,NA,Y,4,0,1,2,A,-,09,21804,A,N,D,C,A,A,H,-,A,D,0,NA,NA,NA,NA,Y,NA,A,07,0,0,1,0,0,0,0,0,0,-,-,33.99147033691406,-117.93186950683594,LOS ANGELES,UNINCORPORATED,-117.931884765625,33.99137878417969
91201339,2020,2020-03-04,9565,2020-02-21,2126,021905,NA,5,2,9,1900,0,3,5,NA,2,003,SLAUSON AVE E/B,SHENANDOAH AVE,50,E,N,A,-,N,NA,NA,NA,NA,NA,NA,NA,NA,NA,N,4,0,1,2,A,-,08,22107,NA,F,B,C,A,A,H,-,C,D,0,NA,NA,NA,NA,Y,NA,-,99,0,0,1,0,0,0,0,0,0,-,-,33.988590240478516,-118.377197265625,LOS ANGELES,UNINCORPORATED,-118.3774642944336,33.98854446411133
91201352,2020,2020-04-24,9590,2020-02-25,1812,022160,NA,2,2,7,1942,0,1,1,NA,2,063,I-10 W/B (SMF),LEMON ST.,80,W,N,A,-,Y,NA,NA,10,NA,NA,NA,NA,NA,W,Y,4,0,1,2,A,-,03,22350,NA,M,C,C,A,A,H,-,C,D,0,NA,NA,NA,NA,Y,NA,-,99,0,0,1,0,0,0,0,0,0,-,-,34.026981353759766,-118.23384857177734,LOS ANGELES,LOS ANGELES,-118.23385620117188,34.0269889831543
91201355,2020,2020-03-04,9575,2020-02-24,1355,022448,NA,1,1,7,1942,0,2,S,NA,2,904,VAN NUYS BLVD (13000 BLOCK),EL DORADO AVE (10000 BLOCK),30,W,N,A,-,N,NA,NA,NA,NA,NA,NA,NA,NA,NA,N,4,0,1,2,A,-,03,22350,NA,N,C,C,A,A,H,-,A,A,0,NA,NA,NA,NA,Y,NA,H,13,0,0,1,0,0,0,0,0,0,-,-,34.26470184326172,-118.42400360107422,LOS ANGELES,LOS ANGELES,-118.42391204833984,34.26477813720703
91201362,2020,2020-03-04,9535,2020-02-24,1650,021976,NA,1,2,9,1900,0,2,4,NA,2,018,BEVERLY BLVD (5200 BLOCK),VIA CAMPO ST,20,W,N,A,-,Y,NA,NA,NA,NA,NA,NA,NA,NA,NA,N,4,0,1,2,A,-,07,21658,A,N,C,C,A,A,H,-,A,D,0,NA,NA,NA,NA,Y,NA,A,01,0,0,1,0,0,0,0,0,0,-,-,34.03158950805664,-118.1527862548828,LOS ANGELES,UNINCORPORATED,-118.15286254882813,34.03163146972656
91201382,2020,2020-03-04,9530,2020-02-21,1640,022391,NA,5,2,7,1941,1,4,S,NA,2,901,EAST 65TH STREET,GAVIOTA AVENUE,30,E,N,A,-,N,NA,NA,NA,NA,NA,NA,NA,NA,NA,N,3,0,1,2,A,-,05,21650,NA,N,B,C,A,A,H,-,A,D,0,NA,NA,NA,NA,Y,NA,-,-,0,1,0,0,0,0,0,0,0,-,-,33.87282943725586,-118.17176055908205,LOS ANGELES,LONG BEACH,-118.17188262939452,33.872802734375
91201383,2020,2020-03-04,9580,2020-02-29,1950,022036,NA,6,2,7,1942,0,1,2,NA,2,105,US-101 S/B (VENTURA FREEWAY),SR-27 (TOPANGA CYN. BLVD.),750,S,N,B,-,Y,NA,NA,101,NA,NA,NA,NA,NA,S,Y,4,0,1,2,A,-,07,21658,A,N,B,C,A,A,H,-,C,D,0,NA,NA,NA,NA,Y,NA,A,01,0,0,1,0,0,0,0,0,0,-,-,34.170101165771484,-118.60240173339844,LOS ANGELES,LOS ANGELES,-118.60239410400392,34.17012023925781
91201389,2020,2020-03-04,9565,2020-02-21,0919,022231,NA,5,1,7,1942,0,1,1,NA,2,061,I-405 N/B (SAN DIEGO FREEWAY),CULVER BLVD,100,S,N,A,-,Y,NA,NA,405,NA,NA,NA,NA,NA,N,Y,3,0,1,2,A,-,07,21658,A,N,B,C,A,A,H,-,A,D,0,NA,NA,Y,NA,Y,NA,A,01,0,1,0,0,0,0,0,0,0,-,-,34.00276184082031,-118.41092681884766,LOS ANGELES,LOS ANGELES,-118.41088104248048,34.00279998779297
91201394,2020,2020-03-04,9575,2020-02-24,1911,022526,NA,1,2,7,1942,0,1,3,NA,2,043,SR-134 E/B (VENTURA FREEWAY),RIVERSIDE DR.,200,E,N,A,-,Y,NA,NA,134,NA,NA,NA,NA,NA,E,Y,4,0,1,4,A,-,03,22350,NA,M,C,C,A,A,H,-,C,D,0,NA,NA,NA,NA,Y,NA,D,22,0,0,1,0,0,0,0,0,0,-,-,34.15550994873047,-118.29241180419922,LOS ANGELES,LOS ANGELES,-118.29241180419922,34.155235290527344
91201414,2020,2020-03-04,9530,2020-02-24,0755,014654,NA,1,1,7,1941,0,1,1,NA,2,410,I-405 N/B (SAN DIEGO FREEWAY),WILMINGTON AVE.,650,S,N,A,-,Y,NA,NA,NA,NA,NA,NA,NA,NA,NA,Y,4,0,1,4,A,-,03,22350,NA,N,C,C,A,A,H,-,A,D,0,NA,NA,NA,Y,Y,NA,A,01,0,0,1,0,0,0,0,0,0,-,-,33.49327087402344,-118.14214324951172,LOS ANGELES,LONG BEACH,-118.24169921875,33.825931549072266
91201415,2020,2020-03-04,9530,2020-02-24,0725,016606,NA,1,1,6,1972,0,1,1,NA,2,400,I-405 N/B (SAN DIEGO FREEWAY),CRENSHAW BLVD.,1584,N,N,A,-,Y,NA,NA,405,NA,NA,NA,NA,NA,N,Y,4,0,1,3,A,-,03,22350,NA,N,C,C,A,A,H,-,A,D,0,NA,NA,NA,NA,Y,NA,A,01,0,0,1,0,0,0,0,0,0,-,-,33.86619186401367,-118.33132934570313,LOS ANGELES,TORRANCE,-118.33133697509766,33.86616516113281
91201417,2020,2020-03-04,9590,2020-02-25,0630,013179,NA,2,1,7,1942,0,1,1,NA,2,061,I-10 W/B (SANTA MONICA FREEWAY),FAIRFAX AVENUE,200,W,N,A,-,Y,NA,NA,10,NA,NA,NA,NA,NA,W,Y,4,0,1,2,A,-,07,21658,A,N,B,C,A,A,H,-,A,D,0,NA,NA,Y,NA,Y,NA,A,01,0,0,1,0,0,0,0,0,1,-,-,34.03615188598633,-118.37352752685548,LOS ANGELES,LOS ANGELES,-118.37351989746094,34.03620910644531
91201429,2020,2020-03-04,9575,2020-02-24,1448,022479,NA,1,2,6,1925,0,1,3,NA,2,042,SR-134 E/B (VENTURA FREEWAY),BRAND BLVD.,350,W,N,A,-,Y,NA,NA,134,NA,NA,NA,NA,NA,E,Y,3,0,1,2,A,-,03,22350,NA,N,C,C,A,A,H,-,A,D,0,NA,NA,NA,NA,Y,NA,A,07,0,1,0,0,0,0,0,0,0,-,-,34.15631103515625,-118.25640869140624,LOS ANGELES,GLENDALE,-118.25640869140624,34.15626907348633
91201431,2020,2020-03-04,9590,2020-02-19,0338,021346,NA,3,3,7,1942,0,1,1,NA,2,010,SR-110 N/B (ASP) TO I-5 N/B (GSF),SR-110 N/B (ASP),50,N,N,B,-,Y,NA,NA,110,NA,NA,NA,R,NA,N,Y,4,0,1,1,A,-,08,22107,NA,N,E,I,A,A,H,-,C,D,0,NA,NA,NA,NA,Y,Y,A,01,0,0,1,0,0,0,0,0,0,-,-,34.079689025878906,-118.22721862792967,LOS ANGELES,LOS ANGELES,-118.22721862792967,34.079689025878906
91201433,2020,2020-03-04,9550,2020-02-29,1550,022037,NA,6,2,6,1949,0,1,1,NA,2,500,INTERSTATE 5 (SANTA ANA FREEWAY),IMPERIAL HIGHWAY,3200,N,N,A,-,Y,NA,NA,5,NA,NA,NA,NA,NA,NA,Y,4,0,1,2,A,-,07,21658,A,N,C,C,A,A,H,-,A,D,0,NA,NA,Y,NA,Y,NA,A,07,0,0,1,0,0,0,0,0,1,-,-,33.92729187011719,-118.0867919921875,LOS ANGELES,NORWALK,-118.08688354492188,33.927223205566406
91201453,2020,2020-03-04,9525,2020-02-27,2050,015988,NA,4,2,6,1955,0,1,3,NA,2,072,SR-71 N/B (CHINO VALLEY FWY),RIO RANCHO RD.,1584,N,N,A,-,Y,NA,NA,71,NA,NA,NA,NA,NA,N,Y,2,0,1,1,A,-,01,23152,A,N,E,I,A,A,H,-,C,D,0,NA,NA,NA,NA,Y,Y,A,07,1,0,0,0,0,0,0,0,0,-,-,34.03446960449219,-117.76087188720705,LOS ANGELES,POMONA,-117.76089477539064,34.034446716308594
91201454,2020,2020-03-04,9550,2020-02-29,1500,022164,NA,6,2,5,1919,0,1,3,NA,2,091,SR-91 E/B TO I-605,INTERSTATE 605 (SAN GABRIEL RIVER FREEWA,1056,W,N,A,-,Y,NA,NA,91,NA,NA,NA,R,NA,E,Y,4,0,1,2,A,-,03,22350,NA,N,C,C,A,A,H,-,A,D,0,NA,NA,NA,NA,Y,NA,A,01,0,0,1,0,0,0,0,0,0,-,-,33.87617111206055,-118.10614013671876,LOS ANGELES,CERRITOS,-118.10614013671876,33.87617111206055
91201459,2020,2020-03-04,9575,2020-02-25,1727,022526,NA,2,2,6,1953,0,1,1,NA,2,065,I-210 W/B (FOOTHILL FREEWAY),MICHILLINDA AVE.,1000,E,N,A,-,Y,NA,NA,210,NA,NA,NA,NA,NA,W,Y,4,0,1,2,A,-,03,22350,NA,N,C,C,A,A,H,-,B,D,0,NA,NA,NA,NA,Y,NA,A,01,0,0,1,0,0,0,0,0,0,-,-,34.14891052246094,-118.06552124023438,LOS ANGELES,PASADENA,-118.06552124023438,34.14887619018555
91201472,2020,2020-03-04,9550,2020-02-28,1305,022237,NA,5,1,5,1919,0,1,3,NA,2,092,STATE ROUTE 91 WESTBOUND,NORWALK BOULEVARD,1500,W,N,A,-,Y,NA,NA,91,NA,NA,NA,NA,NA,W,Y,4,0,1,4,A,-,03,22350,NA,N,C,C,A,A,H,-,A,D,0,NA,NA,NA,NA,Y,NA,A,01,0,0,1,0,0,0,0,0,0,-,-,33.87662124633789,-118.07711791992188,LOS ANGELES,CERRITOS,-118.07711791992188,33.8764762878418
91201481,2020,2020-03-04,9575,2020-02-25,1435,022526,NA,2,2,6,1953,0,1,1,NA,2,064,I-210 W/B (FOOTHILL FREEWAY),WILSON AVE.,50,W,N,A,-,Y,NA,NA,210,NA,NA,NA,NA,NA,W,N,4,0,1,2,A,-,07,21658,A,N,B,C,A,A,H,-,A,D,0,NA,NA,NA,NA,Y,NA,A,01,0,0,1,0,0,0,0,0,0,-,-,34.1521110534668,-118.12911224365234,LOS ANGELES,PASADENA,-118.1291046142578,34.151981353759766
91201487,2020,2020-03-04,9550,2020-02-28,1455,022403,NA,5,2,9,1900,0,3,5,NA,2,001,BROADWAY AVENUE N/B,REICHLING LANE,30,S,N,A,-,N,NA,NA,NA,NA,NA,NA,NA,NA,NA,N,4,0,1,3,A,-,03,22350,NA,N,C,C,A,A,H,-,A,A,0,NA,NA,NA,NA,Y,NA,D,22,0,0,1,0,0,0,0,0,0,-,-,33.58803176879883,-118.0375518798828,LOS ANGELES,UNINCORPORATED,-118.06255340576172,33.9798469543457
91201517,2020,2020-04-17,9580,2020-02-23,0855,019319,NA,7,1,7,1942,0,1,2,NA,2,104,US-101 N/B (VENTURA FREEWAY),SR-27 (TOPANGA CYN BLVD),430,N,N,B,-,Y,NA,NA,101,NA,NA,NA,NA,NA,N,N,4,0,1,2,B,-,22,NA,NA,N,C,C,A,A,H,-,A,D,0,NA,NA,NA,NA,Y,NA,J,48,0,0,1,0,0,0,0,0,0,-,-,34.17095947265625,-118.60755157470705,LOS ANGELES,LOS ANGELES,-118.60755157470705,34.17088317871094
91201599,2019,2020-03-04,9530,2019-12-08,1745,022413,NA,7,2,7,1942,0,1,1,NA,2,110,I-110 N/B (HARBOR FREEWAY),CENTURY BLVD.,50,S,N,B,-,Y,NA,NA,110,NA,NA,NA,NA,NA,N,N,4,0,1,2,A,-,07,21658,A,F,B,C,A,A,H,-,C,D,0,NA,NA,NA,NA,Y,NA,-,99,0,0,1,0,0,0,0,0,0,-,-,33.94422149658203,-118.2797622680664,LOS ANGELES,LOS ANGELES,-118.27973175048828,33.944217681884766
9120163,2019,2020-08-03,1918,2019-12-10,0912,1123,NA,2,5,4,1918,0,0,0,NA,0,4T25,WASHINGTON PL,SAWTELLE BL,136,E,N,-,-,N,NA,NA,NA,NA,NA,NA,NA,NA,NA,Y,4,0,1,2,A,-,03,22350,NA,N,C,C,A,A,H,-,A,D,0,NA,NA,NA,NA,Y,NA,A,01,0,0,1,0,0,0,0,0,0,-,-,34.00735092163086,-118.4164581298828,LOS ANGELES,CULVER CITY,-118.41611480712892,34.00750732421875
91201640,2020,2020-03-04,9540,2020-02-24,0745,014339,NA,1,1,9,1900,0,3,5,NA,2,300,PARKER RD. E/B,NORTH LAKE HILLS RD.,0,NA,Y,A,-,N,NA,NA,NA,NA,NA,NA,NA,NA,NA,N,4,0,1,2,A,-,09,21804,A,N,D,C,A,A,H,-,A,D,0,NA,NA,NA,NA,Y,NA,A,01,0,0,1,0,0,0,0,0,0,-,-,34.48899841308594,-118.6218490600586,LOS ANGELES,UNINCORPORATED,-118.62185668945313,34.489051818847656
91201645,2020,2020-03-04,9525,2020-02-28,1500,021779,NA,5,2,6,1955,0,1,3,NA,2,571,SR-57 S/B (ORANGE FWY),TEMPLE AVE,2112,S,N,A,-,Y,NA,NA,57,NA,NA,NA,NA,NA,S,Y,4,0,1,2,A,-,03,22350,NA,N,C,C,A,A,H,-,A,D,0,NA,NA,NA,NA,Y,NA,A,01,0,0,1,0,0,0,0,0,0,-,-,34.038490295410156,-117.80474853515624,LOS ANGELES,POMONA,-117.8047103881836,34.038448333740234
91201657,2020,2020-03-04,9565,2020-02-19,1910,022153,NA,3,2,7,1942,0,1,1,NA,2,061,I-405 S/B (SAN DIEGO FREEWAY),HOWARD HUGHES PARKWAY,300,N,N,A,-,Y,NA,NA,405,NA,NA,NA,NA,NA,S,N,4,0,1,2,A,-,03,22350,NA,F,C,C,A,A,H,-,C,D,0,NA,NA,NA,NA,Y,NA,-,99,0,0,1,0,0,0,0,0,0,-,-,33.97724914550781,-118.3890380859375,LOS ANGELES,LOS ANGELES,-118.38901519775392,33.9773063659668
91201663,2020,2020-03-04,9550,2020-03-01,0355,021986,NA,7,3,3,1964,0,1,1,NA,2,500,I-5 N/B,FLORENCE AVENUE,2100,S,N,A,-,Y,NA,NA,5,NA,NA,NA,NA,NA,N,Y,3,0,1,1,A,-,01,23152,A,N,E,I,A,A,H,-,D,D,0,NA,NA,NA,NA,Y,Y,A,01,0,1,0,0,0,0,0,0,0,-,-,33.93008041381836,-118.08895111083984,LOS ANGELES,SANTA FE SPRINGS,-118.0889129638672,33.93010330200195
9120167,2019,2020-08-03,1918,2019-12-23,0615,1123,NA,1,5,4,1918,0,0,0,NA,0,4T25,WASHINGTON BL,WALGROVE AV,110,W,N,C,-,N,NA,NA,NA,NA,NA,NA,NA,NA,NA,Y,2,0,1,2,A,-,03,22350,NA,N,D,E,A,B,A,-,B,D,0,NA,NA,NA,NA,Y,NA,A,01,1,0,0,0,0,0,0,0,0,-,-,33.99272918701172,-118.44329833984376,LOS ANGELES,CULVER CITY,-118.44359588623048,33.992549896240234
91201672,2020,2020-03-04,9565,2020-02-23,1810,021575,NA,7,2,5,1965,0,1,1,NA,2,081,I-10 EASTBOUND (SANTA MONICA FREEWAY),STEWART STREET,350,E,N,A,-,Y,NA,NA,10,NA,NA,NA,NA,NA,E,Y,3,0,1,3,A,-,03,22350,NA,N,C,C,A,A,H,-,C,D,0,NA,NA,NA,NA,Y,NA,A,07,0,1,0,0,0,0,0,0,0,-,-,34.02648162841797,-118.46163177490234,LOS ANGELES,SANTA MONICA,-118.46161651611328,34.02642059326172
91201687,2020,2020-03-04,9580,2020-03-03,1615,018185,NA,2,2,3,1989,0,1,2,NA,2,107,US-101 S/B (VENTURA FREEWAY),MUREAU RD,750,S,N,A,-,Y,NA,NA,NA,NA,NA,NA,NA,NA,NA,Y,4,0,2,2,A,-,03,22350,NA,N,C,C,A,A,H,-,A,D,0,NA,NA,NA,NA,Y,NA,D,22,0,0,2,0,0,0,0,0,0,-,-,34.09001159667969,-118.39730834960938,LOS ANGELES,CALABASAS,-118.66727447509766,34.14933395385742
91201701,2019,2020-03-04,9530,2019-12-19,0750,022413,NA,4,1,7,1941,0,1,1,NA,2,420,I-405 N/B FROM CHERRY AVENUE,CHERRY AVE.,50,N,N,A,-,Y,NA,NA,405,NA,NA,NA,R,NA,N,N,4,0,1,2,A,-,03,22350,NA,M,B,C,A,A,H,-,A,D,0,NA,NA,NA,NA,Y,NA,-,99,0,0,1,0,0,0,0,0,0,-,-,33.814151763916016,-118.16826629638672,LOS ANGELES,LONG BEACH,-118.16826629638672,33.814151763916016
91201729,2020,2020-03-04,9580,2020-03-02,1550,022036,NA,1,2,7,1942,0,1,1,NA,2,404,I-405 N/B (SAN DIEGO FWY),SEPULVEDA BLVD,300,S,N,B,-,Y,NA,NA,405,NA,NA,NA,NA,NA,N,N,4,0,1,2,A,-,03,22350,NA,N,C,C,A,A,H,-,A,D,0,NA,NA,NA,NA,Y,NA,A,07,0,0,1,0,0,0,0,0,0,-,-,34.147300720214844,-118.47000122070313,LOS ANGELES,LOS ANGELES,-118.46987915039064,34.14723587036133
9120175,2020,2020-12-15,1942,2020-06-21,1140,33452,1309,7,5,7,1942,0,0,0,M,0,13A9,S ALAMEDA ST,E SAN BERNARDINO FWY,0,NA,Y,A,-,Y,LA,7,10,-,-,17.098,R,4,E,N,3,0,2,3,A,-,09,21801,A,N,D,C,A,A,H,-,A,A,0,NA,NA,NA,NA,Y,NA,A,01,0,2,0,0,0,0,0,0,0,-,-,NA,NA,LOS ANGELES,LOS ANGELES,-118.23966217041016,34.024410247802734
91201752,2020,2020-03-04,9535,2020-02-25,1342,021976,NA,2,1,5,1901,0,1,1,NA,2,421,I-10 W/B TO GARFIELD AVE N/B,GARFIELD AVE,25,E,N,A,-,Y,NA,NA,10,NA,NA,NA,R,NA,W,N,4,0,2,2,A,-,21,22106,NA,N,C,C,A,A,H,-,A,A,0,NA,NA,NA,NA,Y,NA,A,01,0,0,2,0,0,0,0,0,0,-,-,34.071800231933594,-118.12287139892578,LOS ANGELES,ALHAMBRA,-118.12287139892578,34.071800231933594
91201754,2020,2020-03-04,9575,2020-02-21,1657,022526,NA,5,2,6,1953,0,1,1,NA,2,064,I-210 W/B (FOOTHILL FREEWAY),LAKE AVE.,50,W,N,B,-,Y,NA,NA,210,NA,NA,NA,NA,NA,W,N,4,0,1,2,A,-,07,21658,A,N,B,C,A,A,H,-,B,D,0,NA,NA,NA,Y,Y,NA,A,01,0,0,1,0,0,0,0,0,0,-,-,34.15201187133789,-118.13260650634766,LOS ANGELES,PASADENA,-118.13260650634766,34.152000427246094
9120176,2020,2020-09-24,1942,2020-06-19,1745,41270,0518,5,5,7,1942,0,0,0,E,0,5XL4,PACIFIC COAST HWY,EUBANK AV,500,W,N,A,-,Y,LA,7,1,-,-,10.21,H,-,N,Y,3,0,2,2,A,-,08,22107,NA,N,D,C,A,A,H,-,A,D,0,NA,NA,NA,NA,Y,NA,A,08,0,1,1,0,0,0,0,0,0,-,-,NA,NA,LOS ANGELES,LOS ANGELES,-118.25774383544922,33.79156494140625
91201775,2020,2020-03-04,9580,2020-02-25,1100,017228,NA,2,1,7,1942,0,1,3,NA,2,171,SR-170 S/B (HOLLYWOOD FWY.),RIVERSIDE DRIVE,100,S,N,A,-,Y,NA,NA,170,NA,NA,NA,NA,NA,S,Y,4,0,1,2,A,-,03,22350,NA,N,C,C,A,A,H,-,A,D,0,NA,NA,NA,NA,Y,NA,A,01,0,0,1,0,0,0,0,0,0,-,-,34.15745162963867,-118.37956237792967,LOS ANGELES,LOS ANGELES,-118.37956237792967,34.157447814941406
9120178,2020,2020-11-12,1942,2020-06-10,2330,33757,0811,3,5,7,1942,0,0,0,H,0,8A1,PCH,COASTLINE DR,316,S,N,A,-,Y,LA,7,1,-,-,40.04,H,-,S,Y,3,0,2,2,A,-,03,22350,NA,N,C,E,A,A,H,-,C,D,0,NA,NA,NA,NA,Y,NA,A,01,0,2,0,0,0,0,0,0,0,-,-,NA,NA,LOS ANGELES,LOS ANGELES,-118.5671615600586,34.041709899902344
91201788,2020,2020-03-04,9580,2020-03-01,1929,022036,NA,7,2,7,1942,0,1,3,NA,2,114,SR-118 W/B (RONALD REAGAN FWY.),SEPULVEDA BLVD,1320,E,N,B,-,Y,NA,NA,118,NA,NA,NA,NA,NA,W,Y,4,0,3,2,A,-,03,22350,NA,N,C,C,A,A,H,-,C,D,0,NA,NA,NA,NA,Y,NA,A,07,0,0,3,0,0,0,0,0,0,-,-,34.2661018371582,-118.46289825439452,LOS ANGELES,LOS ANGELES,-118.46289825439452,34.266029357910156
91201817,2020,2020-03-04,9525,2020-02-18,1325,019146,NA,2,1,6,1955,0,1,3,NA,2,571,SR-57 S/B (ORANGE FWY),TEMPLE AVE,1056,N,N,A,-,Y,NA,NA,57,NA,NA,NA,NA,NA,S,Y,4,0,2,5,A,-,03,22350,NA,N,C,C,A,A,H,-,A,D,0,NA,NA,NA,NA,Y,NA,D,22,0,0,2,0,0,0,0,0,0,-,-,34.050209045410156,-117.80193328857422,LOS ANGELES,POMONA,-117.80199432373048,34.05018615722656
9120182,2020,2020-07-22,1942,2020-06-20,2240,38251,0851,6,5,7,1942,0,0,0,H,0,8A53,SANTA MONICA BL,S BUNDY DR,156,W,N,B,-,N,NA,NA,NA,NA,NA,NA,NA,NA,NA,Y,3,0,1,2,A,-,01,23152,A,M,C,E,A,A,H,-,C,D,0,NA,NA,NA,NA,Y,Y,A,01,0,1,0,0,0,0,0,0,0,-,-,NA,NA,LOS ANGELES,LOS ANGELES,-118.46376037597656,34.04033660888672