CASE_ID,ACCIDENT_YEAR,PROC_DATE,JURIS,COLLISION_DATE,COLLISION_TIME,OFFICER_ID,REPORTING_DISTRICT,DAY_OF_WEEK,CHP_SHIFT,POPULATION,CNTY_CITY_LOC,SPECIAL_COND,BEAT_TYPE,CHP_BEAT_TYPE,CITY_DIVISION_LAPD,CHP_BEAT_CLASS,BEAT_NUMBER,PRIMARY_RD,SECONDARY_RD,DISTANCE,DIRECTION,INTERSECTION,WEATHER_1,WEATHER_2,STATE_HWY_IND,CALTRANS_COUNTY,CALTRANS_DISTRICT,STATE_ROUTE,ROUTE_SUFFIX,POSTMILE_PREFIX,POSTMILE,LOCATION_TYPE,RAMP_INTERSECTION,SIDE_OF_HWY,TOW_AWAY,COLLISION_SEVERITY,NUMBER_KILLED,NUMBER_INJURED,PARTY_COUNT,PRIMARY_COLL_FACTOR,PCF_CODE_OF_VIOL,PCF_VIOL_CATEGORY,PCF_VIOLATION,PCF_VIOL_SUBSECTION,HIT_AND_RUN,TYPE_OF_COLLISION,MVIW,PED_ACTION,ROAD_SURFACE,ROAD_COND_1,ROAD_COND_2,LIGHTING,CONTROL_DEVICE,CHP_ROAD_TYPE,PEDESTRIAN_ACCIDENT,BICYCLE_ACCIDENT,MOTORCYCLE_ACCIDENT,TRUCK_ACCIDENT,NOT_PRIVATE_PROPERTY,ALCOHOL_INVOLVED,STWD_VEHTYPE_AT_FAULT,CHP_VEHTYPE_AT_FAULT,COUNT_SEVERE_INJ,COUNT_VISIBLE_INJ,COUNT_COMPLAINT_PAIN,COUNT_PED_KILLED,COUNT_PED_INJURED,COUNT_BICYCLIST_KILLED,COUNT_BICYCLIST_INJURED,COUNT_MC_KILLED,COUNT_MC_INJURED,PRIMARY_RAMP,SECONDARY_RAMP,LATITUDE,LONGITUDE,COUNTY,CITY,POINT_X,POINT_Y
91207033,2020,2020-03-12,9525,2020-03-05,1210,020499,NA,4,1,6,1975,0,1,1,NA,2,105,I-10 W/B (SAN BERNARDINO FWY),CITRUS ST.,528,W,N,A,-,Y,NA,NA,10,NA,NA,NA,NA,NA,W,Y,4,0,1,3,A,-,07,21658,A,M,B,C,A,A,D,E,A,D,0,NA,NA,NA,NA,Y,NA,A,01,0,0,1,0,0,0,0,0,0,-,-,34.07210922241211,-117.89243316650392,LOS ANGELES,WEST COVINA,-117.89243316650392,34.07210922241211
91207076,2020,2020-03-12,9550,2020-03-12,0735,017042,NA,4,1,7,1941,0,1,3,NA,2,090,SR-91 EB (ARTESIA FREEWAY),CHERRY AVENUE,1170,W,N,B,-,Y,NA,NA,91,NA,NA,NA,NA,NA,E,N,4,0,1,2,A,-,03,22350,NA,N,C,C,A,A,H,-,A,D,0,NA,NA,NA,NA,Y,NA,D,22,0,0,1,0,0,0,0,0,0,-,-,33.87677001953125,-118.17266082763672,LOS ANGELES,LONG BEACH,-118.1726531982422,33.87679672241211
91207085,2020,2020-03-12,9545,2020-03-08,1520,021340,NA,7,2,9,1900,0,3,5,NA,2,004,EAST AVENUE W,133RD STREET EAST,225,W,N,A,-,N,NA,NA,NA,NA,NA,NA,NA,NA,NA,Y,4,0,2,2,A,-,08,22107,NA,N,B,C,A,A,H,-,A,D,0,NA,NA,NA,NA,Y,NA,A,07,0,0,2,0,0,0,0,0,0,-,-,34.49922180175781,-117.89272308349608,LOS ANGELES,UNINCORPORATED,-117.89265441894533,34.499141693115234
91207087,2020,2020-03-12,9590,2020-03-02,1458,022431,NA,1,2,7,1942,0,1,1,NA,2,083,I-5 S/B (GOLDEN STATE FREEWAY),HUMBOLDT STREET,30,N,N,A,-,Y,NA,NA,5,NA,NA,NA,NA,NA,S,N,4,0,1,2,A,-,03,22350,NA,N,C,C,A,A,H,-,A,D,0,NA,NA,NA,NA,Y,NA,D,22,0,0,1,0,0,0,0,0,0,-,-,34.07870101928711,-118.22017669677734,LOS ANGELES,LOS ANGELES,-118.22015380859376,34.07871627807617
91207095,2020,2020-03-12,9535,2020-03-02,2055,022259,NA,1,2,3,1968,0,1,3,NA,2,620,SR-60 (POMONA FREEWAY) E/B,COGSWELL RD. POC,300,E,N,A,-,Y,NA,NA,60,NA,NA,NA,NA,NA,E,Y,4,0,1,3,A,-,07,21658,A,N,B,C,A,A,H,-,C,D,0,NA,NA,NA,NA,Y,NA,A,01,0,0,1,0,0,0,0,0,0,-,-,34.038841247558594,-118.04689025878906,LOS ANGELES,SOUTH EL MONTE,-118.0468978881836,34.03877258300781
91207098,2020,2020-03-12,9590,2020-03-09,0720,013179,NA,1,1,7,1942,0,1,1,NA,2,063,I-10 W/B (SMF) COLLECTOR ROAD,WESTERN AVENUE,150,E,N,B,-,Y,NA,NA,10,NA,NA,NA,NA,NA,W,N,4,0,1,2,D,-,00,NA,NA,N,B,C,A,A,H,-,A,D,0,NA,NA,NA,Y,Y,NA,-,-,0,0,1,0,0,0,0,0,0,-,-,34.037479400634766,-118.3031997680664,LOS ANGELES,LOS ANGELES,-118.3031997680664,34.03719711303711
91207119,2020,2020-03-12,9550,2020-03-07,1340,022203,NA,6,1,9,1900,0,1,1,NA,2,651,INTERSTATE 605 S/B,ALONDRA BOULEVARD,1700,N,N,A,-,Y,NA,NA,NA,NA,NA,NA,NA,NA,NA,Y,3,0,1,2,A,-,07,21658,A,N,B,C,A,A,H,-,A,D,0,NA,NA,NA,NA,Y,NA,D,22,0,1,0,0,0,0,0,0,0,-,-,33.89305877685547,-118.10482025146484,LOS ANGELES,UNINCORPORATED,-118.10480499267578,33.89224624633789
91207140,2020,2020-03-12,9545,2020-03-08,0415,021569,NA,7,3,6,1950,0,1,3,NA,2,021,SR-14 N/B FROM PALMDALE BOULEVARD,PALMDALE BOULVARD,78,S,N,A,-,Y,NA,NA,14,NA,NA,NA,R,NA,N,Y,3,0,1,1,A,-,01,23152,A,N,E,I,A,A,H,-,C,D,0,NA,NA,NA,NA,Y,Y,A,01,0,1,0,0,0,0,0,0,0,-,-,34.580360412597656,-118.13243103027344,LOS ANGELES,PALMDALE,-118.13243103027344,34.580360412597656
91207143,2020,2020-03-12,9580,2020-03-06,1824,021291,NA,5,2,7,1942,0,1,1,NA,2,407,I-405 S/B (SAN DIEGO FWY),PLUMMER ST,500,S,N,A,-,Y,NA,NA,405,NA,NA,NA,NA,NA,S,N,3,0,4,2,A,-,03,22350,NA,N,C,C,A,A,H,-,C,D,0,NA,NA,NA,NA,Y,NA,A,01,0,2,2,0,0,0,0,0,0,-,-,34.24129104614258,-118.47315216064452,LOS ANGELES,LOS ANGELES,-118.4731216430664,34.24129104614258
91207153,2020,2020-03-12,9525,2020-03-03,0335,021748,NA,2,3,6,1975,0,1,1,NA,2,105,I-10 W/B TO GRAND AVE,GRAND AVE,280,W,N,A,-,Y,NA,NA,10,NA,NA,NA,R,NA,W,Y,3,0,1,1,A,-,03,22350,NA,N,E,I,A,A,H,-,C,D,0,NA,NA,NA,Y,Y,NA,F,25,0,1,0,0,0,0,0,0,0,-,-,34.0723991394043,-117.87357330322266,LOS ANGELES,WEST COVINA,-117.87357330322266,34.0723991394043
91207156,2020,2020-03-12,9575,2020-02-20,2119,022489,NA,4,2,6,1912,0,1,1,NA,2,051,I-5 N/B (GOLDEN STATE FREEWAY),BURBANK BLVD.,1584,S,N,A,-,Y,NA,NA,NA,NA,NA,NA,NA,NA,NA,Y,3,0,1,3,A,-,03,22350,NA,F,C,C,A,A,H,-,C,D,0,NA,NA,NA,NA,Y,NA,A,01,0,1,0,0,0,0,0,0,0,-,-,34.18172073364258,-118.31683349609376,LOS ANGELES,BURBANK,-118.3146514892578,34.18210220336914
91207162,2020,2020-03-12,9575,2020-03-02,1015,016603,NA,1,1,9,1900,0,2,4,NA,2,022,LINCOLN AVENUE,ARCHWOOD PLACE,30,S,N,B,-,N,NA,NA,NA,NA,NA,NA,NA,NA,NA,N,4,0,2,2,A,-,03,22350,NA,N,C,C,A,A,H,-,A,A,0,NA,NA,NA,NA,Y,NA,A,01,0,0,2,0,0,0,0,0,0,-,-,34.184200286865234,-118.15975189208984,LOS ANGELES,UNINCORPORATED,-118.15969848632813,34.184207916259766
91207168,2020,2020-03-12,9525,2020-03-08,1325,022368,NA,7,1,4,1946,0,1,1,NA,2,211,I-210 W/B (FOOTHILL FWY),HUNTINGTON DR.,1584,E,N,A,-,Y,NA,NA,210,NA,NA,NA,NA,NA,W,N,4,0,3,2,A,-,03,22350,NA,F,C,C,A,A,H,-,A,D,0,NA,NA,NA,NA,Y,NA,A,01,0,0,3,0,0,0,0,0,0,-,-,34.13716125488281,-118.01188659667967,LOS ANGELES,MONROVIA,-118.01188659667967,34.13716506958008
91207177,2020,2020-03-12,9545,2020-01-06,0335,021814,NA,1,3,9,1900,0,3,5,NA,2,004,90TH STREET EAST,AVENUE R-4,572,S,N,A,-,N,NA,NA,NA,NA,NA,NA,NA,NA,NA,Y,1,1,0,2,A,-,09,21804,B,N,D,C,A,A,H,-,D,A,0,NA,NA,NA,Y,Y,NA,A,01,0,0,0,0,0,0,0,0,0,-,-,34.566951751708984,-117.96968841552734,LOS ANGELES,UNINCORPORATED,-117.96967315673828,34.56709289550781
91207178,2020,2020-03-12,9590,2020-03-02,0640,022384,NA,1,1,7,1942,0,1,1,NA,2,053,I-110 S/B (HARBOR FREEWAY),2ND STREET,215,N,N,A,-,Y,NA,NA,110,NA,NA,NA,NA,NA,S,N,4,0,1,3,A,-,03,22350,NA,N,C,C,A,A,H,-,A,D,0,NA,NA,NA,NA,Y,NA,D,22,0,0,1,0,0,0,0,0,0,-,-,34.05812072753906,-118.25409698486328,LOS ANGELES,LOS ANGELES,-118.25409698486328,34.0581169128418
91207183,2020,2020-03-12,9530,2020-03-03,1434,017755,NA,2,2,9,1900,0,1,1,NA,2,410,I-405 S/B (SAN DIEGO FREEWAY),VERMONT AVE.,50,S,N,A,-,Y,NA,NA,405,NA,NA,NA,NA,NA,S,Y,4,0,2,3,A,-,03,22350,NA,N,C,C,A,A,H,-,A,D,0,NA,NA,NA,NA,Y,NA,A,01,0,0,2,0,0,0,0,0,0,-,-,33.85929870605469,-118.29019927978516,LOS ANGELES,UNINCORPORATED,-118.29022216796876,33.859230041503906
91207190,2020,2020-03-12,9580,2020-03-07,2158,022008,NA,6,2,7,1942,0,1,1,NA,2,404,I-405 NB TO US-101,VENTURA BLVD,1056,N,N,A,-,Y,NA,NA,405,NA,NA,NA,R,NA,N,Y,4,0,1,1,A,-,08,22107,NA,N,E,I,A,A,H,-,C,D,0,NA,NA,NA,NA,Y,NA,A,01,0,0,1,0,0,0,0,0,0,-,-,34.15768814086914,-118.46871185302734,LOS ANGELES,LOS ANGELES,-118.46871185302734,34.15768814086914
91207204,2020,2020-03-12,9535,2020-03-03,0600,022161,NA,2,1,5,1901,0,1,1,NA,2,111,I-10 W/B (SAN BERNARDINO FWY) HOT LANES,FREMONT AVE,200,W,N,A,-,Y,NA,NA,10,NA,NA,NA,NA,NA,W,N,4,0,1,3,A,-,03,22350,NA,N,C,C,A,A,H,-,A,D,0,NA,NA,NA,NA,Y,NA,A,07,0,0,1,0,0,0,0,0,0,-,-,34.068389892578125,-118.15129089355467,LOS ANGELES,ALHAMBRA,-118.1513442993164,34.06849670410156
9120721,2020,2020-08-24,1970,2020-06-23,0514,217,1970,2,5,4,1970,0,0,0,NA,0,002,FREMONT AV,HOPE ST,107,N,N,A,-,N,NA,NA,NA,NA,NA,NA,NA,NA,NA,Y,2,0,1,3,A,-,08,22107,NA,N,A,E,A,A,H,-,C,D,0,NA,NA,NA,NA,Y,NA,A,08,1,0,0,0,0,0,0,0,0,-,-,NA,NA,LOS ANGELES,SOUTH PASADENA,-118.1530990600586,34.117042541503906
9120722,2020,2020-08-24,1970,2020-06-14,1530,213,1970,7,5,4,1970,0,0,0,NA,0,002,MISSION ST,BRENT AV,0,NA,Y,A,-,N,NA,NA,NA,NA,NA,NA,NA,NA,NA,N,3,0,1,2,A,-,17,21208,A,M,B,G,A,A,H,-,A,D,0,NA,Y,NA,NA,Y,NA,L,04,0,1,0,0,0,0,1,0,0,-,-,NA,NA,LOS ANGELES,SOUTH PASADENA,-118.14900207519533,34.115478515625
91207222,2020,2020-03-12,9525,2020-03-11,1508,022368,NA,3,2,6,1975,0,1,1,NA,2,104,I-10 E/B (SAN BERNARDINO FWY),VINCENT AVE,1584,W,N,A,-,Y,NA,NA,10,NA,NA,NA,NA,NA,E,N,4,0,1,2,A,-,03,22350,NA,N,C,C,A,A,D,E,A,D,0,NA,NA,NA,NA,Y,NA,A,01,0,0,1,0,0,0,0,0,0,-,-,34.072288513183594,-117.93247985839844,LOS ANGELES,WEST COVINA,-117.93247985839844,34.07228469848633
9120723,2020,2020-08-24,1970,2020-06-09,1644,169,2,2,5,4,1970,0,0,0,NA,0,002,DIAMOND AV,EL CENTRO ST,10,S,N,A,-,N,NA,NA,NA,NA,NA,NA,NA,NA,NA,N,4,0,1,2,A,-,10,21950,A,M,G,B,B,A,H,-,A,A,0,Y,NA,NA,NA,Y,NA,A,01,0,0,1,0,1,0,0,0,0,-,-,NA,NA,LOS ANGELES,SOUTH PASADENA,-118.15625762939452,34.11469268798828
91207233,2019,2020-03-12,9565,2019-05-27,0213,021951,NA,1,3,9,1900,0,1,1,NA,2,012,I-105 E/B (CENTURY FWY),NORMANDIE AVENUE,120,W,N,A,-,Y,NA,NA,105,NA,NA,NA,NA,NA,E,N,1,1,1,2,A,-,11,21956,NA,N,G,B,E,A,H,-,C,D,0,Y,NA,NA,NA,Y,NA,N,60,0,0,1,1,0,0,0,0,0,-,-,33.92716979980469,-118.30074310302734,LOS ANGELES,UNINCORPORATED,-118.30074310302734,33.92717742919922
91207245,2020,2020-03-12,9580,2020-03-10,1415,018185,NA,2,2,3,1994,0,1,2,NA,2,108,US-101 N/B (VENTURA FREEWAY),KANAN RD,1584,S,N,B,C,Y,NA,NA,NA,NA,NA,NA,NA,NA,NA,Y,4,0,1,2,A,-,08,22107,NA,N,B,C,A,B,H,-,A,D,0,NA,NA,NA,NA,Y,NA,-,-,0,0,1,0,0,0,0,0,0,-,-,34.08721160888672,-118.45378875732422,LOS ANGELES,AGOURA HILLS,-118.76109313964844,34.1461296081543
91207252,2020,2020-03-12,9545,2020-03-10,0445,021569,NA,2,3,6,1950,0,1,3,NA,2,021,SR-14 S/B,RAYBURN ROAD,151,S,N,C,-,Y,NA,NA,14,NA,NA,NA,NA,NA,S,Y,4,0,1,1,A,-,03,22350,NA,N,E,I,A,B,H,-,C,D,0,NA,NA,NA,NA,Y,NA,A,01,0,0,1,0,0,0,0,0,0,-,-,34.571468353271484,-118.13353729248048,LOS ANGELES,PALMDALE,-118.13372802734376,34.57146453857422
91207264,2020,2020-03-12,9565,2020-02-29,1714,022153,NA,6,2,9,1900,0,3,5,NA,2,002,NORMANDIE AVENUE,120TH STREET,0,NA,Y,A,-,N,NA,NA,NA,NA,NA,NA,NA,NA,NA,N,4,0,1,2,A,-,12,21453,A,N,D,C,A,A,H,-,A,A,0,NA,NA,NA,NA,Y,NA,-,-,0,0,1,0,0,0,0,0,0,-,-,33.9239501953125,-118.3002471923828,LOS ANGELES,UNINCORPORATED,-118.30036163330078,33.9239616394043
91207281,2020,2020-03-12,9565,2020-03-02,0915,016945,NA,1,1,7,1942,0,1,1,NA,2,062,I-405 S/B TO E/B I-10,SEPULVEDA BLVD,310,E,N,A,-,Y,NA,NA,NA,NA,NA,NA,NA,NA,NA,Y,2,0,1,2,A,-,08,22107,NA,F,H,I,A,A,H,-,A,D,0,NA,NA,Y,NA,Y,NA,-,99,1,0,0,0,0,0,0,0,1,-,-,34.031280517578125,-118.42962646484376,LOS ANGELES,LOS ANGELES,-118.46934509277344,34.149051666259766
91207284,2020,2020-03-12,9530,2020-03-02,1955,021875,NA,1,2,7,1942,0,1,1,NA,2,110,I-110 N/B (HARBOR FREEWAY),135TH ST.,500,S,N,A,-,Y,NA,NA,110,NA,NA,NA,NA,NA,N,Y,4,0,1,4,A,-,03,22350,NA,F,C,C,A,A,H,-,D,D,0,NA,NA,NA,NA,Y,NA,A,01,0,0,1,0,0,0,0,0,0,-,-,33.90787887573242,-118.28643798828124,LOS ANGELES,LOS ANGELES,-118.28649139404295,33.90787887573242
91207293,2020,2020-07-07,9590,2020-03-03,0750,013179,NA,2,1,7,1942,0,1,1,NA,2,061,I-10 W/B (SMF) TO WESTERN AVENUE,WESTERN AVENUE,75,E,N,A,-,Y,NA,NA,10,NA,NA,NA,R,NA,W,Y,4,0,1,3,A,-,03,22350,NA,N,F,C,A,A,H,-,A,A,0,NA,NA,Y,NA,Y,NA,C,02,0,0,1,0,0,0,0,0,1,-,-,34.037601470947266,-118.30721282958984,LOS ANGELES,LOS ANGELES,-118.30721282958984,34.037601470947266
91207296,2020,2020-03-12,9545,2020-03-10,1405,014790,NA,2,2,9,1900,0,1,3,NA,2,021,SR-14 N/B,10TH ST  W,30,N,N,B,C,Y,NA,NA,NA,NA,NA,NA,NA,NA,NA,Y,4,0,1,2,A,-,03,22350,NA,N,D,C,A,B,H,-,A,D,0,NA,NA,NA,NA,Y,NA,D,22,0,0,1,0,0,0,0,0,0,-,-,34.60646057128906,-118.14781188964844,LOS ANGELES,UNINCORPORATED,NA,NA
91207317,2020,2020-03-12,9550,2020-03-07,1255,022237,NA,6,1,7,1941,0,1,3,NA,2,090,STATE ROUTE 91 EASTBOUND,CHERRY AVENUE,400,E,N,A,-,Y,NA,NA,91,NA,NA,NA,NA,NA,E,Y,3,0,1,4,A,-,07,21658,A,F,B,C,A,A,H,-,A,D,0,NA,NA,Y,NA,Y,NA,A,01,0,1,0,0,0,0,0,0,1,-,-,33.875938415527344,-118.16718292236328,LOS ANGELES,LONG BEACH,-118.16718292236328,33.87599182128906
91207344,2020,2020-03-12,9535,2020-03-03,0810,021773,NA,2,1,9,1900,0,1,1,NA,2,071,I-710 (LONG BEACH FREEWAY) S/B,3RD ST,30,N,N,A,-,Y,NA,NA,710,NA,NA,NA,NA,NA,S,N,4,0,2,3,A,-,04,21703,NA,N,C,C,A,A,H,-,A,D,0,NA,NA,NA,NA,Y,NA,D,22,0,0,2,0,0,0,0,0,0,-,-,34.0335693359375,-118.17017364501952,LOS ANGELES,UNINCORPORATED,-118.1702117919922,34.03357696533203
91207352,2020,2020-03-12,9550,2020-03-10,1440,022473,NA,2,2,3,1964,0,1,1,NA,2,650,I-605 S/B TO I-5 S/B,FLORENCE AVENUE,800,N,N,C,-,Y,NA,NA,605,NA,NA,NA,R,NA,S,Y,4,0,1,1,A,-,03,22350,NA,N,D,I,A,B,H,-,A,D,0,NA,NA,NA,NA,Y,NA,D,22,0,0,1,0,0,0,0,0,0,-,-,33.94160079956055,-118.097900390625,LOS ANGELES,SANTA FE SPRINGS,-118.097900390625,33.94160079956055
91207395,2020,2020-03-13,9525,2020-03-05,1217,018729,NA,4,1,4,1905,0,1,1,NA,2,204,I-210 E/B (FOOTHILL FWY),VERNON AVE.,400,E,N,A,-,Y,NA,NA,210,NA,NA,NA,NA,NA,E,Y,4,0,1,2,A,-,03,22350,NA,N,C,C,A,A,H,-,A,D,0,NA,NA,NA,NA,Y,NA,A,01,0,0,1,0,0,0,0,0,0,-,-,34.12559127807617,-117.91558074951172,LOS ANGELES,AZUSA,-117.91555786132813,34.1256103515625
91207396,2020,2020-03-13,9565,2020-03-03,0958,015587,NA,2,1,7,1942,0,1,1,NA,2,063,I-405 S/B (SAN DIEGO FREEWAY),MONTANA AVE,1056,S,N,A,-,Y,NA,NA,405,NA,NA,NA,NA,NA,S,Y,4,0,2,2,A,-,03,22350,NA,N,C,C,A,A,H,-,A,D,0,NA,NA,NA,NA,Y,NA,A,01,0,0,2,0,0,0,0,0,0,-,-,34.06452941894531,-118.45909881591795,LOS ANGELES,LOS ANGELES,-118.45937347412108,34.064292907714844
91207399,2020,2020-03-13,9590,2020-03-02,1115,022357,NA,1,1,7,1942,0,1,1,NA,2,081,I-5 S/B (GOLDEN STATE FREEWAY),7TH STREET,300,N,N,A,-,Y,NA,NA,5,NA,NA,NA,NA,NA,S,N,4,0,2,3,A,-,03,22350,NA,N,C,C,A,A,H,-,A,D,0,NA,NA,NA,NA,Y,NA,A,01,0,0,2,0,0,0,0,0,0,-,-,34.03506851196289,-118.22110748291016,LOS ANGELES,LOS ANGELES,-118.22126770019533,34.0351448059082
91207402,2020,2020-03-13,9590,2020-03-06,0945,013435,NA,5,1,7,1942,0,1,1,NA,2,061,I-10 W/B (SANTA MONICA FREEWAY),WESTERN AVENUE,500,W,N,A,-,Y,NA,NA,10,NA,NA,NA,NA,NA,W,Y,3,0,1,3,A,-,03,22350,NA,N,C,C,A,A,H,-,A,D,0,NA,NA,Y,NA,Y,NA,C,02,0,1,0,0,0,0,0,0,1,-,-,34.03723907470703,-118.31040191650392,LOS ANGELES,LOS ANGELES,-118.31040191650392,34.03727722167969
91207413,2020,2020-03-13,9550,2020-03-02,1800,022439,NA,1,2,9,1900,0,3,5,NA,2,002,COLIMA ROAD,LEFFINGWELL ROAD,0,NA,Y,A,-,N,NA,NA,NA,NA,NA,NA,NA,NA,NA,Y,4,0,2,3,A,-,09,21801,A,N,D,C,A,A,H,-,B,A,0,NA,NA,NA,NA,Y,NA,A,01,0,0,2,0,0,0,0,0,0,-,-,33.92361831665039,-118.02546691894533,LOS ANGELES,UNINCORPORATED,-118.0255126953125,33.923728942871094
91207438,2020,2020-03-13,9540,2020-03-03,1438,021124,NA,2,2,9,1900,0,1,1,NA,2,510,I-5 N/B (GOLDEN STATE FREEWAY),TEMPLIN HIGHWAY,1680,N,N,A,-,Y,NA,NA,5,NA,NA,NA,NA,NA,N,Y,2,0,1,2,A,-,01,23152,A,N,B,C,A,A,H,-,A,D,0,NA,NA,NA,NA,Y,NA,D,22,1,0,0,0,0,0,0,0,0,-,-,34.573158264160156,-118.69287109375,LOS ANGELES,UNINCORPORATED,-118.69286346435548,34.57317352294922
91207442,2020,2020-03-13,9545,2020-01-08,2245,021642,NA,3,3,9,1900,0,1,3,NA,1,044,STATE ROUTE 18,228TH STREET EAST,1625,E,N,A,-,Y,NA,NA,18,NA,NA,NA,NA,NA,NA,Y,1,1,2,1,A,-,08,22107,NA,N,E,I,A,A,H,-,D,D,0,NA,NA,NA,NA,Y,Y,A,01,1,0,1,0,0,0,0,0,0,-,-,34.498531341552734,-117.71674346923828,LOS ANGELES,UNINCORPORATED,-117.71674346923828,34.49849319458008
91207443,2020,2020-03-13,9575,2020-03-03,1436,022479,NA,2,2,6,1953,0,1,1,NA,2,064,I-210 W/B (FOOTHILL FREEWAY),SAN GABRIEL BLVD.,400,W,N,A,-,Y,NA,NA,210,NA,NA,NA,NA,NA,W,Y,3,0,1,1,A,-,08,22107,NA,N,E,I,A,A,H,-,A,D,0,NA,NA,NA,NA,Y,NA,A,01,0,1,0,0,0,0,0,0,0,-,-,34.1527099609375,-118.09551239013672,LOS ANGELES,PASADENA,-118.09551239013672,34.152740478515625
91207444,2019,2020-03-13,9545,2019-12-26,1630,021948,NA,4,2,9,1900,0,1,3,NA,1,012,STATE ROUTE 138 W/B (AVENUE D),90TH STREET WEST,3168,W,N,D,-,Y,NA,NA,138,NA,NA,NA,NA,NA,W,Y,1,1,2,2,A,-,03,22350,NA,N,A,C,A,C,H,-,A,D,0,NA,NA,NA,Y,Y,NA,A,07,1,1,0,0,0,0,0,0,0,-,-,34.77642059326172,-118.3010025024414,LOS ANGELES,UNINCORPORATED,-118.3010025024414,34.77640151977539
91207445,2020,2020-03-13,9590,2020-02-29,2225,022344,NA,6,3,7,1942,0,1,1,NA,2,052,I-110 NB (HARBOR FREEWAY),28TH ST,250,N,N,A,-,Y,NA,NA,110,NA,NA,NA,NA,NA,N,N,4,0,5,2,A,-,03,22350,NA,F,C,C,A,A,H,-,C,A,0,NA,NA,NA,NA,Y,NA,A,01,0,0,5,0,0,0,0,0,0,-,-,34.026371002197266,-118.274658203125,LOS ANGELES,LOS ANGELES,-118.27490234375,34.02650833129883
91207452,2020,2020-03-13,9535,2020-02-27,1800,021551,NA,4,2,9,1900,0,2,4,NA,2,014,HAZARD AVE. (400 BLOCK),CESAR CHAVEZ AVE.,5,N,N,A,-,N,NA,NA,NA,NA,NA,NA,NA,NA,NA,Y,3,0,1,2,A,-,01,23152,A,N,H,G,A,A,H,-,C,A,0,NA,Y,NA,NA,Y,Y,A,01,0,1,0,0,0,0,1,0,0,-,-,34.040809631347656,-118.17987060546876,LOS ANGELES,UNINCORPORATED,NA,NA
91207455,2020,2020-03-13,9540,2020-01-23,0104,018024,NA,4,3,6,1985,0,1,3,NA,1,143,SR-14 S/B (ANTELOPE VALLEY FREEWAY),SIERRA HWY,1056,N,N,A,-,Y,NA,NA,14,NA,NA,NA,NA,NA,S,Y,1,1,0,2,A,-,08,22107,NA,N,C,E,A,A,H,-,C,D,0,NA,NA,NA,Y,Y,NA,A,01,0,0,0,0,0,0,0,0,0,-,-,34.34199142456055,-118.50627136230467,LOS ANGELES,SANTA CLARITA,-118.50594329833984,34.34185028076172
91207457,2020,2020-03-13,9540,2020-03-08,0825,020862,NA,7,1,9,1900,0,2,4,NA,2,010,THE OLD RD (22000 BLOCK),WELDON CANYON RD,39,S,N,B,-,N,NA,NA,NA,NA,NA,NA,NA,NA,NA,Y,2,0,2,2,A,-,08,22107,NA,N,A,C,A,A,H,-,A,D,0,NA,NA,NA,NA,Y,NA,D,22,2,0,0,0,0,0,0,0,0,-,-,34.34178161621094,-118.52240753173828,LOS ANGELES,UNINCORPORATED,-118.52252960205078,34.34172058105469
91207469,2020,2020-03-13,9590,2020-03-12,1220,022520,NA,4,1,7,1942,0,1,1,NA,2,021,I-10 W/B (SBF),STATE ST.,2300,E,N,C,-,Y,NA,NA,10,NA,NA,NA,NA,NA,W,N,4,0,1,2,A,-,07,21658,A,M,B,C,A,B,H,-,A,D,0,NA,NA,NA,NA,Y,NA,-,99,0,0,1,0,0,0,0,0,0,-,-,34.053890228271484,-118.20435333251952,LOS ANGELES,LOS ANGELES,-118.20439910888672,34.05405044555664
91207470,2020,2020-03-13,9535,2020-03-10,1432,022298,NA,2,2,5,1952,0,1,1,NA,2,104,I-105 E/B (CENTURY FREEWAY),GARFIELD AVENUE,1000,W,N,B,-,Y,NA,NA,105,NA,NA,NA,NA,NA,E,Y,2,0,1,2,A,-,03,22350,NA,N,C,C,A,B,H,-,A,D,0,NA,NA,NA,NA,Y,NA,A,01,1,0,0,0,0,0,0,0,0,-,-,33.91096878051758,-118.17237091064452,LOS ANGELES,PARAMOUNT,-118.17237091064452,33.910972595214844
91207473,2020,2020-03-13,9530,2020-03-03,1315,021310,NA,2,1,9,1900,0,3,5,NA,2,001,SLAUSON AVE (5700 BLOCK),MAKEE AVE.,0,NA,Y,A,-,N,NA,NA,NA,NA,NA,NA,NA,NA,NA,N,3,0,1,2,A,-,03,22350,NA,N,C,C,A,A,H,-,A,D,0,NA,NA,NA,NA,Y,NA,A,01,0,1,0,0,0,0,0,0,0,-,-,33.98933029174805,-118.2465362548828,LOS ANGELES,UNINCORPORATED,-118.24656677246094,33.98931884765625
91207477,2020,2020-03-13,9530,2020-03-03,2000,020608,NA,2,2,9,1900,0,3,5,NA,2,001,ALAMEDA ST.,NADEAU ST.,0,NA,Y,A,-,N,NA,NA,NA,NA,NA,NA,NA,NA,NA,Y,4,0,1,3,A,-,09,21801,A,N,A,C,A,A,H,-,C,D,0,NA,NA,NA,NA,Y,NA,A,01,0,0,1,0,0,0,0,0,0,-,-,33.96744918823242,-118.23277282714844,LOS ANGELES,UNINCORPORATED,-118.23322296142578,33.96744918823242