CASE_ID,ACCIDENT_YEAR,PROC_DATE,JURIS,COLLISION_DATE,COLLISION_TIME,OFFICER_ID,REPORTING_DISTRICT,DAY_OF_WEEK,CHP_SHIFT,POPULATION,CNTY_CITY_LOC,SPECIAL_COND,BEAT_TYPE,CHP_BEAT_TYPE,CITY_DIVISION_LAPD,CHP_BEAT_CLASS,BEAT_NUMBER,PRIMARY_RD,SECONDARY_RD,DISTANCE,DIRECTION,INTERSECTION,WEATHER_1,WEATHER_2,STATE_HWY_IND,CALTRANS_COUNTY,CALTRANS_DISTRICT,STATE_ROUTE,ROUTE_SUFFIX,POSTMILE_PREFIX,POSTMILE,LOCATION_TYPE,RAMP_INTERSECTION,SIDE_OF_HWY,TOW_AWAY,COLLISION_SEVERITY,NUMBER_KILLED,NUMBER_INJURED,PARTY_COUNT,PRIMARY_COLL_FACTOR,PCF_CODE_OF_VIOL,PCF_VIOL_CATEGORY,PCF_VIOLATION,PCF_VIOL_SUBSECTION,HIT_AND_RUN,TYPE_OF_COLLISION,MVIW,PED_ACTION,ROAD_SURFACE,ROAD_COND_1,ROAD_COND_2,LIGHTING,CONTROL_DEVICE,CHP_ROAD_TYPE,PEDESTRIAN_ACCIDENT,BICYCLE_ACCIDENT,MOTORCYCLE_ACCIDENT,TRUCK_ACCIDENT,NOT_PRIVATE_PROPERTY,ALCOHOL_INVOLVED,STWD_VEHTYPE_AT_FAULT,CHP_VEHTYPE_AT_FAULT,COUNT_SEVERE_INJ,COUNT_VISIBLE_INJ,COUNT_COMPLAINT_PAIN,COUNT_PED_KILLED,COUNT_PED_INJURED,COUNT_BICYCLIST_KILLED,COUNT_BICYCLIST_INJURED,COUNT_MC_KILLED,COUNT_MC_INJURED,PRIMARY_RAMP,SECONDARY_RAMP,LATITUDE,LONGITUDE,COUNTY,CITY,POINT_X,POINT_Y
91207980,2020,2020-03-18,9565,2020-03-02,0735,022378,NA,1,1,9,1900,0,3,5,NA,2,004,LA CIENEGA BLVD,EL SEGUNDO BLVD.,1200,N,N,A,-,N,NA,NA,NA,NA,NA,NA,NA,NA,NA,Y,4,0,1,1,A,-,08,22107,NA,N,E,I,A,A,H,-,A,A,0,NA,NA,NA,NA,Y,NA,A,01,0,0,1,0,0,0,0,0,0,-,-,33.919891357421875,-118.37066650390624,LOS ANGELES,UNINCORPORATED,-118.37100219726564,33.91969680786133
91207982,2020,2020-03-13,9545,2020-03-09,1420,021340,NA,1,2,9,1900,0,3,5,NA,2,004,170TH STREET EAST,AVE K-8,185,S,N,A,-,N,NA,NA,NA,NA,NA,NA,NA,NA,NA,Y,4,0,2,2,A,-,03,22350,NA,N,C,C,A,A,H,-,A,D,0,NA,NA,NA,Y,Y,NA,G,25,0,0,2,0,0,0,0,0,0,-,-,34.66722869873047,-117.82746124267578,LOS ANGELES,UNINCORPORATED,-117.82748413085938,34.66728210449219
9120801,2020,2020-09-03,1942,2020-06-20,2033,43836,1395,6,5,7,1942,0,0,0,M,0,12A45,SAN PEDRO ST,EAST FLORENCE AV,96,N,N,A,-,N,NA,NA,NA,NA,NA,NA,NA,NA,NA,N,4,0,3,2,A,-,01,23153,A,N,B,C,A,A,H,-,C,A,0,NA,NA,NA,NA,Y,Y,A,08,0,0,3,0,0,0,0,0,0,-,-,NA,NA,LOS ANGELES,LOS ANGELES,-118.2695770263672,33.974952697753906
91208031,2020,2020-03-13,9525,2020-03-05,1330,022455,NA,4,1,9,1900,0,3,5,NA,2,003,NOGALES ST. (400TH BLOCK),NORTHAM ST.,0,NA,Y,A,-,N,NA,NA,NA,NA,NA,NA,NA,NA,NA,Y,4,0,2,2,A,-,09,21801,A,N,D,C,A,A,H,-,A,A,0,NA,NA,NA,NA,Y,NA,A,07,0,0,2,0,0,0,0,0,0,-,-,34.00828170776367,-117.88707733154295,LOS ANGELES,UNINCORPORATED,-117.88713073730467,34.00828170776367
91208032,2020,2020-03-13,9535,2020-03-04,1415,022259,NA,3,2,5,1901,0,1,1,NA,2,420,I-10 E/B OFF RAMP TO NEW AVE.,NEW AVE.,10,W,N,A,-,Y,NA,NA,10,NA,NA,NA,R,NA,E,N,4,0,1,2,A,-,21,22106,NA,N,C,C,A,A,H,-,A,A,0,NA,NA,NA,NA,Y,NA,A,01,0,0,1,0,0,0,0,0,0,-,-,34.07025146484375,-118.10832977294922,LOS ANGELES,ALHAMBRA,-118.10832977294922,34.07025146484375
91208038,2020,2020-03-13,9525,2020-03-07,1605,015826,NA,6,2,4,1913,0,1,1,NA,2,109,I-10 W/B (SAN BERNARDINO FWY),INDIAN HILL BLVD.,2000,E,N,A,-,Y,NA,NA,10,NA,NA,NA,NA,NA,W,N,4,0,1,2,A,-,03,22350,NA,F,B,C,A,A,H,-,A,D,0,NA,NA,NA,NA,Y,NA,A,08,0,0,1,0,0,0,0,0,0,-,-,34.08198165893555,-117.7112274169922,LOS ANGELES,CLAREMONT,-117.7112274169922,34.08197021484375
9120805,2020,2020-09-02,1942,2020-06-28,1040,38357,0454,7,5,7,1942,0,0,0,D,0,4A53,S BOYLE AV,E 3RD ST,150,S,N,A,-,N,NA,NA,NA,NA,NA,NA,NA,NA,NA,Y,3,0,1,2,A,-,06,21750,A,N,B,C,A,A,H,-,A,D,0,NA,NA,NA,NA,Y,NA,D,22,0,1,0,0,0,0,0,0,0,-,-,NA,NA,LOS ANGELES,LOS ANGELES,-118.2197723388672,34.045047760009766
91208051,2020,2020-03-13,9535,2020-03-04,1810,022298,NA,3,2,9,1900,0,3,5,NA,2,006,RUSH STREET,SAN GABRIEL BOULEVARD,0,NA,Y,A,-,N,NA,NA,NA,NA,NA,NA,NA,NA,NA,Y,4,0,2,2,A,-,09,21801,A,N,D,C,A,A,H,-,C,A,0,NA,NA,NA,NA,Y,NA,A,01,0,0,2,0,0,0,0,0,0,-,-,34.051761627197266,-118.09047698974608,LOS ANGELES,UNINCORPORATED,-118.09052276611328,34.0518684387207
91208056,2020,2020-03-13,9545,2020-03-12,1350,019816,NA,4,1,6,1950,0,1,3,NA,2,021,SR-14 N/B,10TH STREET WEST,55,N,N,C,-,Y,NA,NA,14,NA,NA,NA,NA,NA,N,N,4,0,3,2,A,-,08,22107,NA,N,D,C,A,B,H,-,A,D,0,NA,NA,NA,NA,Y,NA,A,07,0,0,3,0,0,0,0,0,0,-,-,34.60601043701172,-118.14810180664064,LOS ANGELES,PALMDALE,-118.14808654785156,34.60602569580078
9120809,2020,2020-09-03,1942,2020-06-25,1125,33452,0491,4,5,7,1942,0,0,0,D,0,4A97,S SOTO ST,E OLYMPIC BL,30,N,N,A,-,N,NA,NA,NA,NA,NA,NA,NA,NA,NA,N,4,0,1,2,A,-,21,22106,NA,N,A,C,A,A,H,-,A,D,0,NA,NA,NA,NA,Y,NA,D,22,0,0,1,0,0,0,0,0,0,-,-,NA,NA,LOS ANGELES,LOS ANGELES,-118.21984100341795,34.02435302734375
91208103,2020,2020-03-13,9550,2020-03-11,1540,022473,NA,3,2,9,1900,0,1,1,NA,2,650,I-605 S/B,ROSE HILLS ROAD,600,N,N,B,-,Y,NA,NA,NA,NA,NA,NA,NA,NA,NA,Y,4,0,1,2,A,-,03,22350,NA,N,C,C,A,A,H,-,A,D,0,NA,NA,NA,NA,Y,NA,D,22,0,0,1,0,0,0,0,0,0,-,-,34.020198822021484,-118.04930114746094,LOS ANGELES,UNINCORPORATED,-118.05132293701172,34.01898193359375
91208105,2020,2020-03-13,9550,2020-03-03,1601,022473,NA,2,2,9,1900,0,3,5,NA,2,005,PATHFINDER RD,ANNADEL AVE,0,NA,Y,A,-,N,NA,NA,NA,NA,NA,NA,NA,NA,NA,Y,4,0,2,3,A,-,09,21802,A,N,D,C,A,A,H,-,A,A,0,NA,NA,NA,NA,Y,NA,A,08,0,0,2,0,0,0,0,0,0,-,-,33.975399017333984,-117.87930297851564,LOS ANGELES,UNINCORPORATED,-117.8793487548828,33.97534942626953
91208122,2020,2020-03-16,9590,2020-03-10,2000,021912,NA,2,2,7,1942,0,1,1,NA,2,051,I-110 S/B (HARBOR FREEWAY),42ND STREET,100,S,N,B,-,Y,NA,NA,110,NA,NA,NA,NA,NA,S,N,4,0,1,2,A,-,03,22350,NA,F,C,C,A,A,H,-,D,D,0,NA,NA,NA,NA,Y,NA,A,07,0,0,1,0,0,0,0,0,0,-,-,34.007118225097656,-118.28128051757813,LOS ANGELES,LOS ANGELES,-118.28116607666016,34.007118225097656
91208123,2020,2020-03-16,9550,2020-03-13,1135,016109,NA,5,1,9,1900,0,1,3,NA,2,602,STATE ROUTE 60 WESTBOUND,NOGALES STREET,50,E,N,B,C,Y,NA,NA,NA,NA,NA,NA,NA,NA,NA,Y,4,0,2,3,A,-,03,22350,NA,N,B,C,A,B,H,-,A,D,0,NA,NA,NA,Y,Y,NA,D,22,0,0,2,0,0,0,0,0,0,-,-,33.98041915893555,-117.87920379638672,LOS ANGELES,UNINCORPORATED,-117.88845825195313,33.9942512512207
91208124,2020,2020-03-16,9525,2020-03-10,0945,016913,NA,2,1,4,1913,0,1,1,NA,2,209,SR-210 W/B (FOOTHILL FWY),BASELINE RD.,50,E,N,B,C,Y,NA,NA,210,NA,NA,NA,NA,NA,W,Y,3,0,1,3,A,-,03,22350,NA,N,B,C,A,B,H,-,A,D,0,NA,NA,NA,NA,Y,NA,A,01,0,1,0,0,0,0,0,0,0,-,-,34.12239074707031,-117.69573211669922,LOS ANGELES,CLAREMONT,-117.69566345214844,34.122291564941406
9120813,2020,2020-09-11,1942,2020-06-30,2020,34350,1313,2,5,7,1942,0,0,0,M,0,13A13,MAPLE AV,EAST WASHINGTON BL,90,S,N,B,-,N,NA,NA,NA,NA,NA,NA,NA,NA,NA,Y,4,0,2,2,A,-,03,22350,NA,N,C,C,A,A,H,-,C,D,0,NA,NA,NA,NA,Y,NA,A,01,0,0,2,0,0,0,0,0,0,-,-,NA,NA,LOS ANGELES,LOS ANGELES,-118.26168823242188,34.02931594848633
91208136,2020,2020-03-16,9525,2020-03-13,1335,020042,NA,5,1,5,1990,0,1,3,NA,2,574,SR-57 N/B (ORANGE FWY),DIAMOND BAR BLVD,1056,S,N,C,-,Y,NA,NA,NA,NA,NA,NA,NA,NA,NA,Y,4,0,2,2,A,-,03,22350,NA,N,C,C,A,B,H,-,A,D,0,NA,NA,NA,NA,Y,NA,D,22,0,0,2,0,0,0,0,0,0,-,-,34.96529006958008,-117.8508529663086,LOS ANGELES,DIAMOND BAR,NA,NA
91208139,2020,2020-03-16,9525,2020-03-13,1204,020532,NA,5,1,5,1990,0,1,3,NA,2,604,SR-60 E/B (POMONA FWY),DIAMOND BAR BLVD.,1056,E,N,B,-,Y,NA,NA,60,NA,NA,NA,NA,NA,E,N,4,0,1,2,A,-,03,22350,NA,N,C,C,A,B,H,-,A,D,0,NA,NA,NA,NA,Y,NA,A,01,0,0,1,0,0,0,0,0,0,-,-,34.02632141113281,-117.79071807861328,LOS ANGELES,DIAMOND BAR,-117.79071807861328,34.026336669921875
91208145,2020,2020-03-16,9550,2020-03-13,1355,022237,NA,5,1,9,1900,0,1,3,NA,2,601,STATE ROUTE 60 WESTBOUND,STONER CREEK ROAD,800,W,N,B,C,Y,NA,NA,60,NA,NA,NA,NA,NA,W,Y,4,0,1,3,A,-,03,22350,NA,N,C,C,A,B,H,-,A,D,0,NA,NA,NA,NA,Y,NA,A,01,0,0,1,0,0,0,0,0,0,-,-,33.99483108520508,-117.91352081298828,LOS ANGELES,UNINCORPORATED,-117.91352081298828,33.994808197021484
91208168,2020,2020-03-16,9575,2020-03-05,1550,021744,NA,4,2,7,1942,0,1,3,NA,2,044,SR-134 W/B (VENTURA FREEWAY),RIVERSIDE DRIVE,200,E,N,A,-,Y,NA,NA,134,NA,NA,NA,NA,NA,W,N,3,0,1,2,A,-,03,22350,NA,N,C,C,A,A,H,-,A,D,0,NA,NA,NA,NA,Y,NA,A,01,0,1,0,0,0,0,0,0,0,-,-,34.15330123901367,-118.3746337890625,LOS ANGELES,LOS ANGELES,-118.3746337890625,34.153282165527344
91208171,2020,2020-03-16,9575,2020-02-01,2040,021878,NA,6,2,7,1942,0,1,1,NA,2,052,I-5 S/B FROM TUXFORD STREET,TUXFORD STREET,71,S,N,A,-,Y,NA,NA,5,NA,NA,NA,R,NA,S,Y,4,0,2,1,D,-,00,NA,NA,F,C,C,A,A,H,-,D,D,0,NA,NA,Y,NA,Y,NA,-,-,0,0,2,0,0,0,0,0,2,-,-,34.22621154785156,-118.38229370117188,LOS ANGELES,LOS ANGELES,-118.38229370117188,34.22621154785156
91208175,2020,2020-03-16,9575,2020-03-04,1250,016741,NA,3,1,9,1900,0,1,3,NA,2,300,SR-2 (ANGELES CREST HWY),ANGELES FOREST HWY,12672,W,N,A,-,Y,NA,NA,2,NA,NA,NA,NA,NA,NA,Y,4,0,2,1,A,-,03,22350,NA,N,E,I,A,A,H,-,A,D,0,NA,NA,NA,NA,Y,NA,A,01,0,0,2,0,0,0,0,0,0,-,-,34.260501861572266,-118.18411254882813,LOS ANGELES,UNINCORPORATED,-118.1841049194336,34.26055145263672
91208177,2020,2020-03-16,9575,2020-03-08,1015,022429,NA,7,1,6,1912,0,1,1,NA,2,051,I-5 S/B (GOLDEN STATE FREEWAY),WINONA AVENUE,1500,N,N,B,-,Y,NA,NA,5,NA,NA,NA,NA,NA,S,N,4,0,1,2,A,-,07,21658,A,N,B,C,A,A,H,-,A,D,0,NA,NA,NA,NA,Y,NA,A,01,0,0,1,0,0,0,0,0,0,-,-,34.203121185302734,-118.34107971191406,LOS ANGELES,BURBANK,-118.34098815917967,34.203182220458984
91208182,2020,2020-03-16,9575,2020-03-07,0205,022110,NA,6,3,7,1942,0,1,3,NA,2,044,SR-134 E/B (VENTURA FREEWAY),VINELAND AVENUE,330,E,N,B,-,Y,NA,NA,134,NA,NA,NA,NA,NA,E,Y,4,0,1,3,A,-,03,22350,NA,N,C,C,A,A,H,-,D,D,0,NA,NA,NA,NA,Y,Y,A,01,0,0,1,0,0,0,0,0,0,-,-,34.152889251708984,-118.36905670166016,LOS ANGELES,LOS ANGELES,-118.36906433105467,34.1529426574707
91208185,2020,2020-03-16,9575,2020-03-09,1543,017491,NA,1,2,7,1942,0,1,3,NA,2,043,SR-134 E/B (VENTURA FREEWAY),RIVERSIDE DRIVE,702,E,N,B,-,Y,NA,NA,134,NA,NA,NA,NA,NA,E,N,4,0,1,2,A,-,03,22350,NA,F,C,C,A,A,H,-,A,D,0,NA,NA,NA,NA,Y,NA,-,99,0,0,1,0,0,0,0,0,0,-,-,34.15525817871094,-118.29168701171876,LOS ANGELES,LOS ANGELES,-118.29169464111328,34.15522766113281
91208190,2020,2020-03-16,9575,2020-03-11,1028,014892,NA,3,1,7,1942,0,1,3,NA,2,044,SR-134 W/B (VENTURA FREEWAY),LEDGE AVENUE UNDERCROSSING,40,E,N,A,-,Y,NA,NA,134,NA,NA,NA,NA,NA,W,Y,4,0,1,1,A,-,03,22350,NA,N,E,I,A,A,H,-,A,D,0,NA,NA,NA,NA,Y,NA,A,01,0,0,1,0,0,0,0,0,0,-,-,34.15303039550781,-118.35697174072266,LOS ANGELES,LOS ANGELES,-118.35696411132813,34.15310287475586
91208216,2020,2020-05-13,9580,2020-03-12,2024,018185,NA,4,2,3,1994,0,1,2,NA,2,108,US-101 N/B (VENTURA FREEWAY),PALO COMADO CANYON RD,1584,S,N,B,C,Y,NA,NA,101,NA,NA,NA,NA,NA,N,Y,4,0,1,2,A,-,03,22350,NA,N,C,E,A,B,H,-,D,D,0,NA,NA,NA,NA,Y,NA,D,22,0,0,1,0,0,0,0,0,0,-,-,34.14194107055664,-118.73458862304688,LOS ANGELES,AGOURA HILLS,-118.73456573486328,34.14197540283203
91208217,2020,2020-03-16,9575,2020-03-05,0825,020119,NA,4,1,7,1942,0,1,3,NA,2,042,SR-134 W/B (VENTURA FREEWAY),HARVEY DR.,500,E,N,A,-,Y,NA,NA,134,NA,NA,NA,NA,NA,W,N,4,0,1,3,A,-,03,22350,NA,N,C,C,A,A,H,-,A,D,0,NA,NA,NA,NA,Y,NA,A,07,0,0,1,0,0,0,0,0,0,-,-,34.145538330078125,-118.22122955322266,LOS ANGELES,LOS ANGELES,-118.22122192382813,34.14556884765625
91208223,2020,2020-03-16,9575,2020-03-06,1426,022526,NA,5,2,6,1925,0,1,1,NA,2,050,I-5 N/B (GOLDEN STATE FREEWAY),WESTERN AVE.,200,S,N,A,-,Y,NA,NA,5,NA,NA,NA,NA,NA,N,N,4,0,3,3,A,-,03,22350,NA,N,C,C,A,A,H,-,A,D,0,NA,NA,NA,NA,Y,NA,A,01,0,0,3,0,0,0,0,0,0,-,-,34.15821075439453,-118.29120635986328,LOS ANGELES,GLENDALE,-118.29131317138672,34.15814971923828
91208224,2020,2020-03-16,9580,2020-02-09,0535,019952,NA,7,3,7,1942,0,1,2,NA,2,103,US-101 N/B (VENTURA FREEWAY),HASKELL AVE,900,N,N,C,-,Y,NA,NA,101,NA,NA,NA,NA,NA,N,Y,2,0,2,3,A,-,03,22350,NA,N,C,C,A,B,H,-,D,D,0,NA,NA,NA,NA,Y,NA,A,07,1,1,0,0,0,0,0,0,0,-,-,34.165199279785156,-118.47599792480467,LOS ANGELES,LOS ANGELES,-118.47597503662108,34.165409088134766
91208225,2020,2020-03-16,9575,2020-03-08,1225,022429,NA,7,1,6,1912,0,1,1,NA,2,051,I-5 N/B TO ALAMEDA AVENUE,ALAMEDA AVENUE,25,S,N,A,-,Y,NA,NA,5,NA,NA,NA,R,NA,N,N,4,0,2,2,A,-,03,22350,NA,N,C,C,A,A,H,-,A,A,0,NA,NA,NA,NA,Y,NA,A,07,0,0,2,0,0,0,0,0,0,-,-,34.17087173461914,-118.30338287353516,LOS ANGELES,BURBANK,-118.30338287353516,34.17087173461914
91208249,2020,2020-03-16,9550,2020-03-10,1335,022144,NA,2,1,9,1900,0,3,5,NA,2,003,COLIMA ROAD,3130 COLIMA ROAD,0,NA,Y,C,-,N,NA,NA,NA,NA,NA,NA,NA,NA,NA,Y,4,0,1,2,A,-,12,21453,A,N,D,C,A,B,H,-,A,A,0,NA,NA,NA,NA,Y,NA,A,07,0,0,1,0,0,0,0,0,0,-,-,33.980960845947266,-117.97502899169922,LOS ANGELES,UNINCORPORATED,-117.974989,33.980925
9120826,2020,2020-09-02,1955,2020-06-08,1058,42150,100,1,5,6,1955,0,0,0,NA,0,003,MONTEREY AV,TOWNE AV,20,W,N,A,-,N,NA,NA,NA,NA,NA,NA,NA,NA,NA,Y,3,0,2,2,A,-,03,22350,NA,N,C,C,A,A,H,-,A,A,0,NA,NA,NA,NA,Y,NA,A,07,0,1,1,0,0,0,0,0,0,-,-,NA,NA,LOS ANGELES,POMONA,-117.74158477783205,34.06074905395508
91208260,2020,2020-03-16,9550,2020-03-12,2305,021952,NA,4,3,6,1949,0,1,1,NA,2,651,I-605 S/B,ALONDRA BOULEVARD,1500,S,N,C,-,Y,NA,NA,605,NA,NA,NA,NA,NA,S,Y,4,0,1,3,A,-,01,23152,A,N,C,C,A,B,H,-,C,D,0,NA,NA,NA,NA,Y,Y,A,01,0,0,1,0,0,0,0,0,0,-,-,33.892730712890625,-118.104736328125,LOS ANGELES,NORWALK,-118.10488128662108,33.892723083496094
91208279,2020,2020-03-16,9575,2020-03-08,1240,022528,NA,7,1,9,1900,0,1,3,NA,2,302,SR-2 (ANGELES CREST HIGHWAY),UPPER BIG TUJUNGA CYN RD,5280,W,N,A,-,Y,NA,NA,2,NA,NA,NA,NA,NA,NA,Y,4,0,1,1,A,-,03,22350,NA,N,F,A,A,A,H,-,A,D,0,NA,NA,Y,NA,Y,NA,C,02,0,0,1,0,0,0,0,0,1,-,-,34.26845932006836,-118.1634521484375,LOS ANGELES,UNINCORPORATED,-118.16344451904295,34.268470764160156
91208281,2020,2020-03-16,9575,2020-03-08,2000,021925,NA,7,2,9,1900,0,1,3,NA,2,301,SR-2 (ANGELES CREST HIGHWAY),MOUNT WILSON RED BOX ROAD,6706,W,N,A,-,N,NA,NA,2,NA,NA,NA,NA,NA,NA,Y,3,0,1,1,A,-,08,22107,NA,N,E,I,A,A,H,-,D,D,0,NA,NA,NA,NA,Y,NA,A,01,0,1,0,0,0,0,0,0,0,-,-,34.261871337890625,-118.10806274414064,LOS ANGELES,UNINCORPORATED,-118.10808563232422,34.26184844970703
91208288,2020,2020-05-13,9575,2020-03-11,0900,022503,NA,3,1,6,1925,0,1,3,NA,2,042,SR-134 W/B (VENTURA FREEWAY),GLENDALE AVE.,50,E,N,B,-,Y,NA,NA,134,NA,NA,NA,NA,NA,W,N,3,0,1,2,A,-,07,21658,A,N,C,C,A,A,H,-,A,D,0,NA,NA,NA,NA,Y,NA,D,22,0,1,0,0,0,0,0,0,0,-,-,34.15568923950195,-118.24127197265624,LOS ANGELES,GLENDALE,-118.24131011962892,34.155601501464844
9120829,2020,2020-09-03,1942,2020-06-23,2130,42876,0132,2,5,7,1942,0,0,0,A,0,1A1,HILL ST,3RD ST,0,NA,Y,A,-,N,NA,NA,NA,NA,NA,NA,NA,NA,NA,Y,4,0,1,2,A,-,12,21453,A,N,D,C,A,A,H,-,C,A,0,NA,NA,NA,NA,Y,NA,D,72,0,0,1,0,0,0,0,0,0,-,-,NA,NA,LOS ANGELES,LOS ANGELES,-118.24913024902344,34.051639556884766
9120831,2020,2020-09-14,1942,2020-06-23,0941,42932,0162,2,5,7,1942,0,0,0,A,0,1A61,W 8TH ST,S HOPE ST,114,W,N,A,-,N,NA,NA,NA,NA,NA,NA,NA,NA,NA,Y,4,0,1,3,A,-,07,21658,A,N,C,C,A,A,H,-,A,D,0,NA,NA,NA,NA,Y,NA,A,01,0,0,1,0,0,0,0,0,0,-,-,NA,NA,LOS ANGELES,LOS ANGELES,-118.25935363769533,34.0467643737793
91208310,2020,2020-03-16,9575,2020-03-05,1948,022469,NA,4,2,9,1900,0,1,3,NA,2,300,SR-2 (ANGELES CREST HIGHWAY),HOYT MOUNTAIN ROAD,2300,E,N,A,-,Y,NA,NA,2,NA,NA,NA,NA,NA,NA,Y,4,0,1,1,A,-,08,22107,NA,N,E,I,A,A,H,-,D,D,0,NA,NA,NA,NA,Y,NA,A,01,0,0,1,0,0,0,0,0,0,-,-,34.26308822631836,-118.18715667724608,LOS ANGELES,UNINCORPORATED,-118.18714904785156,34.26304626464844
9120833,2020,2020-09-03,1942,2020-06-27,0725,33452,0245,6,5,7,1942,0,0,0,B,0,2A47,S ALVARADO ST,WILSHIRE BL,0,NA,Y,A,-,N,NA,NA,NA,NA,NA,NA,NA,NA,NA,Y,4,0,3,2,A,-,09,21801,A,N,A,C,A,A,H,-,A,A,0,NA,NA,NA,NA,Y,NA,A,01,0,0,3,0,0,0,0,0,0,-,-,NA,NA,LOS ANGELES,LOS ANGELES,-118.27587127685548,34.05794143676758
91208361,2020,2020-07-02,9590,2020-03-10,0510,021317,NA,2,3,7,1942,0,1,1,NA,2,063,I-10 W/B (SANTA MONICA FREEWAY),LEMON ST.,500,E,N,B,C,Y,NA,NA,10,NA,NA,NA,NA,NA,W,Y,4,0,1,3,A,-,08,22107,NA,N,B,C,A,B,H,-,C,D,0,NA,NA,NA,NA,Y,NA,D,22,0,0,1,0,0,0,0,0,0,-,-,34.02769088745117,-118.23243713378906,LOS ANGELES,LOS ANGELES,-118.2323989868164,34.027587890625
91208390,2020,2020-03-16,9540,2020-03-10,1625,018582,NA,2,2,9,1900,0,1,3,NA,2,146,SR-14 NB (ANTELOPE VALLEY FREEWAY),SAND CANYON ROAD,10,N,N,B,C,Y,NA,NA,NA,NA,NA,NA,NA,NA,NA,N,4,0,1,2,A,-,03,22350,NA,N,C,C,A,B,H,-,A,D,0,NA,NA,NA,NA,Y,NA,D,22,0,0,1,0,0,0,0,0,0,-,-,34.42512130737305,-118.42355346679688,LOS ANGELES,UNINCORPORATED,-118.423583984375,34.42514419555664
91208409,2020,2020-03-16,9530,2020-03-14,0150,021842,NA,6,3,5,1977,0,1,3,NA,2,310,WB SR-91 TO I-110,FIGUEROA ST.,500,E,N,B,-,Y,NA,NA,91,NA,NA,NA,R,NA,NA,Y,3,0,1,2,A,-,01,23152,F,N,C,C,A,A,H,-,C,D,0,NA,NA,NA,NA,Y,NA,A,01,0,1,0,0,0,0,0,0,0,-,-,33.873138427734375,-118.28044891357422,LOS ANGELES,CARSON,-118.28044891357422,33.873138427734375
9120841,2020,2020-09-03,1942,2020-06-27,1535,34426,1364,6,5,7,1942,0,0,0,M,0,13A75,HOOPER AV,48TH ST,78,S,N,A,-,N,NA,NA,NA,NA,NA,NA,NA,NA,NA,N,4,0,1,3,A,-,06,21755,A,N,B,G,A,A,H,-,A,D,0,NA,Y,NA,NA,Y,NA,I,20,0,0,1,0,0,0,1,0,0,-,-,NA,NA,LOS ANGELES,LOS ANGELES,-118.25213623046876,33.999977111816406
9120842,2020,2020-09-02,1955,2020-06-30,1704,42609,51,2,5,6,1955,0,0,0,NA,0,001,HUNTINGTON ST,2ND ST,0,NA,Y,A,-,N,NA,NA,NA,NA,NA,NA,NA,NA,NA,N,4,0,1,2,A,-,09,21801,A,N,A,C,A,A,H,-,A,A,0,NA,NA,Y,NA,Y,NA,D,22,0,0,1,0,0,0,0,0,1,-,-,NA,NA,LOS ANGELES,POMONA,-117.76106262207033,34.057559967041016
91208426,2020,2020-03-16,9540,2020-03-08,0901,021118,NA,7,1,6,1985,0,1,3,NA,1,141,SR-14 S/B (ANTELOPE VALLEY FWY),LOS PINETOS RD,750,N,N,A,-,Y,NA,NA,14,NA,NA,NA,NA,NA,S,N,4,0,1,2,A,-,04,21703,NA,N,C,C,A,A,D,E,A,A,0,NA,NA,NA,NA,Y,NA,A,01,0,0,1,0,0,0,0,0,0,-,-,34.35231018066406,-118.50495910644533,LOS ANGELES,SANTA CLARITA,-118.5050811767578,34.35226821899414
91208428,2020,2020-03-16,9590,2020-02-29,1745,022410,NA,6,2,7,1942,0,1,1,NA,2,061,I-10 SMF W/B FROM ARLINGTON AVE.,ARLINGTON AVE,50,W,N,A,-,Y,NA,NA,10,NA,NA,NA,R,NA,W,N,4,0,1,2,A,-,03,22350,NA,N,C,C,A,A,H,-,C,A,0,NA,NA,NA,NA,Y,NA,A,01,0,0,1,0,0,0,0,0,0,-,-,34.03664016723633,-118.31987762451172,LOS ANGELES,LOS ANGELES,-118.31987762451172,34.03664016723633
91208430,2020,2020-03-16,9535,2020-03-03,0725,022256,NA,2,1,1,1973,0,1,1,NA,2,072,I-710 (LONG BEACH FREEWAY) N/B,BANDINI BOULEVARD,25,N,N,A,-,Y,NA,NA,710,NA,NA,NA,NA,NA,N,N,3,0,1,2,A,-,03,22350,NA,N,C,C,A,A,H,-,A,D,0,NA,NA,NA,Y,Y,NA,F,24,0,1,0,0,0,0,0,0,0,-,-,33.99879837036133,-118.17601776123048,LOS ANGELES,VERNON,-118.176025390625,33.99880599975586
91208432,2020,2020-03-16,9590,2020-03-04,0850,018345,NA,3,1,7,1942,0,1,3,NA,2,031,SR-60 WB (POMONA FREEWAY) (POF),INDIANA STREET,710,W,N,A,-,Y,NA,NA,60,NA,NA,NA,NA,NA,W,N,3,0,1,3,A,-,03,22350,NA,N,C,C,A,A,H,-,A,D,0,NA,NA,NA,NA,Y,NA,A,01,0,1,0,0,0,0,0,0,0,-,-,34.03084182739258,-118.19493103027344,LOS ANGELES,LOS ANGELES,-118.19490051269533,34.03073501586914