CASE_ID,ACCIDENT_YEAR,PROC_DATE,JURIS,COLLISION_DATE,COLLISION_TIME,OFFICER_ID,REPORTING_DISTRICT,DAY_OF_WEEK,CHP_SHIFT,POPULATION,CNTY_CITY_LOC,SPECIAL_COND,BEAT_TYPE,CHP_BEAT_TYPE,CITY_DIVISION_LAPD,CHP_BEAT_CLASS,BEAT_NUMBER,PRIMARY_RD,SECONDARY_RD,DISTANCE,DIRECTION,INTERSECTION,WEATHER_1,WEATHER_2,STATE_HWY_IND,CALTRANS_COUNTY,CALTRANS_DISTRICT,STATE_ROUTE,ROUTE_SUFFIX,POSTMILE_PREFIX,POSTMILE,LOCATION_TYPE,RAMP_INTERSECTION,SIDE_OF_HWY,TOW_AWAY,COLLISION_SEVERITY,NUMBER_KILLED,NUMBER_INJURED,PARTY_COUNT,PRIMARY_COLL_FACTOR,PCF_CODE_OF_VIOL,PCF_VIOL_CATEGORY,PCF_VIOLATION,PCF_VIOL_SUBSECTION,HIT_AND_RUN,TYPE_OF_COLLISION,MVIW,PED_ACTION,ROAD_SURFACE,ROAD_COND_1,ROAD_COND_2,LIGHTING,CONTROL_DEVICE,CHP_ROAD_TYPE,PEDESTRIAN_ACCIDENT,BICYCLE_ACCIDENT,MOTORCYCLE_ACCIDENT,TRUCK_ACCIDENT,NOT_PRIVATE_PROPERTY,ALCOHOL_INVOLVED,STWD_VEHTYPE_AT_FAULT,CHP_VEHTYPE_AT_FAULT,COUNT_SEVERE_INJ,COUNT_VISIBLE_INJ,COUNT_COMPLAINT_PAIN,COUNT_PED_KILLED,COUNT_PED_INJURED,COUNT_BICYCLIST_KILLED,COUNT_BICYCLIST_INJURED,COUNT_MC_KILLED,COUNT_MC_INJURED,PRIMARY_RAMP,SECONDARY_RAMP,LATITUDE,LONGITUDE,COUNTY,CITY,POINT_X,POINT_Y
91209959,2020,2020-03-17,9535,2020-03-03,1345,022159,NA,2,1,3,1914,0,1,1,NA,2,072,I-710 (LONG BEACH FREEWAY) N/B,WASHINGTON BLVD,2450,N,N,A,-,Y,NA,NA,710,NA,NA,NA,NA,NA,N,Y,4,0,1,2,A,-,07,21658,A,N,B,C,A,A,H,-,A,D,0,NA,NA,NA,Y,Y,NA,F,26,0,0,1,0,0,0,0,0,0,-,-,34.01145935058594,-118.17220306396484,LOS ANGELES,COMMERCE,-118.17226409912108,34.01145935058594
9120996,2020,2020-09-11,1942,2020-06-23,1605,38171,1303,2,5,7,1942,0,0,0,M,0,13A13,MAPLE AV,E 11TH ST,20,S,N,A,-,N,NA,NA,NA,NA,NA,NA,NA,NA,NA,N,4,0,1,2,A,-,03,22350,NA,N,C,-,A,A,H,-,A,D,0,NA,NA,NA,NA,Y,NA,A,01,0,0,1,0,0,0,0,0,0,-,-,NA,NA,LOS ANGELES,LOS ANGELES,-118.25518798828124,34.037113189697266
91209966,2020,2020-03-17,9540,2020-03-14,0940,019853,NA,6,1,9,1900,0,2,4,NA,1,204,BOUQUET CANYON RD,QUARRY RD,6864,S,N,B,C,N,NA,NA,NA,NA,NA,NA,NA,NA,NA,Y,3,0,1,1,A,-,08,22107,NA,N,E,I,A,B,H,-,A,D,0,NA,NA,NA,NA,Y,NA,A,07,0,1,0,0,0,0,0,0,0,-,-,34.54655075073242,-118.43411254882813,LOS ANGELES,UNINCORPORATED,NA,NA
9120997,2020,2020-09-16,1942,2020-06-20,0830,37505,1317,6,5,7,1942,0,0,0,M,0,13A9,S ALAMEDA ST,EAST WASHINGTON BL,23,S,N,A,-,N,NA,NA,NA,NA,NA,NA,NA,NA,NA,N,4,0,4,2,A,-,04,21703,NA,F,C,C,A,A,H,-,A,A,0,NA,NA,NA,NA,Y,NA,-,99,0,0,4,0,0,0,0,0,0,-,-,NA,NA,LOS ANGELES,LOS ANGELES,-118.2395477294922,34.0199089050293
9120998,2020,2020-09-11,1942,2020-06-18,1010,44110,1394,4,5,7,1942,0,0,0,M,0,13A93,GAGE,WALL ST,50,W,N,A,-,N,NA,NA,NA,NA,NA,NA,NA,NA,NA,Y,4,0,3,2,A,-,09,21804,NA,N,D,B,A,A,H,-,A,-,0,NA,NA,NA,NA,Y,NA,A,07,0,0,3,0,0,0,0,0,0,-,-,NA,NA,LOS ANGELES,LOS ANGELES,-118.27196502685548,33.98242950439453
9120999,2020,2020-09-11,1942,2020-06-18,2031,43567,1321,4,5,7,1942,0,0,0,M,0,13XL3,GRAND,ADAMS,0,NA,Y,A,-,N,NA,NA,NA,NA,NA,NA,NA,NA,NA,N,4,0,1,2,A,-,10,21950,A,N,G,B,B,A,H,-,C,A,0,Y,NA,NA,NA,Y,Y,A,01,0,0,1,0,1,0,0,0,0,-,-,NA,NA,LOS ANGELES,LOS ANGELES,-118.27227020263672,34.02647018432617
9121000,2020,2020-09-11,1942,2020-06-18,1620,43344,1371,4,5,7,1942,0,0,0,M,0,13X45,MAIN ST,55TH ST,0,NA,Y,A,-,N,NA,NA,NA,NA,NA,NA,NA,NA,NA,N,3,0,6,3,A,-,09,21801,A,N,H,C,A,A,H,-,A,D,0,NA,NA,NA,NA,Y,NA,A,01,0,1,5,0,0,0,0,0,0,-,-,NA,NA,LOS ANGELES,LOS ANGELES,-118.27394104003906,33.9924201965332
91210005,2020,2020-03-17,9540,2020-03-05,0512,020527,NA,4,3,9,1900,0,1,1,NA,2,511,I-5 N/B (GOLDEN STATE FREEWAY),TEMPLIN HIGHWAY,711,N,N,A,-,Y,NA,NA,5,NA,NA,NA,NA,NA,N,Y,3,0,1,2,A,-,01,23152,F,N,A,C,A,A,H,-,C,D,0,NA,NA,NA,Y,Y,NA,A,01,0,1,0,0,0,0,0,0,0,-,-,34.57088088989258,-118.68885803222656,LOS ANGELES,UNINCORPORATED,-118.68882751464844,34.57091522216797
9121001,2020,2020-09-09,1942,2020-06-19,2245,43843,1303,5,5,7,1942,0,0,0,M,0,13A13,CENTRAL AV,OLYMPIC BL,0,NA,Y,A,-,N,NA,NA,NA,NA,NA,NA,NA,NA,NA,Y,4,0,1,3,A,-,12,21453,A,N,-,C,A,A,H,-,C,-,0,NA,NA,NA,NA,Y,NA,-,-,0,0,1,0,0,0,0,0,0,-,-,NA,NA,LOS ANGELES,LOS ANGELES,-118.2441635131836,34.032039642333984
91210013,2020,2020-03-17,9535,2020-03-06,0500,022335,NA,5,3,9,1900,0,1,3,NA,2,621,SR-60 (POMONA FREEWAY) W/B,WOODS AVENUE,190,E,N,A,-,Y,NA,NA,60,NA,NA,NA,NA,NA,W,Y,4,0,1,3,C,-,18,NA,NA,N,A,J,A,A,H,-,D,D,0,NA,NA,NA,Y,Y,NA,-,-,0,0,1,0,0,0,0,0,0,-,-,34.036678314208984,-118.15514373779295,LOS ANGELES,UNINCORPORATED,-118.15513610839844,34.03669357299805
9121002,2020,2020-09-09,1942,2020-06-18,1830,41654,LAPD,4,5,7,1942,0,0,0,NA,0,13X94,54TH ST,BROADWAY BL,20,W,N,A,-,N,NA,NA,NA,NA,NA,NA,NA,NA,NA,N,4,0,1,2,A,-,03,22350,NA,N,C,-,A,A,-,-,A,A,0,NA,NA,NA,NA,Y,NA,A,07,0,0,1,0,0,0,0,0,0,-,-,NA,NA,LOS ANGELES,LOS ANGELES,-118.27838897705078,33.993309020996094
91210024,2020,2020-03-17,9590,2020-03-06,1230,022357,NA,5,1,7,1942,0,1,3,NA,2,095,SR-2 W/B (GLENDALE FREEWAY),SAN FERNANDO RD,150,W,N,A,-,Y,NA,NA,2,NA,NA,NA,NA,NA,W,N,4,0,1,2,A,-,03,22350,NA,N,C,C,A,A,H,-,A,D,0,NA,NA,NA,Y,Y,NA,G,27,0,0,1,0,0,0,0,0,0,-,-,34.11307907104492,-118.24481964111328,LOS ANGELES,LOS ANGELES,-118.24478912353516,34.1130256652832
9121003,2020,2020-09-09,1942,2020-06-19,1340,33471,1383,5,5,7,1942,0,0,0,M,0,13X71,INSKEEP AV,58TH ST,125,N,N,-,-,N,NA,NA,NA,NA,NA,NA,NA,NA,NA,N,4,0,1,2,A,-,21,22106,NA,F,-,G,-,-,-,-,-,-,0,Y,NA,NA,NA,Y,NA,-,99,0,0,1,0,1,0,0,0,0,-,-,NA,NA,LOS ANGELES,LOS ANGELES,-118.27613830566406,33.98805236816406
9121004,2020,2020-09-14,1942,2020-06-12,0730,41629,1325,5,5,7,1942,0,0,0,M,0,13A27,HOOPER AV,E 33RD ST,15,S,N,A,-,N,NA,NA,NA,NA,NA,NA,NA,NA,NA,N,4,0,1,2,A,-,04,21703,NA,F,C,C,A,A,H,-,A,D,0,NA,NA,NA,NA,Y,NA,-,99,0,0,1,0,0,0,0,0,0,-,-,NA,NA,LOS ANGELES,LOS ANGELES,-118.25215911865234,34.0136604309082
9121005,2020,2020-09-09,1942,2020-06-19,0650,33452,1385,5,5,7,1942,0,0,0,M,0,13A85,E 61ST ST,S SAN PEDRO ST,0,NA,Y,A,-,N,NA,NA,NA,NA,NA,NA,NA,NA,NA,N,4,0,1,2,A,-,12,21453,A,N,D,C,A,A,H,-,A,A,0,NA,NA,NA,NA,Y,NA,A,07,0,0,1,0,0,0,0,0,0,-,-,NA,NA,LOS ANGELES,LOS ANGELES,-118.2695770263672,33.984249114990234
91210056,2020,2020-03-17,9580,2020-03-10,0735,017371,NA,2,1,7,1942,0,1,3,NA,2,116,SR-118 E/B FROM SR-27,SR-27(TOPANGA CANYON BLVD),88,E,N,C,-,Y,NA,NA,118,NA,NA,NA,R,NA,E,Y,3,0,3,3,A,-,03,22350,NA,N,E,J,A,B,H,-,D,D,0,NA,NA,NA,NA,Y,NA,A,07,0,2,1,0,0,0,0,0,0,-,-,34.277191162109375,-118.60450744628906,LOS ANGELES,LOS ANGELES,-118.60450744628906,34.277191162109375
9121006,2020,2020-09-09,1942,2020-06-02,2040,30083,1383,2,5,7,1942,0,0,0,M,0,13A93,S MAIN  ST,W 59TH ST,0,NA,Y,A,-,N,NA,NA,NA,NA,NA,NA,NA,NA,NA,N,3,0,1,2,A,-,10,21950,A,F,G,B,B,A,H,-,C,A,0,Y,NA,NA,NA,Y,NA,-,99,0,1,0,0,1,0,0,0,0,-,-,NA,NA,LOS ANGELES,LOS ANGELES,-118.27393341064452,33.9869384765625
9121007,2020,2020-09-09,1942,2020-06-17,1025,44110,1309,3,5,7,1942,0,0,0,M,0,13A9,STANFORD AV,AGATHA  ST,0,NA,Y,A,-,N,NA,NA,NA,NA,NA,NA,NA,NA,NA,N,3,0,1,2,A,-,10,21950,A,F,G,B,B,A,H,-,A,D,0,Y,NA,NA,NA,Y,NA,-,-,0,1,0,0,1,0,0,0,0,-,-,NA,NA,LOS ANGELES,LOS ANGELES,-118.24564361572266,34.03784942626953
9121008,2020,2020-09-09,1942,2020-06-21,2015,36814,1372,7,5,7,1942,0,0,0,M,0,13A85,E 54TH ST,S MAIN ST,600,E,N,A,-,N,NA,NA,NA,NA,NA,NA,NA,NA,NA,Y,3,0,2,3,A,-,03,22350,NA,N,C,E,A,A,H,-,C,D,0,NA,NA,NA,NA,Y,NA,A,01,0,2,0,0,0,0,0,0,0,-,-,NA,NA,LOS ANGELES,LOS ANGELES,-118.2719955444336,33.993343353271484
9121009,2020,2020-09-09,1942,2020-06-18,2000,44124,1351,4,5,7,1942,0,0,0,M,0,13X28,MAIN ST,W 42ND ST,0,NA,Y,A,-,N,NA,NA,NA,NA,NA,NA,NA,NA,NA,Y,4,0,1,2,A,-,01,23152,A,N,D,C,A,A,H,-,B,D,0,NA,NA,NA,NA,Y,Y,A,01,0,0,1,0,0,0,0,0,0,-,-,NA,NA,LOS ANGELES,LOS ANGELES,-118.27401733398438,34.00735855102539
9121010,2020,2020-09-09,1942,2020-06-19,0110,31379,1343,5,5,7,1942,0,0,0,M,0,13A43,MARTIN LUTHER KING JR BL,WADSWORTH,250,E,N,A,-,N,NA,NA,NA,NA,NA,NA,NA,NA,NA,N,4,0,4,2,A,-,09,21804,NA,F,C,C,A,A,H,-,C,A,0,NA,NA,NA,NA,Y,NA,A,01,0,0,4,0,0,0,0,0,0,-,-,NA,NA,LOS ANGELES,LOS ANGELES,-118.25811767578124,34.010955810546875
91210108,2020,2020-03-17,9590,2020-02-19,0720,022456,NA,3,1,7,1942,1,1,1,NA,2,010,SR-110 N/B (ASP) TO SOLANO AVENUE,SOLANO AVE,50,W,N,A,-,Y,NA,NA,110,NA,NA,NA,R,NA,N,Y,4,0,5,2,A,-,08,22107,NA,N,E,I,A,A,H,-,A,D,0,NA,NA,NA,NA,Y,NA,H,17,0,0,5,0,0,0,0,0,0,-,-,34.07487106323242,-118.231689453125,LOS ANGELES,LOS ANGELES,-118.231689453125,34.07487106323242
9121011,2020,2020-09-09,1942,2020-06-18,2300,43768,1343,4,5,7,1942,0,0,0,M,0,13A43,AVALON BL,37TH ST,30,N,N,A,-,N,NA,NA,NA,NA,NA,NA,NA,NA,NA,Y,4,0,2,2,A,-,03,22350,NA,N,B,E,A,A,H,-,C,A,0,NA,NA,NA,NA,Y,NA,A,01,0,0,2,0,0,0,0,0,0,-,-,NA,NA,LOS ANGELES,LOS ANGELES,-118.2652587890625,34.01289367675781
91210112,2020,2020-03-17,9565,2020-03-05,1815,022057,NA,4,2,5,1928,0,1,1,NA,2,012,I-105 EB (CENTURY FREEWAY),VAN NESS AVE,200,E,N,A,-,Y,NA,NA,105,NA,NA,NA,NA,NA,E,Y,3,0,1,2,A,-,07,21658,A,N,B,C,A,A,H,-,C,D,0,NA,NA,Y,NA,Y,NA,A,01,0,1,0,0,0,0,0,0,1,-,-,33.92530059814453,-118.31671142578124,LOS ANGELES,HAWTHORNE,-118.31671142578124,33.92526626586914
91210117,2020,2020-03-17,9530,2020-03-06,0605,013990,NA,5,1,9,1900,0,3,5,NA,2,004,SUSANA RD.,VIA MONDO RD.,0,NA,Y,B,-,N,NA,NA,NA,NA,NA,NA,NA,NA,NA,Y,3,0,1,2,A,-,09,21802,A,N,D,C,A,A,H,-,C,A,0,NA,NA,NA,Y,Y,NA,A,01,0,1,0,0,0,0,0,0,0,-,-,33.87168884277344,-118.20662689208984,LOS ANGELES,UNINCORPORATED,-118.20677947998048,33.87192916870117
91210118,2020,2020-03-17,9530,2020-03-08,1155,021623,NA,7,1,7,1941,0,1,1,NA,2,072,I-710 N/B (LONG BEACH FREEWAY),PACIFIC COAST HWY.,50,N,N,A,-,Y,NA,NA,710,NA,NA,NA,NA,NA,N,Y,4,0,3,2,A,-,03,22350,NA,N,C,C,A,A,H,-,A,D,0,NA,NA,NA,NA,Y,NA,D,22,0,0,3,0,0,0,0,0,0,-,-,33.792171478271484,-118.20752716064452,LOS ANGELES,LONG BEACH,-118.2075653076172,33.79217529296875
9121012,2020,2020-09-09,1942,2020-06-19,1750,33471,1391,5,5,7,1942,0,0,0,M,0,13X71,BROADWAY AV,67TH ST,0,NA,Y,A,-,N,NA,NA,NA,NA,NA,NA,NA,NA,NA,Y,3,0,3,2,A,-,09,21802,A,N,D,C,A,A,H,-,A,-,0,NA,NA,NA,NA,Y,NA,A,01,0,1,2,0,0,0,0,0,0,-,-,NA,NA,LOS ANGELES,LOS ANGELES,-118.2782974243164,33.979000091552734
91210123,2020,2020-03-17,9535,2020-03-06,0815,022253,NA,5,1,9,1900,0,3,5,NA,2,001,1ST ST,ALMA AVE,0,NA,Y,A,-,N,NA,NA,NA,NA,NA,NA,NA,NA,NA,Y,3,0,1,2,A,-,09,21801,B,N,D,C,A,A,H,-,A,A,0,NA,NA,Y,NA,Y,NA,C,02,0,1,0,0,0,0,0,0,1,-,-,34.03602981567383,-118.19133758544922,LOS ANGELES,UNINCORPORATED,-118.1913604736328,34.03599166870117
91210125,2020,2020-04-02,9525,2020-03-07,0400,021838,NA,6,3,1,1934,0,1,1,NA,2,204,I-210 E/B (FOOTHILL FWY),IRWINDALE AVE,1320,W,N,A,-,Y,NA,NA,210,NA,NA,NA,NA,NA,E,Y,2,0,1,1,A,-,01,23152,A,N,E,I,A,A,H,-,D,D,0,NA,NA,NA,NA,Y,Y,A,07,1,0,0,0,0,0,0,0,0,-,-,34.13103103637695,-117.94535064697266,LOS ANGELES,IRWINDALE,-117.9455795288086,34.130401611328125
9121013,2020,2020-09-09,1942,2020-06-20,1525,42461,1363,6,5,7,1942,0,0,0,M,0,13A63,MCKINLEY AV,49TH ST,0,NA,Y,A,-,N,NA,NA,NA,NA,NA,NA,NA,NA,NA,N,4,0,1,2,A,-,03,22350,NA,N,B,C,A,A,H,-,A,D,0,NA,NA,Y,NA,Y,NA,A,01,0,0,1,0,0,0,0,0,1,-,-,NA,NA,LOS ANGELES,LOS ANGELES,-118.26087951660156,33.999271392822266
9121014,2020,2020-09-10,1942,2020-06-30,0415,40325,0408,2,5,7,1942,0,0,0,D,0,4A9,HILLSDALE DR,ACADEMY ST,128,N,N,A,-,N,NA,NA,NA,NA,NA,NA,NA,NA,NA,Y,3,0,2,3,A,-,03,22350,NA,N,F,E,A,A,H,-,C,A,0,NA,NA,NA,NA,Y,NA,A,01,0,1,1,0,0,0,0,0,0,-,-,NA,NA,LOS ANGELES,LOS ANGELES,-118.18214416503906,34.0869255065918
9121015,2020,2020-09-10,1942,2020-06-28,1920,36715,0455,7,5,7,1942,0,0,0,D,0,4A53,N SOTO ST,CITY VIEW AV,0,NA,Y,A,-,N,NA,NA,NA,NA,NA,NA,NA,NA,NA,N,2,0,1,2,A,-,12,22450,A,N,D,C,E,A,H,-,A,D,0,Y,NA,NA,NA,Y,Y,N,60,1,0,0,0,1,0,0,0,0,-,-,NA,NA,LOS ANGELES,LOS ANGELES,-118.20535278320313,34.05067825317383
9121016,2020,2020-09-10,1942,2020-06-27,1240,37540,0479,6,5,7,1942,0,0,0,D,0,NA,S INDIANA  ST,WHITTIER BL,0,NA,Y,A,-,N,NA,NA,NA,NA,NA,NA,NA,NA,NA,N,3,0,1,2,A,-,09,21801,A,N,D,C,A,A,H,-,A,A,0,NA,NA,NA,NA,Y,NA,A,01,0,1,0,0,0,0,0,0,0,-,-,NA,NA,LOS ANGELES,LOS ANGELES,-118.1926498413086,34.02412033081055
91210164,2020,2020-11-23,9525,2020-03-06,0830,014593,NA,5,1,5,1990,0,1,3,NA,2,574,SR-57 N/B (ORANGE FWY),PATHFINDER RD,2112,N,N,A,-,Y,NA,NA,57,NA,NA,NA,NA,NA,N,Y,4,0,1,4,A,-,03,22350,NA,N,C,C,A,A,H,-,A,D,0,NA,NA,NA,NA,Y,NA,A,01,0,0,1,0,0,0,0,0,0,-,-,33.99020004272461,-117.84278869628906,LOS ANGELES,DIAMOND BAR,-117.84263610839844,33.99018478393555
9121017,2020,2020-11-14,1942,2020-06-26,1045,41629,0445,5,5,7,1942,0,0,0,D,0,4A15,N STATE ST,RT 10,0,NA,Y,A,-,Y,LA,7,10,-,S,0.61,R,4,E,N,3,0,1,2,A,-,12,21453,A,N,D,C,A,A,H,-,A,A,0,NA,NA,NA,NA,Y,NA,A,01,0,1,0,0,0,0,0,0,0,-,-,NA,NA,LOS ANGELES,LOS ANGELES,-118.2148895263672,34.05515670776367
9121018,2020,2020-09-10,1942,2020-06-25,1000,33452,0473,4,5,7,1942,0,0,0,D,0,4A71,S SOTO ST,EAST 7TH ST,0,NA,Y,A,-,N,NA,NA,NA,NA,NA,NA,NA,NA,NA,Y,3,0,2,2,A,-,12,21453,A,N,D,C,A,A,H,-,A,A,0,NA,NA,NA,NA,Y,NA,A,07,0,2,0,0,0,0,0,0,0,-,-,NA,NA,LOS ANGELES,LOS ANGELES,-118.21697998046876,34.03229904174805
91210186,2020,2020-03-17,9580,2020-03-07,1837,022080,NA,6,2,7,1942,0,1,1,NA,2,404,I-405 N/B TRANS TO US-101 W/B,VENTURA BLVD,792,N,N,A,-,Y,NA,NA,405,NA,NA,NA,R,NA,N,Y,4,0,2,2,A,-,03,22350,NA,N,C,C,A,A,H,-,A,D,0,NA,NA,NA,NA,Y,NA,A,01,0,0,2,0,0,0,0,0,0,-,-,34.156368255615234,-118.4684829711914,LOS ANGELES,LOS ANGELES,-118.4684829711914,34.156368255615234
9121019,2020,2020-09-10,1942,2020-06-24,1655,40289,0478,3,5,7,1942,0,0,0,D,0,4A97,WHITTIER BL,S LORENA ST,0,NA,Y,A,-,N,NA,NA,NA,NA,NA,NA,NA,NA,NA,N,4,0,2,2,A,-,09,21801,A,N,D,C,A,A,H,-,A,D,0,NA,NA,NA,NA,Y,NA,A,01,0,0,2,0,0,0,0,0,0,-,-,NA,NA,LOS ANGELES,LOS ANGELES,-118.20098876953124,34.02779006958008
91210190,2020,2020-03-17,9545,2020-03-10,1940,021173,NA,2,2,9,1900,0,1,3,NA,2,011,SR-14 S/B,AVENUE G,2640,S,N,B,-,Y,NA,NA,NA,NA,NA,NA,NA,NA,NA,N,4,0,3,2,A,-,03,22350,NA,N,C,C,A,B,H,-,D,D,0,NA,NA,NA,NA,Y,NA,A,07,0,0,3,0,0,0,0,0,0,-,-,34.729148864746094,-118.17050933837892,LOS ANGELES,UNINCORPORATED,NA,NA
9121020,2020,2020-09-10,1942,2020-06-19,1100,40063,0404,5,5,7,1942,0,0,0,D,0,4A12,MONTEREY RD,AVENUE 60,100,N,N,A,-,N,NA,NA,NA,NA,NA,NA,NA,NA,NA,N,2,0,1,2,A,-,07,21658,A,N,C,G,A,A,H,-,A,A,0,NA,Y,NA,NA,Y,NA,L,04,1,0,0,0,0,0,1,0,0,-,-,NA,NA,LOS ANGELES,LOS ANGELES,-118.1841049194336,34.1058235168457
9121021,2020,2020-09-11,1942,2020-06-19,1505,30524,451,5,5,7,1942,0,0,0,NA,0,4A12,N MISSION RD,ALISO,150,N,N,A,-,N,NA,NA,NA,NA,NA,NA,NA,NA,NA,Y,3,0,2,2,-,-,-,NA,A,N,D,C,A,A,H,-,A,A,0,NA,NA,NA,NA,Y,NA,A,08,0,1,1,0,0,0,0,0,0,-,-,NA,NA,LOS ANGELES,LOS ANGELES,-118.22663116455078,34.05263900756836
9121022,2020,2020-09-11,1942,2020-06-18,1815,37631,0407,4,5,7,1942,0,0,0,D,0,11X58,HUNTINGTON,COLLIS AV,200,E,N,A,-,N,NA,NA,NA,NA,NA,NA,NA,NA,NA,N,4,0,1,2,A,-,08,22107,NA,N,B,G,A,A,H,-,A,D,0,NA,Y,NA,NA,Y,NA,A,07,0,0,1,0,0,0,1,0,0,-,-,NA,NA,LOS ANGELES,LOS ANGELES,-118.18355560302734,34.08616638183594
9121023,2020,2020-09-11,1942,2020-06-17,1930,39927,0407,3,5,7,1942,0,0,0,D,0,4A3-W3,MONTEREY RD,HUNTINGTON DR,0,NA,Y,A,-,N,NA,NA,NA,NA,NA,NA,NA,NA,NA,Y,4,0,2,2,A,-,09,21801,NA,N,A,C,A,A,H,-,A,A,0,NA,NA,NA,NA,Y,NA,-,NA,0,0,2,0,0,0,0,0,0,-,-,NA,NA,LOS ANGELES,LOS ANGELES,-118.1875,34.086219787597656
9121024,2020,2020-09-11,1942,2020-06-17,1545,44057,0453,3,5,7,1942,0,0,0,D,0,4A53,NEW JERSEY ST,BOYLE AV,150,N,N,A,-,N,NA,NA,NA,NA,NA,NA,NA,NA,NA,N,4,0,1,2,-,-,-,NA,NA,N,H,E,A,A,H,-,A,A,0,NA,NA,NA,NA,Y,NA,A,01,0,0,1,0,0,0,0,0,0,-,-,NA,NA,LOS ANGELES,LOS ANGELES,-118.21857452392578,34.050514221191406
9121025,2020,2020-09-11,1942,2020-06-21,1515,40289,0489,7,5,7,1942,0,0,0,D,0,4A97,ROSALIND AV,E 8TH ST,0,NA,Y,A,-,N,NA,NA,NA,NA,NA,NA,NA,NA,NA,Y,4,0,1,2,A,-,09,21802,A,F,D,C,A,A,H,-,A,A,0,NA,NA,NA,NA,Y,NA,-,99,0,0,1,0,0,0,0,0,0,-,-,NA,NA,LOS ANGELES,LOS ANGELES,-118.21302795410156,34.025291442871094
91210253,2020,2020-03-17,9590,2020-03-05,1645,021912,NA,4,2,7,1942,0,1,1,NA,2,501,I-110 S/B (HAF) EXPRESS LANES,92ND ST.,250,N,N,A,-,Y,NA,NA,110,NA,NA,NA,NA,NA,S,N,4,0,5,2,A,-,03,22350,NA,F,C,C,A,A,H,-,A,D,0,NA,NA,NA,NA,Y,NA,A,01,0,0,5,0,0,0,0,0,0,-,-,33.953548431396484,-118.28072357177734,LOS ANGELES,LOS ANGELES,-118.28068542480467,33.953556060791016
9121026,2020,2020-09-11,1942,2020-06-30,1800,43769,0182,2,5,7,1942,0,0,0,A,0,1A2,GRAND AV,12TH ST,100,S,N,A,-,N,NA,NA,NA,NA,NA,NA,NA,NA,NA,N,4,0,1,2,A,-,08,22102,NA,N,B,C,A,A,H,-,A,A,0,NA,NA,NA,NA,Y,NA,A,07,0,0,1,0,0,0,0,0,0,-,-,NA,NA,LOS ANGELES,LOS ANGELES,-118.29019927978516,33.733055114746094
91210264,2020,2020-03-17,9545,2020-03-11,1335,015589,NA,3,1,9,1900,0,1,3,NA,2,021,SR-14 S/B TO AVENUE S,AVENUE S,0,NA,Y,A,-,Y,NA,NA,14,NA,NA,NA,R,NA,S,Y,3,0,1,2,A,-,12,21453,A,N,D,C,A,A,H,-,A,A,0,NA,NA,NA,NA,Y,NA,D,22,0,1,0,0,0,0,0,0,0,-,-,34.55792999267578,-118.13317108154295,LOS ANGELES,UNINCORPORATED,-118.13317108154295,34.55792999267578
9121027,2020,2020-09-11,1942,2020-06-06,2310,30083,0164,6,5,7,1942,0,0,0,A,0,1A85,S MAIN ST,EAST 7TH ST,0,NA,Y,A,-,N,NA,NA,NA,NA,NA,NA,NA,NA,NA,N,4,0,1,2,A,-,09,21801,A,N,D,C,A,A,H,-,C,A,0,NA,NA,NA,NA,Y,NA,A,07,0,0,1,0,0,0,0,0,0,-,-,NA,NA,LOS ANGELES,LOS ANGELES,-118.25138092041016,34.04393005371094
9121028,2020,2020-09-11,1942,2020-06-21,1640,43757,0111,7,5,7,1942,0,0,0,A,0,1A85,NORTH FIGUEROA ST,W CESAR E CHAVEZ AV,90,S,N,A,-,N,NA,NA,NA,NA,NA,NA,NA,NA,NA,Y,4,0,3,2,A,-,09,21804,A,N,D,C,A,A,H,-,A,A,0,NA,NA,NA,NA,Y,NA,A,01,0,0,3,0,0,0,0,0,0,-,-,NA,NA,LOS ANGELES,LOS ANGELES,-118.24643707275392,34.06243896484375
91210280,2019,2020-03-17,9550,2019-04-30,1425,020755,NA,2,2,9,1900,0,2,4,NA,1,031,NEWTON ST.,HACIENDA BOULEVARD,0,NA,Y,A,-,N,NA,NA,NA,NA,NA,NA,NA,NA,NA,N,4,0,1,2,A,-,03,22350,NA,F,C,C,A,A,H,-,A,A,0,NA,NA,NA,NA,Y,NA,D,22,0,0,1,0,0,0,0,0,0,-,-,33.99604034423828,-117.96810150146484,LOS ANGELES,UNINCORPORATED,-117.96822357177734,33.99605178833008
9121029,2020,2020-09-11,1942,2020-06-24,2020,34350,0162,3,5,7,1942,0,0,0,A,0,1A61,S FLOWER ST,W 8TH ST,250,S,N,A,-,N,NA,NA,NA,NA,NA,NA,NA,NA,NA,N,4,0,1,1,A,-,17,21657,NA,F,H,G,A,A,H,-,C,A,0,NA,Y,NA,NA,Y,NA,L,04,0,0,1,0,0,0,1,0,0,-,-,NA,NA,LOS ANGELES,LOS ANGELES,-118.26060485839844,34.046695709228516
91210290,2020,2020-03-17,9550,2020-03-12,1500,022237,NA,4,2,5,1919,0,1,1,NA,2,652,INTERSTATE 605 NORTHBOUND,STATE ROUTE 91,300,S,N,B,C,Y,NA,NA,605,NA,NA,NA,NA,NA,N,Y,4,0,1,2,A,-,03,22350,NA,N,C,C,A,B,H,-,A,D,0,NA,NA,NA,NA,Y,NA,A,07,0,0,1,0,0,0,0,0,0,-,-,33.875431060791016,-118.10198974609376,LOS ANGELES,CERRITOS,-118.1020050048828,33.875423431396484
91210297,2020,2020-03-17,9530,2020-02-29,1251,022406,NA,6,1,9,1900,0,3,5,NA,2,001,HOLMES AVE. (5800 BLOCK),SLAUSON AVE.,8,S,N,A,-,N,NA,NA,NA,NA,NA,NA,NA,NA,NA,N,3,0,1,2,A,-,10,21950,A,N,G,B,B,A,H,-,A,B,0,Y,NA,NA,NA,Y,NA,A,07,0,1,0,0,1,0,0,0,0,-,-,33.98910140991211,-118.24115753173828,LOS ANGELES,UNINCORPORATED,-118.2411880493164,33.98952865600586