CASE_ID,ACCIDENT_YEAR,PROC_DATE,JURIS,COLLISION_DATE,COLLISION_TIME,OFFICER_ID,REPORTING_DISTRICT,DAY_OF_WEEK,CHP_SHIFT,POPULATION,CNTY_CITY_LOC,SPECIAL_COND,BEAT_TYPE,CHP_BEAT_TYPE,CITY_DIVISION_LAPD,CHP_BEAT_CLASS,BEAT_NUMBER,PRIMARY_RD,SECONDARY_RD,DISTANCE,DIRECTION,INTERSECTION,WEATHER_1,WEATHER_2,STATE_HWY_IND,CALTRANS_COUNTY,CALTRANS_DISTRICT,STATE_ROUTE,ROUTE_SUFFIX,POSTMILE_PREFIX,POSTMILE,LOCATION_TYPE,RAMP_INTERSECTION,SIDE_OF_HWY,TOW_AWAY,COLLISION_SEVERITY,NUMBER_KILLED,NUMBER_INJURED,PARTY_COUNT,PRIMARY_COLL_FACTOR,PCF_CODE_OF_VIOL,PCF_VIOL_CATEGORY,PCF_VIOLATION,PCF_VIOL_SUBSECTION,HIT_AND_RUN,TYPE_OF_COLLISION,MVIW,PED_ACTION,ROAD_SURFACE,ROAD_COND_1,ROAD_COND_2,LIGHTING,CONTROL_DEVICE,CHP_ROAD_TYPE,PEDESTRIAN_ACCIDENT,BICYCLE_ACCIDENT,MOTORCYCLE_ACCIDENT,TRUCK_ACCIDENT,NOT_PRIVATE_PROPERTY,ALCOHOL_INVOLVED,STWD_VEHTYPE_AT_FAULT,CHP_VEHTYPE_AT_FAULT,COUNT_SEVERE_INJ,COUNT_VISIBLE_INJ,COUNT_COMPLAINT_PAIN,COUNT_PED_KILLED,COUNT_PED_INJURED,COUNT_BICYCLIST_KILLED,COUNT_BICYCLIST_INJURED,COUNT_MC_KILLED,COUNT_MC_INJURED,PRIMARY_RAMP,SECONDARY_RAMP,LATITUDE,LONGITUDE,COUNTY,CITY,POINT_X,POINT_Y
91215137,2020,2020-03-25,9565,2020-03-13,1125,022251,NA,5,1,7,1942,0,1,1,NA,2,063,I-405 S/B TO WILSHIRE BLVD. E/B,WILSHIRE BLVD.,100,S,N,C,-,Y,NA,NA,NA,NA,NA,NA,NA,NA,NA,Y,4,0,1,1,A,-,03,22350,NA,N,E,I,A,B,H,-,A,D,0,NA,NA,NA,NA,Y,NA,A,01,0,0,1,0,0,0,0,0,0,-,-,34.054439544677734,-118.4524383544922,LOS ANGELES,LOS ANGELES,-118.45205688476564,34.05552291870117
91215140,2020,2020-03-25,9590,2020-03-12,2240,022344,NA,4,3,7,1942,0,1,1,NA,2,013,SR-110 (ARROYO SECO PARKWAY),AVE 52,1500,S,N,B,-,Y,NA,NA,110,NA,NA,NA,NA,NA,NA,Y,3,0,2,1,A,-,08,22107,NA,N,F,I,A,B,H,-,C,D,0,NA,NA,NA,NA,Y,NA,A,01,0,1,1,0,0,0,0,0,0,-,-,34.10126876831055,-118.2006607055664,LOS ANGELES,LOS ANGELES,-118.20065307617188,34.10125732421875
91215152,2020,2020-03-25,9530,2020-03-13,1203,021623,NA,5,1,9,1900,0,3,5,NA,2,006,SEPULVEDA BLVD. (1200 BLOCK),MARIPOSA AVE.,8,W,N,C,-,N,NA,NA,NA,NA,NA,NA,NA,NA,NA,N,4,0,1,2,A,-,09,21801,A,N,D,C,A,B,H,-,A,D,0,NA,NA,NA,NA,Y,NA,A,07,0,0,1,0,0,0,0,0,0,-,-,33.81285858154297,-118.29725646972656,LOS ANGELES,UNINCORPORATED,-118.29735565185548,33.81270980834961
91215164,2020,2020-03-25,9535,2020-03-14,1430,022336,NA,6,2,9,1900,0,1,3,NA,2,620,SR-60 (POMONA FREEWAY) E/B,ROSEMEAD BLVD,300,E,N,B,C,Y,NA,NA,NA,NA,NA,NA,NA,NA,NA,Y,4,0,1,2,A,-,04,21703,NA,N,C,C,A,B,H,-,A,D,0,NA,NA,NA,NA,Y,NA,A,01,0,0,1,0,0,0,0,0,0,-,-,33.041259765625,-118.06314086914064,LOS ANGELES,UNINCORPORATED,-118.06336212158205,34.041194915771484
91215182,2020,2020-03-25,9590,2020-03-14,1100,022497,NA,6,1,7,1942,0,1,1,NA,2,052,I-110 N/B (HARBOR FREEWAY) (HAF),W ADAMS BOULEVARD,100,S,N,B,C,Y,NA,NA,110,NA,NA,NA,NA,NA,N,N,4,0,1,2,A,-,07,21658,A,N,C,C,A,B,H,-,A,D,0,NA,NA,NA,NA,Y,NA,A,01,0,0,1,0,0,0,0,0,0,-,-,34.027278900146484,-118.27462005615234,LOS ANGELES,LOS ANGELES,-118.27455902099608,34.027259826660156
91215186,2020,2020-03-25,9540,2020-02-28,0022,018024,NA,5,3,6,1985,0,1,3,NA,1,145,SR-14 S/B,GOLDEN VALLEY RD,508,S,N,B,-,Y,NA,NA,14,NA,NA,NA,NA,NA,S,Y,3,0,1,3,A,-,01,23152,A,F,D,C,A,A,H,-,D,D,0,NA,NA,NA,Y,Y,Y,D,22,0,1,0,0,0,0,0,0,0,-,-,34.3926887512207,-118.47260284423828,LOS ANGELES,SANTA CLARITA,-118.47257995605467,34.39265060424805
91215188,2020,2020-03-25,9530,2020-03-14,0045,022083,NA,6,3,7,1942,0,1,1,NA,2,110,I-110 S/B (HARBOR FREEWAY),SR-91,3000,N,N,B,-,Y,NA,NA,110,NA,NA,NA,NA,NA,S,Y,4,0,1,3,A,-,03,22350,NA,F,C,C,A,B,H,-,C,D,0,NA,NA,NA,NA,Y,Y,-,99,0,0,1,0,0,0,0,0,0,-,-,33.88233947753906,-118.28533935546876,LOS ANGELES,LOS ANGELES,-118.2851791381836,33.882354736328125
91215195,2020,2020-03-25,9525,2020-03-20,2030,019188,NA,5,2,9,1900,0,1,3,NA,1,024,SR-39 (SAN GABRIEL CANYON RD.),OLD SAN GABRIEL CANYON RD.,5252,N,N,B,-,N,NA,NA,39,NA,NA,NA,NA,NA,NA,Y,4,0,1,1,A,-,03,22350,NA,N,E,I,A,A,H,-,D,D,0,NA,NA,NA,NA,Y,NA,A,01,0,0,1,0,0,0,0,0,0,-,-,34.171260833740234,-117.88787841796876,LOS ANGELES,UNINCORPORATED,-117.88786315917967,34.17123031616211
91215200,2020,2020-03-25,9540,2020-03-22,1700,021132,NA,7,2,9,1900,0,1,1,NA,2,508,I-5 N/B,PARKER ROAD,2640,S,N,B,C,Y,NA,NA,5,NA,NA,NA,NA,NA,N,N,4,0,1,2,A,-,07,21658,A,N,B,C,A,A,H,-,A,D,0,NA,NA,NA,NA,Y,NA,A,01,0,0,1,0,0,0,0,0,0,-,-,34.48447036743164,-118.61531829833984,LOS ANGELES,UNINCORPORATED,-118.61540222167967,34.48442459106445
91215207,2020,2020-03-25,9590,2020-03-14,0558,021926,NA,6,3,7,1942,0,1,1,NA,2,083,I-5 NB TO I-10 EB,SOTO ST,300,S,N,A,-,Y,NA,NA,NA,NA,NA,NA,NA,NA,NA,Y,2,0,1,1,A,-,03,22350,NA,N,B,I,A,A,H,-,B,D,0,NA,NA,NA,NA,Y,NA,A,01,1,0,0,0,0,0,0,0,0,-,-,34.361328125,-118.22081756591795,LOS ANGELES,LOS ANGELES,-118.21685028076172,34.030738830566406
91215218,2020,2020-03-25,9545,2020-03-18,0313,022130,NA,3,3,6,1950,0,1,3,NA,2,021,SR-14 S/B FROM E/B RANCHO VISTA,RANCHO VISTA BLVD,12,S,N,A,-,Y,NA,NA,14,NA,NA,NA,R,NA,S,N,2,0,1,2,A,-,10,21950,A,N,G,B,B,A,H,-,C,D,0,Y,NA,NA,NA,Y,NA,A,01,1,0,0,0,1,0,0,0,0,-,-,34.601619720458984,-118.143310546875,LOS ANGELES,PALMDALE,-118.143310546875,34.601619720458984
91215225,2020,2020-03-25,9590,2020-03-17,1225,022384,NA,2,1,7,1942,0,1,1,NA,2,081,I-5 S/B (GOLDEN STATE FREEWAY),BOYLE AVENUE,250,N,N,A,-,Y,NA,NA,5,NA,NA,NA,NA,NA,S,N,4,0,1,3,A,-,08,22107,NA,N,B,C,A,A,H,-,A,D,0,NA,NA,NA,Y,Y,NA,A,01,0,0,1,0,0,0,0,0,0,-,-,34.03953170776367,-118.21941375732422,LOS ANGELES,LOS ANGELES,-118.21949005126952,34.03955841064453
91215238,2020,2020-03-25,9530,2020-03-15,1953,022453,NA,7,2,9,1900,0,3,5,NA,2,002,ROSECRANS AVE.,MAIN ST.,0,NA,Y,A,-,Y,NA,NA,NA,NA,NA,NA,NA,NA,NA,N,2,0,1,2,A,-,11,21954,A,F,G,B,B,A,H,-,C,A,0,Y,NA,NA,NA,Y,NA,N,60,1,0,0,0,1,0,0,0,0,-,-,33.902000427246094,-118.27422332763672,LOS ANGELES,UNINCORPORATED,-118.27407836914064,33.90195083618164
91215245,2020,2020-03-25,9590,2020-03-23,0120,021762,NA,1,3,7,1942,0,1,2,NA,2,070,US-101 NB (SAF) TO I-110 SB (HAF),TEMPLE STREET,500,N,N,C,-,Y,NA,NA,101,NA,NA,NA,R,NA,N,Y,4,0,1,1,A,-,08,22107,NA,N,E,J,A,B,H,-,D,D,0,NA,NA,NA,NA,Y,NA,A,01,0,0,1,0,0,0,0,0,0,-,-,34.06256866455078,-118.24912261962892,LOS ANGELES,LOS ANGELES,-118.24912261962892,34.06256866455078
91215247,2020,2020-03-25,9590,2020-03-22,2100,022497,NA,7,2,7,1942,0,1,1,NA,2,062,I-10 E/B (SANTA MONICA FREEWAY),MAPLE AVENUE,200,W,N,B,C,Y,NA,NA,10,NA,NA,NA,NA,NA,E,N,4,0,1,2,A,-,03,22350,NA,N,C,C,A,B,H,-,D,D,0,NA,NA,NA,Y,Y,NA,F,26,0,0,1,0,0,0,0,0,0,-,-,34.031768798828125,-118.26138305664064,LOS ANGELES,LOS ANGELES,-118.26144409179688,34.03156661987305
91215264,2020,2020-03-25,9535,2020-03-12,0905,022085,NA,4,1,5,1948,0,1,3,NA,2,601,SR-60 (POMONA FREEWAY) W/B,WOODS AVE,500,E,N,B,-,Y,NA,NA,60,NA,NA,NA,NA,NA,W,Y,2,0,3,6,A,-,07,21658,A,F,B,C,A,A,H,-,A,D,0,NA,NA,NA,NA,Y,NA,A,01,1,0,2,0,0,0,0,0,0,-,-,34.036529541015625,-118.15374755859376,LOS ANGELES,MONTEREY PARK,-118.15375518798828,34.03648376464844
91215280,2020,2020-03-25,9590,2020-03-16,2140,022304,NA,1,2,7,1942,0,1,1,NA,2,010,SR-110 N/B (ARROYO SECO PARKWAY),STADIUM WAY,225,S,N,B,-,Y,NA,NA,110,NA,NA,NA,NA,NA,N,Y,3,0,1,1,A,-,01,23152,A,N,E,I,A,B,H,-,C,D,0,NA,NA,NA,NA,Y,Y,A,01,0,1,0,0,0,0,0,0,0,-,-,34.070560455322266,-118.2351531982422,LOS ANGELES,LOS ANGELES,-118.23522186279295,34.070579528808594
91215283,2020,2020-03-25,9565,2020-03-14,1110,022442,NA,6,1,9,1900,0,2,4,NA,2,024,IMPERIAL HWY,DENKER AVE,0,NA,Y,B,C,N,NA,NA,NA,NA,NA,NA,NA,NA,NA,N,3,0,1,2,A,-,10,21950,A,N,G,B,B,B,H,-,A,A,0,Y,NA,NA,Y,Y,NA,F,26,0,1,0,0,1,0,0,0,0,-,-,33.931068420410156,-118.3044891357422,LOS ANGELES,UNINCORPORATED,-118.3047332763672,33.9310302734375
91215290,2020,2020-09-25,9590,2020-03-23,1805,021667,NA,1,2,7,1942,0,1,2,NA,2,072,US-101 N/B (HOLLYWOOD FREEWAY),WESTERN AVENUE,520,S,N,A,-,Y,NA,NA,101,NA,NA,NA,NA,NA,N,N,2,0,3,2,A,-,07,21658,A,F,E,A,A,A,H,-,A,D,0,NA,NA,NA,NA,Y,NA,-,99,1,0,2,0,0,0,0,0,0,-,-,34.09288024902344,-118.30776977539064,LOS ANGELES,LOS ANGELES,-118.3078384399414,34.09280776977539
91215303,2020,2020-03-25,9590,2020-03-16,0635,022384,NA,1,1,7,1942,0,1,1,NA,2,082,I-5 N/B (GSF) TO SR110 N/B (ASP) TRANS,AVENUE 26,860,E,N,A,-,Y,NA,NA,NA,NA,NA,NA,NA,NA,NA,N,4,0,1,2,A,-,08,22107,NA,F,B,C,A,A,H,-,A,D,0,NA,NA,NA,NA,Y,Y,-,99,0,0,1,0,0,0,0,0,0,-,-,34.084468841552734,-118.21903228759766,LOS ANGELES,LOS ANGELES,-118.22823333740234,34.08338165283203
91215308,2020,2020-03-25,9535,2020-03-14,2030,022414,NA,6,2,5,1901,0,1,1,NA,2,420,I-10 (SAN BERNARDINO FREEWAY) E/B,FREMONT AVE.,1940,W,N,B,-,Y,NA,NA,10,NA,NA,NA,NA,NA,E,N,4,0,1,2,A,-,07,21658,A,M,B,C,A,B,H,-,D,D,0,NA,NA,NA,NA,Y,NA,A,01,0,0,1,0,0,0,0,0,0,-,-,34.0654182434082,-118.15650177001952,LOS ANGELES,ALHAMBRA,-118.15648651123048,34.06538772583008
91215319,2020,2020-03-25,9530,2020-03-15,0945,020816,NA,7,1,9,1900,0,3,5,NA,2,001,COMPTON AVE.,76TH ST.,0,NA,Y,B,-,N,NA,NA,NA,NA,NA,NA,NA,NA,NA,Y,3,0,2,2,A,-,01,23152,A,N,A,C,A,A,H,-,A,D,0,NA,NA,NA,NA,Y,Y,A,01,0,2,0,0,0,0,0,0,0,-,-,33.9718017578125,-118.24771118164064,LOS ANGELES,UNINCORPORATED,-118.24768829345705,33.97174072265625
91215323,2020,2020-03-25,9545,2020-03-18,1705,020547,NA,3,2,9,1900,0,3,5,NA,2,001,20TH ST  E,AVENUE G,1000,S,N,A,-,N,NA,NA,NA,NA,NA,NA,NA,NA,NA,Y,3,0,1,1,A,-,08,22107,NA,N,F,A,A,A,H,-,A,D,0,NA,NA,NA,NA,Y,Y,A,01,0,1,0,0,0,0,0,0,0,-,-,34.73004913330078,-118.09510040283205,LOS ANGELES,UNINCORPORATED,-118.09508514404295,34.73082733154297
91215341,2020,2020-03-25,9565,2020-03-13,1330,022153,NA,5,1,9,1900,0,2,4,NA,2,022,NORMANDIE AVENUE,112TH STREET,200,N,N,A,-,N,NA,NA,NA,NA,NA,NA,NA,NA,NA,Y,4,0,1,2,A,-,03,22350,NA,N,C,C,A,B,H,-,A,D,0,NA,NA,NA,NA,Y,NA,A,01,0,0,1,0,0,0,0,0,0,-,-,33.93043899536133,-118.30034637451172,LOS ANGELES,UNINCORPORATED,-118.30032348632813,33.933349609375
91215347,2020,2020-03-25,9580,2020-03-12,1916,022064,NA,4,2,7,1942,0,1,3,NA,2,171,SR-170 S/B (HOLLYWOOD FWY.),SHERMAN WAY,1373,N,N,B,-,Y,NA,NA,170,NA,NA,NA,NA,NA,S,Y,3,0,1,2,A,-,01,23152,A,N,A,C,A,B,H,-,D,D,0,NA,NA,NA,Y,Y,Y,A,01,0,1,0,0,0,0,0,0,0,-,-,34.20494079589844,-118.40553283691406,LOS ANGELES,LOS ANGELES,-118.40555572509766,34.20492935180664
91215348,2020,2020-03-25,9530,2020-03-13,1110,022380,NA,5,1,7,1941,0,1,3,NA,2,320,SR-91 E/B (ARTESIA FREEWAY),BUTLER AVE.,150,E,N,C,-,Y,NA,NA,91,NA,NA,NA,NA,NA,E,Y,4,0,1,1,A,-,08,22107,NA,N,E,I,A,B,H,-,A,D,0,NA,NA,NA,NA,Y,NA,A,01,0,0,1,0,0,0,0,0,0,-,-,33.87390899658203,-118.19621276855467,LOS ANGELES,LONG BEACH,-118.19630432128906,33.87412643432617
91215350,2020,2020-03-25,9580,2020-03-19,0845,017371,NA,4,1,7,1942,0,1,2,NA,2,104,US-101 N/B (VENTURA FREEWAY),DE SOTO AVE,1320,S,N,B,-,Y,NA,NA,101,NA,NA,NA,NA,NA,N,Y,4,0,1,3,A,-,03,22350,NA,M,C,C,A,A,H,-,A,D,0,NA,NA,NA,NA,Y,NA,D,22,0,0,1,0,0,0,0,0,0,-,-,34.168128967285156,-118.58338165283205,LOS ANGELES,LOS ANGELES,-118.58338928222656,34.168182373046875
91215367,2020,2020-09-30,9535,2020-03-14,2020,022347,NA,6,2,6,1922,0,1,1,NA,2,401,I-10 (SAN BERNARDINO FREEWAY) W/B,PECK ROAD,230,W,N,B,-,Y,NA,NA,10,NA,NA,NA,NA,NA,W,Y,3,0,1,2,A,-,07,21658,A,N,B,C,A,A,H,-,C,D,0,NA,NA,NA,NA,Y,NA,A,01,0,1,0,0,0,0,0,0,0,-,-,34.06800079345703,-118.03269958496094,LOS ANGELES,EL MONTE,-118.03269958496094,34.06804275512695
91215387,2020,2020-03-25,9535,2020-03-13,2018,022259,NA,5,2,9,1900,0,1,3,NA,2,621,SR-60 (POMONA FREEWAY) W/B,SAN GABRIEL BLVD,50,E,N,C,-,Y,NA,NA,60,NA,NA,NA,NA,NA,W,Y,4,0,1,2,A,-,03,22350,NA,N,B,C,A,B,H,-,D,D,0,NA,NA,NA,Y,Y,NA,A,01,0,0,1,0,0,0,0,0,0,-,-,34.03968811035156,-118.08051300048828,LOS ANGELES,UNINCORPORATED,-118.08049011230467,34.039642333984375
91215394,2020,2020-03-25,9535,2020-03-14,2110,022287,NA,6,2,3,1914,0,1,1,NA,2,500,I-5 (SANTA ANA FREEWAY) NORTHBOUND,WASHINGTON BLVD.,500,N,N,B,-,Y,NA,NA,5,NA,NA,NA,NA,NA,N,Y,4,0,1,2,A,-,07,21658,A,M,B,C,A,A,H,-,C,D,0,NA,NA,NA,NA,Y,NA,A,07,0,0,1,0,0,0,0,0,0,-,-,33.9994010925293,-118.1479034423828,LOS ANGELES,COMMERCE,-118.14793395996094,33.99937057495117
91215396,2020,2020-03-25,9590,2020-03-19,2028,022431,NA,4,2,7,1942,0,1,1,NA,2,053,"I-110 S/B (HARBOR FREEWAY),MAIN PORTION",2ND STREET,100,S,N,B,-,Y,NA,NA,110,NA,NA,NA,NA,NA,S,Y,4,0,1,3,A,-,03,22350,NA,M,C,C,A,A,H,-,C,D,0,NA,NA,NA,NA,Y,NA,-,99,0,0,1,0,0,0,0,0,0,-,-,34.05727005004883,-118.25502777099608,LOS ANGELES,LOS ANGELES,-118.25499725341795,34.0572395324707
91215417,2020,2020-03-25,9530,2020-03-17,0510,019357,NA,2,3,9,1900,0,3,5,NA,2,002,MONA BLVD. (12900 BLOCK),130TH ST.,110,N,N,A,-,N,NA,NA,NA,NA,NA,NA,NA,NA,NA,Y,4,0,2,2,A,-,09,21804,A,N,D,C,A,A,H,-,C,D,0,NA,NA,NA,NA,Y,NA,A,01,0,0,2,0,0,0,0,0,0,-,-,33.5452995300293,-118.13355255126952,LOS ANGELES,UNINCORPORATED,-118.22655487060548,33.9146842956543
91215418,2020,2020-03-25,9535,2020-03-14,2317,022172,NA,6,3,9,1900,0,2,4,NA,2,025,ATLANTIC BLVD,WHITTIER BLVD,0,NA,Y,B,-,N,NA,NA,NA,NA,NA,NA,NA,NA,NA,N,4,0,1,2,A,-,09,21801,A,N,D,C,A,A,H,-,C,A,0,NA,NA,NA,NA,Y,NA,A,01,0,0,1,0,0,0,0,0,0,-,-,34.020301818847656,-118.15689849853516,LOS ANGELES,UNINCORPORATED,-118.15728759765624,34.020408630371094
91215426,2020,2020-03-25,9590,2020-03-18,1945,022431,NA,3,2,7,1942,0,1,2,NA,2,042,US-101 N/B (SANTA ANA FREEWAY),MARIETTA STREET,700,N,N,A,-,Y,NA,NA,NA,NA,NA,NA,NA,NA,NA,Y,3,0,3,3,A,-,03,22350,NA,N,C,C,A,A,H,-,C,D,0,NA,NA,NA,NA,Y,NA,A,08,0,1,2,0,0,0,0,0,0,-,-,34.02959060668945,-118.21537017822266,LOS ANGELES,LOS ANGELES,-118.21434020996094,34.02909851074219
91215468,2020,2020-03-25,9565,2020-03-15,1925,022057,NA,7,2,5,1928,0,1,1,NA,2,010,I-105 W/B TO I-405 S/B,EL SEGUNDO BLVD,200,N,N,B,-,Y,NA,NA,NA,NA,NA,NA,NA,NA,NA,Y,3,0,1,1,C,-,18,NA,NA,N,E,I,A,A,H,-,C,D,0,NA,NA,NA,NA,Y,NA,-,-,0,1,0,0,0,0,0,0,0,-,-,33.925201416015625,-118.36895751953124,LOS ANGELES,HAWTHORNE,NA,NA
91215492,2020,2020-03-25,9590,2020-03-09,1619,017878,NA,1,2,7,1942,0,1,1,NA,2,020,I-10 E/B (SAN BERNARDINO FREEWAY) (SBF),INDIANA STREET,250,W,N,B,-,Y,NA,NA,NA,NA,NA,NA,NA,NA,NA,N,3,0,1,3,A,-,03,22350,NA,N,C,C,A,A,H,-,A,D,0,NA,NA,NA,NA,Y,NA,A,01,0,1,0,0,0,0,0,0,0,-,-,34.055198669433594,-118.18817901611328,LOS ANGELES,LOS ANGELES,NA,NA
91215509,2020,2020-03-25,9565,2020-03-15,0708,020560,NA,7,1,9,1900,0,2,4,NA,2,031,LA CIENEGA BLVD,STOCKER ST.,100,S,N,B,-,N,NA,NA,NA,NA,NA,NA,NA,NA,NA,Y,4,0,1,3,A,-,03,22350,NA,N,A,C,E,B,C,-,A,D,0,Y,NA,NA,NA,Y,NA,A,01,0,0,1,0,1,0,0,0,0,-,-,33.99774169921875,-118.36959075927734,LOS ANGELES,UNINCORPORATED,-118.36948394775392,33.9977912902832
9121551,2020,2020-09-03,1942,2020-06-29,2045,43082,1663,1,5,7,1942,0,0,0,P,0,16A11,TELFAIR AV,ALLEGHENY ST,30,N,N,A,-,N,NA,NA,NA,NA,NA,NA,NA,NA,NA,N,3,0,1,2,-,-,-,NA,NA,F,G,B,E,A,H,-,C,D,0,Y,NA,NA,NA,Y,NA,N,60,0,1,0,0,1,0,0,0,0,-,-,NA,NA,LOS ANGELES,LOS ANGELES,-118.39575958251952,34.235382080078125
9121552,2020,2020-09-04,1931,2020-06-22,1538,5309,1931,1,5,5,1931,0,0,0,NA,0,001,SLAUSON AV,MALABAR ST,0,NA,Y,A,-,N,NA,NA,NA,NA,NA,NA,NA,NA,NA,Y,4,0,1,2,A,-,09,21801,A,N,D,C,A,A,H,-,A,A,0,NA,NA,NA,NA,Y,NA,A,01,0,0,1,0,0,0,0,0,0,-,-,NA,NA,LOS ANGELES,HUNTINGTON PARK,-118.22781372070313,33.98920822143555
91215522,2020,2020-03-25,9565,2020-03-13,1705,022153,NA,5,2,9,1900,0,2,4,NA,2,024,IMPERIAL HIGHWAY,S. NEW HAMPSHIRE,0,NA,Y,A,-,N,NA,NA,NA,NA,NA,NA,NA,NA,NA,Y,4,0,2,2,A,-,09,21801,A,N,D,C,A,A,H,-,A,D,0,NA,NA,NA,NA,Y,NA,D,22,0,0,2,0,0,0,0,0,0,-,-,33.89310073852539,-118.2931900024414,LOS ANGELES,UNINCORPORATED,-118.29319763183594,33.93098068237305
9121553,2020,2020-09-04,1931,2020-06-20,1549,5141,1931,6,5,5,1931,0,0,0,NA,0,004,FLORENCE AV,MISSION PL,174,W,N,A,-,N,NA,NA,NA,NA,NA,NA,NA,NA,NA,Y,4,0,1,3,A,-,08,22107,NA,N,B,C,A,A,H,-,A,D,0,NA,NA,NA,NA,Y,NA,A,01,0,0,1,0,0,0,0,0,0,-,-,NA,NA,LOS ANGELES,HUNTINGTON PARK,-118.21292877197266,33.972923278808594
91215539,2020,2020-03-25,9590,2020-03-19,1850,022401,NA,4,2,7,1942,0,1,2,NA,2,070,US-101 NORTHBOUND (HOLLYWOOD FREEWAY),ALVARADO STREET,30,S,N,A,-,Y,NA,NA,101,NA,NA,NA,NA,NA,N,Y,4,0,2,3,A,-,03,22350,NA,F,C,C,A,A,H,-,B,D,0,NA,NA,NA,NA,Y,NA,A,01,0,0,2,0,0,0,0,0,0,-,-,34.072330474853516,-118.26641845703124,LOS ANGELES,LOS ANGELES,-118.2665786743164,34.07196807861328
9121554,2020,2020-09-04,1931,2020-06-21,1731,5661,1931,7,5,5,1931,0,0,0,NA,0,004,STATE ST,HILL ST,66,N,N,A,-,N,NA,NA,NA,NA,NA,NA,NA,NA,NA,Y,4,0,1,3,A,-,08,22107,NA,N,A,C,A,A,H,-,A,D,0,NA,NA,NA,NA,Y,NA,A,01,0,0,1,0,0,0,0,0,0,-,-,NA,NA,LOS ANGELES,HUNTINGTON PARK,-118.21051025390624,33.966148376464844
91215545,2020,2020-03-25,9590,2020-03-02,0904,022360,NA,1,1,7,1942,0,1,2,NA,2,042,US-101 (SANTA ANA FREEWAY),FIRST ST,305,S,N,A,-,Y,NA,NA,101,NA,NA,NA,NA,NA,NA,N,4,0,1,2,A,-,03,22350,NA,N,C,C,A,A,H,-,A,D,0,NA,NA,NA,NA,Y,NA,A,08,0,0,1,0,0,0,0,0,0,-,-,34.0463981628418,-118.22115325927734,LOS ANGELES,LOS ANGELES,-118.22115325927734,34.0463981628418
91215549,2020,2020-03-25,9550,2020-03-18,0455,021577,NA,3,3,9,1900,0,3,5,NA,2,002,IMPERIAL HIGHWAY,CARMENITA ROAD,0,NA,Y,A,-,N,NA,NA,NA,NA,NA,NA,NA,NA,NA,Y,4,0,2,2,A,-,12,21453,A,N,D,C,A,A,H,-,C,A,0,NA,NA,NA,NA,Y,NA,A,01,0,0,2,0,0,0,0,0,0,-,-,33.91699981689453,-118.04679870605467,LOS ANGELES,UNINCORPORATED,-118.04680633544922,33.917049407958984
91215554,2020,2020-03-25,9535,2020-03-16,0445,022354,NA,1,3,4,1907,0,1,1,NA,2,072,I-710 N/B TO FLORENCE AVE,FLORENCE AVENUE,300,S,N,A,-,Y,NA,NA,710,NA,NA,NA,R,NA,N,Y,4,0,1,1,A,-,03,22350,NA,N,E,I,A,A,H,-,C,D,0,NA,NA,NA,NA,Y,NA,A,01,0,0,1,0,0,0,0,0,0,-,-,33.966400146484375,-118.16780090332033,LOS ANGELES,BELL,-118.16780090332033,33.966400146484375
91215580,2020,2020-03-25,9590,2020-03-02,0805,022360,NA,1,1,7,1942,0,1,3,NA,2,031,SR-60 W/B (POMONA FREEWAY),EUCLID AVE,50,E,N,A,-,Y,NA,NA,60,NA,NA,NA,NA,NA,W,N,4,0,1,2,A,-,07,21658,A,N,B,C,A,A,H,-,A,A,0,NA,NA,Y,NA,Y,NA,A,01,0,0,1,0,0,0,0,0,1,-,-,34.02833938598633,-118.20852661132813,LOS ANGELES,LOS ANGELES,-118.2085189819336,34.0284538269043
91215608,2020,2020-03-25,9530,2020-03-15,1555,022132,NA,7,2,7,1941,0,1,1,NA,2,072,I-710 S/B (LONG BEACH FREEWAY),208TH ST.,50,N,N,A,-,Y,NA,NA,710,NA,NA,NA,NA,NA,S,Y,3,0,1,1,A,-,08,22107,NA,N,E,I,A,A,H,-,A,D,0,NA,NA,NA,NA,Y,NA,A,01,0,1,0,0,0,0,0,0,0,-,-,33.83953857421875,-118.20732879638672,LOS ANGELES,LONG BEACH,-118.20742797851564,33.83955764770508
91215609,2019,2020-03-25,9590,2019-12-12,0905,015985,NA,4,1,7,1942,0,1,1,NA,2,050,I-110 N/B (HARBOR FREEWAY),ADAMS AVENUE,300,S,N,A,-,Y,NA,NA,110,NA,NA,NA,NA,NA,N,Y,3,0,1,2,A,-,07,21658,A,M,B,C,A,A,H,-,A,D,0,NA,NA,Y,NA,Y,NA,A,01,0,1,0,0,0,0,0,0,1,-,-,34.0260009765625,-118.27519989013672,LOS ANGELES,LOS ANGELES,-118.27521514892578,34.02600860595703
91215611,2020,2020-03-25,9530,2020-03-13,1020,022377,NA,5,1,4,1939,0,1,1,NA,2,400,I-405 S/B (SAN DIEGO FREEWAY),HAWTHORNE BLVD.,60,N,N,B,C,Y,NA,NA,405,NA,NA,NA,NA,NA,S,Y,4,0,2,4,A,-,03,22350,NA,N,B,C,A,B,H,-,A,D,0,NA,NA,NA,Y,Y,NA,A,07,0,0,2,0,0,0,0,0,0,-,-,33.884498596191406,-118.35250091552734,LOS ANGELES,LAWNDALE,-118.3525161743164,33.88447570800781