CASE_ID,ACCIDENT_YEAR,PROC_DATE,JURIS,COLLISION_DATE,COLLISION_TIME,OFFICER_ID,REPORTING_DISTRICT,DAY_OF_WEEK,CHP_SHIFT,POPULATION,CNTY_CITY_LOC,SPECIAL_COND,BEAT_TYPE,CHP_BEAT_TYPE,CITY_DIVISION_LAPD,CHP_BEAT_CLASS,BEAT_NUMBER,PRIMARY_RD,SECONDARY_RD,DISTANCE,DIRECTION,INTERSECTION,WEATHER_1,WEATHER_2,STATE_HWY_IND,CALTRANS_COUNTY,CALTRANS_DISTRICT,STATE_ROUTE,ROUTE_SUFFIX,POSTMILE_PREFIX,POSTMILE,LOCATION_TYPE,RAMP_INTERSECTION,SIDE_OF_HWY,TOW_AWAY,COLLISION_SEVERITY,NUMBER_KILLED,NUMBER_INJURED,PARTY_COUNT,PRIMARY_COLL_FACTOR,PCF_CODE_OF_VIOL,PCF_VIOL_CATEGORY,PCF_VIOLATION,PCF_VIOL_SUBSECTION,HIT_AND_RUN,TYPE_OF_COLLISION,MVIW,PED_ACTION,ROAD_SURFACE,ROAD_COND_1,ROAD_COND_2,LIGHTING,CONTROL_DEVICE,CHP_ROAD_TYPE,PEDESTRIAN_ACCIDENT,BICYCLE_ACCIDENT,MOTORCYCLE_ACCIDENT,TRUCK_ACCIDENT,NOT_PRIVATE_PROPERTY,ALCOHOL_INVOLVED,STWD_VEHTYPE_AT_FAULT,CHP_VEHTYPE_AT_FAULT,COUNT_SEVERE_INJ,COUNT_VISIBLE_INJ,COUNT_COMPLAINT_PAIN,COUNT_PED_KILLED,COUNT_PED_INJURED,COUNT_BICYCLIST_KILLED,COUNT_BICYCLIST_INJURED,COUNT_MC_KILLED,COUNT_MC_INJURED,PRIMARY_RAMP,SECONDARY_RAMP,LATITUDE,LONGITUDE,COUNTY,CITY,POINT_X,POINT_Y
91217598,2020,2020-03-27,9535,2020-03-19,1850,022347,NA,4,2,9,1900,0,1,3,NA,2,621,SR-60 (POMONA FREEWAY) W/B,SAN GABRIEL BLVD,50,E,N,B,C,Y,NA,NA,60,NA,NA,NA,NA,NA,W,Y,3,0,1,2,A,-,03,22350,NA,N,D,C,A,B,H,-,A,D,0,NA,NA,NA,NA,Y,NA,A,01,0,1,0,0,0,0,0,0,0,-,-,34.03968811035156,-118.0805435180664,LOS ANGELES,UNINCORPORATED,-118.0805206298828,34.03963088989258
91217600,2020,2020-03-27,9545,2020-03-21,2010,021685,NA,6,2,9,1900,0,3,5,NA,2,001,20TH ST  E,AVENUE G,500,S,N,A,-,N,NA,NA,NA,NA,NA,NA,NA,NA,NA,Y,3,0,2,1,A,-,01,23152,A,N,F,A,A,A,H,-,D,D,0,NA,NA,NA,NA,Y,Y,A,07,0,1,1,0,0,0,0,0,0,-,-,34.731849670410156,-118.09512329101564,LOS ANGELES,UNINCORPORATED,-118.0950927734375,34.732200622558594
91217608,2020,2020-03-27,9535,2020-03-19,1500,022159,NA,4,2,6,1922,0,1,1,NA,2,401,I-10 (SAN BERNARDINO FREEWAY) W/B,TEMPLE CITY BLVD.,500,E,N,C,-,Y,NA,NA,10,NA,NA,NA,NA,NA,W,N,4,0,1,2,A,-,03,22350,NA,N,C,C,A,B,H,-,A,D,0,NA,NA,NA,NA,Y,NA,A,01,0,0,1,0,0,0,0,0,0,-,-,34.072479248046875,-118.05242919921876,LOS ANGELES,EL MONTE,-118.05241394042967,34.07255935668945
91217613,2020,2020-03-27,9535,2020-03-13,1755,022414,NA,5,2,5,1901,0,1,1,NA,2,421,I-10 W/B FROM ATLANTIC BLVD N/B,ATLANTIC BLVD,30,E,N,B,-,Y,NA,NA,10,NA,NA,NA,R,NA,W,N,4,0,1,2,A,-,07,21658,A,N,D,C,A,B,H,-,B,A,0,NA,NA,NA,NA,Y,NA,A,07,0,0,1,0,0,0,0,0,0,-,-,34.07181930541992,-118.13421630859376,LOS ANGELES,ALHAMBRA,-118.13421630859376,34.07181930541992
91217631,2020,2020-03-27,9535,2020-03-20,1445,022336,NA,5,2,9,1900,0,1,1,NA,2,650,I-605 (SAN GABRIEL RIVER FREEWAY) N/B,VALLEY BLVD,2000,S,N,B,-,Y,NA,NA,605,NA,NA,NA,NA,NA,N,Y,3,0,1,3,A,-,07,21658,A,N,B,C,A,A,H,-,A,D,0,NA,NA,NA,Y,Y,NA,D,22,0,1,0,0,0,0,0,0,0,-,-,34.050079345703125,-118.00647735595705,LOS ANGELES,UNINCORPORATED,-118.00649261474608,34.05008316040039
91217645,2020,2020-03-27,9575,2020-03-19,1449,022526,NA,4,2,9,1900,0,2,4,NA,2,085,COLORADO BLVD. (3700 BLOCK),QUIGLEY AVE.,41,W,N,B,-,N,NA,NA,NA,NA,NA,NA,NA,NA,NA,N,2,0,1,1,A,-,03,22350,NA,N,E,I,A,A,H,-,A,A,0,NA,NA,Y,NA,Y,NA,C,02,1,0,0,0,0,0,0,0,1,-,-,34.14630889892578,-118.07090759277344,LOS ANGELES,UNINCORPORATED,-118.07061004638672,34.14635467529297
91217646,2020,2020-03-27,9530,2020-03-18,0730,021623,NA,3,1,9,1900,0,3,5,NA,2,002,BROADWAY (15100 BLOCK),COMPTON BLVD.,0,NA,Y,B,-,N,NA,NA,NA,NA,NA,NA,NA,NA,NA,Y,4,0,3,3,A,-,12,21453,A,N,D,C,A,A,H,-,A,D,0,NA,NA,NA,Y,Y,NA,A,01,0,0,3,0,0,0,0,0,0,-,-,33.894798278808594,-118.27864837646484,LOS ANGELES,UNINCORPORATED,-118.27864837646484,33.89482116699219
91217650,2020,2020-03-27,9530,2020-03-18,2153,021123,NA,3,2,9,1900,0,3,5,NA,2,002,COMPTON BLVD. (400 BLOCK),MAPLE AVE.,560,E,N,A,-,N,NA,NA,NA,NA,NA,NA,NA,NA,NA,Y,2,0,2,3,A,-,03,22350,NA,N,B,C,A,A,H,-,C,D,0,NA,NA,Y,Y,Y,NA,-,-,2,0,0,0,0,0,0,0,2,-,-,33.89501953125,-118.26988220214844,LOS ANGELES,UNINCORPORATED,-118.27007293701172,33.89503860473633
91217672,2020,2020-03-27,9550,2020-03-21,0120,022512,NA,6,3,7,1941,0,1,3,NA,2,090,SR-91 E/B,ATLANTIC AVENUE,100,E,N,A,-,Y,NA,NA,91,NA,NA,NA,NA,NA,E,Y,4,0,1,2,A,-,03,22350,NA,M,A,C,A,A,H,-,D,D,0,NA,NA,NA,NA,Y,NA,A,07,0,0,1,0,0,0,0,0,0,-,-,33.87670135498047,-118.18560028076172,LOS ANGELES,LONG BEACH,-118.18560028076172,33.8768424987793
91217679,2020,2020-03-27,9550,2020-03-20,0525,021742,NA,5,3,5,1976,0,1,1,NA,2,650,I-605 SOUTHBOUND,THE SR-60 E/B TO I-605 N/B OVERCROSSING,285,S,N,A,-,Y,NA,NA,NA,NA,NA,NA,NA,NA,NA,Y,3,0,1,2,A,-,08,22107,NA,N,F,C,A,A,H,-,C,D,0,NA,NA,NA,Y,Y,NA,A,01,0,1,0,0,0,0,0,0,0,-,-,34.03252029418945,-118.0293197631836,LOS ANGELES,WHITTIER,NA,NA
91217709,2020,2020-03-27,9575,2020-03-21,1220,019990,NA,6,1,9,1900,0,2,4,NA,2,320,ANGELES FOREST HIGHWAY,CEDAR CREEK CAMP,5280,N,N,A,-,N,NA,NA,NA,NA,NA,NA,NA,NA,NA,Y,4,0,1,1,A,-,03,22350,NA,N,E,I,A,A,H,-,A,D,0,NA,NA,NA,NA,Y,NA,A,01,0,0,1,0,0,0,0,0,0,-,-,34.28507995605469,-118.1801986694336,LOS ANGELES,UNINCORPORATED,NA,NA
91217753,2020,2020-03-27,9580,2020-03-24,0009,022016,NA,2,3,7,1942,0,1,1,NA,2,407,I-405 S/B (SAN DIEGO FWY),SHERMAN WAY,1056,N,N,A,-,Y,NA,NA,405,NA,NA,NA,NA,NA,S,Y,3,0,1,2,A,-,03,22350,NA,N,C,C,A,A,D,-,D,D,0,NA,NA,NA,NA,Y,NA,D,22,0,1,0,0,0,0,0,0,0,-,-,34.20943832397461,-118.47345733642578,LOS ANGELES,LOS ANGELES,-118.4734344482422,34.20943832397461
91217756,2020,2020-03-27,9550,2020-03-23,1235,022167,NA,1,1,9,1900,0,2,4,NA,1,051,NOGALES STREET,SR-60,200,N,N,A,-,N,NA,NA,NA,NA,NA,NA,NA,NA,NA,N,4,0,1,2,A,-,07,21658,A,N,B,C,A,A,H,-,A,D,0,NA,NA,NA,Y,Y,NA,F,25,0,0,1,0,0,0,0,0,0,-,-,33.99481964111328,-117.8886489868164,LOS ANGELES,UNINCORPORATED,-117.88819885253906,33.994319915771484
91217758,2020,2020-03-27,9535,2020-03-22,1215,022256,NA,7,1,9,1900,0,2,4,NA,2,022,OLYMPIC BOULEVARD,WESTSIDE DRIVE,0,NA,Y,A,-,N,NA,NA,NA,NA,NA,NA,NA,NA,NA,Y,3,0,2,2,A,-,09,21801,A,N,D,C,A,A,H,-,A,D,0,NA,NA,NA,NA,Y,NA,A,01,0,1,1,0,0,0,0,0,0,-,-,34.01253890991211,-118.13746643066406,LOS ANGELES,UNINCORPORATED,-118.1374969482422,34.012481689453125
91217765,2020,2020-03-27,9580,2020-03-21,0058,021780,NA,6,3,7,1942,0,1,1,NA,2,405,I-405 S/B (SAN DIEGO FWY),VICTORY BLVD,200,S,N,B,-,Y,NA,NA,NA,NA,NA,NA,NA,NA,NA,Y,2,0,1,1,A,-,01,23152,A,N,E,I,A,A,H,-,C,D,0,NA,NA,NA,NA,Y,Y,D,22,1,0,0,0,0,0,0,0,0,-,-,34.119571685791016,-118.28275299072266,LOS ANGELES,LOS ANGELES,-118.4741668701172,34.18609619140625
91217770,2020,2020-03-27,9530,2020-03-19,2125,021123,NA,4,2,7,1942,0,1,1,NA,2,120,I-110 N/B (HARBOR FREEWAY),CHANNEL ST.,580,N,N,C,-,Y,NA,NA,110,NA,NA,NA,NA,NA,N,Y,4,0,1,2,A,-,03,22350,NA,N,C,C,A,B,H,-,C,D,0,NA,NA,NA,NA,Y,NA,D,22,0,0,1,0,0,0,0,0,0,-,-,33.75551986694336,-118.29091644287108,LOS ANGELES,LOS ANGELES,-118.29093170166016,33.755523681640625
91217782,2020,2020-03-27,9530,2020-03-19,2300,021842,NA,4,3,9,1900,0,3,5,NA,2,002,WILMINGTON AVE. (11600 BLOCK),IMPERIAL HWY.,10,S,N,B,-,N,NA,NA,NA,NA,NA,NA,NA,NA,NA,N,2,0,1,2,A,-,10,21950,A,F,G,B,B,A,H,-,C,A,0,Y,NA,NA,NA,Y,NA,-,99,1,0,0,0,1,0,0,0,0,-,-,33.92919158935547,-118.2392120361328,LOS ANGELES,UNINCORPORATED,-118.23908233642578,33.92949295043945
91217802,2020,2020-03-27,9550,2020-03-26,0740,019421,NA,4,1,9,1900,0,2,4,NA,1,013,SLAUSON AVENUE,NORWALK BOULEVARD,0,NA,Y,A,-,N,NA,NA,NA,NA,NA,NA,NA,NA,NA,Y,3,0,2,3,A,-,12,21453,A,N,D,C,A,A,H,-,A,A,0,NA,NA,NA,NA,Y,NA,D,22,0,2,0,0,0,0,0,0,0,-,-,38.235469818115234,-118.25673675537108,LOS ANGELES,UNINCORPORATED,-118.07058715820313,33.964698791503906
91217807,2020,2020-03-27,9580,2020-03-15,1532,022080,NA,7,2,7,1942,0,1,2,NA,2,103,US-101 S/B (VENTURA FREEWAY),I-405 S/B (SAN DIEGO FWY),1320,N,N,A,-,Y,NA,NA,101,NA,NA,NA,NA,NA,S,Y,3,0,3,3,A,-,08,22107,NA,N,B,C,A,A,H,-,A,D,0,NA,NA,NA,Y,Y,NA,-,-,0,1,2,0,0,0,0,0,0,-,-,34.163909912109375,-118.47286224365234,LOS ANGELES,LOS ANGELES,-118.47286987304688,34.16389846801758
91217830,2020,2020-03-27,9590,2020-03-15,1508,022431,NA,7,2,7,1942,0,1,1,NA,2,063,I-10 W/B (SANTA MONICA FREEWAY),LOS ANGELES STREET,700,E,N,A,-,Y,NA,NA,10,NA,NA,NA,NA,NA,W,Y,3,0,1,1,A,-,08,22107,NA,N,E,I,A,A,H,-,A,D,0,NA,NA,NA,NA,Y,NA,A,01,0,1,0,0,0,0,0,0,0,-,-,34.03152084350586,-118.25981903076172,LOS ANGELES,LOS ANGELES,-118.2598876953125,34.03129196166992
91217834,2020,2020-03-27,9525,2020-03-20,1635,019188,NA,5,2,9,1900,0,1,3,NA,1,024,SR-39 (SAN GABRIEL CANYON RD.),CRYSTAL LAKE RD.,7214,S,N,B,-,Y,NA,NA,39,NA,NA,NA,NA,NA,NA,Y,2,0,1,1,A,-,03,22350,NA,N,E,I,A,A,H,-,A,D,0,NA,NA,Y,NA,Y,NA,C,02,1,0,0,0,0,0,0,0,1,-,-,34.302791595458984,-117.8464126586914,LOS ANGELES,UNINCORPORATED,-117.84635925292967,34.302799224853516
91217837,2020,2020-03-27,9590,2020-03-16,2105,022404,NA,1,2,7,1942,0,1,1,NA,2,010,SR-110 N/B (ASP) TO I-5 N/B (GSF),SR-110 S/B (ASP),100,N,N,A,-,Y,NA,NA,110,NA,NA,NA,R,NA,N,N,4,0,2,2,A,-,03,22350,NA,N,C,C,A,B,H,-,C,D,0,NA,NA,NA,NA,Y,NA,A,01,0,0,2,0,0,0,0,0,0,-,-,34.08000946044922,-118.2273178100586,LOS ANGELES,LOS ANGELES,-118.2273178100586,34.08000946044922
91217848,2020,2020-03-27,9590,2020-03-19,2025,022431,NA,4,2,7,1942,0,1,1,NA,2,053,I-110 S/B (HARBOR FREEWAY),2ND STREET,400,S,N,B,-,Y,NA,NA,110,NA,NA,NA,NA,NA,S,Y,4,0,1,1,A,-,08,22107,NA,M,F,I,A,A,H,-,C,D,0,NA,NA,NA,NA,Y,NA,A,01,0,0,1,0,0,0,0,0,0,-,-,34.056888580322266,-118.25537109375,LOS ANGELES,LOS ANGELES,-118.25536346435548,34.056884765625
91217893,2020,2020-03-27,9530,2020-03-19,1334,022454,NA,4,1,7,1941,0,1,1,NA,2,071,I-710 S/B TO SR-91 E/B,SR-91,1320,N,N,B,C,Y,NA,NA,710,NA,NA,NA,R,NA,S,Y,4,0,1,3,A,-,03,22350,NA,N,E,I,A,B,H,-,A,D,0,NA,NA,NA,Y,Y,NA,A,01,0,0,1,0,0,0,0,0,0,-,-,33.8791389465332,-118.19280242919922,LOS ANGELES,LONG BEACH,-118.19280242919922,33.8791389465332
91217905,2020,2020-03-27,9530,2020-03-20,1130,016110,NA,5,1,9,1900,0,3,5,NA,2,002,ROSECRANS AVE.     (100 BLOCK),MAIN ST.,21,W,N,B,-,N,NA,NA,NA,NA,NA,NA,NA,NA,NA,N,4,0,1,2,A,-,21,22106,NA,N,C,C,A,A,H,-,A,A,0,NA,NA,NA,NA,Y,NA,A,01,0,0,1,0,0,0,0,0,0,-,-,33.90188980102539,-118.27333068847656,LOS ANGELES,UNINCORPORATED,-118.2741470336914,33.90195083618164
9121792,2020,2020-09-09,1900,2020-06-26,1220,623040,2811,5,5,5,1915,0,0,0,NA,0,282T1,ROSECRANS AV,NESTOR AV,0,NA,Y,A,-,N,NA,NA,NA,NA,NA,NA,NA,NA,NA,Y,2,0,1,1,A,-,03,22350,NA,N,E,J,A,A,H,-,A,A,0,NA,NA,Y,NA,Y,NA,C,02,1,0,0,0,0,0,0,0,1,-,-,NA,NA,LOS ANGELES,COMPTON,-118.24938201904295,33.90304946899414
91217926,2020,2020-03-27,9530,2020-03-20,0300,021871,NA,5,3,7,1942,0,1,1,NA,2,200,I-105 E/B (GLENN ANDERSON FWY),BROADWAY,150,E,N,B,C,Y,NA,NA,105,NA,NA,NA,NA,NA,E,Y,3,0,1,1,A,-,03,22350,NA,N,E,I,A,B,H,-,D,D,0,NA,NA,NA,Y,Y,NA,G,25,0,1,0,0,0,0,0,0,0,-,-,33.92829895019531,-118.27761840820313,LOS ANGELES,LOS ANGELES,-118.2776107788086,33.9284782409668
9121793,2020,2020-09-09,1900,2020-06-21,1855,611249,2846,7,5,5,1915,0,0,0,NA,0,283T1,BULLIS RD,PALM ST,62,N,N,A,-,N,NA,NA,NA,NA,NA,NA,NA,NA,NA,N,3,0,1,2,A,-,11,21956,A,N,G,B,D,A,H,-,A,D,0,Y,NA,NA,NA,Y,NA,N,60,0,1,0,0,1,0,0,0,0,-,-,NA,NA,LOS ANGELES,COMPTON,-118.20654296875,33.89521789550781
9121794,2020,2020-09-09,1900,2020-06-25,1305,623040,2847,4,5,5,1915,0,0,0,NA,0,282T1,ATLANTIC AV,SPORTSMAN DR,0,NA,Y,A,-,N,NA,NA,NA,NA,NA,NA,NA,NA,NA,Y,3,0,1,2,A,-,05,21651,B,N,A,D,A,A,H,-,A,A,0,NA,NA,NA,NA,Y,NA,A,01,0,1,0,0,0,0,0,0,0,-,-,NA,NA,LOS ANGELES,COMPTON,-118.19010162353516,33.884368896484375
91217944,2020,2020-03-27,9550,2020-03-22,2225,022473,NA,7,3,6,1920,0,1,1,NA,2,150,I-105 W/B,BELLFLOWER BLVD,2640,E,N,C,-,Y,NA,NA,105,NA,NA,NA,NA,NA,W,N,4,0,1,1,A,-,08,22107,NA,N,E,I,A,B,H,-,C,D,0,NA,NA,NA,NA,Y,NA,A,01,0,0,1,0,0,0,0,0,0,-,-,33.91389846801758,-118.11540222167967,LOS ANGELES,DOWNEY,-118.11540985107422,33.914005279541016
9121795,2020,2020-09-09,1900,2020-06-25,1808,533418,2313,4,5,5,1919,0,0,0,NA,0,230T,195TH ST,PIONEER BL,0,NA,Y,A,-,N,NA,NA,NA,NA,NA,NA,NA,NA,NA,N,4,0,1,2,A,-,10,21950,A,N,G,B,B,A,H,-,A,A,0,Y,NA,NA,NA,Y,NA,A,01,0,0,1,0,1,0,0,0,0,-,-,33.84619903564453,-118.07219696044922,LOS ANGELES,CERRITOS,-118.08212280273438,33.853370666503906
9121796,2020,2020-09-09,1900,2020-06-14,1000,632890,2310,7,5,5,1919,0,0,0,NA,0,230B,STUDEBAKER RD,ALONDRA BL,270,S,N,A,-,N,NA,NA,NA,NA,NA,NA,NA,NA,NA,N,4,0,1,2,D,-,00,NA,NA,N,G,G,A,A,H,-,A,A,0,NA,Y,NA,NA,Y,NA,-,-,0,0,1,0,0,0,1,0,0,-,-,NA,NA,LOS ANGELES,CERRITOS,-118.09996795654295,33.88685989379883
9121797,2020,2020-09-18,1900,2020-06-23,1859,602041,2313,2,5,5,1919,0,0,0,NA,0,230T1,DEL AMO BL,STATE RD,0,NA,Y,A,-,N,NA,NA,NA,NA,NA,NA,NA,NA,NA,Y,3,0,1,2,A,-,12,21453,A,N,D,C,A,A,H,-,B,A,0,NA,NA,NA,NA,Y,NA,-,-,0,1,0,0,0,0,0,0,0,-,-,NA,NA,LOS ANGELES,CERRITOS,-118.09503173828124,33.845970153808594
9121798,2020,2020-09-09,1900,2020-06-17,1450,601709,2316,3,5,5,1919,0,0,0,NA,0,230T,SOUTH ST,CARMENITA RD,0,NA,Y,A,-,N,NA,NA,NA,NA,NA,NA,NA,NA,NA,N,3,0,1,2,A,-,10,21950,A,N,G,B,B,A,H,-,A,A,0,Y,NA,NA,NA,Y,NA,A,01,0,1,0,0,1,0,0,0,0,-,-,33.84619903564453,-118.07219696044922,LOS ANGELES,CERRITOS,-118.04627990722656,33.858760833740234
91217981,2020,2020-03-27,9530,2020-03-23,1520,021252,NA,1,2,9,1900,0,1,1,NA,2,120,I-110 S/B TO CARSON ST.,CARSON ST.,78,N,N,A,-,N,NA,NA,NA,NA,NA,NA,NA,NA,NA,N,4,0,1,2,A,-,03,22350,NA,N,C,C,A,A,H,-,A,A,0,NA,NA,NA,NA,Y,NA,A,01,0,0,1,0,0,0,0,0,0,-,-,33.49549102783203,-118.17162322998048,LOS ANGELES,UNINCORPORATED,-118.28749084472656,33.83180236816406
91217987,2020,2020-03-30,9525,2020-03-22,2325,021779,NA,7,3,6,1955,0,1,1,NA,2,110,I-10 E/B (SAN BERNARDINO FWY),GAREY AVE,1056,W,N,C,-,Y,NA,NA,10,NA,NA,NA,NA,NA,E,Y,4,0,1,1,A,-,03,22350,NA,F,E,I,A,B,H,-,D,D,0,NA,NA,NA,NA,Y,NA,A,01,0,0,1,0,0,0,0,0,0,-,-,34.07238006591797,-117.75591278076172,LOS ANGELES,POMONA,-117.7558822631836,34.07231140136719
9121799,2020,2020-09-09,1900,2020-06-12,1350,536383,2318,5,5,5,1919,0,0,0,NA,0,230T,BLOOMFIELD AV,166TH ST,0,NA,Y,A,-,N,NA,NA,NA,NA,NA,NA,NA,NA,NA,Y,4,0,5,2,A,-,09,21801,A,N,A,C,A,A,H,-,A,A,0,NA,NA,NA,NA,Y,NA,A,01,0,0,5,0,0,0,0,0,0,-,-,NA,NA,LOS ANGELES,CERRITOS,-118.06407928466795,33.880470275878906
91217994,2020,2020-03-30,9530,2020-03-25,0725,021004,NA,3,1,9,1900,0,3,5,NA,2,001,HOOPER AVE.,GAGE ST,0,NA,Y,A,-,N,NA,NA,NA,NA,NA,NA,NA,NA,NA,Y,4,0,1,2,A,-,12,21453,A,N,A,C,A,A,H,-,A,A,0,NA,NA,NA,NA,Y,NA,A,01,0,0,1,0,0,0,0,0,0,-,-,33.98210906982422,-118.25211334228516,LOS ANGELES,UNINCORPORATED,-118.25208282470705,33.98210144042969
91218061,2020,2020-03-30,9575,2020-02-17,1420,022479,NA,1,2,7,1942,0,1,1,NA,2,053,I-5 S/B (GOLDEN STATE FREEWAY),OSBORNE ST.,600,S,N,A,-,Y,NA,NA,5,NA,NA,NA,NA,NA,S,Y,3,0,1,3,A,-,07,21658,A,N,B,C,A,A,H,-,A,D,0,NA,NA,NA,NA,Y,NA,-,-,0,1,0,0,0,0,0,0,0,-,-,34.24325180053711,-118.42102813720705,LOS ANGELES,LOS ANGELES,-118.4210205078125,34.24325942993164
91218063,2020,2020-03-30,9575,2020-03-22,1900,021925,NA,7,2,6,1925,0,1,3,NA,2,042,SR-134 W/B (VENTURA FREEWAY),CHEVY CHASE DRIVE,350,E,N,B,C,Y,NA,NA,134,NA,NA,NA,NA,NA,W,Y,4,0,1,2,A,-,03,22350,NA,N,C,C,A,B,H,-,A,D,0,NA,NA,NA,NA,Y,NA,A,01,0,0,1,0,0,0,0,0,0,-,-,34.15079116821289,-118.2342529296875,LOS ANGELES,GLENDALE,-118.23426818847656,34.150760650634766
91218079,2020,2020-03-30,9575,2020-03-23,1820,022489,NA,1,2,6,1953,0,1,3,NA,2,040,SR-134 W/B (VENTURA FREEWAY),ORANGE GROVE BLVD.,530,E,N,A,-,Y,NA,NA,134,NA,NA,NA,NA,NA,W,Y,4,0,2,3,A,-,03,22350,NA,N,C,C,A,A,H,-,B,D,0,NA,NA,NA,NA,Y,NA,A,07,0,0,2,0,0,0,0,0,0,-,-,34.14772033691406,-118.15933990478516,LOS ANGELES,PASADENA,-118.15936279296876,34.14775848388672
91218080,2020,2020-03-30,9575,2020-03-24,0850,022429,NA,2,1,7,1942,0,1,1,NA,2,053,I-5 S/B (GOLDEN STATE FREEWAY),TERRA BELLA STREET,140,N,N,B,-,Y,NA,NA,5,NA,NA,NA,NA,NA,S,Y,4,0,1,2,A,-,07,21658,A,N,B,C,A,A,H,-,A,D,0,NA,NA,NA,NA,Y,NA,D,22,0,0,1,0,0,0,0,0,0,-,-,34.25104904174805,-118.4291534423828,LOS ANGELES,LOS ANGELES,-118.42920684814452,34.25099182128906
91218083,2020,2020-03-30,9575,2020-03-05,0448,021283,NA,4,3,7,1942,0,1,1,NA,2,060,I-210 E/B (FOOTHILL FREEWAY),I-210 W/B TO SR-118 W/B TRANSITION,1024,E,N,A,-,Y,NA,NA,210,NA,NA,NA,NA,NA,E,Y,2,0,1,2,A,-,03,22350,NA,N,C,C,A,A,H,-,D,D,0,NA,NA,NA,Y,Y,NA,G,27,1,0,0,0,0,0,0,0,0,-,-,34.28451156616211,-118.40392303466795,LOS ANGELES,LOS ANGELES,-118.4039306640625,34.28450012207031
91218097,2020,2020-03-30,9575,2020-03-13,1534,022479,NA,5,2,7,1942,0,1,1,NA,2,053,I-5 S/B TO OSBORNE ST.,OSBORNE ST.,700,N,N,C,-,Y,NA,NA,5,NA,NA,NA,R,NA,S,Y,4,0,1,2,A,-,21,22106,NA,N,C,C,A,B,H,-,A,A,0,NA,NA,NA,NA,Y,NA,A,07,0,0,1,0,0,0,0,0,0,-,-,34.24610137939453,-118.42431640625,LOS ANGELES,LOS ANGELES,-118.42431640625,34.24610137939453
91218114,2020,2020-03-30,9580,2020-03-22,1725,022046,NA,7,2,7,1942,0,1,3,NA,2,116,SR-118 E/B (RONALD REAGAN FWY.),DE SOTO AVE,100,E,N,C,-,Y,NA,NA,118,NA,NA,NA,NA,NA,E,Y,3,0,1,1,A,-,03,22350,NA,N,F,A,A,B,H,-,A,D,0,NA,NA,NA,NA,Y,NA,A,01,0,1,0,0,0,0,0,0,0,-,-,34.27333068847656,-118.58984375,LOS ANGELES,LOS ANGELES,-118.58983612060548,34.27338790893555
91218119,2020,2020-03-30,9580,2020-03-19,1025,021522,NA,4,1,7,1942,0,1,1,NA,2,404,I-405 N/B (SAN DIEGO FWY),SHERMAN WAY,800,S,N,B,C,Y,NA,NA,405,NA,NA,NA,NA,NA,N,Y,4,0,1,1,A,-,08,22107,NA,N,E,I,A,B,H,-,A,D,0,NA,NA,NA,NA,Y,NA,A,01,0,0,1,0,0,0,0,0,0,-,-,34.19969940185547,-118.47350311279295,LOS ANGELES,LOS ANGELES,-118.47364807128906,34.199729919433594
91218123,2020,2020-03-30,9575,2020-03-12,1850,017491,NA,4,2,7,1942,0,1,3,NA,2,044,SR-134 E/B (VENTURA FREEWAY),CAHUENGA BOULEVARD,1746,E,N,C,-,Y,NA,NA,134,NA,NA,NA,NA,NA,E,Y,4,0,2,2,A,-,03,22350,NA,N,C,C,A,B,H,-,A,D,0,NA,NA,NA,NA,Y,NA,A,01,0,0,2,0,0,0,0,0,0,-,-,34.152828216552734,-118.35558319091795,LOS ANGELES,LOS ANGELES,-118.35558319091795,34.15287399291992
91218127,2020,2020-03-30,9590,2020-03-22,2210,022520,NA,7,3,7,1942,0,1,1,NA,2,060,I-10 W/B (SMF),CRENSHAW,1000,E,N,C,-,Y,NA,NA,10,NA,NA,NA,NA,NA,W,Y,4,0,1,1,A,-,08,22107,NA,N,E,I,A,B,H,-,D,D,0,NA,NA,NA,NA,Y,NA,A,01,0,0,1,0,0,0,0,0,0,-,-,34.03548812866211,-118.3285675048828,LOS ANGELES,LOS ANGELES,-118.3285675048828,34.03541946411133
91218154,2020,2020-03-30,9575,2020-03-24,1825,021302,NA,2,2,9,1900,0,2,4,NA,2,014,MONTROSE AVE (2400 BLOCK),BRIGGS AVE,260,W,N,A,-,N,NA,NA,NA,NA,NA,NA,NA,NA,NA,Y,3,0,2,2,A,-,09,21804,A,N,D,C,A,A,H,-,A,D,0,NA,NA,NA,NA,Y,NA,A,01,0,1,1,0,0,0,0,0,0,-,-,34.2116813659668,-118.23294830322266,LOS ANGELES,UNINCORPORATED,-118.23284912109376,34.21155548095703
91218180,2020,2020-03-30,9575,2020-03-22,1820,021879,NA,7,2,7,1942,0,1,1,NA,2,053,I-5 N/B (GOLDEN STATE FWY) TO SR-118,PAXTON ST.,900,S,N,B,C,Y,NA,NA,5,NA,NA,NA,R,NA,N,Y,3,0,2,2,A,-,03,22350,NA,N,E,I,A,B,H,-,A,D,0,NA,NA,NA,NA,Y,NA,A,07,0,2,0,0,0,0,0,0,0,-,-,34.260990142822266,-118.43905639648438,LOS ANGELES,LOS ANGELES,-118.43905639648438,34.260990142822266