CASE_ID,ACCIDENT_YEAR,PROC_DATE,JURIS,COLLISION_DATE,COLLISION_TIME,OFFICER_ID,REPORTING_DISTRICT,DAY_OF_WEEK,CHP_SHIFT,POPULATION,CNTY_CITY_LOC,SPECIAL_COND,BEAT_TYPE,CHP_BEAT_TYPE,CITY_DIVISION_LAPD,CHP_BEAT_CLASS,BEAT_NUMBER,PRIMARY_RD,SECONDARY_RD,DISTANCE,DIRECTION,INTERSECTION,WEATHER_1,WEATHER_2,STATE_HWY_IND,CALTRANS_COUNTY,CALTRANS_DISTRICT,STATE_ROUTE,ROUTE_SUFFIX,POSTMILE_PREFIX,POSTMILE,LOCATION_TYPE,RAMP_INTERSECTION,SIDE_OF_HWY,TOW_AWAY,COLLISION_SEVERITY,NUMBER_KILLED,NUMBER_INJURED,PARTY_COUNT,PRIMARY_COLL_FACTOR,PCF_CODE_OF_VIOL,PCF_VIOL_CATEGORY,PCF_VIOLATION,PCF_VIOL_SUBSECTION,HIT_AND_RUN,TYPE_OF_COLLISION,MVIW,PED_ACTION,ROAD_SURFACE,ROAD_COND_1,ROAD_COND_2,LIGHTING,CONTROL_DEVICE,CHP_ROAD_TYPE,PEDESTRIAN_ACCIDENT,BICYCLE_ACCIDENT,MOTORCYCLE_ACCIDENT,TRUCK_ACCIDENT,NOT_PRIVATE_PROPERTY,ALCOHOL_INVOLVED,STWD_VEHTYPE_AT_FAULT,CHP_VEHTYPE_AT_FAULT,COUNT_SEVERE_INJ,COUNT_VISIBLE_INJ,COUNT_COMPLAINT_PAIN,COUNT_PED_KILLED,COUNT_PED_INJURED,COUNT_BICYCLIST_KILLED,COUNT_BICYCLIST_INJURED,COUNT_MC_KILLED,COUNT_MC_INJURED,PRIMARY_RAMP,SECONDARY_RAMP,LATITUDE,LONGITUDE,COUNTY,CITY,POINT_X,POINT_Y
91219167,2020,2020-04-01,9525,2020-03-23,0140,021342,NA,1,3,4,1946,0,1,1,NA,2,202,I-210 E/B (FOOTHILL FWY),HUNTINGTON DRIVE,1420,E,N,B,C,Y,NA,NA,210,NA,NA,NA,NA,NA,E,Y,4,0,1,1,A,-,03,22350,NA,N,E,I,A,B,H,-,D,D,0,NA,NA,NA,Y,Y,NA,G,25,0,0,1,0,0,0,0,0,0,-,-,34.13656997680664,-118.0104522705078,LOS ANGELES,MONROVIA,-118.01045989990234,34.13652801513672
91219172,2020,2020-04-01,9580,2020-03-27,1553,022019,NA,5,2,7,1942,0,1,2,NA,2,103,US-101 S/B (VENTURA FREEWAY),HAYVENHURST AVE,2640,S,N,A,-,Y,NA,NA,101,NA,NA,NA,NA,NA,S,Y,3,0,1,5,A,-,03,22350,NA,N,C,C,A,A,H,-,A,D,0,NA,NA,NA,NA,Y,NA,A,07,0,1,0,0,0,0,0,0,0,-,-,34.165199279785156,-118.48300170898438,LOS ANGELES,LOS ANGELES,-118.48300170898438,34.16519546508789
91219176,2020,2020-04-01,9565,2020-03-15,0130,022056,NA,7,3,9,1900,0,3,5,NA,2,003,CENTINELA AVENUE,ALVERN STREET,100,W,N,A,-,N,NA,NA,NA,NA,NA,NA,NA,NA,NA,Y,4,0,1,2,A,-,03,22350,NA,F,C,C,A,B,H,-,C,D,0,NA,NA,NA,NA,Y,NA,A,07,0,0,1,0,0,0,0,0,0,-,-,33.97705841064453,-118.37722778320313,LOS ANGELES,UNINCORPORATED,-118.377197265625,33.97722625732422
91219178,2020,2020-04-01,9580,2020-03-27,1610,018185,NA,5,2,3,1994,0,1,2,NA,2,109,US-101 S/B (VENTURA FREEWAY),REYES ADOBE RD,20,N,N,A,-,Y,NA,NA,NA,NA,NA,NA,NA,NA,NA,Y,4,0,1,2,A,-,03,22350,NA,N,C,C,A,A,H,-,A,D,0,NA,NA,NA,NA,Y,NA,A,01,0,0,1,0,0,0,0,0,0,-,-,34.08805847167969,-118.46827697753906,LOS ANGELES,AGOURA HILLS,-118.78101348876952,34.14680480957031
91219204,2020,2020-04-01,9565,2020-03-15,2310,021576,NA,7,3,7,1942,0,1,1,NA,2,064,I-405 S/B (SAN DIEGO FWY.),SEPULVEDA BLVD.,250,S,N,B,-,Y,NA,NA,405,NA,NA,NA,NA,NA,S,Y,4,0,1,2,A,-,01,23152,A,N,B,C,A,A,H,-,D,D,0,NA,NA,NA,NA,Y,Y,A,01,0,0,1,0,0,0,0,0,0,-,-,34.096710205078125,-118.47727966308594,LOS ANGELES,LOS ANGELES,-118.47726440429688,34.09672164916992
91219206,2020,2020-04-01,9565,2020-03-21,0025,022097,NA,6,3,9,1900,0,3,5,NA,2,004,106TH ST,HAWTHORNE BLVD,50,E,N,A,-,N,NA,NA,NA,NA,NA,NA,NA,NA,NA,N,3,0,1,2,A,-,01,23152,A,N,B,E,A,A,H,-,C,D,0,NA,NA,NA,NA,Y,Y,D,22,0,1,0,0,0,0,0,0,0,-,-,33.93999099731445,-118.35272216796876,LOS ANGELES,UNINCORPORATED,-118.35255432128906,33.93996810913086
91219235,2020,2020-04-01,9550,2020-03-24,0735,017719,NA,2,1,9,1900,0,2,4,NA,1,062,BREA CANYON CUT OFF ROAD,COLIMA ROAD,15,S,N,B,-,N,NA,NA,NA,NA,NA,NA,NA,NA,NA,Y,3,0,1,1,A,-,03,22350,NA,N,F,A,A,A,H,-,A,A,0,NA,NA,Y,NA,Y,NA,C,02,0,1,0,0,0,0,0,0,1,-,-,33.98657989501953,-117.8699188232422,LOS ANGELES,UNINCORPORATED,-117.86990356445313,33.98670959472656
91219236,2020,2020-04-01,9535,2020-03-23,1155,022256,NA,1,1,9,1900,0,2,4,NA,2,018,3RD STREET,GAGE AVENUE,0,NA,Y,A,-,N,NA,NA,NA,NA,NA,NA,NA,NA,NA,Y,4,0,1,2,A,-,12,21453,A,N,D,C,A,A,H,-,A,A,0,NA,NA,NA,NA,Y,NA,A,01,0,0,1,0,0,0,0,0,0,-,-,34.033409118652344,-118.18460083007813,LOS ANGELES,UNINCORPORATED,-118.18463134765624,34.033390045166016
91219252,2020,2020-04-01,9565,2020-03-21,1734,022153,NA,6,2,9,1900,0,3,5,NA,2,002,BUDLONG AVENUE,101ST STREET,0,NA,Y,A,-,N,NA,NA,NA,NA,NA,NA,NA,NA,NA,Y,4,0,1,2,A,-,09,21802,B,N,D,C,A,A,H,-,A,D,0,NA,NA,NA,NA,Y,NA,A,01,0,0,1,0,0,0,0,0,0,-,-,33.945011138916016,-118.29625701904295,LOS ANGELES,UNINCORPORATED,-118.29620361328124,33.94498825073242
91219264,2020,2020-04-01,9535,2020-03-15,2345,022335,NA,7,3,5,1943,0,1,1,NA,2,074,I-710 (LONG BEACH FREEWAY) N/B,IMPERIAL HWY,1531,S,N,A,-,Y,NA,NA,710,NA,NA,NA,NA,NA,N,Y,3,0,1,1,A,-,08,22107,NA,N,E,I,A,A,H,-,D,D,0,NA,NA,NA,NA,Y,Y,A,01,0,1,0,0,0,0,0,0,0,-,-,33.926639556884766,-118.17762756347656,LOS ANGELES,LYNWOOD,-118.17789459228516,33.92655944824219
91219276,2020,2020-04-01,9535,2020-03-24,0933,021773,NA,2,1,3,1914,0,1,1,NA,2,500,I-5 (SANTA ANA FREEWAY) N/B,GARFIELD AVE.,1700,S,N,A,-,Y,NA,NA,5,NA,NA,NA,NA,NA,N,Y,4,0,2,2,A,-,03,22350,NA,N,C,C,A,A,H,-,A,D,0,NA,NA,NA,NA,Y,NA,D,22,0,0,2,0,0,0,0,0,0,-,-,33.98435974121094,-118.13324737548828,LOS ANGELES,COMMERCE,-118.13324737548828,33.9843635559082
91219278,2020,2020-04-01,9575,2020-03-26,0048,022479,NA,4,3,9,1900,0,2,4,NA,2,320,ANGELES FOREST HWY.,SR-2 (ANGELES CREST HIGHWAY),8976,N,N,A,-,N,NA,NA,NA,NA,NA,NA,NA,NA,NA,Y,4,0,2,1,A,-,08,22107,NA,N,E,I,A,A,H,-,D,D,0,NA,NA,NA,NA,Y,NA,A,07,0,0,2,0,0,0,0,0,0,-,-,34.28153991699219,-118.17656707763672,LOS ANGELES,UNINCORPORATED,NA,NA
9121930,2020,2020-09-12,1941,2020-06-25,1605,5869,NA,4,5,7,1941,0,0,0,NA,0,NA,PIER B ST,VALERO ENTERANCE,0,NA,Y,A,-,N,NA,NA,NA,NA,NA,NA,NA,NA,NA,Y,3,0,2,2,A,-,08,22107,NA,N,D,C,A,A,H,-,A,D,0,NA,NA,NA,Y,Y,NA,D,NA,0,1,1,0,0,0,0,0,0,-,-,NA,NA,LOS ANGELES,LONG BEACH,NA,NA
91219303,2020,2020-04-01,9535,2020-03-20,0120,022496,NA,5,3,3,1914,0,1,1,NA,2,073,I-710 (LONG BEACH FREEWAY) S/B,I-5,1000,S,N,B,-,Y,NA,NA,710,NA,NA,NA,NA,NA,S,Y,4,0,1,1,A,-,08,22107,NA,N,E,I,A,A,H,-,D,D,0,NA,NA,NA,NA,Y,NA,A,01,0,0,1,0,0,0,0,0,0,-,-,34.01333999633789,-118.17253112792967,LOS ANGELES,COMMERCE,-118.17249298095705,34.01333999633789
9121931,2020,2020-10-22,1942,2020-07-12,2117,42309,1061,7,5,7,1942,0,0,0,J,0,10A83,VENTURA BL,CORBIN AV,66,W,N,A,-,N,NA,NA,NA,NA,NA,NA,NA,NA,NA,Y,4,0,1,2,A,-,03,22350,NA,F,A,C,A,A,H,-,C,A,0,NA,NA,NA,NA,Y,NA,D,22,0,0,1,0,0,0,0,0,0,-,-,NA,NA,LOS ANGELES,LOS ANGELES,-118.56244659423828,34.172576904296875
91219316,2020,2020-04-01,9535,2020-03-23,1849,022305,NA,1,2,9,1900,0,2,4,NA,2,022,OLYMPIC BLVD. (4500 BLOCK),FORD BLVD.,161,W,N,A,-,N,NA,NA,NA,NA,NA,NA,NA,NA,NA,Y,4,0,1,2,A,-,12,21453,A,N,D,C,A,A,H,-,B,A,0,NA,NA,NA,NA,Y,NA,A,07,0,0,1,0,0,0,0,0,0,-,-,34.01897048950195,-118.17301177978516,LOS ANGELES,UNINCORPORATED,-118.17292785644533,34.0189208984375
91219343,2020,2020-04-01,9545,2020-03-28,1025,018058,NA,6,1,6,1992,0,3,5,NA,2,001,90TH ST WEST,AVENUE J,0,NA,Y,A,-,N,NA,NA,NA,NA,NA,NA,NA,NA,NA,N,3,0,1,2,A,-,12,22450,A,N,D,G,A,A,H,-,A,A,0,NA,Y,NA,NA,Y,NA,L,04,0,1,0,0,0,0,1,0,0,-,-,34.68925094604492,-118.28916168212892,LOS ANGELES,LANCASTER,-118.28919219970705,34.68928146362305
91219350,2020,2020-06-18,9580,2020-03-18,0650,017228,NA,3,1,7,1942,0,1,3,NA,2,171,SR-170 S/B (HOLLYWOOD FWY.),BURBANK BOULEVARD,900,N,N,B,-,Y,NA,NA,170,NA,NA,NA,NA,NA,S,Y,4,0,3,2,A,-,03,22350,NA,N,C,C,A,A,H,-,A,D,0,NA,NA,NA,NA,Y,NA,D,22,0,0,3,0,0,0,0,0,0,-,-,34.17551040649414,-118.39321899414064,LOS ANGELES,LOS ANGELES,-118.39323425292967,34.175498962402344
91219354,2020,2020-04-01,9580,2020-03-31,2045,018583,NA,2,2,7,1942,0,1,1,NA,2,406,I-405 N/B (SAN DIEGO FWY),ROSCOE BLVD,2112,S,N,A,-,Y,NA,NA,NA,NA,NA,NA,NA,NA,NA,Y,4,0,1,1,A,-,08,22107,NA,N,E,I,A,A,H,-,D,D,0,NA,NA,NA,NA,Y,NA,A,01,0,0,1,0,0,0,0,0,0,-,-,34.17633819580078,-118.590087890625,LOS ANGELES,LOS ANGELES,-118.47315979003906,34.215576171875
91219357,2020,2020-04-01,9575,2020-03-26,0452,022448,NA,4,3,7,1942,0,1,1,NA,2,052,I-5 S/B (GOLDEN STATE FREEWAY),SUNLAND BLVD,750,S,N,A,-,Y,NA,NA,5,NA,NA,NA,NA,NA,S,Y,2,0,1,2,A,-,08,22107,NA,N,C,C,A,A,C,-,C,D,0,NA,NA,NA,NA,Y,NA,D,22,1,0,0,0,0,0,0,0,0,-,-,34.22185134887695,-118.36376190185548,LOS ANGELES,LOS ANGELES,-118.36376190185548,34.22176742553711
91219372,2020,2020-04-01,9565,2020-03-21,2000,021678,NA,6,2,4,1918,0,1,1,NA,2,061,I-405 N/B (SAN DIEGO FREEWAY),WASHINGTON BLVD.,250,S,N,A,-,Y,NA,NA,405,NA,NA,NA,NA,NA,N,Y,4,0,1,2,A,-,03,22350,NA,N,C,C,A,A,H,-,C,D,0,NA,NA,NA,NA,Y,NA,D,22,0,0,1,0,0,0,0,0,0,-,-,34.005699157714844,-118.4131317138672,LOS ANGELES,CULVER CITY,-118.41314697265624,34.00568389892578
91219385,2020,2020-04-01,9565,2020-03-21,2100,022056,NA,6,2,4,1918,0,1,1,NA,2,061,I-405 S/B (SAN DIEGO FREEWAY),WASHINGTON PLACE,200,N,N,A,-,Y,NA,NA,405,NA,NA,NA,NA,NA,S,Y,3,0,1,1,A,-,03,22350,NA,N,E,J,A,A,H,-,C,D,0,NA,NA,NA,NA,Y,NA,A,01,0,1,0,0,0,0,0,0,0,-,-,34.00862121582031,-118.4157485961914,LOS ANGELES,CULVER CITY,-118.4157485961914,34.00862503051758
91219387,2020,2020-04-01,9545,2020-03-29,0335,021814,NA,7,3,9,1900,0,3,5,NA,2,004,77TH ST E,SR-138,75,S,N,A,-,N,NA,NA,NA,NA,NA,NA,NA,NA,NA,Y,3,0,1,1,A,-,01,23152,A,N,E,I,A,A,H,-,C,A,0,NA,NA,NA,NA,Y,Y,A,01,0,1,0,0,0,0,0,0,0,-,-,34.520790100097656,-117.99256134033205,LOS ANGELES,UNINCORPORATED,-117.99248504638672,34.52084732055664
91219413,2020,2020-04-01,9575,2020-03-16,1840,022489,NA,1,2,6,1925,0,1,3,NA,2,043,SR-134 E/B (VENTURA FREEWAY),HARVEY DR.,2640,W,N,B,C,Y,NA,NA,134,NA,NA,NA,NA,NA,E,Y,4,0,1,3,A,-,03,22350,NA,N,C,C,A,B,H,-,B,D,0,NA,NA,NA,NA,Y,NA,A,01,0,0,1,0,0,0,0,0,0,-,-,34.1515998840332,-118.23570251464844,LOS ANGELES,GLENDALE,-118.23571014404295,34.15158462524414
9121943,2020,2020-10-29,1942,2020-07-13,2045,38033,1998,1,5,7,1942,0,0,0,NA,0,19A93,WOODMAN AV,SATICOY ST,0,NA,Y,A,-,N,NA,NA,NA,NA,NA,NA,NA,NA,NA,Y,4,0,1,2,A,-,01,23152,A,M,A,C,A,A,H,-,C,A,0,NA,NA,NA,NA,Y,Y,D,22,0,0,1,0,0,0,0,0,0,-,-,NA,NA,LOS ANGELES,LOS ANGELES,-118.43115997314452,34.2094612121582
91219461,2020,2020-04-01,9530,2020-03-25,0245,021465,NA,3,3,7,1941,0,1,3,NA,2,320,SR-91 W/B (ARTESIA FREEWAY),I-710,502,E,N,A,-,Y,NA,NA,91,NA,NA,NA,NA,NA,W,Y,4,0,1,1,A,-,01,23152,A,N,E,I,A,A,H,-,C,D,0,NA,NA,NA,NA,Y,Y,A,01,0,0,1,0,0,0,0,0,0,-,-,33.876319885253906,-118.19091796875,LOS ANGELES,LONG BEACH,-118.19092559814452,33.876338958740234
91219475,2020,2020-04-01,9530,2020-03-25,1810,022453,NA,3,2,9,1900,0,3,5,NA,2,001,FLORENCE AVE. (2700 BLOCK),TEMPLETON,110,W,N,A,-,N,NA,NA,NA,NA,NA,NA,NA,NA,NA,N,4,0,1,3,A,-,03,22350,NA,N,C,C,A,A,H,-,A,D,0,NA,NA,NA,NA,Y,NA,A,07,0,0,1,0,0,0,0,0,0,-,-,33.973670959472656,-118.22032165527344,LOS ANGELES,UNINCORPORATED,-118.22032928466795,33.973697662353516
91219490,2020,2020-04-01,9575,2020-03-16,2000,022489,NA,1,2,6,1925,0,1,3,NA,2,090,SR-2 W/B (GLENDALE FREEWAY),VERDUGO BLVD.,420,W,N,B,C,Y,NA,NA,2,NA,NA,NA,NA,NA,W,Y,2,0,1,1,A,-,03,22350,NA,N,E,I,A,B,H,-,C,D,0,NA,NA,NA,NA,Y,NA,A,01,1,0,0,0,0,0,0,0,0,-,-,34.20410919189453,-118.21875762939452,LOS ANGELES,GLENDALE,-118.2190170288086,34.20416259765625
91219492,2020,2020-04-01,9565,2020-03-20,1110,017060,NA,5,1,7,1942,0,1,1,NA,2,061,I-405 S/B (SAN DIEGO FREEWAY),JEFFERSON BLVD.,500,S,N,B,-,Y,NA,NA,405,NA,NA,NA,NA,NA,S,Y,4,0,1,2,A,-,08,22107,NA,F,B,C,A,A,H,-,A,D,0,NA,NA,NA,NA,Y,NA,A,01,0,0,1,0,0,0,0,0,0,-,-,33.985591888427734,-118.39765167236328,LOS ANGELES,LOS ANGELES,-118.39760589599608,33.98562240600586
91219515,2020,2020-04-01,9540,2020-03-26,1214,018037,NA,4,1,6,1985,0,1,3,NA,1,144,SR-14 N/B (ANTELOPE VALLEY FREEWAY),GOLDEN VALLEY RD. O/C,2112,N,N,A,-,Y,NA,NA,14,NA,NA,NA,NA,NA,N,Y,3,0,1,1,A,-,08,22107,NA,N,E,I,A,A,H,-,A,D,0,NA,NA,NA,NA,Y,NA,A,01,0,1,0,0,0,0,0,0,0,-,-,34.39604187011719,-118.4661102294922,LOS ANGELES,SANTA CLARITA,-118.466064453125,34.39595031738281
91219548,2020,2020-04-01,9575,2020-03-25,0950,022429,NA,3,1,3,1991,0,1,1,NA,2,063,I-210 E/B (FOOTHILL FREEWAY),ALTA CANYADA ROAD,600,E,N,A,-,Y,NA,NA,NA,NA,NA,NA,NA,NA,NA,Y,3,0,1,2,A,-,03,22350,NA,N,C,C,A,A,C,-,A,D,0,NA,NA,NA,NA,Y,NA,D,22,0,1,0,0,0,0,0,0,0,-,-,34.2069206237793,-118.20947265625,LOS ANGELES,LA CANADA-FLINTRIDGE,-118.21006774902344,34.20689010620117
9121959,2020,2020-10-26,1942,2020-07-12,0800,42818,1079,7,5,7,1942,0,0,0,J,0,10A99,VENTURA BL,SHERMAN OAKS AV,0,NA,Y,A,-,N,NA,NA,NA,NA,NA,NA,NA,NA,NA,Y,3,0,3,2,A,-,09,21801,A,N,F,C,A,A,H,-,A,A,0,NA,NA,NA,NA,Y,NA,A,07,0,1,2,0,0,0,0,0,0,-,-,NA,NA,LOS ANGELES,LOS ANGELES,-118.46896362304688,34.15427017211914
91219619,2020,2020-04-01,9565,2020-02-08,1340,021648,NA,6,1,9,1900,0,3,5,NA,2,005,VIA MARINA,PANAY WAY,0,NA,Y,A,-,N,NA,NA,NA,NA,NA,NA,NA,NA,NA,Y,4,0,2,2,A,-,09,21801,A,N,D,C,A,A,H,-,A,A,0,NA,NA,NA,NA,Y,NA,A,07,0,0,2,0,0,0,0,0,0,-,-,33.97903823852539,-118.45912170410156,LOS ANGELES,UNINCORPORATED,-118.4591827392578,33.97903060913086
91219643,2020,2020-04-01,9530,2020-03-26,1452,022427,NA,4,2,9,1900,0,3,5,NA,2,006,CARSON ST.,BERENDO AVE.,0,NA,Y,A,-,N,NA,NA,NA,NA,NA,NA,NA,NA,NA,Y,4,0,1,2,A,-,12,21453,A,N,D,C,A,A,H,-,A,D,0,NA,NA,NA,NA,Y,NA,D,22,0,0,1,0,0,0,0,0,0,-,-,33.83163070678711,-118.29361724853516,LOS ANGELES,UNINCORPORATED,-118.29363250732422,33.831581115722656
91219710,2020,2020-04-01,9575,2020-03-19,1135,022490,NA,4,1,7,1942,0,1,1,NA,2,050,I-5 S/B (GOLDEN STATE FREEWAY),COLORADO ST. FWY. EXT.,1000,N,N,B,-,Y,NA,NA,5,NA,NA,NA,NA,NA,S,Y,4,0,2,3,A,-,01,23152,A,N,A,C,A,A,H,-,A,D,0,NA,NA,NA,NA,Y,Y,A,01,0,0,2,0,0,0,0,0,0,-,-,34.1446418762207,-118.27851104736328,LOS ANGELES,LOS ANGELES,-118.27866363525392,34.14459991455078
91219748,2020,2020-04-02,9590,2020-03-19,1145,022456,NA,4,1,7,1942,0,1,1,NA,2,085,I-5 S/B (GOLDEN STATE FREEWAY),GOLFCREEK,500,N,N,B,C,Y,NA,NA,5,NA,NA,NA,NA,NA,S,Y,4,0,1,3,A,-,08,22107,NA,N,C,C,A,B,H,-,A,D,0,NA,NA,NA,NA,Y,NA,A,01,0,0,1,0,0,0,0,0,0,-,-,34.13840103149414,-118.27670288085938,LOS ANGELES,LOS ANGELES,-118.27680206298828,34.138362884521484
91219763,2020,2020-04-02,9530,2020-03-26,1645,022453,NA,4,2,9,1900,0,1,1,NA,2,210,I-105 E/B (GLENN ANDERSON FWY),WILMINGTON AVE.,1905,W,N,A,-,Y,NA,NA,105,NA,NA,NA,NA,NA,E,N,4,0,1,2,A,-,03,22350,NA,N,C,C,A,A,H,-,A,D,0,NA,NA,NA,NA,Y,NA,A,01,0,0,1,0,0,0,0,0,0,-,-,33.92852020263672,-118.24553680419922,LOS ANGELES,UNINCORPORATED,-118.24553680419922,33.92854690551758
91219804,2020,2020-04-02,9540,2020-03-27,1555,021572,NA,5,2,9,1900,0,2,4,NA,1,202,SOLEDAD CANYON RD,AGUA DULCE CYN RD,6336,E,N,A,-,N,NA,NA,NA,NA,NA,NA,NA,NA,NA,Y,3,0,1,1,A,-,03,22350,NA,N,E,I,A,A,H,-,A,D,0,NA,NA,NA,NA,Y,NA,A,01,0,1,0,0,0,0,0,0,0,-,-,34.438140869140625,-118.3159637451172,LOS ANGELES,UNINCORPORATED,-118.31794738769533,34.43751525878906
91219813,2020,2020-04-02,9565,2020-03-07,0308,022226,NA,6,3,7,1942,0,1,1,NA,2,083,I-10 WESTBOUND TO OVERLAND AVENUE,OVERLAND AVENUE,520,E,N,A,-,Y,NA,NA,10,NA,NA,NA,R,NA,W,Y,2,0,1,1,A,-,01,23152,A,N,E,I,A,A,H,-,D,D,0,NA,NA,Y,NA,Y,Y,C,02,1,0,0,0,0,0,0,0,1,-,-,34.032081604003906,-118.4152603149414,LOS ANGELES,LOS ANGELES,-118.4152603149414,34.032081604003906
91219819,2020,2020-04-02,9550,2020-03-28,1310,022237,NA,6,1,9,1900,0,2,4,NA,1,021,CARMENITA ROAD,IMPERIAL HIGHWAY,0,NA,Y,A,-,N,NA,NA,NA,NA,NA,NA,NA,NA,NA,Y,3,0,2,2,A,-,17,21451,A,N,A,C,A,A,H,-,A,A,0,NA,NA,NA,NA,Y,NA,A,07,0,2,0,0,0,0,0,0,0,-,-,33.917049407958984,-118.0466766357422,LOS ANGELES,UNINCORPORATED,-118.04680633544922,33.917049407958984
91219823,2020,2020-04-02,9530,2020-02-17,0309,021094,NA,1,3,5,1977,0,1,1,NA,2,410,I-405 S/B (SAN DIEGO FREEWAY),ALAMEDA ST.,200,N,N,A,-,Y,NA,NA,NA,NA,NA,NA,NA,NA,NA,Y,4,0,1,2,A,-,01,23152,A,M,C,C,A,A,H,-,D,D,0,NA,NA,NA,NA,Y,Y,A,01,0,0,1,0,0,0,0,0,0,-,-,33.49319839477539,-118.1344985961914,LOS ANGELES,CARSON,-118.22840118408205,33.82543182373047
91219866,2020,2020-04-02,9530,2020-02-07,0445,014654,NA,5,3,7,1941,0,1,1,NA,2,420,I-405 N/B (SAN DIEGO FREEWAY),ORANGE AVE.,528,N,N,A,-,Y,NA,NA,NA,NA,NA,NA,NA,NA,NA,N,4,0,1,2,A,-,07,21658,A,F,B,C,A,A,H,-,A,D,0,NA,NA,NA,NA,Y,NA,A,01,0,0,1,0,0,0,0,0,0,-,-,33.485260009765625,-118.10410308837892,LOS ANGELES,LONG BEACH,-118.17733001708984,33.81449890136719
91219886,2020,2020-04-02,9535,2020-03-28,0540,022223,NA,6,3,9,1900,0,1,1,NA,2,501,I-5 (SANTA ANA FREEWAY) S/B,INDIANA ST,30,E,N,A,-,Y,NA,NA,5,NA,NA,NA,NA,NA,S,Y,4,0,2,2,A,-,07,21658,A,N,B,C,A,A,H,-,D,D,0,NA,NA,NA,NA,Y,NA,A,01,0,0,2,0,0,0,0,0,0,-,-,34.02006912231445,-118.19210052490234,LOS ANGELES,UNINCORPORATED,-118.1920928955078,34.02012252807617
91219889,2020,2020-04-02,9590,2020-04-01,0550,016230,NA,3,3,7,1942,0,1,2,NA,2,070,US-101 NB (SANTA ANA FREEWAY) (SAF),MISSION RD,80,S,N,A,-,Y,NA,NA,101,NA,NA,NA,NA,NA,N,Y,4,0,1,3,A,-,07,21658,A,N,B,C,A,A,H,-,C,D,0,NA,NA,NA,NA,Y,NA,A,01,0,0,1,0,0,0,0,0,0,-,-,34.05263900756836,-118.22650146484376,LOS ANGELES,LOS ANGELES,-118.22648620605467,34.05277633666992
91219896,2020,2020-04-02,9530,2020-03-04,0440,020726,NA,3,3,9,1900,0,3,5,NA,2,001,FLORENCE AVE.,SANTA FE AVE.,0,NA,Y,A,-,N,NA,NA,NA,NA,NA,NA,NA,NA,NA,Y,2,0,1,3,A,-,01,23152,F,N,D,C,A,A,H,-,C,A,0,NA,NA,NA,NA,Y,NA,D,22,1,0,0,0,0,0,0,0,0,-,-,33.97475051879883,-118.23026275634766,LOS ANGELES,UNINCORPORATED,-118.23029327392578,33.9747314453125
9121993,2020,2020-09-16,1942,2020-07-13,0910,39933,1602,1,5,7,1942,0,0,0,P,0,16A11,PAXTON ST,DRONFIELD AV,0,NA,Y,A,-,N,NA,NA,NA,NA,NA,NA,NA,NA,NA,N,4,0,1,2,A,-,08,22103,NA,N,D,C,A,A,H,-,A,D,0,NA,NA,NA,NA,Y,NA,A,01,0,0,1,0,0,0,0,0,0,-,-,NA,NA,LOS ANGELES,LOS ANGELES,-118.41145324707033,34.284420013427734
91219951,2020,2020-04-02,9565,2020-01-11,1147,022145,NA,6,1,6,1933,0,1,1,NA,2,060,I-405 N/B (SAN DIEGO FREEWAY),N/B LA CIENEGA BLVD,120,S,N,A,-,Y,NA,NA,405,NA,NA,NA,NA,NA,N,N,4,0,2,3,A,-,08,22107,NA,F,B,C,A,A,H,-,A,D,0,NA,NA,NA,NA,Y,NA,A,01,0,0,2,0,0,0,0,0,0,-,-,33.96533966064453,-118.37043762207033,LOS ANGELES,INGLEWOOD,-118.37036895751952,33.965362548828125
91219958,2020,2020-04-02,9530,2020-03-02,2050,021902,NA,1,2,7,1942,0,1,1,NA,2,110,I-110 N/B (HARBOR FREEWAY),149TH ST.,425,N,N,A,-,Y,NA,NA,110,NA,NA,NA,NA,NA,N,Y,2,0,1,2,A,-,01,23152,A,N,C,C,A,A,H,-,C,D,0,NA,NA,Y,NA,Y,Y,C,02,1,0,0,0,0,0,0,0,1,-,-,33.89752960205078,-118.28640747070313,LOS ANGELES,LOS ANGELES,-118.28636932373048,33.89753723144531
9121997,2020,2020-09-18,1942,2020-07-07,1930,44269,1503,2,5,7,1942,0,0,0,O,0,15A33,SHERMAN WY,LAUREL CANYON,300,E,N,A,-,N,NA,NA,NA,NA,NA,NA,NA,NA,NA,N,4,0,2,2,A,-,03,22350,NA,N,C,C,A,A,H,-,A,A,0,NA,NA,NA,NA,Y,NA,-,NA,0,0,2,0,0,0,0,0,0,-,-,NA,NA,LOS ANGELES,LOS ANGELES,-118.39552307128906,34.20060348510742
91219973,2020,2020-04-02,9565,2020-02-07,0806,022231,NA,5,1,9,1900,0,3,5,NA,2,002,108TH STREET,WILTON PL,0,NA,Y,A,-,N,NA,NA,NA,NA,NA,NA,NA,NA,NA,Y,3,0,2,3,A,-,09,21801,A,N,B,C,A,A,H,-,A,D,0,NA,NA,NA,NA,Y,NA,A,01,0,1,1,0,0,0,0,0,0,-,-,33.938209533691406,-118.31558227539064,LOS ANGELES,UNINCORPORATED,-118.31559753417967,33.938201904296875