CASE_ID,ACCIDENT_YEAR,PROC_DATE,JURIS,COLLISION_DATE,COLLISION_TIME,OFFICER_ID,REPORTING_DISTRICT,DAY_OF_WEEK,CHP_SHIFT,POPULATION,CNTY_CITY_LOC,SPECIAL_COND,BEAT_TYPE,CHP_BEAT_TYPE,CITY_DIVISION_LAPD,CHP_BEAT_CLASS,BEAT_NUMBER,PRIMARY_RD,SECONDARY_RD,DISTANCE,DIRECTION,INTERSECTION,WEATHER_1,WEATHER_2,STATE_HWY_IND,CALTRANS_COUNTY,CALTRANS_DISTRICT,STATE_ROUTE,ROUTE_SUFFIX,POSTMILE_PREFIX,POSTMILE,LOCATION_TYPE,RAMP_INTERSECTION,SIDE_OF_HWY,TOW_AWAY,COLLISION_SEVERITY,NUMBER_KILLED,NUMBER_INJURED,PARTY_COUNT,PRIMARY_COLL_FACTOR,PCF_CODE_OF_VIOL,PCF_VIOL_CATEGORY,PCF_VIOLATION,PCF_VIOL_SUBSECTION,HIT_AND_RUN,TYPE_OF_COLLISION,MVIW,PED_ACTION,ROAD_SURFACE,ROAD_COND_1,ROAD_COND_2,LIGHTING,CONTROL_DEVICE,CHP_ROAD_TYPE,PEDESTRIAN_ACCIDENT,BICYCLE_ACCIDENT,MOTORCYCLE_ACCIDENT,TRUCK_ACCIDENT,NOT_PRIVATE_PROPERTY,ALCOHOL_INVOLVED,STWD_VEHTYPE_AT_FAULT,CHP_VEHTYPE_AT_FAULT,COUNT_SEVERE_INJ,COUNT_VISIBLE_INJ,COUNT_COMPLAINT_PAIN,COUNT_PED_KILLED,COUNT_PED_INJURED,COUNT_BICYCLIST_KILLED,COUNT_BICYCLIST_INJURED,COUNT_MC_KILLED,COUNT_MC_INJURED,PRIMARY_RAMP,SECONDARY_RAMP,LATITUDE,LONGITUDE,COUNTY,CITY,POINT_X,POINT_Y
91234090,2020,2020-05-05,9530,2020-04-27,1805,021252,NA,1,2,9,1900,0,3,5,NA,2,006,VERMONT AVE.,TORRANCE BLVD.,0,NA,Y,A,-,N,NA,NA,NA,NA,NA,NA,NA,NA,NA,Y,4,0,1,3,A,-,12,21453,A,N,D,C,A,A,H,-,A,A,0,NA,NA,NA,NA,Y,NA,A,01,0,0,1,0,0,0,0,0,0,-,-,33.503150939941406,-118.17243194580078,LOS ANGELES,UNINCORPORATED,-118.2900390625,33.8420295715332
91234107,2020,2020-05-05,9525,2020-05-04,1410,020370,NA,1,2,4,1960,0,1,3,NA,2,571,SR-57 S/B TO I-10,I-10 W/B (SAN BERNARDINO FWY),1000,N,N,A,-,Y,NA,NA,57,NA,NA,NA,R,NA,S,Y,4,0,1,1,A,-,08,22107,NA,N,E,I,A,A,H,-,A,D,0,NA,NA,NA,NA,Y,NA,A,01,0,0,1,0,0,0,0,0,0,-,-,34.06966018676758,-117.80795288085938,LOS ANGELES,SAN DIMAS,-117.80795288085938,34.06966018676758
91234112,2020,2020-05-05,9525,2020-02-16,0442,021838,NA,7,3,4,1946,0,1,1,NA,2,202,I-210 E/B (FOOTHILL FWY),MONTEREY AVENUE,200,W,N,A,-,Y,NA,NA,210,NA,NA,NA,NA,NA,E,Y,1,1,1,2,A,-,01,23152,A,N,A,C,A,A,H,-,D,D,0,NA,NA,NA,NA,Y,Y,A,01,1,0,0,0,0,0,0,0,0,-,-,34.13827896118164,-118.0146026611328,LOS ANGELES,MONROVIA,-118.01464080810548,34.138221740722656
91234134,2020,2020-05-05,9580,2020-04-23,1640,020451,NA,4,2,7,1942,0,1,1,NA,2,406,I-405 N/B (SAN DIEGO FWY),SATICOY ST,100,N,N,A,-,Y,NA,NA,405,NA,NA,NA,NA,NA,N,N,4,0,1,2,A,-,07,21658,A,N,B,C,A,A,H,-,A,D,0,NA,NA,Y,NA,Y,NA,A,01,0,0,1,0,0,0,0,0,1,-,-,34.20882034301758,-118.47325897216795,LOS ANGELES,LOS ANGELES,-118.47321319580078,34.20882034301758
91234153,2020,2020-05-05,9565,2020-05-03,1150,021759,NA,7,1,7,1942,0,1,1,NA,2,062,I-405 S/B,VENICE BLVD,500,N,N,A,-,Y,NA,NA,405,NA,NA,NA,NA,NA,S,Y,4,0,1,3,A,-,03,22350,NA,N,C,C,A,A,H,-,A,A,0,NA,NA,NA,NA,Y,NA,A,07,0,0,1,0,0,0,0,0,0,-,-,34.01237106323242,-118.4189682006836,LOS ANGELES,LOS ANGELES,-118.4188232421875,34.01248550415039
91234176,2019,2020-05-06,9530,2019-12-24,0750,021290,NA,2,1,9,1900,0,3,5,NA,2,001,NADEAU STREET (1900 BLOCK),MORTON AVENUE,54,E,N,A,-,N,NA,NA,NA,NA,NA,NA,NA,NA,NA,N,1,1,0,2,A,-,10,21954,B,N,G,B,D,B,H,-,A,D,0,Y,NA,NA,NA,Y,NA,A,07,0,0,0,1,0,0,0,0,0,-,-,33.96736145019531,-118.2377700805664,LOS ANGELES,UNINCORPORATED,-118.23780059814452,33.96738815307617
91234182,2020,2020-05-06,9545,2020-04-26,0950,017229,NA,7,1,9,1900,0,1,3,NA,1,046,SR-2 (ANGELES CREST HIGHWAY),SR-39,259,E,N,A,-,N,NA,NA,2,NA,NA,NA,NA,NA,NA,N,2,0,1,1,A,-,03,22350,NA,N,E,I,A,A,H,-,A,D,0,NA,NA,Y,NA,Y,NA,C,02,1,0,0,0,0,0,0,0,1,-,-,34.357139587402344,-117.85016632080078,LOS ANGELES,UNINCORPORATED,-117.85017395019533,34.357154846191406
91234190,2020,2020-05-06,9545,2020-04-24,0920,018862,NA,5,1,6,1950,0,1,3,NA,2,021,SR-14 N/B,TECHNOLOGY DR,600,S,N,A,-,Y,NA,NA,14,NA,NA,NA,NA,NA,N,Y,3,0,1,2,A,-,08,22107,NA,N,C,E,A,A,H,-,A,D,0,NA,NA,NA,Y,Y,NA,A,08,0,1,0,0,0,0,0,0,0,-,-,34.59278106689453,-118.13388824462892,LOS ANGELES,PALMDALE,-118.1339874267578,34.59276580810547
91234191,2020,2020-05-06,9540,2020-04-23,0925,014277,NA,4,1,9,1900,0,1,1,NA,2,511,I-5 S/B (GOLDEN STATE FREEWAY),TEMPLIN HWY,7920,N,N,A,-,Y,NA,NA,5,NA,NA,NA,NA,NA,S,Y,3,0,2,3,A,-,03,22350,NA,N,C,C,A,A,H,-,A,D,0,NA,NA,NA,NA,Y,NA,A,07,0,1,1,0,0,0,0,0,0,-,-,34.604000091552734,-118.71212768554688,LOS ANGELES,UNINCORPORATED,-118.71218872070313,34.603981018066406
91234192,2020,2020-05-06,9535,2020-04-24,1705,022269,NA,5,2,5,1943,0,1,1,NA,2,075,I-710 (LONG BEACH FREEWAY) S/B,I-105,430,S,N,A,-,Y,NA,NA,710,NA,NA,NA,NA,NA,S,Y,3,0,1,1,A,-,08,22107,NA,N,E,I,A,A,H,-,A,D,0,NA,NA,NA,NA,Y,NA,A,01,0,1,0,0,0,0,0,0,0,-,-,33.911399841308594,-118.18060302734376,LOS ANGELES,LYNWOOD,-118.18048095703124,33.911373138427734
91234204,2020,2020-05-06,9540,2020-04-29,0355,021389,NA,3,3,9,1900,0,1,1,NA,2,507,I-5 S/B (GOLDEN STATE FREEWAY),MCBEAN PKY,2640,N,N,A,-,Y,NA,NA,5,NA,NA,NA,NA,NA,S,Y,2,0,1,2,A,-,01,23152,F,N,D,C,A,A,H,-,D,D,0,NA,NA,NA,Y,Y,NA,A,01,1,0,0,0,0,0,0,0,0,-,-,34.39982986450195,-118.57283782958984,LOS ANGELES,UNINCORPORATED,-118.57285308837892,34.39982604980469
91234210,2020,2020-05-06,9530,2020-04-28,1550,022302,NA,2,2,7,1942,0,1,1,NA,2,110,I-110 N/B (HARBOR FREEWAY),120TH ST.,50,N,N,A,-,Y,NA,NA,110,NA,NA,NA,NA,NA,N,Y,3,0,2,1,A,-,08,22107,NA,N,F,A,A,A,H,-,A,D,0,NA,NA,NA,NA,Y,NA,D,22,0,1,1,0,0,0,0,0,0,-,-,33.924041748046875,-118.28103637695313,LOS ANGELES,LOS ANGELES,-118.28117370605467,33.924049377441406
9123422,2020,2020-09-14,1928,2020-06-26,0122,50421,509,5,5,5,1928,0,0,0,NA,0,502,PRARIE AV,22ND ST,95,S,N,A,-,N,NA,NA,NA,NA,NA,NA,NA,NA,NA,N,4,0,1,3,A,-,01,23152,A,N,C,C,A,-,H,-,C,D,0,NA,NA,NA,NA,Y,Y,A,01,0,0,1,0,0,0,0,0,0,-,-,NA,NA,LOS ANGELES,HAWTHORNE,-118.34387969970705,33.921630859375
91234238,2020,2020-05-06,9530,2020-05-01,1210,018745,NA,5,1,9,1900,0,3,5,NA,2,002,154TH ST. (800 BLOCK),MCKINLEY AVE.,135,W,N,A,-,N,NA,NA,NA,NA,NA,NA,NA,NA,NA,N,4,0,1,3,A,-,08,22107,NA,N,A,E,A,A,H,-,A,D,0,NA,NA,NA,NA,Y,NA,A,01,0,0,1,0,0,0,0,0,0,-,-,33.892269134521484,-118.260986328125,LOS ANGELES,UNINCORPORATED,-118.26095581054688,33.892215728759766
91234248,2020,2020-05-06,9535,2020-03-05,1725,022159,NA,4,2,4,1907,0,1,1,NA,2,072,I-710 (LONG BEACH FREEWAY) N/B,ATLANTIC BLVD.,433,S,N,A,-,Y,NA,NA,710,NA,NA,NA,NA,NA,N,Y,3,0,2,2,A,-,01,23152,A,N,C,C,A,A,H,-,B,D,0,NA,NA,NA,Y,Y,Y,D,22,0,1,1,0,0,0,0,0,0,-,-,33.996498107910156,-118.1767578125,LOS ANGELES,BELL,-118.1768798828125,33.99651336669922
9123426,2020,2020-09-14,1928,2020-06-26,2157,50402,527,5,5,5,1928,0,0,0,NA,0,504,HINDRY AV,ROSECRANS AV,200,S,N,A,-,N,NA,NA,NA,NA,NA,NA,NA,NA,NA,N,3,0,1,2,A,-,11,21954,A,M,G,B,E,-,H,-,C,A,0,Y,NA,NA,NA,Y,Y,N,60,0,1,0,0,1,0,0,0,0,-,-,33.901851654052734,-118.3720703125,LOS ANGELES,HAWTHORNE,-118.37217712402344,33.90135192871094
91234287,2020,2020-05-06,9580,2020-04-28,1840,018185,NA,2,2,3,1994,0,1,2,NA,2,108,US-101 N/B (VENTURA FREEWAY) FROM KANAN,KANAN RD,170,S,N,A,-,Y,NA,NA,101,NA,NA,NA,R,NA,N,Y,4,0,1,1,A,-,08,22107,NA,N,E,J,A,A,H,-,A,D,0,NA,NA,NA,NA,Y,NA,A,01,0,0,1,0,0,0,0,0,0,-,-,34.146690368652344,-118.76026916503906,LOS ANGELES,AGOURA HILLS,-118.76026916503906,34.146690368652344
91234295,2020,2020-05-06,9530,2020-04-30,1555,021965,NA,4,2,9,1900,0,3,5,NA,2,005,CRENSHAW BLVD.,EL CAMINO COLLEGE DRIVE,0,NA,Y,A,-,N,NA,NA,NA,NA,NA,NA,NA,NA,NA,Y,4,0,1,2,A,-,09,21801,A,N,D,C,A,A,H,-,A,A,0,NA,NA,NA,NA,Y,NA,A,01,0,0,1,0,0,0,0,0,0,-,-,33.88529968261719,-118.32657623291016,LOS ANGELES,UNINCORPORATED,-118.3265380859375,33.88549041748047
91234297,2020,2020-05-06,9530,2020-05-01,0110,022083,NA,5,3,9,1900,0,3,5,NA,2,002,AVALON BLVD. (15600 BLOCK),154TH ST.,750,S,N,B,-,N,NA,NA,NA,NA,NA,NA,NA,NA,NA,N,3,0,1,2,A,-,11,21950,B,F,G,B,D,A,H,-,C,D,0,Y,NA,NA,NA,Y,NA,N,60,0,1,0,0,1,0,0,0,0,-,-,33.89030838012695,-118.26541137695313,LOS ANGELES,UNINCORPORATED,-118.26541900634766,33.89006423950195
9123430,2020,2020-09-18,1928,2020-06-19,1309,50376,504,5,5,5,1928,0,0,0,NA,0,502,PRAIRIE AV,120TH ST,0,NA,Y,A,-,N,NA,NA,NA,NA,NA,NA,NA,NA,NA,Y,4,0,1,5,A,-,12,21453,A,N,D,C,A,A,H,-,A,A,0,NA,NA,NA,Y,Y,NA,A,07,0,0,1,0,0,0,0,0,0,-,-,33.923648834228516,-118.34397888183594,LOS ANGELES,HAWTHORNE,-118.34387969970705,33.92367935180664
91234304,2020,2020-05-06,9565,2020-04-17,0030,022515,NA,5,3,9,1900,0,3,5,NA,2,003,FLORESTA AVENUE,BRYNHURST AVENUE,20,E,N,A,-,N,NA,NA,NA,NA,NA,NA,NA,NA,NA,Y,4,0,1,2,A,-,08,22107,NA,N,D,E,A,A,H,-,D,D,0,NA,NA,NA,NA,Y,NA,A,01,0,0,1,0,0,0,0,0,0,-,-,33.99671173095703,-118.333251953125,LOS ANGELES,UNINCORPORATED,-118.33322143554688,33.9966926574707
91234311,2020,2020-05-06,9590,2020-05-05,0200,022456,NA,2,3,7,1942,0,1,1,NA,2,040,I-5 N/B (GOLDEN STATE FREEWAY),HUMBOLDT STREET,60,S,N,A,-,Y,NA,NA,5,NA,NA,NA,NA,NA,N,N,4,0,1,1,A,-,08,22107,NA,N,E,I,A,A,H,-,C,D,0,NA,NA,NA,NA,Y,NA,A,01,0,0,1,0,0,0,0,0,0,-,-,34.07851028442383,-118.2197036743164,LOS ANGELES,LOS ANGELES,-118.21975708007813,34.07847595214844
91234322,2020,2020-05-06,9580,2020-04-30,0515,017371,NA,4,3,9,1900,0,1,3,NA,1,270,SR-27 S/B (TOPANGA CYN. BLVD.),GRAND VIEW DR,140,N,N,B,-,Y,NA,NA,27,NA,NA,NA,NA,NA,S,Y,3,0,1,1,A,-,08,22107,NA,N,E,I,A,A,H,-,D,D,0,NA,NA,NA,NA,Y,NA,A,07,0,1,0,0,0,0,0,0,0,-,-,34.082618713378906,-118.598876953125,LOS ANGELES,UNINCORPORATED,-118.5988311767578,34.0826416015625
91234353,2020,2020-05-26,9550,2020-04-27,2305,022512,NA,1,3,6,1920,0,1,1,NA,2,150,I-105 E/B,BARLIN AVE,490,W,N,A,-,Y,NA,NA,105,NA,NA,NA,NA,NA,E,Y,4,0,1,2,A,-,07,21658,A,N,C,C,A,A,H,-,C,D,0,NA,NA,NA,NA,Y,Y,A,07,0,0,1,0,0,0,0,0,0,-,-,33.91279983520508,-118.14646911621094,LOS ANGELES,DOWNEY,-118.14646911621094,33.91285705566406
91234358,2020,2020-05-21,9550,2020-04-27,2210,022512,NA,1,3,6,1920,0,1,1,NA,2,151,I-105 E/B,GARDENDALE STREET,110,W,N,A,-,Y,NA,NA,105,NA,NA,NA,NA,NA,E,Y,4,0,2,2,A,-,08,22107,NA,N,C,C,A,A,H,-,C,D,0,NA,NA,NA,NA,Y,NA,A,01,0,0,2,0,0,0,0,0,0,-,-,33.91276931762695,-118.14785766601564,LOS ANGELES,DOWNEY,-118.14785766601564,33.91279602050781
9123437,2020,2020-09-04,1942,2020-06-11,1203,25115,0443,4,5,7,1942,0,0,0,D,0,4A59,N SOTO ST,LANCASTER AV,250,S,N,A,-,N,NA,NA,NA,NA,NA,NA,NA,NA,NA,Y,4,0,1,2,A,-,05,21460,A,F,B,C,A,A,H,-,C,D,0,NA,NA,NA,NA,Y,NA,A,01,0,0,1,0,0,0,0,0,0,-,-,NA,NA,LOS ANGELES,LOS ANGELES,-118.20034027099608,34.058631896972656
91234371,2020,2020-05-06,9530,2020-05-02,0100,021582,NA,6,3,9,1900,0,3,5,NA,2,002,SUCCESS AVE.,118TH ST.,0,NA,Y,A,-,N,NA,NA,NA,NA,NA,NA,NA,NA,NA,Y,3,0,1,2,A,-,12,22450,A,F,D,C,A,A,H,-,C,D,0,NA,NA,NA,NA,Y,NA,-,99,0,1,0,0,0,0,0,0,0,-,-,33.9263801574707,-118.2493133544922,LOS ANGELES,UNINCORPORATED,-118.24932861328124,33.926361083984375
91234379,2020,2020-05-06,9535,2020-05-04,1500,022287,NA,1,2,9,1900,0,1,3,NA,2,066,SR-164 (ROSEMEAD BLVD) S/B,SAN GABRIEL BOULEVARD,20,N,N,A,-,Y,NA,NA,164,NA,NA,NA,NA,NA,S,Y,4,0,1,2,A,-,03,22350,NA,N,C,C,A,A,H,-,A,D,0,NA,NA,NA,NA,Y,NA,A,01,0,0,1,0,0,0,0,0,0,-,-,34.028751373291016,-118.06794738769533,LOS ANGELES,UNINCORPORATED,-118.06796264648438,34.02875518798828
91234398,2020,2020-05-06,9535,2020-05-02,2125,022305,NA,6,2,9,1900,0,2,4,NA,2,014,CESAR E. CHAVEZ AVE.,EASTERN AVE,0,NA,Y,A,-,N,NA,NA,NA,NA,NA,NA,NA,NA,NA,Y,4,0,2,2,A,-,09,21801,A,N,A,C,A,A,H,-,C,A,0,NA,NA,NA,NA,Y,NA,A,01,0,0,2,0,0,0,0,0,0,-,-,34.04050064086914,-118.17363739013672,LOS ANGELES,UNINCORPORATED,-118.17362213134766,34.04056167602539
91234400,2020,2020-05-06,9590,2020-03-05,0927,021926,NA,4,1,7,1942,0,1,2,NA,2,042,US-101 NB (SANTA ANA FREEWAY),4TH STREET,618,S,N,A,-,Y,NA,NA,101,NA,NA,NA,NA,NA,N,N,1,1,0,3,A,-,07,21658,A,N,B,C,A,A,H,-,A,D,0,NA,NA,Y,Y,Y,NA,C,02,0,0,0,0,0,0,0,1,0,-,-,34.042640686035156,-118.22100830078124,LOS ANGELES,LOS ANGELES,-118.22102355957033,34.042640686035156
91234414,2020,2020-05-06,9535,2020-05-02,1645,022305,NA,6,2,9,1900,0,3,5,NA,2,002,ATLANTIC BLVD. (900 BLOCK),LOUIS PL,3,N,N,A,-,N,NA,NA,NA,NA,NA,NA,NA,NA,NA,N,3,0,1,2,A,-,11,21954,A,N,G,B,D,A,H,-,A,D,0,Y,NA,NA,NA,Y,NA,N,60,0,1,0,0,1,0,0,0,0,-,-,34.01939010620117,-118.15757751464844,LOS ANGELES,UNINCORPORATED,-118.15763092041016,34.019317626953125
91234419,2020,2020-05-06,9575,2020-04-09,1352,022528,NA,4,1,9,1900,0,1,1,NA,2,062,I-210 E/B (FOOTHILL FREEWAY),SR-2 (GLENDALE FREEWAY),4224,W,N,C,-,Y,NA,NA,210,NA,NA,NA,NA,NA,E,Y,4,0,1,1,A,-,03,22350,NA,N,E,I,A,B,H,-,A,D,0,NA,NA,NA,NA,Y,NA,A,01,0,0,1,0,0,0,0,0,0,-,-,34.215091705322266,-118.23420715332033,LOS ANGELES,UNINCORPORATED,-118.23422241210938,34.21507263183594
91234422,2020,2020-05-06,9525,2020-05-01,0010,021224,NA,5,3,1,1934,0,1,1,NA,2,652,I-605 N/B (SAN GABRIEL RIVER FWY),LOWER AZUSA RD.,2640,N,N,A,-,Y,NA,NA,605,NA,NA,NA,NA,NA,N,Y,2,0,1,2,A,-,11,21954,A,N,G,B,E,A,H,-,D,D,0,Y,NA,NA,NA,Y,NA,N,60,1,0,0,0,1,0,0,0,0,-,-,34.09669876098633,-117.98600006103516,LOS ANGELES,IRWINDALE,-117.98601531982422,34.09670639038086
91234444,2020,2020-05-06,9550,2020-05-02,1415,022037,NA,6,2,9,1900,0,3,5,NA,2,004,GOTERA DRIVE,EL GRECO DRIVE,125,S,N,A,-,N,NA,NA,NA,NA,NA,NA,NA,NA,NA,Y,4,0,1,2,A,-,13,22515,A,N,A,E,A,A,H,-,A,D,0,NA,NA,NA,NA,Y,NA,A,01,0,0,1,0,0,0,0,0,0,-,-,33.97574996948242,-117.9510498046875,LOS ANGELES,UNINCORPORATED,-117.95101928710938,33.97581481933594
91234445,2020,2020-05-06,9575,2020-04-28,1350,022429,NA,2,1,9,1900,0,3,5,NA,2,003,LITTLE TUJUNGA CANYON ROAD,GOLD CREEK ROAD,0,NA,Y,A,-,N,NA,NA,NA,NA,NA,NA,NA,NA,NA,N,3,0,1,2,A,-,03,22350,NA,N,D,G,A,A,H,-,A,D,0,NA,Y,NA,NA,Y,NA,L,04,0,1,0,0,0,0,1,0,0,-,-,34.316951751708984,-118.34117126464844,LOS ANGELES,UNINCORPORATED,-118.34137725830078,34.31692123413086
91234452,2020,2020-05-06,9525,2020-04-30,1130,016913,NA,4,1,9,1900,0,1,3,NA,1,024,SR-39 (SAN GABRIEL CANYON RD.),NORTH FORK SAN GABRIEL RIVER BRIDGE,15840,N,N,A,-,N,NA,NA,39,NA,NA,NA,NA,NA,NA,Y,2,0,1,1,A,-,08,22107,NA,N,E,I,A,A,H,-,A,D,0,NA,NA,Y,NA,Y,NA,C,02,1,0,0,0,0,0,0,0,1,-,-,34.29991912841797,-117.83670806884766,LOS ANGELES,UNINCORPORATED,-117.83670043945313,34.2999382019043
91234461,2020,2020-05-06,9535,2020-05-01,2200,022285,NA,5,3,4,1907,0,1,1,NA,2,072,I-710 (LONG BEACH FREEWAY) N/B,SOUTHGATE R/R UP,1030,N,N,A,-,Y,NA,NA,NA,NA,NA,NA,NA,NA,NA,Y,2,0,2,4,A,-,03,22350,NA,N,C,A,A,A,D,-,C,D,0,NA,NA,NA,NA,Y,NA,A,01,1,0,1,0,0,0,0,0,0,-,-,33.95610046386719,-118.17040252685548,LOS ANGELES,BELL,NA,NA
91234464,2020,2020-05-06,9535,2020-04-29,1054,022245,NA,3,1,5,1952,0,1,1,NA,2,104,I-105 (CENTURY FREEWAY) E/B,GARFIELD AVE,100,W,N,A,-,Y,NA,NA,NA,NA,NA,NA,NA,NA,NA,Y,4,0,1,2,A,-,03,22350,NA,N,C,C,A,A,H,-,A,D,0,NA,NA,NA,NA,Y,NA,A,07,0,0,1,0,0,0,0,0,0,-,-,33.90999984741211,-118.16909790039064,LOS ANGELES,PARAMOUNT,-118.16925048828124,33.91089630126953
91234470,2020,2020-05-06,9590,2020-05-05,0745,014295,NA,2,1,7,1942,0,1,2,NA,2,070,US 101 NORTHBOUND (SANTA ANA FREEWAY),BROADWAY,100,N,N,A,-,Y,NA,NA,NA,NA,NA,NA,NA,NA,NA,N,3,0,1,2,A,-,03,22350,NA,N,C,C,A,A,H,-,A,D,0,NA,NA,NA,Y,Y,NA,F,26,0,1,0,0,0,0,0,0,0,-,-,34.05730056762695,-118.2427978515625,LOS ANGELES,LOS ANGELES,-118.24261474609376,34.05719757080078
91234474,2020,2020-05-06,9530,2020-05-02,1853,022292,NA,6,2,5,1977,0,1,3,NA,2,310,SR-91 E/B (ARTESIA FREEWAY),CENTRAL AVE.,2000,W,N,A,-,Y,NA,NA,91,NA,NA,NA,NA,NA,E,Y,3,0,2,2,A,-,03,22350,NA,N,C,C,A,A,H,-,A,D,0,NA,NA,NA,NA,Y,NA,D,22,0,1,1,0,0,0,0,0,0,-,-,33.87350845336914,-118.25704956054688,LOS ANGELES,CARSON,-118.25704956054688,33.87356185913086
91234478,2019,2020-05-08,9530,2019-11-11,2144,021490,NA,1,2,7,1942,0,1,1,NA,2,110,I-110 S/B (HARBOR FREEWAY),EL SEGUNDO BLVD.,5,S,N,B,-,Y,NA,NA,110,NA,NA,NA,NA,NA,S,Y,1,1,1,2,A,-,11,21954,A,N,G,B,E,A,H,-,C,D,0,Y,NA,NA,NA,Y,NA,N,60,0,0,1,1,0,0,0,0,0,-,-,33.91659927368164,-118.28601837158205,LOS ANGELES,LOS ANGELES,-118.28590393066406,33.91654968261719
91234495,2020,2020-05-06,9530,2020-05-05,1525,020956,NA,2,2,4,1939,0,1,1,NA,2,400,I-405 N/B (SAN DIEGO FREEWAY),HAWTHORNE BLVD.,1056,S,N,A,-,Y,NA,NA,405,NA,NA,NA,NA,NA,N,N,4,0,1,2,A,-,03,22350,NA,N,C,C,A,A,H,-,A,D,0,NA,NA,NA,NA,Y,NA,D,22,0,0,1,0,0,0,0,0,0,-,-,33.882301330566406,-118.3488998413086,LOS ANGELES,LAWNDALE,-118.34906768798828,33.88209915161133
91234502,2020,2020-05-06,9535,2020-04-24,2010,022330,NA,5,2,9,1900,0,3,5,NA,2,006,SAN GABRIEL BLVD.,SIERRA BONITA AVE.,0,NA,Y,A,-,N,NA,NA,NA,NA,NA,NA,NA,NA,NA,Y,4,0,1,3,A,-,09,21802,A,M,D,C,A,A,H,-,C,A,0,NA,NA,NA,NA,Y,NA,A,01,0,0,1,0,0,0,0,0,0,-,-,34.04983901977539,-118.0905532836914,LOS ANGELES,UNINCORPORATED,-118.09056854248048,34.04981994628906
91234508,2020,2020-05-06,9545,2020-04-28,1819,021340,NA,2,2,9,1900,0,1,3,NA,2,031,SR-14 N/B,MOUNTAIN SPRINGS RD,2112,S,N,A,-,Y,NA,NA,14,NA,NA,NA,NA,NA,N,Y,4,0,1,3,A,-,03,22350,NA,N,C,C,A,A,H,-,A,D,0,NA,NA,NA,NA,Y,NA,A,08,0,0,1,0,0,0,0,0,0,-,-,34.49776077270508,-118.12256622314452,LOS ANGELES,UNINCORPORATED,-118.12264251708984,34.497825622558594
91234529,2020,2020-05-06,9580,2020-04-26,2500,019319,NA,7,4,3,1989,0,1,2,NA,2,106,US-101 N/B (VENTURA FREEWAY),LAS VIRGENES RD,430,N,N,A,-,Y,NA,NA,101,NA,NA,NA,NA,NA,N,Y,3,0,1,1,C,-,18,NA,NA,N,E,I,A,A,H,-,A,D,0,NA,NA,NA,NA,Y,NA,-,-,0,1,0,0,0,0,0,0,0,-,-,34.147708892822266,-118.69891357421876,LOS ANGELES,CALABASAS,-118.69881439208984,34.147621154785156
91234538,2020,2020-05-06,9580,2020-04-24,0705,020728,NA,5,1,7,1942,0,1,3,NA,2,171,SR-170 S/B (HOLLYWOOD FWY.),RIVERSIDE DR,400,N,N,A,-,Y,NA,NA,170,NA,NA,NA,NA,NA,S,N,4,0,1,3,A,-,07,21658,A,N,C,C,A,A,H,-,A,D,0,NA,NA,NA,NA,Y,NA,D,22,0,0,1,0,0,0,0,0,0,-,-,34.16080093383789,-118.38111114501952,LOS ANGELES,LOS ANGELES,-118.3810577392578,34.160823822021484
91234543,2020,2020-05-06,9550,2020-04-29,2155,018412,NA,3,2,7,1941,0,1,3,NA,2,090,SR-91 E/B,CHERRY AVENUE,720,W,N,A,-,Y,NA,NA,91,NA,NA,NA,NA,NA,E,Y,3,0,1,1,A,-,01,23152,A,N,E,I,A,A,H,-,D,D,0,NA,NA,NA,NA,Y,Y,A,01,0,1,0,0,0,0,0,0,0,-,-,33.87654113769531,-118.17115783691406,LOS ANGELES,LONG BEACH,-118.1711654663086,33.876529693603516
91234550,2020,2020-05-06,9550,2020-05-04,0830,019421,NA,1,1,9,1900,0,3,5,NA,2,003,WEDGEWORTH DR,BORK AVE,200,E,N,A,-,N,NA,NA,NA,NA,NA,NA,NA,NA,NA,Y,4,0,2,2,A,-,09,21804,A,N,D,C,A,A,H,-,A,D,0,NA,NA,NA,NA,Y,NA,A,01,0,0,2,0,0,0,0,0,0,-,-,33.99713897705078,-117.94851684570313,LOS ANGELES,UNINCORPORATED,-117.94589996337892,33.99736022949219
91234555,2020,2020-05-06,9535,2020-04-30,2252,022414,NA,4,3,9,1900,0,2,4,NA,2,024,WHITTIER BLVD.,WESTSIDE DR.,0,NA,Y,A,-,N,NA,NA,NA,NA,NA,NA,NA,NA,NA,N,4,0,1,2,A,-,09,21804,A,M,D,G,A,A,H,-,C,D,0,NA,Y,NA,NA,Y,NA,L,04,0,0,1,0,0,0,1,0,0,-,-,34.01601028442383,-118.13700103759766,LOS ANGELES,UNINCORPORATED,-118.13703918457033,34.01612854003906