CASE_ID,ACCIDENT_YEAR,PROC_DATE,JURIS,COLLISION_DATE,COLLISION_TIME,OFFICER_ID,REPORTING_DISTRICT,DAY_OF_WEEK,CHP_SHIFT,POPULATION,CNTY_CITY_LOC,SPECIAL_COND,BEAT_TYPE,CHP_BEAT_TYPE,CITY_DIVISION_LAPD,CHP_BEAT_CLASS,BEAT_NUMBER,PRIMARY_RD,SECONDARY_RD,DISTANCE,DIRECTION,INTERSECTION,WEATHER_1,WEATHER_2,STATE_HWY_IND,CALTRANS_COUNTY,CALTRANS_DISTRICT,STATE_ROUTE,ROUTE_SUFFIX,POSTMILE_PREFIX,POSTMILE,LOCATION_TYPE,RAMP_INTERSECTION,SIDE_OF_HWY,TOW_AWAY,COLLISION_SEVERITY,NUMBER_KILLED,NUMBER_INJURED,PARTY_COUNT,PRIMARY_COLL_FACTOR,PCF_CODE_OF_VIOL,PCF_VIOL_CATEGORY,PCF_VIOLATION,PCF_VIOL_SUBSECTION,HIT_AND_RUN,TYPE_OF_COLLISION,MVIW,PED_ACTION,ROAD_SURFACE,ROAD_COND_1,ROAD_COND_2,LIGHTING,CONTROL_DEVICE,CHP_ROAD_TYPE,PEDESTRIAN_ACCIDENT,BICYCLE_ACCIDENT,MOTORCYCLE_ACCIDENT,TRUCK_ACCIDENT,NOT_PRIVATE_PROPERTY,ALCOHOL_INVOLVED,STWD_VEHTYPE_AT_FAULT,CHP_VEHTYPE_AT_FAULT,COUNT_SEVERE_INJ,COUNT_VISIBLE_INJ,COUNT_COMPLAINT_PAIN,COUNT_PED_KILLED,COUNT_PED_INJURED,COUNT_BICYCLIST_KILLED,COUNT_BICYCLIST_INJURED,COUNT_MC_KILLED,COUNT_MC_INJURED,PRIMARY_RAMP,SECONDARY_RAMP,LATITUDE,LONGITUDE,COUNTY,CITY,POINT_X,POINT_Y
91235781,2020,2020-05-11,9550,2020-05-03,1948,022167,NA,7,2,6,1949,0,1,1,NA,2,651,I-605 S/B,ALD,2000,N,N,A,-,Y,NA,NA,605,NA,NA,NA,NA,NA,S,Y,3,0,1,1,A,-,08,22107,NA,N,E,I,A,A,H,-,D,D,0,NA,NA,NA,NA,Y,NA,A,01,0,1,0,0,0,0,0,0,0,-,-,33.893310546875,-118.10489654541016,LOS ANGELES,NORWALK,-118.10491180419922,33.893310546875
91235811,2020,2020-05-11,9565,2020-05-09,1705,021706,NA,6,2,7,1942,0,1,1,NA,2,083,I-10 W/B (SANTA MONICA FREEWAY),NATIONAL BLVD,200,E,N,A,-,Y,NA,NA,10,NA,NA,NA,NA,NA,W,N,4,0,1,2,A,-,03,22350,NA,N,C,C,A,A,H,-,A,D,0,NA,NA,NA,NA,Y,NA,A,01,0,0,1,0,0,0,0,0,0,-,-,34.029640197753906,-118.40216827392578,LOS ANGELES,LOS ANGELES,-118.40216827392578,34.02965545654297
91235828,2020,2020-05-11,9550,2020-05-01,0355,021578,NA,5,3,9,1900,0,1,1,NA,2,650,I-605 S/B,WHITTIER BLVD.,204,N,N,A,-,Y,NA,NA,605,NA,NA,NA,NA,NA,S,Y,4,0,1,1,A,-,08,22107,NA,N,E,I,A,A,H,-,C,D,0,NA,NA,NA,NA,Y,NA,A,01,0,0,1,0,0,0,0,0,0,-,-,33.99428176879883,-118.06922149658205,LOS ANGELES,UNINCORPORATED,-118.06914520263672,33.9942626953125
91235829,2020,2020-05-11,9580,2020-05-01,1700,022158,NA,5,2,7,1942,0,1,3,NA,2,170,SR-170 N/B (HOLLYWOOD FWY.),SHERMAN WAY,2000,S,N,A,-,Y,NA,NA,170,NA,NA,NA,NA,NA,N,Y,3,0,4,2,A,-,08,22107,NA,M,B,C,A,A,H,-,A,A,0,NA,NA,NA,NA,Y,Y,-,99,0,3,1,0,0,0,0,0,0,-,-,34.19565963745117,-118.40257263183594,LOS ANGELES,LOS ANGELES,-118.4025650024414,34.19565963745117
91235835,2020,2020-05-11,9550,2020-05-05,1900,020948,NA,2,2,9,1900,0,2,4,NA,1,052,COLIMA ROAD,PASO REAL AVENUE,35,E,N,A,-,N,NA,NA,NA,NA,NA,NA,NA,NA,NA,Y,3,0,2,2,A,-,08,22107,NA,N,C,C,A,A,H,-,A,A,0,NA,NA,NA,NA,Y,NA,A,01,0,1,1,0,0,0,0,0,0,-,-,33.987728118896484,-117.8933563232422,LOS ANGELES,UNINCORPORATED,-117.8934326171875,33.987754821777344
91235854,2020,2020-05-11,9580,2020-05-01,0618,017371,NA,5,1,7,1942,0,1,1,NA,2,407,I-405 S/B (SAN DIEGO FWY),SATICOY ST,2112,N,N,A,-,Y,NA,NA,405,NA,NA,NA,NA,NA,S,Y,4,0,1,3,A,-,03,22350,NA,N,C,C,A,A,H,-,A,D,0,NA,NA,NA,NA,Y,NA,A,01,0,0,1,0,0,0,0,0,0,-,-,34.21445083618164,-118.47344207763672,LOS ANGELES,LOS ANGELES,-118.473388671875,34.21445083618164
91235865,2020,2020-05-11,9580,2020-05-01,0853,019715,NA,5,1,7,1942,0,1,2,NA,2,102,US-101 N/B (VENTURA FREEWAY),ENCINO AVE,415,S,N,A,-,Y,NA,NA,NA,NA,NA,NA,NA,NA,NA,Y,4,0,2,2,A,-,03,22350,NA,N,C,D,A,A,H,-,A,D,0,NA,NA,NA,NA,Y,NA,A,01,0,0,2,0,0,0,0,0,0,-,-,34.10169982910156,-118.30470275878906,LOS ANGELES,LOS ANGELES,NA,NA
91235886,2020,2020-05-11,9565,2020-05-05,1430,021576,NA,2,2,9,1900,0,3,5,NA,2,005,ADMIRALTY WAY,VIA REGATTA,2040,E,N,A,-,N,NA,NA,NA,NA,NA,NA,NA,NA,NA,Y,4,0,1,3,A,-,03,22350,NA,N,C,C,A,A,H,-,A,D,0,NA,NA,NA,NA,Y,NA,D,22,0,0,1,0,0,0,0,0,0,-,-,33.98352813720703,-118.44499206542967,LOS ANGELES,UNINCORPORATED,-118.445068359375,33.98350143432617
91235896,2020,2020-05-11,9550,2020-05-02,2315,022387,NA,6,3,6,1949,0,1,1,NA,2,651,I-105 WB FROM IMPERIAL HIGHWAY,IMPERIAL HIGHWAY,120,N,N,A,-,Y,NA,NA,NA,NA,NA,NA,NA,NA,NA,Y,3,0,1,1,A,-,01,23152,A,N,E,I,A,A,H,-,D,D,0,NA,NA,NA,NA,Y,Y,A,01,0,1,0,0,0,0,0,0,0,-,-,33.91756820678711,-118.10517120361328,LOS ANGELES,NORWALK,-118.39006042480467,33.93143081665039
91235934,2020,2020-05-11,9580,2020-04-26,0150,022064,NA,7,3,7,1942,0,1,3,NA,2,171,SR-170 S/B (HOLLYWOOD FWY.),VICTORY BLVD,528,S,N,A,-,Y,NA,NA,170,NA,NA,NA,NA,NA,S,Y,3,0,1,1,A,-,01,23152,A,N,E,I,A,A,H,-,C,D,0,NA,NA,NA,NA,Y,Y,A,01,0,1,0,0,0,0,0,0,0,-,-,34.18513870239258,-118.40074157714844,LOS ANGELES,LOS ANGELES,-118.40074920654295,34.18513488769531
91235964,2020,2020-05-11,9535,2020-05-04,0640,021773,NA,1,1,3,1914,0,1,1,NA,2,500,I-5 (SANTA ANA FREEWAY) N/B,ATLANTIC BLVD.,1400,S,N,A,-,Y,NA,NA,5,NA,NA,NA,NA,NA,N,Y,4,0,2,4,A,-,03,22350,NA,N,C,C,A,A,H,-,A,D,0,NA,NA,NA,NA,Y,NA,A,07,0,0,2,0,0,0,0,0,0,-,-,34.00624084472656,-118.15502166748048,LOS ANGELES,COMMERCE,-118.1550064086914,34.00625228881836
91235970,2020,2020-05-11,9550,2020-05-07,1545,022391,NA,4,2,9,1900,0,2,4,NA,1,015,PIONEER BLVD (SLAUSON AVENUE EXIT),I-605 N/B TO SLAUSON AVE,0,NA,Y,A,-,N,NA,NA,NA,NA,NA,NA,NA,NA,NA,Y,4,0,1,2,A,-,09,21802,A,N,D,C,A,A,H,-,A,A,0,NA,NA,NA,NA,Y,NA,A,01,0,0,1,0,0,0,0,0,0,-,-,33.96875,-118.08152770996094,LOS ANGELES,UNINCORPORATED,-118.081513,33.968727
91235976,2020,2020-05-11,9565,2020-05-10,1450,022126,NA,7,2,9,1900,0,3,5,NA,2,005,BALI WAY,ADMIRALTY WAY,250,W,N,A,-,N,NA,NA,NA,NA,NA,NA,NA,NA,NA,Y,4,0,1,2,A,-,09,21801,A,N,D,C,A,A,H,-,A,D,0,NA,NA,Y,NA,Y,NA,C,02,0,0,1,0,0,0,0,0,1,-,-,33.9817008972168,-118.4425811767578,LOS ANGELES,UNINCORPORATED,-118.44239807128906,33.981807708740234
91235994,2020,2020-05-11,9575,2020-05-02,2254,022526,NA,6,3,7,1942,0,1,1,NA,2,052,I-5 N/B (GOLDEN STATE FREEWAY),PEORIA ST. O/C,10,S,N,A,-,Y,NA,NA,5,NA,NA,NA,NA,NA,N,Y,3,0,1,1,A,-,01,23152,A,N,E,I,A,A,H,-,C,D,0,NA,NA,NA,NA,Y,Y,A,01,0,1,0,0,0,0,0,0,0,-,-,34.229000091552734,-118.39289855957033,LOS ANGELES,LOS ANGELES,-118.39292907714844,34.22894287109375
91236030,2020,2020-05-11,9575,2020-05-03,1745,022429,NA,7,2,7,1942,0,1,3,NA,2,070,SR-118 W/B FROM GLENOAKS BLVD,GLENOAKS BLVD,28,W,N,A,-,Y,NA,NA,118,NA,NA,NA,R,NA,W,Y,3,0,1,1,A,-,03,22350,NA,N,E,I,A,A,H,-,A,A,0,NA,NA,NA,NA,Y,NA,A,07,0,1,0,0,0,0,0,0,0,-,-,34.280521392822266,-118.41921997070313,LOS ANGELES,LOS ANGELES,-118.41921997070313,34.280521392822266
91236048,2020,2020-05-11,9535,2020-05-05,1615,022287,NA,2,2,5,1948,0,1,1,NA,2,070,I-710 (LONG BEACH FREEWAY) N/B,RAMONA BOULEVARD,1000,S,N,A,-,Y,NA,NA,710,NA,NA,NA,NA,NA,N,Y,3,0,2,2,A,-,07,21658,A,N,B,C,A,A,H,-,A,D,0,NA,NA,NA,NA,Y,NA,A,01,0,1,1,0,0,0,0,0,0,-,-,34.057071685791016,-118.16493225097656,LOS ANGELES,MONTEREY PARK,-118.16490173339844,34.05707931518555
91236066,2020,2020-05-11,9525,2020-05-02,2208,022455,NA,6,3,6,1955,0,3,5,NA,2,003,TEMPLE AVE. (3000 BLOCK),UNIVERSITY DR.,160,W,N,A,-,N,NA,NA,NA,NA,NA,NA,NA,NA,NA,Y,3,0,1,1,A,-,08,22107,NA,N,E,I,A,A,H,-,C,A,0,NA,NA,NA,NA,Y,NA,A,01,0,1,0,0,0,0,0,0,0,-,-,34.05039978027344,-117.82083129882813,LOS ANGELES,POMONA,-117.82119750976564,34.050567626953125
91236073,2020,2020-05-11,9525,2020-05-05,2108,022521,NA,2,2,5,1990,0,1,3,NA,2,604,SR-60 E/B (POMONA FWY),DIAMOND BAR BLVD.,2640,W,N,A,-,Y,NA,NA,60,NA,NA,NA,NA,NA,E,Y,3,0,1,1,A,-,01,23152,F,N,E,J,A,A,D,-,D,D,0,NA,NA,Y,NA,Y,NA,C,02,0,1,0,0,0,0,0,0,1,-,-,34.01737976074219,-117.8166732788086,LOS ANGELES,DIAMOND BAR,-117.81679534912108,34.017478942871094
91236074,2020,2020-05-11,9525,2020-05-02,1855,021779,NA,6,2,6,1955,0,1,1,NA,2,108,I-10 E/B (SAN BERNARDINO FWY),KELLOGG DR.,2112,W,N,A,-,Y,NA,NA,10,NA,NA,NA,NA,NA,E,Y,4,0,1,1,A,-,03,22350,NA,N,E,I,A,A,D,E,A,D,0,NA,NA,NA,NA,Y,NA,A,01,0,0,1,0,0,0,0,0,0,-,-,34.06364059448242,-117.81947326660156,LOS ANGELES,POMONA,-117.81947326660156,34.06357192993164
91236081,2020,2020-05-11,9590,2020-05-08,1615,022405,NA,5,2,7,1942,0,1,1,NA,2,050,I-110 N/B (HARBOR FREEWAY),W. 88TH PLACE,550,S,N,A,-,Y,NA,NA,NA,NA,NA,NA,NA,NA,NA,N,4,0,2,3,A,-,03,22350,NA,N,C,C,A,A,H,-,A,D,0,NA,NA,NA,NA,Y,NA,A,01,0,0,2,0,0,0,0,0,0,-,-,34.95515060424805,-118.28070068359376,LOS ANGELES,LOS ANGELES,-118.28073120117188,33.955223083496094
91236090,2020,2020-05-11,9530,2020-05-02,1220,021004,NA,6,1,9,1900,0,3,5,NA,2,002,EL SEGUNDO BLVD.,WILLOWBROOK AVE.,0,NA,Y,A,-,N,NA,NA,NA,NA,NA,NA,NA,NA,NA,Y,4,0,1,2,A,-,12,21453,A,N,D,C,A,A,H,-,A,A,0,NA,NA,NA,NA,Y,NA,-,-,0,0,1,0,0,0,0,0,0,-,-,33.916160583496094,-118.23114776611328,LOS ANGELES,UNINCORPORATED,-118.23168182373048,33.91619873046875
91236097,2020,2020-05-11,9535,2020-05-06,0645,022172,NA,3,1,5,1901,0,1,1,NA,2,111,I-10 (SAN BERNARDINO FREEWAY) W/B (HOT),FREMONT AVE,500,W,N,A,-,Y,NA,NA,10,NA,NA,NA,NA,NA,W,Y,4,0,2,3,A,-,08,22107,NA,N,E,I,A,A,H,-,A,D,0,NA,NA,NA,NA,Y,NA,A,07,0,0,2,0,0,0,0,0,0,-,-,34.06766128540039,-118.1530303955078,LOS ANGELES,ALHAMBRA,-118.15300750732422,34.06761932373047
91236112,2020,2020-05-11,9540,2020-04-07,0615,015093,NA,2,1,9,1900,0,2,4,NA,1,201,SIERRA HIGHWAY (7600 BLOCK),PENMAN ROAD,495,S,N,B,-,N,NA,NA,NA,NA,NA,NA,NA,NA,NA,Y,1,1,1,2,A,-,05,21650,NA,N,A,C,A,B,H,-,B,D,0,NA,NA,NA,NA,Y,NA,A,07,1,0,0,0,0,0,0,0,0,-,-,34.52088165283203,-118.2658920288086,LOS ANGELES,UNINCORPORATED,-118.2659912109375,34.52098846435547
91236114,2020,2020-05-11,9525,2020-05-04,0120,022009,NA,1,3,6,1975,0,1,1,NA,2,103,I-10 W/B (SAN BERNARDINO FWY),SUNSET AVE,1584,E,N,A,-,Y,NA,NA,10,NA,NA,NA,NA,NA,W,N,4,0,1,2,A,-,07,21658,A,M,B,C,A,A,H,-,C,D,0,NA,NA,NA,NA,Y,NA,A,01,0,0,1,0,0,0,0,0,0,-,-,34.07244110107422,-117.93020629882813,LOS ANGELES,WEST COVINA,-117.93020629882813,34.07247543334961
91236115,2020,2020-05-11,9530,2020-05-05,0040,021325,NA,2,3,7,1941,0,1,1,NA,2,072,I-710 S/B (LONG BEACH FREEWAY),I-405 S/B (SAN DIEGO FREEWAY),480,S,N,A,-,Y,NA,NA,710,NA,NA,NA,NA,NA,S,Y,3,0,2,2,A,-,08,22107,NA,N,E,I,A,A,H,-,C,D,0,NA,NA,NA,NA,Y,NA,A,07,0,1,1,0,0,0,0,0,0,-,-,33.8249397277832,-118.20726776123048,LOS ANGELES,LONG BEACH,-118.20716857910156,33.824951171875
91236124,2020,2020-05-11,9535,2020-05-08,2153,022418,NA,5,2,9,1900,0,1,3,NA,2,600,SR-60 (POMONA FREEWAY) E/B,I-710,550,W,N,A,-,Y,NA,NA,60,NA,NA,NA,NA,NA,E,Y,4,0,1,1,C,-,18,NA,NA,N,E,J,A,A,H,-,D,D,0,NA,NA,NA,NA,Y,NA,-,-,0,0,1,0,0,0,0,0,0,-,-,34.0349006652832,-118.17382049560548,LOS ANGELES,UNINCORPORATED,-118.17382049560548,34.03490447998047
91236135,2020,2020-05-11,9580,2020-05-06,1525,021954,NA,3,2,7,1942,0,1,3,NA,2,170,SR-170 N/B (HOLLYWOOD FWY.),BURBANK BLVD,2000,S,N,A,-,Y,NA,NA,170,NA,NA,NA,NA,NA,N,Y,4,0,1,2,A,-,08,22107,NA,N,B,C,A,A,H,-,A,D,0,NA,NA,NA,NA,Y,NA,A,01,0,0,1,0,0,0,0,0,0,-,-,34.16809844970703,-118.38419342041016,LOS ANGELES,LOS ANGELES,-118.3840789794922,34.16817092895508
91236137,2020,2020-05-11,9575,2020-05-07,0730,022448,NA,4,1,7,1942,0,1,3,NA,2,043,SR-134 W/B (VENTURA FREEWAY),FOREST LAWN DR.,1500,E,N,A,-,Y,NA,NA,134,NA,NA,NA,NA,NA,W,N,3,0,1,2,A,-,07,21658,A,N,C,C,A,A,H,-,A,D,0,NA,NA,NA,NA,Y,NA,A,01,0,1,0,0,0,0,0,0,0,-,-,34.15604019165039,-118.30671691894533,LOS ANGELES,LOS ANGELES,-118.30672454833984,34.15605926513672
91236138,2020,2020-05-11,9580,2020-04-30,1530,020462,NA,4,2,7,1942,0,1,3,NA,2,119,SR-118 W/B (RRF) FROM PORTER RANCH DR.,PORTER RANCH DR.,390,W,N,A,-,Y,NA,NA,118,NA,NA,NA,R,NA,W,Y,4,0,1,2,A,-,03,22350,NA,N,C,C,A,A,H,-,A,A,0,NA,NA,NA,NA,Y,NA,A,07,0,0,1,0,0,0,0,0,0,-,-,34.273868560791016,-118.57135772705078,LOS ANGELES,LOS ANGELES,-118.57135772705078,34.273868560791016
91236158,2020,2020-05-11,9580,2020-05-01,1715,020462,NA,5,2,7,1942,0,1,3,NA,2,170,SR-170 N/B TO SHERMAN WAY,VANOWEN ST,0,NA,N,A,-,Y,NA,NA,170,NA,NA,NA,R,NA,N,N,4,0,2,3,A,-,03,22350,NA,N,C,C,A,A,H,-,A,D,0,NA,NA,NA,NA,Y,NA,D,22,0,0,2,0,0,0,0,0,0,-,-,34.19662857055664,-118.40252685546876,LOS ANGELES,LOS ANGELES,-118.40252685546876,34.19662857055664
91236162,2020,2020-05-11,9525,2020-04-28,2033,021080,NA,2,2,6,1975,0,1,1,NA,2,106,I-10 E/B (SAN BERNARDINO FWY),AZUSA AVE,1056,W,N,A,-,Y,NA,NA,10,NA,NA,NA,NA,NA,E,Y,2,0,2,2,A,-,07,21658,A,N,C,C,A,A,D,E,C,D,0,NA,NA,NA,NA,Y,NA,A,01,1,0,1,0,0,0,0,0,0,-,-,34.07209014892578,-117.91143035888672,LOS ANGELES,WEST COVINA,-117.91143035888672,34.07209396362305
91236164,2020,2020-05-11,9535,2020-05-01,1650,022269,NA,5,2,4,1962,0,1,1,NA,2,420,I-10 (SAN BERNARDINO FREEWAY) E/B,NEW AVE,200,E,N,A,-,Y,NA,NA,10,NA,NA,NA,NA,NA,E,Y,4,0,2,2,A,-,08,22107,NA,N,C,C,A,A,H,-,A,D,0,NA,NA,NA,NA,Y,NA,A,08,0,0,2,0,0,0,0,0,0,-,-,34.07175064086914,-118.1072006225586,LOS ANGELES,SAN GABRIEL,-118.1072006225586,34.07167053222656
91236185,2020,2020-05-11,9565,2020-05-04,1735,021576,NA,1,2,9,1900,0,3,5,NA,2,004,134TH PL.,OCEAN GATE AVE.,130,E,N,A,-,N,NA,NA,NA,NA,NA,NA,NA,NA,NA,N,3,0,1,2,A,-,09,21804,A,N,H,G,A,A,H,-,A,D,0,NA,Y,NA,NA,Y,NA,L,04,0,1,0,0,0,0,1,0,0,-,-,33.91035842895508,-118.36660766601564,LOS ANGELES,UNINCORPORATED,-118.36669158935548,33.91031265258789
91236193,2020,2020-05-11,9580,2020-04-30,1527,021807,NA,4,2,7,1942,0,1,2,NA,2,103,US-101 S/B (VENTURA FREEWAY),HASKELL AVE,1050,N,N,A,-,Y,NA,NA,101,NA,NA,NA,NA,NA,S,Y,4,0,1,4,A,-,07,21658,A,N,C,C,A,A,H,-,A,D,0,NA,NA,NA,NA,Y,NA,A,07,0,0,1,0,0,0,0,0,0,-,-,34.165199279785156,-118.47840118408205,LOS ANGELES,LOS ANGELES,-118.47840118408205,34.16525650024414
91236208,2020,2020-05-11,9525,2020-05-05,2058,021156,NA,2,2,4,1913,0,1,1,NA,2,119,I-10 W/B (SAN BERNARDINO FWY),INDIAN HILL BLVD,1900,W,N,A,-,Y,NA,NA,10,NA,NA,NA,NA,NA,W,Y,2,0,3,2,A,-,03,22350,NA,N,C,C,A,A,H,-,C,D,0,NA,NA,NA,NA,Y,NA,A,08,2,0,1,0,0,0,0,0,0,-,-,34.08169174194336,-117.7257080078125,LOS ANGELES,CLAREMONT,-117.7257080078125,34.08173751831055
91236275,2020,2020-05-11,9525,2020-05-08,1350,021757,NA,5,1,5,1990,0,1,3,NA,2,611,SR-60 W/B (POMONA FWY),LEMON AVE,500,E,N,A,-,Y,NA,NA,60,NA,NA,NA,NA,NA,W,Y,3,0,2,1,A,-,08,22107,NA,N,E,I,A,A,H,-,A,D,0,NA,NA,NA,NA,Y,NA,A,01,0,2,0,0,0,0,0,0,0,-,-,33.999271392822266,-117.85286712646484,LOS ANGELES,DIAMOND BAR,-117.85285949707033,33.99922180175781
91236282,2020,2020-05-11,9545,2020-05-09,0430,020244,NA,6,3,9,1900,0,1,3,NA,2,011,SR-14 S/B,AVENUE C,650,N,N,A,-,Y,NA,NA,14,NA,NA,NA,NA,NA,S,Y,3,0,1,1,A,-,08,22107,NA,N,E,I,A,A,H,-,D,D,0,NA,NA,NA,NA,Y,NA,A,01,0,1,0,0,0,0,0,0,0,-,-,34.79302978515625,-118.17135620117188,LOS ANGELES,UNINCORPORATED,-118.17101287841795,34.79302978515625
91236305,2020,2020-05-11,9525,2020-05-09,1738,021156,NA,6,2,6,1955,0,1,1,NA,2,108,I-10 E/B (SAN BERNARDINO FWY),FAIRPLEX DR.,1000,E,N,A,-,Y,NA,NA,10,NA,NA,NA,NA,NA,E,Y,3,0,2,4,A,-,03,22350,NA,N,C,C,A,A,H,-,A,D,0,NA,NA,NA,NA,Y,NA,D,22,0,1,1,0,0,0,0,0,0,-,-,34.07273864746094,-117.78330230712892,LOS ANGELES,POMONA,-117.78330230712892,34.072811126708984
91236312,2020,2020-05-11,9550,2020-05-09,0940,019179,NA,6,1,5,1919,0,1,3,NA,2,092,STATE ROUTE 91 (ARTESIA FREEWAY),NORWALK BOULEVARD,1500,E,N,A,-,Y,NA,NA,91,NA,NA,NA,NA,NA,NA,N,4,0,2,2,A,-,07,21658,A,N,C,C,A,A,H,-,A,D,0,NA,NA,NA,NA,Y,NA,D,22,0,0,2,0,0,0,0,0,0,-,-,33.87651062011719,-118.06774139404295,LOS ANGELES,CERRITOS,-118.0677490234375,33.87641143798828
91236316,2020,2020-05-26,9550,2020-05-08,2150,021532,NA,5,2,9,1900,0,1,1,NA,2,650,INTERSTATE 605 S/B,ROSE HILLS ROAD,0,NA,N,A,-,Y,NA,NA,NA,NA,NA,NA,NA,NA,NA,Y,4,0,1,2,A,-,08,22107,NA,F,B,C,A,A,H,-,C,D,0,NA,NA,NA,NA,Y,NA,-,99,0,0,1,0,0,0,0,0,0,-,-,34.01877975463867,-118.05182647705078,LOS ANGELES,UNINCORPORATED,-118.05290222167967,34.01799011230469
91236335,2020,2020-05-11,9525,2020-05-04,1715,020216,NA,1,2,9,1900,0,3,5,NA,2,002,GLADSTONE ST. (900 BLOCK),ASPAN ST.,64,W,N,A,-,N,NA,NA,NA,NA,NA,NA,NA,NA,NA,Y,4,0,2,2,A,-,08,22107,NA,N,C,E,A,A,H,-,A,D,0,NA,NA,NA,NA,Y,NA,A,01,0,0,2,0,0,0,0,0,0,-,-,34.114219665527344,-117.9194564819336,LOS ANGELES,UNINCORPORATED,-117.91950988769533,34.11431121826172
91236354,2020,2020-05-12,9525,2020-05-11,1633,019264,NA,1,2,4,1946,0,1,1,NA,2,202,I-210 E/B (FOOTHILL FWY),MAYFLOWER AVE,1056,W,N,A,-,Y,NA,NA,210,NA,NA,NA,NA,NA,E,Y,4,0,1,3,A,-,03,22350,NA,N,C,C,A,A,H,-,A,D,0,NA,NA,NA,NA,Y,NA,A,01,0,0,1,0,0,0,0,0,0,-,-,34.13726043701172,-118.0127410888672,LOS ANGELES,MONROVIA,-118.0127410888672,34.13725280761719
91236364,2020,2020-05-12,9525,2020-05-03,1030,019632,NA,7,1,9,1900,0,1,3,NA,1,024,SR-39 (SAN GABRIEL CANYON RD.),RINCON FIRE STATION,8976,N,N,A,-,Y,NA,NA,39,NA,NA,NA,NA,NA,NA,Y,3,0,1,1,A,-,08,22107,NA,N,E,I,A,A,H,-,A,D,0,NA,NA,NA,NA,Y,NA,A,07,0,1,0,0,0,0,0,0,0,-,-,34.2563591003418,-117.8586883544922,LOS ANGELES,UNINCORPORATED,-117.85868072509766,34.2563591003418
91236400,2020,2020-05-12,9565,2020-05-01,0840,022378,NA,5,1,9,1900,0,1,1,NA,2,063,I-405 N/B (SAN DIEGO FREEWAY),WILSHIRE BLVD,150,N,N,A,-,Y,NA,NA,405,NA,NA,NA,NA,NA,N,Y,4,0,2,5,A,-,03,22350,NA,N,C,C,A,A,H,-,A,D,0,NA,NA,NA,Y,Y,NA,F,26,0,0,2,0,0,0,0,0,0,-,-,34.056339263916016,-118.452392578125,LOS ANGELES,UNINCORPORATED,-118.45246124267578,34.05628204345703
91236413,2020,2020-05-12,9525,2020-05-03,0555,018992,NA,7,3,5,1990,0,1,3,NA,2,601,SR-60 W/B (POMONA FWY),LEMON AVE,1000,W,N,A,-,Y,NA,NA,60,NA,NA,NA,NA,NA,W,Y,3,0,3,3,A,-,08,22107,NA,N,B,C,A,A,H,-,A,B,0,NA,NA,NA,NA,Y,NA,A,01,0,1,2,0,0,0,0,0,0,-,-,33.99824142456055,-117.85923767089844,LOS ANGELES,DIAMOND BAR,-117.85923767089844,33.99821472167969
91236440,2020,2020-05-12,9525,2020-05-05,0228,022103,NA,2,3,9,1900,0,3,5,NA,2,001,MOUNTAIN AVENUE (2500 BLOCK),CAMINO REAL,750,S,N,A,-,N,NA,NA,NA,NA,NA,NA,NA,NA,NA,Y,2,0,1,1,A,-,01,23152,F,N,E,I,A,A,H,-,C,D,0,NA,NA,NA,NA,Y,NA,A,01,1,0,0,0,0,0,0,0,0,-,-,34.11774826049805,-117.99227142333984,LOS ANGELES,UNINCORPORATED,-117.99220275878906,34.117820739746094
91236456,2020,2020-05-12,9590,2020-04-26,2235,022189,NA,7,3,7,1942,0,1,1,NA,2,053,I-110 S/B (HARBOR FREEWAY) (HAF),PICO BOULEVARD,200,N,N,A,-,Y,NA,NA,NA,NA,NA,NA,NA,NA,NA,Y,4,0,1,2,A,-,01,23152,A,N,B,C,A,A,H,-,C,D,0,NA,NA,NA,Y,Y,Y,A,01,0,0,1,0,0,0,0,0,0,-,-,34.034549713134766,-118.27252960205078,LOS ANGELES,LOS ANGELES,-118.27267456054688,34.0433464050293
91236464,2020,2020-05-12,9540,2020-05-03,0815,021374,NA,7,1,9,1900,0,1,3,NA,2,146,SR-14 N/B (ANTELOPE VALLEY FREEWAY),SOLEDAD CANYON RD,2640,N,N,A,-,Y,NA,NA,14,NA,NA,NA,NA,NA,N,Y,3,0,1,1,A,-,08,22107,NA,N,E,I,A,A,H,-,A,D,0,NA,NA,NA,NA,Y,NA,A,01,0,1,0,0,0,0,0,0,0,-,-,34.442569732666016,-118.3647918701172,LOS ANGELES,UNINCORPORATED,-118.36484527587892,34.442604064941406