CASE_ID,ACCIDENT_YEAR,PROC_DATE,JURIS,COLLISION_DATE,COLLISION_TIME,OFFICER_ID,REPORTING_DISTRICT,DAY_OF_WEEK,CHP_SHIFT,POPULATION,CNTY_CITY_LOC,SPECIAL_COND,BEAT_TYPE,CHP_BEAT_TYPE,CITY_DIVISION_LAPD,CHP_BEAT_CLASS,BEAT_NUMBER,PRIMARY_RD,SECONDARY_RD,DISTANCE,DIRECTION,INTERSECTION,WEATHER_1,WEATHER_2,STATE_HWY_IND,CALTRANS_COUNTY,CALTRANS_DISTRICT,STATE_ROUTE,ROUTE_SUFFIX,POSTMILE_PREFIX,POSTMILE,LOCATION_TYPE,RAMP_INTERSECTION,SIDE_OF_HWY,TOW_AWAY,COLLISION_SEVERITY,NUMBER_KILLED,NUMBER_INJURED,PARTY_COUNT,PRIMARY_COLL_FACTOR,PCF_CODE_OF_VIOL,PCF_VIOL_CATEGORY,PCF_VIOLATION,PCF_VIOL_SUBSECTION,HIT_AND_RUN,TYPE_OF_COLLISION,MVIW,PED_ACTION,ROAD_SURFACE,ROAD_COND_1,ROAD_COND_2,LIGHTING,CONTROL_DEVICE,CHP_ROAD_TYPE,PEDESTRIAN_ACCIDENT,BICYCLE_ACCIDENT,MOTORCYCLE_ACCIDENT,TRUCK_ACCIDENT,NOT_PRIVATE_PROPERTY,ALCOHOL_INVOLVED,STWD_VEHTYPE_AT_FAULT,CHP_VEHTYPE_AT_FAULT,COUNT_SEVERE_INJ,COUNT_VISIBLE_INJ,COUNT_COMPLAINT_PAIN,COUNT_PED_KILLED,COUNT_PED_INJURED,COUNT_BICYCLIST_KILLED,COUNT_BICYCLIST_INJURED,COUNT_MC_KILLED,COUNT_MC_INJURED,PRIMARY_RAMP,SECONDARY_RAMP,LATITUDE,LONGITUDE,COUNTY,CITY,POINT_X,POINT_Y
91237222,2020,2020-05-13,9580,2020-05-02,2150,022492,NA,6,2,7,1942,0,1,2,NA,2,100,US-101 N/B (HOLLYWOOD FREEWAY),MOORPARK ST,15,N,N,A,-,Y,NA,NA,101,NA,NA,NA,NA,NA,N,Y,4,0,1,2,A,-,07,21658,A,N,C,C,A,A,H,-,C,D,0,NA,NA,NA,NA,Y,Y,A,01,0,0,1,0,0,0,0,0,0,-,-,34.150550842285156,-118.37418365478516,LOS ANGELES,LOS ANGELES,-118.37413787841795,34.150577545166016
91237259,2020,2020-05-13,9430,2020-05-10,0430,018681,NA,7,3,9,1900,0,1,1,NA,2,051,I-5 N/B (GOLDEN STATE FWY.),SR-138,0,NA,N,A,-,Y,NA,NA,5,NA,NA,NA,NA,NA,N,Y,3,0,1,1,A,-,08,22107,NA,N,E,I,A,A,H,-,D,D,0,NA,NA,NA,NA,Y,NA,A,01,0,1,0,0,0,0,0,0,0,-,-,34.77149963378906,-118.80345153808594,LOS ANGELES,UNINCORPORATED,-118.80354309082033,34.77140426635742
91237317,2020,2020-05-13,9525,2020-05-01,0700,014593,NA,5,1,6,1955,0,1,3,NA,2,606,SR-60 E/B (POMONA FWY),GAREY AVE,2640,W,N,B,-,Y,NA,NA,60,NA,NA,NA,NA,NA,E,Y,4,0,2,3,A,-,03,22350,NA,N,B,C,A,A,H,-,A,D,0,NA,NA,NA,NA,Y,NA,A,01,0,0,2,0,0,0,0,0,0,-,-,34.02490997314453,-117.75724029541016,LOS ANGELES,POMONA,-117.75726318359376,34.02471923828125
91237329,2020,2020-05-13,9525,2020-05-07,1740,021779,NA,4,2,9,1900,0,1,3,NA,1,024,SR-39 (SAN GABRIEL CANYON RD.),EAST FORK RD.,7920,S,N,A,-,Y,NA,NA,39,NA,NA,NA,NA,NA,NA,Y,3,0,1,1,A,-,08,22107,NA,N,E,I,A,A,H,-,A,D,0,NA,NA,NA,NA,Y,NA,A,07,0,1,0,0,0,0,0,0,0,-,-,34.222171783447266,-117.85157775878906,LOS ANGELES,UNINCORPORATED,-117.85162353515624,34.22220993041992
91237332,2020,2020-05-13,9550,2020-04-30,2000,022164,NA,4,2,9,1900,0,3,5,NA,2,005,COLIMA ROAD,PEPPERDALE DRIVE,0,NA,Y,A,-,Y,NA,NA,NA,NA,NA,NA,NA,NA,NA,Y,4,0,2,2,A,-,09,21802,A,N,D,C,A,A,H,-,C,D,0,NA,NA,NA,NA,Y,NA,A,01,0,0,2,0,0,0,0,0,0,-,-,33.98617935180664,-117.8725128173828,LOS ANGELES,UNINCORPORATED,-117.87248229980467,33.98617935180664
91237333,2020,2020-05-13,9580,2020-05-09,0610,022019,NA,6,1,7,1942,0,1,2,NA,2,101,US-101 S/B (VENTURA FREEWAY),LAUREL CANYON BLVD,800,N,N,B,-,Y,NA,NA,101,NA,NA,NA,NA,NA,S,Y,3,0,3,3,A,-,08,22107,NA,N,C,C,A,A,H,-,A,D,0,NA,NA,NA,NA,Y,NA,A,01,0,1,2,0,0,0,0,0,0,-,-,34.154701232910156,-118.39939880371094,LOS ANGELES,LOS ANGELES,-118.39938354492188,34.154754638671875
91237337,2020,2020-05-13,9525,2020-05-08,1300,021779,NA,5,1,9,1900,0,1,3,NA,1,024,SR-39 (SAN GABRIEL CANYON RD.),ROBB'S GULCH,5280,S,N,A,-,N,NA,NA,39,NA,NA,NA,NA,NA,NA,Y,3,0,2,2,A,-,03,22350,NA,N,F,A,A,A,H,-,A,D,0,NA,NA,Y,NA,Y,NA,C,02,0,2,0,0,0,0,0,0,2,-,-,34.21540832519531,-117.86414337158205,LOS ANGELES,UNINCORPORATED,-117.86410522460938,34.21530532836914
9123735,2020,2020-09-24,1942,2020-06-27,1010,40440,1269,6,5,7,1942,0,0,0,L,0,25T21,MANCHESTER AV,MCKINLEY AV,250,E,N,A,-,N,NA,NA,NA,NA,NA,NA,NA,NA,NA,N,3,0,1,2,A,-,01,23152,A,N,C,C,A,A,H,-,A,A,0,NA,NA,NA,NA,Y,Y,A,01,0,1,0,0,0,0,0,0,0,-,-,NA,NA,LOS ANGELES,LOS ANGELES,-118.2599868774414,33.960147857666016
91237365,2020,2020-05-13,9590,2020-05-11,1657,021492,NA,1,2,7,1942,0,1,1,NA,2,081,I-5 S/B (GOLDEN STATE FREEWAY),WHITTIER BOULEVARD,450,N,N,A,-,Y,NA,NA,5,NA,NA,NA,NA,NA,S,Y,4,0,1,2,A,-,03,22350,NA,N,C,C,A,A,H,-,A,D,0,NA,NA,NA,NA,Y,NA,A,08,0,0,1,0,0,0,0,0,0,-,-,34.03759002685547,-118.22010803222656,LOS ANGELES,LOS ANGELES,-118.2201690673828,34.0376091003418
91237367,2020,2020-05-26,9550,2020-05-08,1542,020948,NA,5,2,9,1900,0,1,3,NA,2,600,STATE ROUTE 60 E/B,HACIENDA BOULEVARD,2000,W,N,A,-,Y,NA,NA,60,NA,NA,NA,NA,NA,E,Y,4,0,2,4,D,-,00,NA,NA,N,C,C,A,A,H,-,A,D,0,NA,NA,NA,NA,Y,NA,-,-,0,0,2,0,0,0,0,0,0,-,-,34.008750915527344,-117.97071838378906,LOS ANGELES,UNINCORPORATED,-117.97071838378906,34.008750915527344
91237378,2020,2020-05-13,9535,2020-05-06,1335,022277,NA,3,1,9,1900,0,2,4,NA,2,024,WHITTIER BLVD (4000 BLOCK),HERBERT AVE,80,E,N,A,-,N,NA,NA,NA,NA,NA,NA,NA,NA,NA,N,4,0,5,2,A,-,03,22350,NA,N,C,C,A,A,H,-,A,A,0,NA,NA,NA,NA,Y,NA,A,01,0,0,5,0,0,0,0,0,0,-,-,34.023929595947266,-118.18316650390624,LOS ANGELES,UNINCORPORATED,-118.18348693847656,34.023929595947266
91237380,2020,2020-05-13,9545,2020-05-02,2210,021642,NA,6,3,9,1900,0,3,5,NA,1,005,AVENUE O,170TH ST  E,0,NA,Y,A,-,N,NA,NA,NA,NA,NA,NA,NA,NA,NA,N,3,0,1,2,A,-,09,21801,A,N,D,C,A,A,H,-,C,A,0,NA,NA,Y,NA,Y,NA,A,01,0,1,0,0,0,0,0,0,1,-,-,34.61655044555664,-117.82691192626952,LOS ANGELES,UNINCORPORATED,-117.82689666748048,34.616539001464844
91237392,2020,2020-05-13,9550,2020-05-09,2025,020709,NA,6,2,6,1920,0,1,1,NA,2,651,I-605 N/B,FLORENCE AVENUE,500,S,N,A,-,Y,NA,NA,605,NA,NA,NA,NA,NA,N,Y,3,0,1,2,A,-,03,22350,NA,F,C,C,A,A,H,-,C,D,0,NA,NA,NA,NA,Y,NA,-,99,0,1,0,0,0,0,0,0,0,-,-,33.93632125854492,-118.09902954101564,LOS ANGELES,DOWNEY,-118.09904479980467,33.93632888793945
91237425,2020,2020-05-13,9550,2020-05-06,1700,022203,NA,3,2,5,1908,0,1,3,NA,2,091,STATE ROUTE 91 E/B,INTERSTATE 605,1200,W,N,A,-,Y,NA,NA,91,NA,NA,NA,NA,NA,E,Y,4,0,1,2,A,-,08,22107,NA,N,C,E,A,A,H,-,A,D,0,NA,NA,NA,NA,Y,NA,A,07,0,0,1,0,0,0,0,0,0,-,-,33.876399993896484,-118.10672760009766,LOS ANGELES,BELLFLOWER,-118.1067123413086,33.87654495239258
91237473,2020,2020-05-13,9550,2020-05-11,1420,022037,NA,1,2,9,1900,0,1,1,NA,2,650,INTERSTATE 605 NORTHBOUND,DAVENRICH STREET U/C,430,S,N,A,-,Y,NA,NA,NA,NA,NA,NA,NA,NA,NA,Y,4,0,3,2,A,-,08,22107,NA,N,C,C,A,A,H,-,A,D,0,NA,NA,NA,NA,Y,NA,D,22,0,0,3,0,0,0,0,0,0,-,-,33.94462966918945,-118.09484100341795,LOS ANGELES,UNINCORPORATED,-118.09471893310548,33.9446907043457
91237498,2020,2020-05-14,9525,2020-05-13,1620,019264,NA,3,2,9,1900,0,3,5,NA,2,004,ORANGE BLOSSOM AVE. (100S),VALLEY BLVD.,200,S,N,A,-,N,NA,NA,NA,NA,NA,NA,NA,NA,NA,N,3,0,1,2,A,-,05,21202,A,N,D,G,A,A,H,-,A,D,0,NA,Y,NA,NA,Y,NA,L,04,0,1,0,0,0,0,1,0,0,-,-,34.0477294921875,-117.99494934082033,LOS ANGELES,UNINCORPORATED,-117.9948959350586,34.0478515625
91237543,2020,2020-05-14,9525,2020-05-02,2324,021393,NA,6,3,1,1934,0,1,1,NA,2,652,I-605 N/B TO I-210 W/B,HUNTINGTON DR.,3168,S,N,A,-,Y,NA,NA,605,NA,NA,NA,R,NA,N,Y,4,0,1,1,A,-,01,23152,A,N,E,I,A,A,H,-,C,D,0,NA,NA,NA,NA,Y,Y,A,01,0,0,1,0,0,0,0,0,0,-,-,34.13117980957031,-117.95970153808594,LOS ANGELES,IRWINDALE,-117.95970153808594,34.13117980957031
9123755,2020,2020-09-09,1910,2020-06-19,1258,03410,NA,5,5,4,1910,0,0,0,NA,0,006,SUNSET BL,N REXFORD DR,0,NA,Y,A,-,N,NA,NA,NA,NA,NA,NA,NA,NA,NA,N,4,0,4,2,A,-,03,22350,NA,N,C,C,A,A,H,-,A,D,0,NA,NA,NA,NA,Y,NA,A,01,0,0,4,0,0,0,0,0,0,-,-,NA,NA,LOS ANGELES,BEVERLY HILLS,-118.41017150878906,34.08317947387695
91237554,2020,2020-05-14,9540,2020-05-06,1145,015093,NA,3,1,9,1900,0,1,3,NA,2,146,SR-14 N/B (ANTELOPE VALLEY FREEWAY),AGUA DULCE CANYON ROAD,1584,S,N,A,-,Y,NA,NA,14,NA,NA,NA,NA,NA,N,N,4,0,1,1,A,-,03,22350,NA,N,E,I,A,A,H,-,A,D,0,NA,NA,NA,NA,Y,NA,A,01,0,0,1,0,0,0,0,0,0,-,-,34.46575164794922,-118.33827972412108,LOS ANGELES,UNINCORPORATED,-118.33830261230467,34.46582794189453
91237568,2020,2020-05-14,9540,2020-05-09,1350,021132,NA,6,1,9,1900,0,1,1,NA,2,513,I-5 S/B,QUAIL LAKE ROAD,1000,N,N,A,-,Y,NA,NA,5,NA,NA,NA,NA,NA,S,Y,4,0,1,1,A,-,08,22107,NA,N,E,I,A,A,H,-,A,D,0,NA,NA,NA,NA,Y,NA,A,01,0,0,1,0,0,0,0,0,0,-,-,34.76512908935547,-118.79936981201172,LOS ANGELES,UNINCORPORATED,-118.79922485351564,34.76521682739258
91237577,2020,2020-05-14,9535,2020-05-06,1710,022214,NA,3,2,5,1948,0,1,1,NA,2,070,I-710 (LONG BEACH FREEWAY) N/B,RAMONA BLVD,370,S,N,A,-,Y,NA,NA,710,NA,NA,NA,NA,NA,N,Y,3,0,1,1,A,-,01,23152,A,N,E,I,A,A,H,-,A,D,0,NA,NA,NA,NA,Y,Y,A,01,0,1,0,0,0,0,0,0,0,-,-,34.05107879638672,-118.16496276855467,LOS ANGELES,MONTEREY PARK,-118.16487121582033,34.05101013183594
91237584,2020,2020-05-14,9550,2020-05-07,0215,021578,NA,4,3,5,1919,0,1,1,NA,2,652,I-605 N/B,SOUTH ST.,1500,N,N,A,-,Y,NA,NA,605,NA,NA,NA,NA,NA,N,Y,3,0,1,1,A,-,08,22107,NA,N,E,I,A,A,H,-,C,D,0,NA,NA,NA,NA,Y,NA,A,01,0,1,0,0,0,0,0,0,0,-,-,33.86268997192383,-118.09725952148438,LOS ANGELES,CERRITOS,-118.09733581542967,33.8626594543457
91237589,2020,2020-05-14,9530,2020-05-11,1505,017755,NA,1,2,5,1977,0,1,1,NA,2,410,I-405 S/B (SAN DIEGO FREEWAY),MCHELEN AVE.,113,N,N,A,-,Y,NA,NA,405,NA,NA,NA,NA,NA,S,Y,4,0,1,2,A,-,03,22350,NA,N,B,C,A,A,H,-,A,D,0,NA,NA,NA,Y,Y,NA,A,01,0,0,1,0,0,0,0,0,0,-,-,33.82509994506836,-118.22280120849608,LOS ANGELES,CARSON,-118.22280120849608,33.82515335083008
91237596,2020,2020-05-14,9590,2020-05-08,1630,021622,NA,5,2,7,1942,0,1,2,NA,2,072,US-101 N/B (HOLLYWOOD FREEWAY),BARHAM BOULEVARD,115,S,N,A,-,Y,NA,NA,101,NA,NA,NA,NA,NA,N,N,4,0,1,2,A,-,03,22350,NA,N,C,C,A,A,H,-,A,D,0,NA,NA,NA,NA,Y,NA,A,01,0,0,1,0,0,0,0,0,0,-,-,34.12852096557617,-118.34664154052734,LOS ANGELES,LOS ANGELES,-118.34660339355467,34.12855911254883
91237599,2020,2020-05-14,9535,2020-05-13,1630,021978,NA,3,2,5,1948,0,1,3,NA,2,600,SR-60 (POMONA FREEWAY) E/B,ATLANTIC BLVD,350,E,N,A,-,Y,NA,NA,60,NA,NA,NA,NA,NA,E,N,4,0,1,2,A,-,04,21703,NA,N,C,C,A,A,H,-,A,D,0,NA,NA,NA,NA,Y,NA,A,01,0,0,1,0,0,0,0,0,0,-,-,34.03459930419922,-118.14884948730467,LOS ANGELES,MONTEREY PARK,-118.14888763427734,34.03452682495117
91237613,2020,2020-05-14,9580,2020-05-04,2125,020791,NA,1,2,7,1942,0,1,3,NA,2,117,SR-118 W/B (RONALD REAGAN FWY.),SR-27 (TOPANGA CYN BLVD),1000,E,N,A,-,Y,NA,NA,118,NA,NA,NA,NA,NA,W,Y,3,0,1,1,A,-,01,23152,A,N,E,J,A,A,H,-,D,D,0,NA,NA,NA,NA,Y,Y,A,01,0,1,0,0,0,0,0,0,0,-,-,34.274478912353516,-118.59546661376952,LOS ANGELES,LOS ANGELES,-118.59546661376952,34.27449035644531
91237623,2020,2020-05-14,9535,2020-05-05,0100,022286,NA,2,3,9,1900,0,2,4,NA,2,011,EASTERN AVE.(100 BLOCK),2ND ST,145,N,N,A,-,N,NA,NA,NA,NA,NA,NA,NA,NA,NA,Y,3,0,1,1,A,-,01,23152,A,M,E,I,A,A,H,-,C,D,0,NA,NA,NA,NA,Y,Y,A,01,0,1,0,0,0,0,0,0,0,-,-,34.0346794128418,-118.17346954345705,LOS ANGELES,UNINCORPORATED,-118.17356872558594,34.03462600708008
91237638,2020,2020-05-14,9580,2020-05-06,1620,020462,NA,3,2,7,1942,0,1,3,NA,2,116,SR-118 E/B (RRF) TO I-405 N/B (SDF),HASKELL AVE,410,E,N,A,-,Y,NA,NA,118,NA,NA,NA,R,NA,E,Y,4,0,2,3,A,-,03,22350,NA,N,C,C,A,A,H,-,A,D,0,NA,NA,NA,NA,Y,NA,A,01,0,0,2,0,0,0,0,0,0,-,-,34.265750885009766,-118.47460174560548,LOS ANGELES,LOS ANGELES,-118.47460174560548,34.265750885009766
91237647,2020,2020-05-14,9580,2020-05-10,1300,020400,NA,7,1,7,1942,0,1,1,NA,2,404,I-405 N/B TO VICTORY BLVD,VICTORY BLVD,30,N,N,A,-,Y,NA,NA,405,NA,NA,NA,R,NA,N,Y,4,0,1,3,A,-,03,22350,NA,N,C,C,A,A,H,-,A,A,0,NA,NA,NA,NA,Y,NA,A,07,0,0,1,0,0,0,0,0,0,-,-,34.18680953979492,-118.47325897216795,LOS ANGELES,LOS ANGELES,-118.47325897216795,34.18680953979492
91237669,2020,2020-05-14,9530,2020-05-12,1510,021995,NA,2,2,9,1900,0,3,5,NA,2,002,122ND ST. (200 BLOCK),SAN PEDRO ST.,120,W,N,A,-,N,NA,NA,NA,NA,NA,NA,NA,NA,NA,Y,4,0,1,2,A,-,09,21804,A,N,D,C,A,A,H,-,A,D,0,NA,NA,NA,NA,Y,NA,A,01,0,0,1,0,0,0,0,0,0,-,-,33.921260833740234,-118.27010345458984,LOS ANGELES,UNINCORPORATED,-118.26998138427734,33.92129135131836
91237696,2020,2020-05-14,9590,2020-05-13,1650,020618,NA,3,2,7,1942,0,1,1,NA,2,060,I-10 E/B (SMF),TENTH AVENUE,100,E,N,A,-,Y,NA,NA,10,NA,NA,NA,NA,NA,E,N,4,0,1,2,A,-,03,22350,NA,N,C,C,A,A,H,-,A,D,0,NA,NA,NA,NA,Y,NA,J,48,0,0,1,0,0,0,0,0,0,-,-,34.035221099853516,-118.32801055908205,LOS ANGELES,LOS ANGELES,-118.32801055908205,34.03525161743164
91237718,2020,2020-05-14,9530,2020-05-12,1150,016110,NA,2,1,9,1900,0,3,5,NA,2,002,124TH ST.,MONA BLVD.,0,NA,Y,A,-,N,NA,NA,NA,NA,NA,NA,NA,NA,NA,Y,4,0,1,2,A,-,12,22450,A,M,D,C,A,A,H,-,A,A,0,NA,NA,NA,NA,Y,NA,A,01,0,0,1,0,0,0,0,0,0,-,-,33.9197998046875,-118.22799682617188,LOS ANGELES,UNINCORPORATED,-118.22810363769533,33.9197883605957
91237719,2020,2020-05-14,9590,2020-05-07,2310,022456,NA,4,3,7,1942,0,1,2,NA,2,070,US-101 NB (HOLLYWOOD FREEWAY),BONNIE BRAE STREET,120,N,N,A,-,Y,NA,NA,101,NA,NA,NA,NA,NA,N,N,4,0,2,2,A,-,07,21658,A,N,C,C,A,A,H,-,C,D,0,NA,NA,NA,NA,Y,NA,A,01,0,0,2,0,0,0,0,0,0,-,-,34.07123947143555,-118.26496887207033,LOS ANGELES,LOS ANGELES,-118.26496124267578,34.07125473022461
91237777,2020,2020-05-14,9535,2020-05-08,0640,022223,NA,5,1,9,1900,0,2,4,NA,2,025,ATLANTIC BOULEVARD (1200 BLOCK),OLYMPIC BOULEVARD,300,S,N,B,-,N,NA,NA,NA,NA,NA,NA,NA,NA,NA,Y,3,0,1,3,A,-,08,22107,NA,N,B,C,A,A,H,-,A,D,0,NA,NA,NA,Y,Y,NA,A,01,0,1,0,0,0,0,0,0,0,-,-,34.01559829711914,-118.15869903564452,LOS ANGELES,UNINCORPORATED,-118.15878295898438,34.0155029296875
91237805,2020,2020-05-14,9525,2020-05-03,2330,021980,NA,7,3,6,1955,0,1,1,NA,2,109,I-10 W/B (SAN BERNARDINO FWY),TOWNE AVE,2112,E,N,A,-,Y,NA,NA,10,NA,NA,NA,NA,NA,W,Y,4,0,2,3,A,-,01,23152,A,F,B,C,A,A,H,-,D,D,0,NA,NA,NA,NA,Y,Y,A,01,0,0,2,0,0,0,0,0,0,-,-,34.08081817626953,-117.7354736328125,LOS ANGELES,POMONA,-117.7354736328125,34.080833435058594
9123781,2020,2020-07-17,1901,2020-03-11,1654,119,6,3,5,5,1901,0,0,0,NA,0,001,MISSION RD,4TH ST,0,NA,Y,A,-,N,NA,NA,NA,NA,NA,NA,NA,NA,NA,Y,4,0,2,2,A,-,12,21453,A,N,D,C,A,A,H,-,B,A,0,NA,NA,NA,NA,Y,NA,A,01,0,0,2,0,0,0,0,0,0,-,-,NA,NA,LOS ANGELES,ALHAMBRA,-118.1274185180664,34.0877685546875
91237810,2020,2020-05-14,9565,2020-05-07,2116,022231,NA,4,2,9,1900,0,3,5,NA,2,005,VIA MARINA,PANAY WAY,0,NA,Y,A,-,N,NA,NA,NA,NA,NA,NA,NA,NA,NA,N,3,0,1,2,A,-,10,21950,A,N,G,B,B,A,H,-,C,A,0,Y,NA,NA,NA,Y,NA,A,01,0,1,0,0,1,0,0,0,0,-,-,33.97901916503906,-118.45916748046876,LOS ANGELES,UNINCORPORATED,-118.4591827392578,33.97903060913086
91237812,2020,2020-05-14,9535,2020-05-07,0940,022100,NA,4,1,5,1959,0,1,1,NA,2,401,I-10 W/B FROM ROSEMEAD BLVD. S/B,ROSEMEAD BLVD.,125,W,N,A,-,Y,NA,NA,10,NA,NA,NA,R,NA,W,N,4,0,1,2,A,-,21,22106,NA,N,C,C,A,A,H,-,A,D,0,NA,NA,NA,NA,Y,NA,A,01,0,0,1,0,0,0,0,0,0,-,-,34.07307815551758,-118.07360076904295,LOS ANGELES,ROSEMEAD,-118.07360076904295,34.07307815551758
9123784,2020,2020-07-14,1942,2020-03-22,1050,39022,1414,7,5,7,1942,0,0,0,N,0,14A13,ROSE AV,BERNARD AV,60,E,N,A,-,N,NA,NA,NA,NA,NA,NA,NA,NA,NA,N,3,0,1,2,C,-,18,NA,NA,N,H,G,A,A,H,-,A,D,0,NA,Y,NA,NA,Y,NA,-,-,0,1,0,0,0,0,1,0,0,-,-,NA,NA,LOS ANGELES,LOS ANGELES,-118.4704132080078,34.00001525878906
91237843,2020,2020-05-14,9530,2020-03-07,0125,021273,NA,6,3,9,1900,0,3,5,NA,2,002,120TH STREET,COMPTON AVE.,0,NA,Y,A,-,N,NA,NA,NA,NA,NA,NA,NA,NA,NA,Y,3,0,4,2,B,-,22,NA,NA,N,D,C,A,A,H,-,C,A,0,NA,NA,NA,NA,Y,NA,J,48,0,1,3,0,0,0,0,0,0,-,-,33.92375183105469,-118.24627685546876,LOS ANGELES,UNINCORPORATED,-118.24630737304688,33.92374038696289
91237844,2020,2020-05-14,9525,2020-05-08,1820,021355,NA,5,2,4,1913,0,1,1,NA,2,110,I-10 E/B (SAN BERNARDINO FWY),INDIAN HILL BLVD,1056,W,N,A,-,Y,NA,NA,10,NA,NA,NA,NA,NA,E,Y,4,0,1,2,A,-,03,22350,NA,N,C,C,A,A,D,-,A,D,0,NA,NA,NA,NA,Y,NA,D,22,0,0,1,0,0,0,0,0,0,-,-,34.08155059814453,-117.72313690185548,LOS ANGELES,CLAREMONT,-117.72313690185548,34.08158874511719
9123785,2020,2020-07-14,1942,2020-03-13,1410,37966,2069,5,5,7,1942,0,0,0,NA,0,20A69,W OLYMPIC BL,MAGNOLIA AV,45,E,N,C,-,N,NA,NA,NA,NA,NA,NA,NA,NA,NA,Y,4,0,1,2,A,-,03,22350,NA,N,C,C,A,B,H,-,A,D,0,NA,NA,NA,NA,Y,NA,A,01,0,0,1,0,0,0,0,0,0,-,-,NA,NA,LOS ANGELES,LOS ANGELES,-118.28641510009766,34.05242919921875
91237853,2020,2020-05-14,9590,2020-05-08,1440,022360,NA,5,2,7,1942,0,1,1,NA,2,081,I-5 S/B (GOLDEN STATE FREEWAY) (GSF),WHITTIER BOULEVARD,150,S,N,A,-,Y,NA,NA,5,NA,NA,NA,NA,NA,S,N,3,0,2,2,A,-,03,22350,NA,N,C,C,A,A,H,-,A,D,0,NA,NA,NA,NA,Y,NA,A,01,0,1,1,0,0,0,0,0,0,-,-,34.03599166870117,-118.22078704833984,LOS ANGELES,LOS ANGELES,-118.22085571289064,34.0360221862793
91237859,2020,2020-05-14,9565,2020-04-21,1749,021678,NA,2,2,9,1900,0,3,5,NA,2,002,102ND STREET EAST,BUDLONG AVENUE,165,W,N,A,-,N,NA,NA,NA,NA,NA,NA,NA,NA,NA,Y,3,0,3,7,A,-,03,22350,NA,F,C,C,A,A,H,-,A,D,0,NA,NA,NA,Y,Y,Y,A,01,0,1,2,0,0,0,0,0,0,-,-,33.9440803527832,-118.29686737060548,LOS ANGELES,UNINCORPORATED,-118.29676055908205,33.944087982177734
91237865,2020,2020-05-14,9525,2020-05-08,1840,021355,NA,5,2,6,1955,0,1,1,NA,2,110,I-10 E/B (SAN BERNARDINO FWY),TOWNE AVE,1056,E,N,A,-,Y,NA,NA,10,NA,NA,NA,NA,NA,E,N,4,0,2,2,A,-,21,22106,NA,N,C,C,A,A,H,-,A,D,0,NA,NA,NA,Y,Y,NA,G,25,0,0,2,0,0,0,0,0,0,-,-,34.07904815673828,-117.73915863037108,LOS ANGELES,POMONA,-117.73919677734376,34.079139709472656
9123787,2020,2020-10-13,1901,2020-03-27,2114,287,10,5,5,5,1901,0,0,0,NA,0,002,6TH ST,VALLEY BL,0,NA,Y,A,-,N,NA,NA,NA,NA,NA,NA,NA,NA,NA,Y,4,0,1,2,A,-,12,21453,A,N,D,C,A,A,H,-,C,A,0,NA,NA,NA,NA,Y,NA,A,01,0,0,1,0,0,0,0,0,0,-,-,NA,NA,LOS ANGELES,ALHAMBRA,-118.1293487548828,34.078208923339844
9123788,2020,2020-10-13,1901,2020-03-15,1653,203,2,7,5,5,1901,0,0,0,NA,0,001,GARFIELD AV,WOODWARD AV,43,N,N,B,-,N,NA,NA,NA,NA,NA,NA,NA,NA,NA,Y,4,0,3,3,A,-,03,22350,NA,N,C,C,A,A,H,-,A,A,0,NA,NA,NA,NA,Y,NA,A,01,0,0,3,0,0,0,0,0,0,-,-,NA,NA,LOS ANGELES,ALHAMBRA,-118.12863159179688,34.09769058227539
9123789,2020,2020-10-13,1901,2020-03-27,1600,281,13,5,5,5,1901,0,0,0,NA,0,002,VALLEY BL,6TH ST,0,NA,Y,A,-,N,NA,NA,NA,NA,NA,NA,NA,NA,NA,Y,4,0,1,2,A,-,12,21453,A,N,-,C,A,A,H,-,A,A,0,NA,NA,NA,NA,Y,NA,A,01,0,0,1,0,0,0,0,0,0,-,-,NA,NA,LOS ANGELES,ALHAMBRA,-118.1293487548828,34.078208923339844
9123790,2020,2020-10-13,1901,2020-03-03,1924,196,18,2,5,5,1901,0,0,0,NA,0,004,EDGEWOOD,VALLEY,125,N,N,A,-,N,NA,NA,NA,NA,NA,NA,NA,NA,NA,N,3,0,1,2,A,-,09,21804,A,N,D,G,A,A,H,-,C,D,0,NA,Y,NA,NA,Y,NA,L,04,0,1,0,0,0,0,1,0,0,-,-,NA,NA,LOS ANGELES,ALHAMBRA,-118.14871215820313,34.07741165161133
91237908,2020,2020-05-14,9565,2020-05-09,1835,021678,NA,6,2,7,1942,0,1,1,NA,2,061,I-405 N/B FROM HOWARD HUGHES PARKWAY,GREEN VALLEY CIRCLE,500,S,N,A,-,Y,NA,NA,405,NA,NA,NA,R,NA,N,Y,3,0,1,1,A,-,01,23152,G,F,E,I,A,A,H,-,A,D,0,NA,NA,NA,NA,Y,Y,A,01,0,1,0,0,0,0,0,0,0,-,-,33.97605895996094,-118.38539123535156,LOS ANGELES,LOS ANGELES,-118.38539123535156,33.97605895996094