CASE_ID,ACCIDENT_YEAR,PROC_DATE,JURIS,COLLISION_DATE,COLLISION_TIME,OFFICER_ID,REPORTING_DISTRICT,DAY_OF_WEEK,CHP_SHIFT,POPULATION,CNTY_CITY_LOC,SPECIAL_COND,BEAT_TYPE,CHP_BEAT_TYPE,CITY_DIVISION_LAPD,CHP_BEAT_CLASS,BEAT_NUMBER,PRIMARY_RD,SECONDARY_RD,DISTANCE,DIRECTION,INTERSECTION,WEATHER_1,WEATHER_2,STATE_HWY_IND,CALTRANS_COUNTY,CALTRANS_DISTRICT,STATE_ROUTE,ROUTE_SUFFIX,POSTMILE_PREFIX,POSTMILE,LOCATION_TYPE,RAMP_INTERSECTION,SIDE_OF_HWY,TOW_AWAY,COLLISION_SEVERITY,NUMBER_KILLED,NUMBER_INJURED,PARTY_COUNT,PRIMARY_COLL_FACTOR,PCF_CODE_OF_VIOL,PCF_VIOL_CATEGORY,PCF_VIOLATION,PCF_VIOL_SUBSECTION,HIT_AND_RUN,TYPE_OF_COLLISION,MVIW,PED_ACTION,ROAD_SURFACE,ROAD_COND_1,ROAD_COND_2,LIGHTING,CONTROL_DEVICE,CHP_ROAD_TYPE,PEDESTRIAN_ACCIDENT,BICYCLE_ACCIDENT,MOTORCYCLE_ACCIDENT,TRUCK_ACCIDENT,NOT_PRIVATE_PROPERTY,ALCOHOL_INVOLVED,STWD_VEHTYPE_AT_FAULT,CHP_VEHTYPE_AT_FAULT,COUNT_SEVERE_INJ,COUNT_VISIBLE_INJ,COUNT_COMPLAINT_PAIN,COUNT_PED_KILLED,COUNT_PED_INJURED,COUNT_BICYCLIST_KILLED,COUNT_BICYCLIST_INJURED,COUNT_MC_KILLED,COUNT_MC_INJURED,PRIMARY_RAMP,SECONDARY_RAMP,LATITUDE,LONGITUDE,COUNTY,CITY,POINT_X,POINT_Y
9123853,2020,2020-09-09,1900,2020-06-24,1535,546256,0531,3,5,5,1959,0,0,0,NA,0,53T1PM,IVAR AV,GUESS ST,0,NA,Y,A,-,N,NA,NA,NA,NA,NA,NA,NA,NA,NA,Y,3,0,1,2,A,-,08,22103,NA,N,B,C,A,A,H,-,A,A,0,NA,NA,Y,NA,Y,NA,A,01,0,1,0,0,0,0,0,0,1,-,-,34.0784797668457,-118.0754623413086,LOS ANGELES,ROSEMEAD,-118.07540130615234,34.07844924926758
9123854,2020,2020-09-09,1900,2020-06-26,1845,519502,0560,5,5,3,1968,0,0,0,NA,0,5ST1PM,LOMA AV,FERN ST,430,N,N,A,-,N,NA,NA,NA,NA,NA,NA,NA,NA,NA,Y,4,0,1,1,A,-,00,22210,NA,N,E,I,A,A,H,-,A,D,0,NA,NA,NA,NA,Y,NA,A,01,0,0,1,0,0,0,0,0,0,-,-,34.06032180786133,-118.06877899169922,LOS ANGELES,SOUTH EL MONTE,-118.06873321533205,34.060218811035156
91238540,2020,2020-05-18,9545,2020-05-09,2357,021569,NA,6,3,9,1900,0,1,3,NA,2,031,SR-14 N/B,CROWN VALLEY ROAD,1974,S,N,A,-,Y,NA,NA,14,NA,NA,NA,NA,NA,N,Y,3,0,1,1,A,-,08,22107,NA,N,E,I,A,A,H,-,C,D,0,NA,NA,NA,NA,Y,NA,A,01,0,1,0,0,0,0,0,0,0,-,-,34.4912109375,-118.2050323486328,LOS ANGELES,UNINCORPORATED,-118.2050323486328,34.49119567871094
9123855,2020,2020-09-09,1900,2020-06-19,1035,600019,0562,5,5,3,1968,0,0,0,NA,0,55T1AM,SANTA ANITA,CENTRAL AV,767,S,N,A,-,N,NA,NA,NA,NA,NA,NA,NA,NA,NA,Y,3,0,2,2,A,-,09,21804,A,N,D,C,A,A,H,-,A,A,0,NA,NA,NA,NA,Y,NA,A,01,0,2,0,0,0,0,0,0,0,-,-,34.04241180419922,-118.04808807373048,LOS ANGELES,SOUTH EL MONTE,-118.04805755615234,34.042518615722656
91238554,2020,2020-05-18,9545,2020-05-10,1145,020244,NA,7,1,9,1900,0,1,3,NA,2,021,SR-14 N/B,BARREL SPRINGS RD,3168,S,N,A,-,Y,NA,NA,14,NA,NA,NA,NA,NA,N,Y,4,0,1,1,A,-,01,23152,A,N,E,I,A,A,H,-,A,D,0,NA,NA,NA,NA,Y,Y,A,01,0,0,1,0,0,0,0,0,0,-,-,34.540489196777344,-118.12268829345705,LOS ANGELES,UNINCORPORATED,-118.1227569580078,34.5404167175293
91238556,2020,2020-05-18,9575,2020-05-10,2149,021712,NA,7,2,6,1912,0,1,1,NA,2,051,I-5 N/B (GOLDEN STATE FREEWAY),MAGNOLIA BLVD O/C,2645,N,N,A,-,Y,NA,NA,5,NA,NA,NA,NA,NA,N,Y,3,0,1,2,A,-,03,22350,NA,N,C,C,A,A,H,-,C,D,0,NA,NA,NA,NA,Y,NA,A,01,0,1,0,0,0,0,0,0,0,-,-,34.186641693115234,-118.31976318359376,LOS ANGELES,BURBANK,-118.3197784423828,34.18660354614258
91238561,2020,2020-05-18,9545,2020-05-09,2500,019426,NA,6,4,9,1900,0,2,4,NA,1,026,SPUNKY CYN RD,BOUQUET CYN RD,103,N,N,A,-,N,NA,NA,NA,NA,NA,NA,NA,NA,NA,Y,4,0,1,1,A,-,03,22350,NA,N,E,I,A,A,H,-,B,D,0,NA,NA,NA,NA,Y,NA,A,01,0,0,1,0,0,0,0,0,0,-,-,34.58449935913086,-118.35878753662108,LOS ANGELES,UNINCORPORATED,-118.35875701904295,34.58441925048828
91238566,2020,2020-05-18,9545,2020-05-07,0315,021948,NA,4,3,9,1900,0,1,3,NA,2,031,SR-14 S/B,SIERRA HIGHWAY,3600,N,N,A,-,Y,NA,NA,14,NA,NA,NA,NA,NA,S,Y,3,0,1,1,A,-,01,23152,A,N,E,I,A,A,H,-,D,D,0,NA,NA,NA,NA,Y,Y,A,01,0,1,0,0,0,0,0,0,0,-,-,34.4917106628418,-118.12930297851564,LOS ANGELES,UNINCORPORATED,-118.12931060791016,34.49173355102539
9123857,2020,2020-09-09,1941,2020-06-22,1805,11533,NA,1,5,7,1941,0,0,0,NA,0,NA,PACIFIC COAST HWY,MAGNOLIA AV,8,N,N,A,-,N,NA,NA,NA,NA,NA,NA,NA,NA,NA,N,4,0,1,2,A,-,10,21952,NA,F,A,B,B,A,H,-,A,A,0,Y,NA,NA,NA,Y,NA,B,NA,0,0,1,0,1,0,0,0,0,-,-,NA,NA,LOS ANGELES,LONG BEACH,-118.19809722900392,33.78987121582031
9123858,2020,2020-09-14,1941,2020-06-25,2046,10861,NA,4,5,7,1941,0,0,0,NA,0,NA,6TH ST,PACIFIC AV,0,NA,Y,A,-,N,NA,NA,NA,NA,NA,NA,NA,NA,NA,Y,3,0,2,2,A,-,12,21453,NA,F,D,C,A,A,H,-,C,A,0,NA,NA,NA,NA,Y,NA,A,NA,0,1,1,0,0,0,0,0,0,-,-,NA,NA,LOS ANGELES,LONG BEACH,-118.19371795654295,33.774139404296875
9123859,2020,2020-09-09,1941,2020-06-25,2306,11515,NA,4,5,7,1941,0,0,0,NA,0,NA,7TH ST,MARTIN LUTHER KING AV,0,NA,Y,A,-,N,NA,NA,NA,NA,NA,NA,NA,NA,NA,Y,3,0,1,2,D,-,00,NA,NA,F,D,G,A,-,H,-,C,A,0,NA,Y,NA,NA,Y,NA,-,-,0,1,0,0,0,0,1,0,0,-,-,NA,NA,LOS ANGELES,LONG BEACH,-118.18067932128906,33.77534103393555
9123860,2020,2020-09-16,1941,2020-06-30,1716,11525,NA,2,5,7,1941,0,0,0,NA,0,901T,BLOOMFIELD AV,LITTLEFIELD ST,0,NA,Y,A,-,N,NA,NA,NA,NA,NA,NA,NA,NA,NA,Y,3,0,1,2,A,-,09,21802,NA,N,D,C,A,A,H,-,A,D,0,NA,NA,NA,NA,Y,NA,A,NA,0,1,0,0,0,0,0,0,0,-,-,NA,NA,LOS ANGELES,LONG BEACH,-118.06329345703124,33.8206901550293
91238604,2020,2020-05-18,9575,2020-05-06,1830,022528,NA,3,2,9,1900,0,2,4,NA,2,310,BIG TUJUNGA CANYON ROAD,VOGEL FLATS ROAD,5280,E,N,A,-,N,NA,NA,NA,NA,NA,NA,NA,NA,NA,Y,2,0,1,1,A,-,03,22350,NA,N,E,I,A,A,H,-,A,D,0,NA,NA,NA,NA,Y,NA,A,01,1,0,0,0,0,0,0,0,0,-,-,34.28369140625,-118.20913696289064,LOS ANGELES,UNINCORPORATED,-118.21476745605467,34.280235290527344
91238606,2020,2020-05-18,9575,2020-05-08,1643,021744,NA,5,2,7,1942,0,1,3,NA,2,070,SR-118 E/B (RONALD REAGAN FREEWAY),GLENOAKS BOULEVARD,400,W,N,A,-,Y,NA,NA,118,NA,NA,NA,NA,NA,E,Y,3,0,2,3,A,-,03,22350,NA,N,C,C,A,A,H,-,A,D,0,NA,NA,NA,NA,Y,NA,M,44,0,1,1,0,0,0,0,0,0,-,-,34.27772903442383,-118.42191314697266,LOS ANGELES,LOS ANGELES,-118.42195129394533,34.27778244018555
9123861,2020,2020-09-08,1941,2020-06-29,1212,10951,NA,1,5,7,1941,0,0,0,NA,0,901,ELIOT ST,BOATHOUSE LN,0,NA,Y,A,-,N,NA,NA,NA,NA,NA,NA,NA,NA,NA,N,3,0,1,2,A,-,12,22450,A,N,D,G,A,A,H,-,A,A,0,NA,Y,NA,NA,Y,NA,A,NA,0,1,0,0,0,0,1,0,0,-,-,NA,NA,LOS ANGELES,LONG BEACH,-118.12761688232422,33.768428802490234
9123862,2020,2020-09-08,1941,2020-06-21,1051,11274,NA,7,5,7,1941,0,0,0,NA,0,901T,ATLANTIC AV,CARSON ST,0,NA,Y,A,-,N,NA,NA,NA,NA,NA,NA,NA,NA,NA,Y,3,0,2,2,A,-,12,21453,A,N,D,C,A,A,H,-,A,A,0,NA,NA,NA,NA,Y,NA,A,NA,0,2,0,0,0,0,0,0,0,-,-,NA,NA,LOS ANGELES,LONG BEACH,-118.18507385253906,33.831748962402344
91238627,2020,2020-05-18,9575,2020-05-06,0730,020119,NA,3,1,6,1953,0,1,1,NA,2,064,I-210 E/B (FOOTHILL FREEWAY),LOS ROBLES AVE.,200,W,N,A,-,Y,NA,NA,210,NA,NA,NA,NA,NA,E,Y,4,0,1,2,A,-,07,21658,A,N,B,C,A,A,H,-,A,D,0,NA,NA,NA,NA,Y,NA,-,-,0,0,1,0,0,0,0,0,0,-,-,34.15148162841797,-118.14222717285156,LOS ANGELES,PASADENA,-118.14222717285156,34.15165328979492
9123863,2020,2020-09-08,1941,2020-06-30,1854,11533,NA,2,5,7,1941,0,0,0,NA,0,901T,ANAHEIM ST,PETERSON AV,0,NA,Y,A,-,N,NA,NA,NA,NA,NA,NA,NA,NA,NA,N,4,0,1,2,A,-,05,21650,NA,N,D,G,A,A,H,-,A,D,0,NA,Y,NA,NA,Y,NA,-,NA,0,0,1,0,0,0,1,0,0,-,-,NA,NA,LOS ANGELES,LONG BEACH,-118.17308807373048,33.78261184692383
91238632,2020,2020-05-18,9545,2020-05-10,1115,019951,NA,7,1,9,1900,0,3,5,NA,2,004,AVENUE J,130TH STREET EAST,797,E,N,A,-,N,NA,NA,NA,NA,NA,NA,NA,NA,NA,Y,2,0,2,2,A,-,08,22107,NA,N,A,C,A,A,H,-,A,D,0,NA,NA,NA,NA,Y,NA,A,01,2,0,0,0,0,0,0,0,0,-,-,34.689998626708984,-117.90126037597656,LOS ANGELES,UNINCORPORATED,-117.89576721191406,34.68998718261719
9123864,2020,2020-09-08,1941,2020-06-30,1212,5870,NA,2,5,7,1941,0,0,0,NA,0,901T,CARSON ST,CHERRY AV,80,W,N,A,-,N,NA,NA,NA,NA,NA,NA,NA,NA,NA,Y,3,0,3,2,A,-,03,22350,NA,N,C,C,A,A,H,-,A,A,0,NA,NA,NA,NA,Y,NA,A,NA,0,1,2,0,0,0,0,0,0,-,-,NA,NA,LOS ANGELES,LONG BEACH,-118.16783142089844,33.83245086669922
9123865,2020,2020-09-08,1941,2020-06-28,2333,11255,NA,7,5,7,1941,0,0,0,NA,0,901T,7TH ST,FREEMAN AV,0,NA,Y,B,-,N,NA,NA,NA,NA,NA,NA,NA,NA,NA,Y,4,0,3,4,A,-,03,22350,NA,N,C,C,A,A,H,-,C,A,0,NA,NA,NA,NA,Y,Y,-,-,0,0,3,0,0,0,0,0,0,-,-,NA,NA,LOS ANGELES,LONG BEACH,-118.15570068359376,33.77534866333008
9123866,2020,2020-09-09,1941,2020-06-27,1030,11146,NA,6,5,7,1941,0,0,0,NA,0,NA,JUNIPERO AV,3RD ST,0,NA,Y,A,-,N,NA,NA,NA,NA,NA,NA,NA,NA,NA,N,4,0,2,2,A,-,03,22350,NA,F,C,C,A,A,H,-,A,A,0,NA,NA,NA,NA,Y,NA,A,NA,0,0,2,0,0,0,0,0,0,-,-,NA,NA,LOS ANGELES,LONG BEACH,-118.16546630859376,33.76805877685547
91238661,2020,2020-05-18,9545,2020-05-10,1329,021340,NA,7,1,9,1900,0,1,3,NA,1,042,SR-138 W/B,HAMPEL AVENUE,690,E,N,A,-,Y,NA,NA,138,NA,NA,NA,NA,NA,W,Y,3,0,2,1,A,-,08,22107,NA,N,E,I,A,A,H,-,A,D,0,NA,NA,NA,NA,Y,NA,A,01,0,2,0,0,0,0,0,0,0,-,-,34.51940155029297,-117.93540954589844,LOS ANGELES,UNINCORPORATED,-117.93550872802734,34.519287109375
9123867,2020,2020-09-08,1941,2020-06-29,1541,10997,NA,1,5,7,1941,0,0,0,NA,0,NA,LIVINGSTON DR,BELMONT AV,0,NA,Y,A,-,N,NA,NA,NA,NA,NA,NA,NA,NA,NA,Y,4,0,1,2,A,-,00,20002,NA,N,D,E,A,A,H,-,A,D,0,NA,NA,NA,NA,Y,NA,-,-,0,0,1,0,0,0,0,0,0,-,-,NA,NA,LOS ANGELES,LONG BEACH,-118.14485168457033,33.76091003417969
91238687,2020,2020-05-18,9550,2020-03-14,2357,022208,NA,6,3,6,1920,0,1,1,NA,2,150,I-105 EASTBOUND,BELLFLOWER,1000,E,N,A,-,Y,NA,NA,105,NA,NA,NA,NA,NA,E,Y,4,0,1,2,A,-,08,22107,NA,F,B,C,A,A,H,-,D,D,0,NA,NA,NA,NA,Y,NA,A,01,0,0,1,0,0,0,0,0,0,-,-,33.913299560546875,-118.12191009521484,LOS ANGELES,DOWNEY,-118.12190246582033,33.913238525390625
91238701,2020,2020-05-18,9540,2020-05-11,0619,019721,NA,1,1,6,1985,0,1,3,NA,2,147,SR-14 S/B,SAND CANYON RD,1600,N,N,A,-,Y,NA,NA,14,NA,NA,NA,NA,NA,S,Y,3,0,1,1,A,-,08,22107,NA,N,E,J,A,A,H,-,A,D,0,NA,NA,NA,NA,Y,NA,A,07,0,1,0,0,0,0,0,0,0,-,-,34.42742156982422,-118.41841888427734,LOS ANGELES,SANTA CLARITA,-118.41845703125,34.42756652832031
91238702,2020,2020-05-18,9565,2020-04-24,1600,021429,NA,5,2,9,1900,0,3,5,NA,2,004,S. FREEMAN AVENUE,LENNOX BOULEVARD,0,NA,Y,A,-,N,NA,NA,NA,NA,NA,NA,NA,NA,NA,N,3,0,1,2,A,-,12,22450,A,F,H,G,A,A,H,-,A,A,0,NA,Y,NA,NA,Y,NA,D,22,0,1,0,0,0,0,1,0,0,-,-,33.9382209777832,-118.34825897216795,LOS ANGELES,UNINCORPORATED,-118.34828186035156,33.93819046020508
91238703,2020,2020-05-18,9540,2020-05-08,1550,021882,NA,5,2,9,1900,0,1,3,NA,2,148,SR-14 N/B,ESCONDIDO CANYON RD,2640,S,N,A,-,Y,NA,NA,14,NA,NA,NA,NA,NA,N,Y,3,0,1,2,A,-,03,22350,NA,N,C,C,A,A,H,-,A,D,0,NA,NA,NA,NA,Y,NA,A,01,0,1,0,0,0,0,0,0,0,-,-,34.4941291809082,-118.2783203125,LOS ANGELES,UNINCORPORATED,-118.27833557128906,34.494163513183594
91238720,2020,2020-05-18,9590,2020-05-04,0030,022520,NA,1,3,7,1942,0,1,1,NA,2,014,SR-110 N/B (ARROYO SECO PARKWAY),GLENARM ST.,500,S,N,A,-,Y,NA,NA,NA,NA,NA,NA,NA,NA,NA,Y,4,0,1,1,A,-,08,22107,NA,N,E,I,A,A,H,-,C,D,0,NA,NA,NA,NA,Y,NA,A,01,0,0,1,0,0,0,0,0,0,-,-,34.12607955932617,-118.14687347412108,LOS ANGELES,LOS ANGELES,-118.14693450927734,34.12617111206055
91238728,2020,2020-05-18,9565,2020-05-08,1745,022206,NA,5,2,9,1900,0,3,5,NA,2,002,DENKER AVENUE,101ST STREET,0,NA,Y,A,-,N,NA,NA,NA,NA,NA,NA,NA,NA,NA,Y,3,0,5,2,A,-,08,22107,NA,N,A,C,A,A,H,-,A,D,0,NA,NA,NA,NA,Y,NA,A,01,0,2,3,0,0,0,0,0,0,-,-,33.445011138916016,-118.30467224121094,LOS ANGELES,UNINCORPORATED,-118.30467987060548,33.94498062133789
91238736,2020,2020-05-18,9565,2020-04-02,2320,022515,NA,4,3,9,1900,0,3,5,NA,2,002,VAN NESS AVENUE,107TH STREET,90,N,N,A,-,N,NA,NA,NA,NA,NA,NA,NA,NA,NA,Y,3,0,4,3,A,-,01,23152,F,N,C,E,A,A,H,-,C,D,0,NA,NA,NA,NA,Y,NA,A,01,0,4,0,0,0,0,0,0,0,-,-,33.93962097167969,-118.31781005859376,LOS ANGELES,UNINCORPORATED,-118.31777191162108,33.939247131347656
91238773,2020,2020-05-18,9530,2020-05-09,0958,021004,NA,6,1,9,1900,0,3,5,NA,2,001,FLORENCE AVE (1400 BLOCK),PARMELEE AVE.,49,W,N,A,-,N,NA,NA,NA,NA,NA,NA,NA,NA,NA,Y,4,0,3,2,A,-,21,22106,NA,N,B,C,A,A,H,-,A,D,0,NA,NA,NA,NA,Y,NA,D,22,0,0,3,0,0,0,0,0,0,-,-,33.97475051879883,-118.25006866455078,LOS ANGELES,UNINCORPORATED,-118.25005340576172,33.97475051879883
91238778,2020,2020-05-18,9580,2020-05-02,0815,018580,NA,6,1,7,1942,0,1,2,NA,2,104,US-101 N/B TO WINNETKA AVENUE,WINNETKA AVENUE,26,S,N,A,-,Y,NA,NA,101,NA,NA,NA,R,NA,N,N,4,0,1,2,A,-,21,22106,NA,N,C,C,A,A,H,-,A,A,0,NA,NA,NA,NA,Y,NA,D,22,0,0,1,0,0,0,0,0,0,-,-,34.17277908325195,-118.57074737548828,LOS ANGELES,LOS ANGELES,-118.57074737548828,34.17277908325195
91238809,2019,2020-05-18,9565,2019-12-26,1505,016545,NA,4,2,9,1900,0,1,1,NA,2,060,I-405 S/B(SAN DIEGO FWY),I-105,1000,N,N,A,-,Y,NA,NA,NA,NA,NA,NA,NA,NA,NA,Y,4,0,1,2,A,-,01,23152,F,N,C,C,A,A,H,-,A,D,0,NA,NA,NA,NA,Y,NA,A,01,0,0,1,0,0,0,0,0,0,-,-,37.028690338134766,-118.44296264648438,LOS ANGELES,UNINCORPORATED,NA,NA
9123881,2020,2020-09-09,1942,2020-06-13,1950,43140,0181,6,5,7,1942,0,0,0,A,0,1A61,W 9TH ST,S OLIVE ST,0,NA,Y,A,-,N,NA,NA,NA,NA,NA,NA,NA,NA,NA,N,3,0,1,2,A,-,08,22107,NA,F,B,C,A,A,H,-,A,A,0,NA,NA,NA,NA,Y,NA,-,99,0,1,0,0,0,0,0,0,0,-,-,NA,NA,LOS ANGELES,LOS ANGELES,-118.25820922851564,34.04370880126953
91238821,2020,2020-05-18,9590,2020-05-14,1810,021040,NA,4,2,7,1942,0,1,3,NA,2,094,SR-2 E/B (GLF) FROM FLETCHER DRIVE,SAN FERNANDO ROAD,1000,W,N,A,-,Y,NA,NA,2,NA,NA,NA,R,NA,E,Y,2,0,1,1,A,-,08,22107,NA,N,F,A,A,A,H,-,A,D,0,NA,NA,Y,NA,Y,NA,C,02,1,0,0,0,0,0,0,0,1,-,-,34.10940933227539,-118.24891662597656,LOS ANGELES,LOS ANGELES,-118.24891662597656,34.10940933227539
91238879,2020,2020-05-18,9590,2020-04-24,2352,021673,NA,5,3,7,1942,0,1,1,NA,2,052,I-110 N/B (HAF),FLOWER ST.,100,N,N,A,-,Y,NA,NA,110,NA,NA,NA,NA,NA,N,Y,3,0,1,1,A,-,08,22107,NA,N,E,I,A,A,H,-,C,D,0,NA,NA,NA,NA,Y,NA,A,01,0,1,0,0,0,0,0,0,0,-,-,34.02864074707031,-118.27423858642578,LOS ANGELES,LOS ANGELES,-118.27426910400392,34.02864456176758
9123890,2020,2020-09-04,1942,2020-06-29,2105,43432,0356,1,5,7,1942,0,0,0,C,0,3A55,S NORMANDIE AV,EXPOSITION BL,10,N,N,A,-,N,NA,NA,NA,NA,NA,NA,NA,NA,NA,N,3,0,1,2,A,-,09,21453,C,F,D,G,A,A,H,-,C,A,0,NA,Y,NA,NA,Y,NA,-,99,0,1,0,0,0,0,1,0,0,-,-,NA,NA,LOS ANGELES,LOS ANGELES,-118.30014801025392,34.01839828491211
9123891,2020,2020-09-09,1942,2020-06-30,1650,42415,334,2,5,7,1942,0,0,0,NA,0,3A41,JEFFERSON BL,11TH AV,0,NA,Y,A,-,N,NA,NA,NA,NA,NA,NA,NA,NA,NA,Y,4,0,2,2,A,-,08,22107,NA,N,A,C,A,A,H,-,A,D,0,NA,NA,NA,NA,Y,NA,-,-,0,0,2,0,0,0,0,0,0,-,-,NA,NA,LOS ANGELES,LOS ANGELES,-118.3293228149414,34.02560043334961
91238941,2020,2020-05-18,9590,2020-05-04,0155,022136,NA,1,3,7,1942,0,1,1,NA,2,010,SR-110 N/B (ARROYO SECO PARKWAY),STADIUM WAY,130,S,N,A,-,Y,NA,NA,110,NA,NA,NA,NA,NA,N,N,4,0,1,1,A,-,01,23152,A,N,E,I,A,A,H,-,C,D,0,NA,NA,NA,NA,Y,Y,A,01,0,0,1,0,0,0,0,0,0,-,-,34.070831298828125,-118.23504638671876,LOS ANGELES,LOS ANGELES,-118.2351531982422,34.07085418701172
91238963,2020,2020-05-18,9575,2020-05-10,1705,021925,NA,7,2,7,1942,0,1,1,NA,2,052,I-5 S/B (GOLDEN STATE FREEWAY),LANARK STREET,0,NA,N,A,-,Y,NA,NA,5,NA,NA,NA,NA,NA,S,Y,3,0,1,2,A,-,08,22107,NA,N,B,C,A,A,H,-,A,D,0,NA,NA,NA,NA,Y,NA,A,07,0,1,0,0,0,0,0,0,0,-,-,34.21628952026367,-118.35366821289064,LOS ANGELES,LOS ANGELES,-118.35364532470705,34.21632385253906
9123898,2020,2020-09-04,1942,2020-06-15,0500,36238,0192,1,5,7,1942,0,0,0,A,0,1A61,S OLIVE ST,W 17TH ST,0,NA,Y,A,-,N,NA,NA,NA,NA,NA,NA,NA,NA,NA,Y,4,0,1,2,A,-,12,21453,A,F,D,C,A,A,H,-,C,A,0,NA,NA,NA,NA,Y,NA,-,99,0,0,1,0,0,0,0,0,0,-,-,NA,NA,LOS ANGELES,LOS ANGELES,-118.26602172851564,34.03445053100586
91238982,2020,2020-05-18,9545,2020-05-15,0830,019951,NA,5,1,9,1900,0,1,3,NA,1,042,SR-138 W/B,AVENUE W,808,E,N,A,-,Y,NA,NA,138,NA,NA,NA,NA,NA,W,Y,3,0,2,2,A,-,01,23152,A,N,A,C,A,A,H,-,A,D,0,NA,NA,NA,NA,Y,Y,A,01,0,1,1,0,0,0,0,0,0,-,-,34.49932098388672,-117.807373046875,LOS ANGELES,UNINCORPORATED,-117.80752563476564,34.498985290527344
9123899,2020,2020-09-04,1942,2020-06-15,1650,40275,0164,1,5,7,1942,0,0,0,A,0,1A35,S LOS ANGELES ST,EAST 7TH ST,50,N,N,A,-,N,NA,NA,NA,NA,NA,NA,NA,NA,NA,N,4,0,1,2,A,-,11,21955,NA,N,G,B,D,A,H,-,A,D,0,Y,NA,NA,NA,Y,NA,N,60,0,0,1,0,1,0,0,0,0,-,-,NA,NA,LOS ANGELES,LOS ANGELES,-118.25030517578124,34.0433349609375
91238999,2020,2020-05-18,9565,2020-05-06,1230,022515,NA,3,1,7,1942,0,1,1,NA,2,083,I-10 WESTBOUND (SANTA MONICA FREEWAY),NATIONAL BOULEVARD,300,E,N,A,-,Y,NA,NA,10,NA,NA,NA,NA,NA,W,Y,4,0,1,4,A,-,03,22350,NA,N,C,C,A,A,H,-,A,D,0,NA,NA,NA,NA,Y,NA,A,01,0,0,1,0,0,0,0,0,0,-,-,34.0295295715332,-118.40049743652344,LOS ANGELES,LOS ANGELES,-118.40050506591795,34.029510498046875
9123900,2020,2020-09-04,1942,2020-06-15,1040,40008,0291,1,5,7,1942,0,0,0,B,0,20A97,S HOOVER ST,S ALVARADO ST,60,S,N,A,-,N,NA,NA,NA,NA,NA,NA,NA,NA,NA,N,4,0,1,2,A,-,06,21755,A,F,B,C,A,A,H,-,A,D,0,NA,NA,NA,NA,Y,NA,-,99,0,0,1,0,0,0,0,0,0,-,-,NA,NA,LOS ANGELES,LOS ANGELES,-118.2841796875,34.045066833496094
9123901,2020,2020-09-03,1942,2020-06-14,1200,40289,0265,7,5,7,1942,0,0,0,B,0,2A75,JAMES M WOOD BL,S WESTLAKE AV,50,E,N,A,-,N,NA,NA,NA,NA,NA,NA,NA,NA,NA,N,3,0,1,2,A,-,08,22107,NA,F,B,C,A,A,H,-,A,D,0,NA,NA,Y,NA,Y,NA,-,99,0,1,0,0,0,0,0,0,1,-,-,NA,NA,LOS ANGELES,LOS ANGELES,-118.277486,34.052811
91239016,2020,2020-05-18,9535,2020-05-13,0030,022286,NA,3,3,5,1948,0,1,3,NA,2,621,SR-60 (POMONA FREEWAY) W/B,GREENWOOD AVE,600,W,N,A,-,Y,NA,NA,60,NA,NA,NA,NA,NA,W,Y,3,0,1,2,A,-,01,23152,A,N,C,E,A,A,C,-,D,D,0,NA,NA,NA,NA,Y,Y,A,01,0,1,0,0,0,0,0,0,0,-,-,34.03358840942383,-118.11135864257813,LOS ANGELES,MONTEREY PARK,-118.11135864257813,34.033607482910156
9123902,2020,2020-09-03,1942,2020-06-14,1240,34458,0162,7,5,7,1942,0,0,0,A,0,1A61,S HOPE ST,W 9TH ST,0,NA,Y,A,-,N,NA,NA,NA,NA,NA,NA,NA,NA,NA,Y,4,0,2,2,A,-,09,21801,A,N,D,C,A,A,H,-,A,A,0,NA,NA,NA,NA,Y,NA,A,01,0,0,2,0,0,0,0,0,0,-,-,NA,NA,LOS ANGELES,LOS ANGELES,-118.26036071777344,34.045108795166016
9123903,2020,2020-09-03,1942,2020-06-14,1805,43827,0261,7,5,7,1942,0,0,0,B,0,2XL14,JAMES M WOOD BL,HOOVER ST,0,NA,Y,A,-,N,NA,NA,NA,NA,NA,NA,NA,NA,NA,N,3,0,1,2,A,-,15,21201,A,F,G,G,A,A,H,-,A,A,0,NA,Y,NA,NA,Y,NA,L,04,0,1,0,0,0,0,1,0,0,-,-,NA,NA,LOS ANGELES,LOS ANGELES,-118.28425,34.05586
91239034,2020,2020-05-18,9535,2020-05-14,0630,022172,NA,4,1,6,1922,0,1,1,NA,2,400,I-10 (SAN BERNARDINO FREEWAY) E/B,VALLEY BLVD,550,E,N,A,-,Y,NA,NA,10,NA,NA,NA,NA,NA,E,Y,3,0,1,2,A,-,03,22350,NA,N,C,C,A,A,H,-,A,D,0,NA,NA,NA,NA,Y,NA,A,07,0,1,0,0,0,0,0,0,0,-,-,34.06803894042969,-118.02474212646484,LOS ANGELES,EL MONTE,-118.02474212646484,34.06801986694336
91239039,2020,2020-05-18,9545,2020-05-08,0615,019426,NA,5,1,9,1900,0,3,5,NA,2,003,SIERRA HWY,MOUNTAIN SPRINGS RD,569,S,N,A,-,N,NA,NA,NA,NA,NA,NA,NA,NA,NA,Y,4,0,1,2,A,-,08,22107,NA,N,C,E,A,A,H,-,A,D,0,NA,NA,NA,NA,Y,NA,A,01,0,0,1,0,0,0,0,0,0,-,-,34.500099182128906,-118.118896484375,LOS ANGELES,UNINCORPORATED,-118.11898803710938,34.500240325927734