CASE_ID,ACCIDENT_YEAR,PROC_DATE,JURIS,COLLISION_DATE,COLLISION_TIME,OFFICER_ID,REPORTING_DISTRICT,DAY_OF_WEEK,CHP_SHIFT,POPULATION,CNTY_CITY_LOC,SPECIAL_COND,BEAT_TYPE,CHP_BEAT_TYPE,CITY_DIVISION_LAPD,CHP_BEAT_CLASS,BEAT_NUMBER,PRIMARY_RD,SECONDARY_RD,DISTANCE,DIRECTION,INTERSECTION,WEATHER_1,WEATHER_2,STATE_HWY_IND,CALTRANS_COUNTY,CALTRANS_DISTRICT,STATE_ROUTE,ROUTE_SUFFIX,POSTMILE_PREFIX,POSTMILE,LOCATION_TYPE,RAMP_INTERSECTION,SIDE_OF_HWY,TOW_AWAY,COLLISION_SEVERITY,NUMBER_KILLED,NUMBER_INJURED,PARTY_COUNT,PRIMARY_COLL_FACTOR,PCF_CODE_OF_VIOL,PCF_VIOL_CATEGORY,PCF_VIOLATION,PCF_VIOL_SUBSECTION,HIT_AND_RUN,TYPE_OF_COLLISION,MVIW,PED_ACTION,ROAD_SURFACE,ROAD_COND_1,ROAD_COND_2,LIGHTING,CONTROL_DEVICE,CHP_ROAD_TYPE,PEDESTRIAN_ACCIDENT,BICYCLE_ACCIDENT,MOTORCYCLE_ACCIDENT,TRUCK_ACCIDENT,NOT_PRIVATE_PROPERTY,ALCOHOL_INVOLVED,STWD_VEHTYPE_AT_FAULT,CHP_VEHTYPE_AT_FAULT,COUNT_SEVERE_INJ,COUNT_VISIBLE_INJ,COUNT_COMPLAINT_PAIN,COUNT_PED_KILLED,COUNT_PED_INJURED,COUNT_BICYCLIST_KILLED,COUNT_BICYCLIST_INJURED,COUNT_MC_KILLED,COUNT_MC_INJURED,PRIMARY_RAMP,SECONDARY_RAMP,LATITUDE,LONGITUDE,COUNTY,CITY,POINT_X,POINT_Y
9123939,2020,2020-09-11,1900,2020-06-13,1934,629461,1137,6,5,6,1992,0,0,0,NA,0,112T1,AVENUE K-8,CHALLENGER WY,0,NA,Y,A,-,N,NA,NA,NA,NA,NA,NA,NA,NA,NA,Y,3,0,2,2,A,-,12,22450,A,N,D,C,A,A,H,-,A,A,0,NA,NA,NA,NA,Y,NA,A,01,0,1,1,0,0,0,0,0,0,-,-,NA,NA,LOS ANGELES,LANCASTER,-118.11233,34.66776
9123940,2020,2020-09-03,1900,2020-06-13,1631,629461,1126,6,5,6,1992,0,0,0,NA,0,112T1,AVENUE M,20TH ST W,0,NA,Y,A,-,N,NA,NA,NA,NA,NA,NA,NA,NA,NA,Y,3,0,1,2,A,-,09,21801,A,N,D,C,A,A,H,-,A,A,0,NA,NA,NA,NA,Y,NA,A,07,0,1,0,0,0,0,0,0,0,-,-,NA,NA,LOS ANGELES,LANCASTER,-118.1655731201172,34.64575958251953
91239402,2020,2020-05-19,9530,2020-05-11,2205,021490,NA,1,3,9,1900,0,3,5,NA,2,003,ATLANTIC AVE. (12000 BLOCK),ROSECRANS AVE.,140,N,N,A,-,N,NA,NA,NA,NA,NA,NA,NA,NA,NA,N,4,0,1,2,A,-,09,21804,A,N,D,G,A,A,H,-,C,D,0,NA,Y,NA,NA,Y,NA,A,01,0,0,1,0,0,0,1,0,0,-,-,33.90407180786133,-118.19415283203124,LOS ANGELES,UNINCORPORATED,-118.19395446777344,33.903953552246094
91239408,2020,2020-05-19,9590,2020-05-09,0201,022136,NA,6,3,7,1942,0,1,1,NA,2,050,I-110 N/B (HARBOR FREEWAY),GAGE AVE.,1200,S,N,A,-,Y,NA,NA,110,NA,NA,NA,NA,NA,N,N,4,0,1,2,A,-,01,23152,A,M,C,C,A,A,H,-,C,D,0,NA,NA,NA,NA,Y,Y,A,01,0,0,1,0,0,0,0,0,0,-,-,33.97935104370117,-118.28064727783205,LOS ANGELES,LOS ANGELES,-118.2807159423828,33.97935104370117
91239410,2020,2021-01-28,9535,2020-05-09,1825,022305,NA,6,2,3,1968,0,1,3,NA,2,621,SR-60 (POMONA FREEWAY) W/B,COGSWELL RD POC,10,W,N,A,-,Y,NA,NA,60,NA,NA,NA,NA,NA,W,Y,4,0,1,2,A,-,01,23152,A,M,F,C,A,A,H,-,A,D,0,NA,NA,NA,NA,Y,Y,D,22,0,0,1,0,0,0,0,0,0,-,-,34.039119720458984,-118.04727935791016,LOS ANGELES,SOUTH EL MONTE,-118.04728698730467,34.039066314697266
91239418,2020,2020-05-19,9590,2020-05-11,1530,022417,NA,1,2,7,1942,0,1,2,NA,2,071,US-101 S/B (HOLLYWOOD FREEWAY) (HOF),GLENDALE BLVD,400,S,N,A,-,Y,NA,NA,101,NA,NA,NA,NA,NA,S,Y,4,0,1,3,A,-,03,22350,NA,N,C,C,A,A,H,-,A,D,0,NA,NA,NA,NA,Y,NA,A,01,0,0,1,0,0,0,0,0,0,-,-,34.069091796875,-118.25997161865234,LOS ANGELES,LOS ANGELES,-118.25994110107422,34.06916809082031
91239468,2020,2020-05-19,9530,2020-05-10,0210,022083,NA,7,3,7,1941,0,1,1,NA,2,073,I-710 S/B (LONG BEACH FREEWAY),PACIFIC COAST HWY.,650,S,N,A,-,Y,NA,NA,710,NA,NA,NA,NA,NA,S,Y,2,0,3,2,A,-,01,23152,A,N,C,C,A,A,H,-,C,D,0,NA,NA,NA,NA,Y,Y,A,01,1,2,0,0,0,0,0,0,0,-,-,33.788089752197266,-118.20790863037108,LOS ANGELES,LONG BEACH,-118.20784759521484,33.7880973815918
91239517,2020,2020-05-19,9590,2020-05-12,1010,013435,NA,2,1,7,1942,0,1,1,NA,2,052,I-110 N/B (HARBOR FREEWAY),ADAMS BOULEVARD,150,N,N,B,-,Y,NA,NA,110,NA,NA,NA,NA,NA,N,Y,4,0,1,3,A,-,07,21658,A,F,B,C,A,A,H,-,A,D,0,NA,NA,NA,NA,Y,NA,A,01,0,0,1,0,0,0,0,0,0,-,-,34.02766036987305,-118.2744598388672,LOS ANGELES,LOS ANGELES,-118.27442932128906,34.027652740478516
91239533,2020,2020-05-19,9530,2020-05-10,1945,021792,NA,7,2,9,1900,0,3,5,NA,2,002,COMPTON BLVD.,MAIN ST.,0,NA,Y,A,-,N,NA,NA,NA,NA,NA,NA,NA,NA,NA,Y,4,0,2,2,A,-,12,21453,A,N,D,C,A,A,H,-,C,A,0,NA,NA,NA,NA,Y,NA,-,-,0,0,2,0,0,0,0,0,0,-,-,33.894901275634766,-118.27626800537108,LOS ANGELES,UNINCORPORATED,-118.27631378173828,33.89487838745117
91239552,2020,2020-05-19,9535,2020-05-15,1720,022319,NA,5,2,1,1932,0,1,1,NA,2,651,I-605 (SAN GABRIEL RIVER FREEWAY) S/B,SR-60,2000,N,N,A,-,Y,NA,NA,605,NA,NA,NA,NA,NA,S,Y,4,0,4,2,A,-,08,22107,NA,N,D,C,A,A,H,-,A,D,0,NA,NA,NA,NA,Y,NA,A,01,0,0,4,0,0,0,0,0,0,-,-,34.037940979003906,-118.02220916748048,LOS ANGELES,INDUSTRY,-118.02220916748048,34.037940979003906
91239555,2020,2020-05-19,9565,2020-05-10,0956,021575,NA,7,1,5,1965,0,1,3,NA,2,080,SR-1 NORTHBOUND (PACIFIC COAST HIGHWAY),MAIN STREET,1000,N,N,A,-,Y,NA,NA,1,NA,NA,NA,NA,NA,N,Y,3,0,1,3,A,-,08,22107,NA,N,B,C,A,A,H,-,C,D,0,NA,NA,NA,NA,Y,NA,-,-,0,1,0,0,0,0,0,0,0,-,-,34.01142883300781,-118.49556732177734,LOS ANGELES,SANTA MONICA,-118.4955596923828,34.01150894165039
91239560,2020,2020-05-19,9525,2020-05-12,1900,021156,NA,2,2,6,1975,0,1,1,NA,2,103,I-10 W/B (SAN BERNARDINO FWY),PUENTE AVE,2640,E,N,A,-,Y,NA,NA,10,NA,NA,NA,NA,NA,W,Y,4,0,2,2,A,-,03,22350,NA,N,C,C,A,A,D,E,A,D,0,NA,NA,NA,NA,Y,NA,A,01,0,0,2,0,0,0,0,0,0,-,-,34.07136917114258,-117.95278167724608,LOS ANGELES,WEST COVINA,-117.95276641845705,34.071250915527344
91239571,2020,2020-10-19,9530,2020-05-11,0040,021709,NA,1,3,7,1941,0,1,1,NA,2,420,I-405 N/B (SAN DIEGO FREEWAY),LONG BEACH BLVD.,250,N,N,A,-,Y,NA,NA,405,NA,NA,NA,NA,NA,N,Y,4,0,1,2,A,-,03,22350,NA,N,C,C,A,A,H,-,C,D,0,NA,NA,NA,NA,Y,NA,E,22,0,0,1,0,0,0,0,0,0,-,-,33.81760025024414,-118.18930816650392,LOS ANGELES,LONG BEACH,-118.18930816650392,33.817596435546875
91239579,2020,2020-05-19,9530,2020-05-11,2350,022132,NA,1,3,9,1900,0,3,5,NA,2,002,ROSECRANS AVE. (200 BLOCK),EADALL AVE.,120,W,N,A,-,N,NA,NA,NA,NA,NA,NA,NA,NA,NA,Y,4,0,1,1,A,-,08,22107,NA,N,E,I,A,A,H,-,C,D,0,NA,NA,NA,NA,Y,NA,A,07,0,0,1,0,0,0,0,0,0,-,-,33.90184020996094,-118.27098846435548,LOS ANGELES,UNINCORPORATED,-118.27092742919922,33.90195846557617
91239590,2020,2020-05-19,9590,2020-05-13,0350,018529,NA,3,3,7,1942,0,1,1,NA,2,063,I-10 W/B,I-110 (HAF),380,W,N,A,-,Y,NA,NA,10,NA,NA,NA,NA,NA,W,Y,3,0,1,1,A,-,08,22107,NA,N,F,J,A,A,H,-,C,D,0,NA,NA,NA,NA,Y,NA,D,22,0,1,0,0,0,0,0,0,0,-,-,34.03837966918945,-118.27555084228516,LOS ANGELES,LOS ANGELES,-118.27555084228516,34.0384407043457
91239601,2020,2020-05-19,9525,2020-05-08,1800,021505,NA,5,2,9,1900,0,3,5,NA,2,003,RUTHCREST AVE,GLENHOPE DR,0,NA,Y,A,-,N,NA,NA,NA,NA,NA,NA,NA,NA,NA,Y,4,0,1,2,A,-,10,21950,A,M,G,B,D,A,H,-,A,D,0,Y,NA,NA,NA,Y,NA,A,01,0,0,1,0,1,0,0,0,0,-,-,34.03274917602539,-117.93241119384766,LOS ANGELES,UNINCORPORATED,-117.93245697021484,34.03276824951172
91239607,2020,2020-05-19,9550,2020-05-16,1115,022222,NA,6,1,5,1908,0,1,3,NA,2,091,SR-91 E/B TO LAKEWOOD BLVD.,LAKEWOOD BOULEVARD,20,W,N,A,-,Y,NA,NA,91,NA,NA,NA,R,NA,E,N,4,0,1,2,A,-,21,22106,NA,N,C,C,A,A,H,-,A,A,0,NA,NA,NA,NA,Y,NA,A,01,0,0,1,0,0,0,0,0,0,-,-,33.87620162963867,-118.14286041259766,LOS ANGELES,BELLFLOWER,-118.14286041259766,33.87620162963867
91239608,2020,2020-05-19,9530,2020-05-11,1640,022302,NA,1,2,7,1941,0,1,3,NA,2,320,SR-91 E/B (ARTESIA FREEWAY),LONG BEACH BLVD.,50,W,N,A,-,Y,NA,NA,91,NA,NA,NA,NA,NA,E,N,3,0,1,2,A,-,03,22350,NA,N,C,C,A,A,H,-,A,D,0,NA,NA,NA,NA,Y,NA,A,01,0,1,0,0,0,0,0,0,0,-,-,33.87260055541992,-118.20213317871094,LOS ANGELES,LONG BEACH,-118.20213317871094,33.872528076171875
91239645,2020,2020-07-22,9535,2020-05-16,1525,022287,NA,6,2,9,1900,0,3,5,NA,2,001,ALMA AVENUE (BLOCK 100),MICHIGAN AVENUE,30,S,N,A,-,N,NA,NA,NA,NA,NA,NA,NA,NA,NA,Y,4,0,2,2,A,-,08,22107,NA,M,A,C,A,A,H,-,A,D,0,NA,NA,NA,NA,Y,NA,A,07,0,0,2,0,0,0,0,0,0,-,-,34.0377311706543,-118.19133758544922,LOS ANGELES,UNINCORPORATED,-118.19137573242188,34.03799819946289
91239648,2020,2020-05-19,9530,2020-05-13,1832,021689,NA,3,2,7,1942,0,1,1,NA,2,200,I-105 W/B (GLENN ANDERSON FWY),SAN PEDRO STREET,400,E,N,A,-,Y,NA,NA,105,NA,NA,NA,NA,NA,W,Y,4,0,1,1,A,-,01,23152,A,N,F,A,A,A,H,-,A,D,0,NA,NA,NA,NA,Y,Y,A,07,0,0,1,0,0,0,0,0,0,-,-,33.927730560302734,-118.2685089111328,LOS ANGELES,LOS ANGELES,-118.2685089111328,33.92765426635742
91239658,2020,2020-05-19,9530,2020-05-13,1845,022427,NA,3,2,7,1941,0,1,3,NA,2,320,SR-91 W/B TO I-710,ATLANTIC AVE.,530,W,N,A,-,Y,NA,NA,91,NA,NA,NA,R,NA,W,Y,3,0,3,2,A,-,03,22350,NA,N,C,C,A,A,H,-,A,D,0,NA,NA,NA,Y,Y,NA,G,25,0,3,0,0,0,0,0,0,0,-,-,33.877079010009766,-118.18798065185548,LOS ANGELES,LONG BEACH,-118.18798065185548,33.877079010009766
91239671,2020,2020-05-19,9530,2020-05-13,1315,022427,NA,3,1,7,1941,0,1,3,NA,2,320,SR-91 E/B (ARTESIA FREEWAY),I-710,950,W,N,A,-,Y,NA,NA,91,NA,NA,NA,NA,NA,E,Y,3,0,1,1,A,-,08,22107,NA,N,A,I,A,A,H,-,A,D,0,NA,NA,NA,NA,Y,NA,D,22,0,1,0,0,0,0,0,0,0,-,-,33.87398147583008,-118.19612884521484,LOS ANGELES,LONG BEACH,-118.19620513916016,33.874168395996094
91239682,2020,2020-05-19,9530,2020-05-14,1520,022427,NA,4,2,9,1900,0,1,3,NA,2,310,SR-91 E/B (ARTESIA FREEWAY),SUSANA RD.,830,W,N,A,-,Y,NA,NA,91,NA,NA,NA,NA,NA,E,Y,4,0,1,2,A,-,03,22350,NA,N,C,C,A,A,H,-,A,D,0,NA,NA,NA,NA,Y,NA,A,01,0,0,1,0,0,0,0,0,0,-,-,33.873538970947266,-118.20999908447266,LOS ANGELES,UNINCORPORATED,-118.20999908447266,33.87346267700195
91239697,2020,2020-05-19,9525,2020-05-15,1530,021156,NA,5,2,6,1955,0,1,3,NA,2,606,SR-60 E/B (POMONA FWY),RESERVOIR ST.,25,E,N,A,-,Y,NA,NA,60,NA,NA,NA,NA,NA,E,Y,4,0,1,1,A,-,08,22107,NA,N,E,J,A,A,H,-,A,D,0,NA,NA,NA,NA,Y,NA,A,01,0,0,1,0,0,0,0,0,0,-,-,34.025020599365234,-117.73121643066406,LOS ANGELES,POMONA,-117.73121643066406,34.0250129699707
91239706,2020,2020-05-19,9590,2020-05-14,2240,022189,NA,4,3,7,1942,0,1,1,NA,2,010,SR-110 N/B (ASP),STADIUM WAY,600,S,N,A,-,Y,NA,NA,110,NA,NA,NA,NA,NA,N,Y,3,0,1,3,A,-,07,21658,A,F,B,C,A,A,H,-,C,D,0,NA,NA,Y,NA,Y,NA,-,99,0,1,0,0,0,0,0,0,1,-,-,34.06953048706055,-118.23564910888672,LOS ANGELES,LOS ANGELES,-118.23562622070313,34.06951141357422
91239709,2020,2020-05-19,9535,2020-05-18,1335,022298,NA,1,1,9,1900,0,2,4,NA,2,018,3RD STREET E/B (4300 BLOCK),FORD BOULEVARD,175,W,N,B,-,N,NA,NA,NA,NA,NA,NA,NA,NA,NA,N,4,0,1,2,A,-,03,22350,NA,N,C,C,A,A,H,-,A,D,0,NA,NA,NA,NA,Y,Y,D,22,0,0,1,0,0,0,0,0,0,-,-,34.03321838378906,-118.16986083984376,LOS ANGELES,UNINCORPORATED,-118.16975402832033,34.033226013183594
91239717,2020,2020-05-19,9550,2020-05-17,0625,022222,NA,7,1,7,1941,0,1,3,NA,2,090,SR-91 W/B,ORANGE AVENUE,350,E,N,B,-,Y,NA,NA,91,NA,NA,NA,NA,NA,W,Y,4,0,1,1,A,-,08,22107,NA,N,E,I,A,A,H,-,A,D,0,NA,NA,NA,NA,Y,NA,A,07,0,0,1,0,0,0,0,0,0,-,-,33.87691879272461,-118.17607879638672,LOS ANGELES,LONG BEACH,-118.17607879638672,33.876888275146484
91239749,2020,2020-05-19,9590,2020-05-14,1435,022405,NA,4,2,7,1942,0,1,1,NA,2,050,I-110 N/B (HARBOR FREEWAY),W. 92ND ST.,200,S,N,A,-,Y,NA,NA,NA,NA,NA,NA,NA,NA,NA,N,4,0,1,2,A,-,03,22350,NA,N,C,C,A,A,H,-,A,D,0,NA,NA,NA,NA,Y,NA,A,01,0,0,1,0,0,0,0,0,0,-,-,34.952178955078125,-118.28015899658205,LOS ANGELES,LOS ANGELES,NA,NA
91239796,2020,2020-05-19,9575,2020-05-18,0555,020119,NA,1,3,9,1900,0,1,3,NA,2,081,ROSEMEAD BLVD.,CALIFORNIA BLVD.,0,NA,Y,B,C,N,NA,NA,NA,NA,NA,NA,NA,NA,NA,Y,3,0,1,2,A,-,09,21800,A,N,C,C,A,B,H,-,B,A,0,NA,NA,NA,NA,Y,NA,A,01,0,1,0,0,0,0,0,0,0,-,-,34.13462829589844,-118.07327270507813,LOS ANGELES,UNINCORPORATED,-118.07334899902344,34.134700775146484
91239813,2020,2020-05-19,9525,2020-05-16,1900,020843,NA,6,2,5,1990,0,1,3,NA,2,574,SR-57 N/B FROM PATHFINDER RD.,PATHFINDER RD,50,N,N,A,-,Y,NA,NA,57,NA,NA,NA,R,NA,N,N,3,0,1,1,C,-,18,NA,NA,N,H,A,A,A,H,-,B,D,0,NA,NA,Y,NA,Y,NA,-,-,0,1,0,0,0,0,0,0,1,-,-,33.98482131958008,-117.84192657470705,LOS ANGELES,DIAMOND BAR,-117.84192657470705,33.98482131958008
91239816,2020,2020-05-19,9525,2020-05-11,0520,018992,NA,1,3,3,1921,0,1,1,NA,2,201,I-210 W/B (FOOTHILL FWY),BUENA VISTA ST.,1800,W,N,A,-,Y,NA,NA,210,NA,NA,NA,NA,NA,W,Y,4,0,1,3,A,-,07,21658,A,N,B,C,A,A,H,-,A,D,0,NA,NA,NA,Y,Y,NA,G,25,0,0,1,0,0,0,0,0,0,-,-,34.13568878173828,-117.9722900390625,LOS ANGELES,DUARTE,-117.9722900390625,34.13560485839844
91239856,2020,2020-05-19,9525,2020-05-19,0605,022521,NA,2,1,4,1905,0,1,1,NA,2,203,I-210 W/B (FOOTHILL FWY),VERNON AVE,1500,W,N,A,-,Y,NA,NA,210,NA,NA,NA,NA,NA,W,N,4,0,1,3,A,-,03,22350,NA,N,C,C,A,A,H,-,A,D,0,NA,NA,NA,NA,Y,NA,A,08,0,0,1,0,0,0,0,0,0,-,-,34.128631591796875,-117.921142578125,LOS ANGELES,AZUSA,-117.921142578125,34.128604888916016
91239858,2020,2020-05-19,9535,2020-05-18,0620,022161,NA,1,1,5,1901,0,1,1,NA,2,421,I-10 (SAN BERNARDINO FREEWAY) W/B,GARFIELD AVE,600,W,N,B,C,Y,NA,NA,10,NA,NA,NA,NA,NA,W,Y,4,0,3,4,A,-,07,21658,A,N,B,C,A,B,H,-,A,D,0,NA,NA,NA,Y,Y,NA,A,08,0,0,3,0,0,0,0,0,0,-,-,34.07175827026367,-118.12542724609376,LOS ANGELES,ALHAMBRA,-118.12542724609376,34.071781158447266
9123987,2020,2020-08-28,1942,2020-05-30,1530,43509,0353,6,5,7,1942,0,0,0,C,0,3A74,OBAMA BLVD,CHESAPEAKE AV,25,W,N,A,-,N,NA,NA,NA,NA,NA,NA,NA,NA,NA,Y,3,0,2,3,A,-,08,22107,NA,N,H,C,A,A,H,-,A,D,0,NA,NA,NA,NA,Y,Y,A,01,0,1,1,0,0,0,0,0,0,-,-,NA,NA,LOS ANGELES,LOS ANGELES,-118.345306,34.021466
91239879,2020,2020-05-19,9575,2020-05-18,1225,020119,NA,1,1,6,1953,0,1,1,NA,2,065,I-210 E/B (FOOTHILL FREEWAY),FULTON PL.,20,W,N,B,C,Y,NA,NA,210,NA,NA,NA,NA,NA,E,Y,4,0,1,2,A,-,03,22350,NA,N,C,C,A,B,H,-,A,D,0,NA,NA,NA,NA,Y,NA,D,22,0,0,1,0,0,0,0,0,0,-,-,34.14789962768555,-118.07470703125,LOS ANGELES,PASADENA,-118.0747299194336,34.14801788330078
9123989,2020,2020-09-03,1942,2020-05-26,2150,36521,1134,2,5,7,1942,0,0,0,K,0,11X58,EAGLE ROCK BL,VERDUGO RD,100,S,N,A,-,N,NA,NA,NA,NA,NA,NA,NA,NA,NA,N,4,0,1,2,A,-,08,22102,NA,M,B,C,A,A,H,-,C,A,0,NA,NA,NA,NA,Y,NA,-,99,0,0,1,0,0,0,0,0,0,-,-,NA,NA,LOS ANGELES,LOS ANGELES,-118.23792266845705,34.10466003417969
91239918,2020,2020-05-19,9535,2020-05-08,2500,021976,NA,5,4,9,1900,0,2,4,NA,2,018,3RD ST. (3800 BLOCK),GAGE AVE.,80,E,N,A,-,N,NA,NA,NA,NA,NA,NA,NA,NA,NA,N,4,0,1,2,A,-,03,22350,NA,M,C,C,A,A,H,-,A,D,0,NA,NA,NA,NA,Y,NA,A,01,0,0,1,0,0,0,0,0,0,-,-,34.03321838378906,-118.18547058105467,LOS ANGELES,UNINCORPORATED,-118.18436431884766,34.033390045166016
91239942,2020,2020-05-19,9550,2020-05-18,1525,020709,NA,1,2,5,1919,0,1,3,NA,2,092,SR-91 W/B,NORWALK BOULEVARD,900,E,N,A,-,Y,NA,NA,91,NA,NA,NA,NA,NA,W,Y,4,0,1,2,A,-,03,22350,NA,N,C,C,A,A,H,-,A,D,0,NA,NA,NA,NA,Y,NA,D,22,0,0,1,0,0,0,0,0,0,-,-,33.87657165527344,-118.06954956054688,LOS ANGELES,CERRITOS,-118.06954956054688,33.876502990722656
91239946,2020,2020-05-20,9525,2020-05-19,1535,020869,NA,2,2,5,1990,0,1,3,NA,2,602,SR-60 E/B (POMONA FWY),FAIRWAY DR.,50,E,N,A,-,Y,NA,NA,NA,NA,NA,NA,NA,NA,NA,N,4,0,1,2,A,-,03,22350,NA,N,C,C,A,A,H,-,A,D,0,NA,NA,NA,NA,Y,NA,D,22,0,0,1,0,0,0,0,0,0,-,-,33.99620056152344,-117.87010192871094,LOS ANGELES,DIAMOND BAR,-117.8701400756836,33.99622344970703
91239949,2020,2020-05-20,9580,2020-05-08,1410,021236,NA,5,2,7,1942,0,1,2,NA,2,105,US-101 S/B (VENTURA FREEWAY),RESEDA BLVD,1400,N,N,A,-,Y,NA,NA,101,NA,NA,NA,NA,NA,S,Y,4,0,1,2,D,-,00,NA,NA,N,C,C,A,A,H,-,A,D,0,NA,NA,NA,NA,Y,NA,-,-,0,0,1,0,0,0,0,0,0,-,-,34.17327880859375,-118.5405731201172,LOS ANGELES,LOS ANGELES,-118.5405731201172,34.173255920410156
91239950,2020,2020-05-20,9580,2020-05-08,0935,017228,NA,5,1,7,1942,0,1,3,NA,2,171,SR-170 S/B (HOLLYWOOD FWY.),LAUREL CANYON BOULEVARD,800,N,N,A,-,Y,NA,NA,170,NA,NA,NA,NA,NA,S,N,4,0,1,2,A,-,07,21658,A,N,B,C,A,A,H,-,A,D,0,NA,NA,NA,NA,Y,NA,A,08,0,0,1,0,0,0,0,0,0,-,-,34.18291091918945,-118.39865112304688,LOS ANGELES,LOS ANGELES,-118.39861297607422,34.18295669555664
91239980,2020,2020-05-20,9525,2020-05-18,1125,019146,NA,1,1,6,1955,0,1,3,NA,2,605,SR-60 W/B (POMONA FWY),GAREY AVENUE,0.4,E,N,B,C,Y,NA,NA,60,NA,NA,NA,NA,NA,W,Y,4,0,1,1,A,-,03,22350,NA,N,E,I,A,B,H,-,A,D,0,NA,NA,NA,NA,Y,NA,A,01,0,0,1,0,0,0,0,0,0,-,-,34.02452850341797,-117.74080657958984,LOS ANGELES,POMONA,-117.74082183837892,34.024600982666016
91239983,2020,2020-05-20,9540,2020-05-17,1930,019232,NA,7,2,9,1900,0,1,3,NA,2,147,SR-14 S/B (ANTELOPE VALLEY FWY),SOLEDAD CYN RD,10560,N,N,A,-,Y,NA,NA,14,NA,NA,NA,NA,NA,S,Y,4,0,2,1,A,-,08,22107,NA,N,E,I,A,A,H,-,A,D,0,NA,NA,NA,NA,Y,NA,A,07,0,0,2,0,0,0,0,0,0,-,-,34.450931549072266,-118.3530502319336,LOS ANGELES,UNINCORPORATED,-118.35305786132813,34.45094299316406
91239984,2020,2020-05-20,9540,2020-05-12,0745,013893,NA,2,1,9,1900,0,1,1,NA,2,511,I-5 SOUTHBOUND (GOLDEN STATE FWY),TEMPLIN HWY,1056,N,N,B,-,Y,NA,NA,5,NA,NA,NA,NA,NA,S,Y,3,0,1,1,A,-,08,22107,NA,M,E,J,A,A,H,-,A,D,0,NA,NA,NA,NA,Y,NA,A,01,0,1,0,0,0,0,0,0,0,-,-,34.572021484375,-118.69062042236328,LOS ANGELES,UNINCORPORATED,-118.69066619873048,34.57194137573242
91239985,2020,2020-05-20,9565,2020-05-16,1355,021706,NA,6,1,7,1942,0,1,1,NA,2,082,I-10 E/B (SANTA MONICA FREEWAY),GATEWAY BLVD,100,E,N,A,-,Y,NA,NA,10,NA,NA,NA,NA,NA,E,N,4,0,1,3,A,-,08,22107,NA,F,B,C,A,A,H,-,A,D,0,NA,NA,NA,NA,Y,NA,-,99,0,0,1,0,0,0,0,0,0,-,-,34.029850006103516,-118.44245910644533,LOS ANGELES,LOS ANGELES,-118.44245910644533,34.02985382080078
91239993,2020,2020-05-20,9540,2020-05-17,2125,019232,NA,7,2,9,1900,0,2,4,NA,1,204,BOUQUET CYN RD (34000 BLOCK),SPUNKY CANYON RD,10560,S,N,A,-,N,NA,NA,NA,NA,NA,NA,NA,NA,NA,Y,3,0,1,1,A,-,08,22107,NA,N,E,I,A,A,H,-,D,D,0,NA,NA,NA,NA,Y,NA,A,01,0,1,0,0,0,0,0,0,0,-,-,34.5531005859375,-118.41146087646484,LOS ANGELES,UNINCORPORATED,-118.3242645263672,34.58383560180664
91239995,2020,2020-05-20,9540,2020-05-16,2330,021434,NA,6,3,9,1900,0,3,5,NA,2,200,LITTLE TUJUNGA CANYON RD (15000 BLOCK),PACOIMA RD,5280,W,N,A,-,N,NA,NA,NA,NA,NA,NA,NA,NA,NA,Y,2,0,1,2,A,-,08,22107,NA,N,E,I,A,A,H,-,D,D,0,NA,NA,NA,NA,Y,NA,A,01,1,0,0,0,0,0,0,0,0,-,-,34.34352111816406,-118.3569107055664,LOS ANGELES,UNINCORPORATED,NA,NA
91239997,2020,2020-05-20,9590,2020-05-07,0355,021996,NA,4,3,7,1942,0,1,3,NA,2,031,SR-60 W/B TO US-101 N/B,S. SOTO ST.,132,N,N,A,-,Y,NA,NA,60,NA,NA,NA,R,NA,W,Y,3,0,1,2,A,-,08,22107,NA,F,B,C,A,A,H,-,E,D,0,NA,NA,NA,NA,Y,NA,-,35,0,1,0,0,0,0,0,0,0,-,-,34.031471252441406,-118.21842193603516,LOS ANGELES,LOS ANGELES,-118.21842193603516,34.031471252441406
91239998,2020,2020-05-20,9590,2020-05-14,0615,021926,NA,4,1,7,1942,0,1,3,NA,2,094,SR-2 E/B (GLENDALE FREEWAY) (GLF),COLORADO BLVD,1100,W,N,A,-,Y,NA,NA,2,NA,NA,NA,NA,NA,E,N,4,0,1,2,A,-,07,21658,A,N,B,C,A,A,H,-,A,D,0,NA,NA,NA,NA,Y,NA,A,01,0,0,1,0,0,0,0,0,0,-,-,34.1442985534668,-118.22691345214844,LOS ANGELES,LOS ANGELES,-118.22686004638672,34.144287109375