CASE_ID,ACCIDENT_YEAR,PROC_DATE,JURIS,COLLISION_DATE,COLLISION_TIME,OFFICER_ID,REPORTING_DISTRICT,DAY_OF_WEEK,CHP_SHIFT,POPULATION,CNTY_CITY_LOC,SPECIAL_COND,BEAT_TYPE,CHP_BEAT_TYPE,CITY_DIVISION_LAPD,CHP_BEAT_CLASS,BEAT_NUMBER,PRIMARY_RD,SECONDARY_RD,DISTANCE,DIRECTION,INTERSECTION,WEATHER_1,WEATHER_2,STATE_HWY_IND,CALTRANS_COUNTY,CALTRANS_DISTRICT,STATE_ROUTE,ROUTE_SUFFIX,POSTMILE_PREFIX,POSTMILE,LOCATION_TYPE,RAMP_INTERSECTION,SIDE_OF_HWY,TOW_AWAY,COLLISION_SEVERITY,NUMBER_KILLED,NUMBER_INJURED,PARTY_COUNT,PRIMARY_COLL_FACTOR,PCF_CODE_OF_VIOL,PCF_VIOL_CATEGORY,PCF_VIOLATION,PCF_VIOL_SUBSECTION,HIT_AND_RUN,TYPE_OF_COLLISION,MVIW,PED_ACTION,ROAD_SURFACE,ROAD_COND_1,ROAD_COND_2,LIGHTING,CONTROL_DEVICE,CHP_ROAD_TYPE,PEDESTRIAN_ACCIDENT,BICYCLE_ACCIDENT,MOTORCYCLE_ACCIDENT,TRUCK_ACCIDENT,NOT_PRIVATE_PROPERTY,ALCOHOL_INVOLVED,STWD_VEHTYPE_AT_FAULT,CHP_VEHTYPE_AT_FAULT,COUNT_SEVERE_INJ,COUNT_VISIBLE_INJ,COUNT_COMPLAINT_PAIN,COUNT_PED_KILLED,COUNT_PED_INJURED,COUNT_BICYCLIST_KILLED,COUNT_BICYCLIST_INJURED,COUNT_MC_KILLED,COUNT_MC_INJURED,PRIMARY_RAMP,SECONDARY_RAMP,LATITUDE,LONGITUDE,COUNTY,CITY,POINT_X,POINT_Y
9124052,2020,2020-09-10,1900,2020-06-05,0221,636283,1124,5,5,6,1992,0,0,0,NA,0,112T1,SIERRA HWY,AVE L-12,334,S,N,A,-,N,NA,NA,NA,NA,NA,NA,NA,NA,NA,Y,3,0,4,2,A,-,09,21801,A,N,A,C,A,A,H,-,D,D,0,NA,NA,NA,NA,Y,Y,A,01,0,1,3,0,0,0,0,0,0,-,-,NA,NA,LOS ANGELES,LANCASTER,-118.12870025634766,34.64861297607422
9124053,2020,2020-09-10,1900,2020-06-22,1401,655212,1132,1,5,6,1992,0,0,0,NA,0,112T4,AVE J,RODIN AV,236,W,N,A,-,N,NA,NA,NA,NA,NA,NA,NA,NA,NA,Y,4,0,1,1,C,-,18,NA,NA,N,E,I,A,A,H,-,A,D,0,NA,NA,NA,NA,Y,NA,-,-,0,0,1,0,0,0,0,0,0,-,-,NA,NA,LOS ANGELES,LANCASTER,-118.11948394775392,34.689605712890625
9124054,2020,2020-09-10,1900,2020-06-20,1353,610418,1135,6,5,6,1992,0,0,0,NA,0,111T1,AVE I,15TH ST EAST,79,W,N,A,-,N,NA,NA,NA,NA,NA,NA,NA,NA,NA,Y,3,0,1,2,A,-,09,21801,A,N,B,C,A,A,H,-,A,A,0,NA,NA,NA,NA,Y,NA,A,01,0,1,0,0,0,0,0,0,0,-,-,NA,NA,LOS ANGELES,LANCASTER,-118.10397338867188,34.704219818115234
91240541,2020,2020-05-21,9525,2020-05-12,1400,021505,NA,2,2,9,1900,0,1,3,NA,1,024,SR-39 (SAN GABRIEL CANYON RD.),ROBB'S GULCH,5280,N,N,A,-,Y,NA,NA,39,NA,NA,NA,NA,NA,NA,Y,2,0,1,1,A,-,08,22107,NA,N,E,I,A,A,H,-,A,D,0,NA,NA,NA,NA,Y,NA,A,01,1,0,0,0,0,0,0,0,0,-,-,34.22040939331055,-117.85514831542967,LOS ANGELES,UNINCORPORATED,-117.85508728027344,34.22041320800781
9124055,2020,2020-09-10,1900,2020-06-15,1639,620752,1127,1,5,6,1992,0,0,0,NA,0,111T2,AVE I,27TH ST WEST,0,NA,Y,A,-,N,NA,NA,NA,NA,NA,NA,NA,NA,NA,Y,3,0,1,2,A,-,09,21801,A,N,D,C,A,A,H,-,A,A,0,NA,NA,Y,NA,Y,NA,A,01,0,1,0,0,0,0,0,0,1,-,-,NA,NA,LOS ANGELES,LANCASTER,-118.17897033691406,34.704158782958984
9124056,2020,2020-09-10,1900,2020-06-24,0815,551435,1137,3,5,6,1992,0,0,0,NA,0,112T2D,AVE L,20TH ST EAST,0,NA,Y,A,-,N,NA,NA,NA,NA,NA,NA,NA,NA,NA,Y,4,0,1,2,A,-,09,21801,A,N,D,C,A,A,H,-,A,A,0,NA,NA,NA,NA,Y,NA,A,01,0,0,1,0,0,0,0,0,0,-,-,NA,NA,LOS ANGELES,LANCASTER,-118.0945281982422,34.6605110168457
9124057,2020,2020-09-10,1900,2020-06-24,0931,551435,1137,3,5,6,1992,0,0,0,NA,0,112T2D,50TH ST EAST,AVE L,0,NA,Y,A,-,N,NA,NA,NA,NA,NA,NA,NA,NA,NA,Y,3,0,1,2,A,-,09,21801,A,N,D,C,A,A,H,-,A,D,0,NA,NA,NA,NA,Y,NA,A,07,0,1,0,0,0,0,0,0,0,-,-,NA,NA,LOS ANGELES,LANCASTER,-118.04100799560548,34.66059112548828
91240579,2020,2020-05-21,9565,2020-05-12,0236,021899,NA,2,3,9,1900,0,1,1,NA,2,012,I-105 W/B (CENTURY FWY),VAN NESS AVE,500,E,N,A,-,Y,NA,NA,NA,NA,NA,NA,NA,NA,NA,Y,4,0,1,1,A,-,08,22107,NA,N,E,I,A,A,H,-,D,D,0,NA,NA,NA,NA,Y,NA,A,01,0,0,1,0,0,0,0,0,0,-,-,33.925201416015625,-118.31696319580078,LOS ANGELES,UNINCORPORATED,-118.31615447998048,33.92560577392578
91240598,2020,2020-05-21,9590,2020-05-14,1805,020618,NA,4,2,7,1942,0,1,1,NA,2,060,I-10 EB (SMF),VENICE BOULEVARD,100,W,N,A,-,Y,NA,NA,10,NA,NA,NA,NA,NA,E,Y,4,0,3,3,A,-,03,22350,NA,N,C,C,A,A,H,-,A,D,0,NA,NA,NA,NA,Y,NA,A,01,0,0,3,0,0,0,0,0,0,-,-,34.0367317199707,-118.37664794921876,LOS ANGELES,LOS ANGELES,-118.37665557861328,34.036685943603516
9124061,2020,2020-09-10,1900,2020-06-17,1431,636151,0621,3,5,6,1985,0,0,0,NA,0,61T1,VALENCIA BL,GOLDCREST DR,120,W,N,A,-,N,NA,NA,NA,NA,NA,NA,NA,NA,NA,Y,4,0,1,4,A,-,03,22350,NA,N,C,C,A,A,H,-,A,A,0,NA,NA,NA,NA,Y,NA,A,01,0,0,1,0,0,0,0,0,0,-,-,34.410518646240234,-118.56507110595705,LOS ANGELES,SANTA CLARITA,-118.56531524658205,34.410396575927734
91240615,2020,2020-05-21,9575,2020-04-28,2359,017491,NA,2,3,9,1900,0,2,4,NA,2,310,BIG TUJUNGA CANYON ROAD,DOSKE ROAD,668,W,N,A,-,Y,NA,NA,NA,NA,NA,NA,NA,NA,NA,Y,2,0,2,1,A,-,03,22350,NA,N,E,I,A,A,H,-,D,D,0,NA,NA,NA,NA,Y,NA,A,07,2,0,0,0,0,0,0,0,0,-,-,34.2976188659668,-118.24564361572266,LOS ANGELES,UNINCORPORATED,-118.24547576904295,34.29768371582031
91240617,2020,2020-07-20,9530,2020-05-14,2030,022109,NA,4,2,9,1900,0,3,5,NA,2,001,SLAUSON AVENUE,COMPTON AVENUE,0,NA,Y,A,-,N,NA,NA,NA,NA,NA,NA,NA,NA,NA,N,4,0,1,2,A,-,12,21453,A,F,D,C,A,A,H,-,C,A,0,NA,NA,NA,NA,Y,NA,-,99,0,0,1,0,0,0,0,0,0,-,-,33.989341735839844,-118.2477569580078,LOS ANGELES,UNINCORPORATED,-118.2477569580078,33.989341735839844
9124062,2020,2020-09-10,1900,2020-06-23,1250,407357,0631,2,5,6,1985,0,0,0,NA,0,63T1,SOLEDAD CANYON RD,LUTHER DR,0,NA,Y,A,-,N,NA,NA,NA,NA,NA,NA,NA,NA,NA,Y,4,0,2,2,A,-,12,21453,A,N,D,C,A,A,H,-,A,A,0,NA,NA,NA,NA,Y,NA,A,01,0,0,2,0,0,0,0,0,0,-,-,34.71575164794922,-118.46376037597656,LOS ANGELES,SANTA CLARITA,-118.46370697021484,34.41577911376953
91240626,2020,2020-05-21,9530,2020-05-14,1700,022427,NA,4,2,9,1900,0,3,5,NA,2,003,COMPTON BLVD. (4400 BLOCK),COOKACRE AVE.,60,E,N,A,-,N,NA,NA,NA,NA,NA,NA,NA,NA,NA,Y,3,0,2,4,A,-,09,21804,A,N,D,C,A,A,H,-,A,D,0,NA,NA,NA,NA,Y,Y,D,22,0,2,0,0,0,0,0,0,0,-,-,33.8961296081543,-118.19426727294922,LOS ANGELES,UNINCORPORATED,-118.19435119628906,33.896148681640625
9124063,2020,2020-09-10,1900,2020-06-15,1830,650338,0643,1,5,6,1985,0,0,0,NA,0,64T1,SANTA CLARITA PKWY,NEWHALL RANCH RD,0,NA,Y,A,-,N,NA,NA,NA,NA,NA,NA,NA,NA,NA,N,3,0,1,2,A,-,12,21453,A,N,D,G,A,A,H,-,A,A,0,NA,Y,NA,NA,Y,NA,L,04,0,1,0,0,0,0,1,0,0,-,-,34.42530059814453,-118.51940155029295,LOS ANGELES,SANTA CLARITA,-118.51934814453124,34.425479888916016
91240633,2020,2020-05-21,9540,2020-05-14,0036,021869,NA,4,3,9,1900,0,1,3,NA,2,147,SR-14 S/B FROM SIERRA HWY.,SIERRA HWY,15,E,N,A,-,Y,NA,NA,14,NA,NA,NA,R,NA,S,Y,2,0,1,1,A,-,01,23152,A,N,E,I,A,A,H,-,D,D,0,NA,NA,NA,NA,Y,Y,A,01,1,0,0,0,0,0,0,0,0,-,-,34.50151824951172,-118.22843170166016,LOS ANGELES,UNINCORPORATED,-118.22843170166016,34.50151824951172
91240637,2020,2020-05-21,9590,2020-05-09,0245,022520,NA,6,3,7,1942,0,1,1,NA,2,084,I-5 N/B (GOLDEN STATE FREEWAY),LOS FELIZ BOULEVARD,1000,N,N,A,-,Y,NA,NA,5,NA,NA,NA,NA,NA,N,Y,4,0,1,1,A,-,01,23152,A,N,E,I,A,A,H,-,C,D,0,NA,NA,NA,NA,Y,Y,A,07,0,0,1,0,0,0,0,0,0,-,-,34.12702178955078,-118.27326965332033,LOS ANGELES,LOS ANGELES,-118.2733154296875,34.12700653076172
91240639,2020,2020-05-21,9575,2020-05-15,1710,022435,NA,5,2,9,1900,0,2,4,NA,2,320,ANGELES FOREST HIGHWAY,SOUTH EDGE OF TUNNEL,540,S,N,A,-,Y,NA,NA,NA,NA,NA,NA,NA,NA,NA,Y,3,0,1,2,A,-,03,22350,NA,N,B,C,A,A,H,-,A,D,0,NA,NA,Y,NA,Y,NA,C,02,0,1,0,0,0,0,0,0,1,-,-,34.31254959106445,-118.1362762451172,LOS ANGELES,UNINCORPORATED,NA,NA
9124064,2020,2020-09-10,1900,2020-06-21,1340,649546,1627,7,5,5,1977,0,0,0,NA,0,169A,AVALON BL,SCOTTSDALE DR,0,NA,Y,A,-,N,NA,NA,NA,NA,NA,NA,NA,NA,NA,Y,4,0,4,2,D,-,00,NA,NA,N,D,C,A,A,H,-,A,A,0,NA,NA,NA,NA,Y,NA,-,-,0,0,4,0,0,0,0,0,0,-,-,33.81264114379883,-118.2638702392578,LOS ANGELES,CARSON,-118.26399993896484,33.81272888183594
9124065,2020,2020-09-10,1900,2020-06-14,2115,619590,1624,7,5,5,1977,0,0,0,NA,0,163A1,AVALON BL,BAYPORT ST,0,NA,Y,A,-,N,NA,NA,NA,NA,NA,NA,NA,NA,NA,Y,3,0,2,2,A,-,12,21453,A,M,D,C,A,A,H,-,C,A,0,NA,NA,NA,NA,Y,NA,A,01,0,1,1,0,0,0,0,0,0,-,-,33.81517028808594,-118.26383972167967,LOS ANGELES,CARSON,-118.26390075683594,33.815189361572266
9124066,2020,2020-09-10,1900,2020-06-08,1840,635224,1622,1,5,5,1977,0,0,0,NA,0,167T1,SANTA FE AV,MADISON ST,130,N,N,A,-,N,NA,NA,NA,NA,NA,NA,NA,NA,NA,Y,4,0,1,3,A,-,08,22107,NA,N,B,C,A,A,H,-,A,D,0,NA,NA,Y,NA,Y,NA,A,01,0,0,1,0,0,0,0,0,1,-,-,33.83502960205078,-118.21572875976564,LOS ANGELES,CARSON,-118.21575164794922,33.8350715637207
91240664,2020,2020-05-21,9550,2020-05-14,1255,022507,NA,4,1,9,1900,0,2,4,NA,1,013,NORWALK BOULEVARD,WASHINGTON BOULEVARD,0,NA,Y,A,-,N,NA,NA,NA,NA,NA,NA,NA,NA,NA,Y,3,0,2,2,A,-,09,21801,A,N,D,C,A,A,H,-,A,A,0,NA,NA,NA,NA,Y,NA,A,01,0,2,0,0,0,0,0,0,0,-,-,33.97249984741211,-118.07398986816406,LOS ANGELES,UNINCORPORATED,-118.07398986816406,33.97249984741211
91240668,2020,2020-05-21,9530,2020-05-16,1505,022109,NA,6,2,9,1900,0,3,5,NA,2,001,ALAMEDA ST.,FIRESTONE BLVD.,0,NA,Y,A,-,N,NA,NA,NA,NA,NA,NA,NA,NA,NA,Y,3,0,4,2,A,-,09,21801,A,N,D,C,A,A,H,-,A,A,0,NA,NA,NA,NA,Y,NA,D,22,0,1,3,0,0,0,0,0,0,-,-,33.957801818847656,-118.23108673095705,LOS ANGELES,UNINCORPORATED,-118.2310791015625,33.95779037475586
91240723,2020,2020-06-18,9530,2020-05-15,0830,017275,NA,5,1,9,1900,0,3,5,NA,2,006,VERMONT AVENUE (19100 BLOCK),KNOX STREET,673,N,N,A,-,N,NA,NA,NA,NA,NA,NA,NA,NA,NA,Y,3,0,2,2,A,-,09,21801,A,N,D,C,A,A,H,-,A,D,0,NA,NA,NA,NA,Y,NA,A,01,0,2,0,0,0,0,0,0,0,-,-,33.856109619140625,-118.2906494140625,LOS ANGELES,UNINCORPORATED,-118.29054260253906,33.856075286865234
91240731,2020,2020-05-21,9545,2020-05-12,2039,021340,NA,2,2,9,1900,0,1,3,NA,2,011,STATE ROUTE 14 SOUTHBOUND,AVENUE C,1584,N,N,A,-,Y,NA,NA,14,NA,NA,NA,NA,NA,S,Y,3,0,2,2,A,-,01,23152,A,N,C,C,A,A,H,-,D,D,0,NA,NA,NA,NA,Y,Y,A,01,0,1,1,0,0,0,0,0,0,-,-,34.795780181884766,-118.17105865478516,LOS ANGELES,UNINCORPORATED,-118.1710205078125,34.795780181884766
91240734,2020,2020-05-21,9550,2020-05-15,1255,017719,NA,5,1,9,1900,0,3,5,NA,2,003,WILDWOOD WAY,6TH AVENUE,50,W,N,A,-,N,NA,NA,NA,NA,NA,NA,NA,NA,NA,N,4,0,1,2,A,-,08,22107,NA,N,B,C,A,A,H,-,A,D,0,NA,NA,NA,Y,Y,NA,G,25,0,0,1,0,0,0,0,0,0,-,-,34.025169372558594,-117.99012756347656,LOS ANGELES,UNINCORPORATED,-117.98997497558594,34.02495574951172
91240758,2020,2020-05-21,9590,2020-05-16,1230,021926,NA,6,1,7,1942,0,1,1,NA,2,050,I-110 N/B  (HARBOR FREEWAY),MANCHESTER DRIVE,300,S,N,A,-,Y,NA,NA,110,NA,NA,NA,NA,NA,N,N,4,0,2,2,A,-,03,22350,NA,N,C,C,A,A,H,-,A,D,0,NA,NA,NA,NA,Y,NA,D,22,0,0,2,0,0,0,0,0,0,-,-,33.94670104980469,-118.27935791015624,LOS ANGELES,LOS ANGELES,-118.2794189453125,33.94670867919922
91240769,2020,2020-05-21,9580,2020-05-10,0744,019544,NA,7,1,3,1989,0,1,2,NA,2,106,US-101 N/B (VENTURA FREEWAY),LOST HILLS RD,300,S,N,A,-,Y,NA,NA,101,NA,NA,NA,NA,NA,N,Y,3,0,1,1,A,-,08,22107,NA,M,E,I,A,A,H,-,A,D,0,NA,NA,NA,NA,Y,NA,A,07,0,1,0,0,0,0,0,0,0,-,-,34.14039993286133,-118.70957183837892,LOS ANGELES,CALABASAS,-118.70975494384766,34.14092254638672
91240773,2020,2020-05-21,9530,2020-05-16,0249,021842,NA,6,3,7,1941,0,1,1,NA,2,072,I-710 N/B (LONG BEACH FREEWAY),WARDLOW RD.,1600,S,N,A,-,Y,NA,NA,710,NA,NA,NA,NA,NA,N,Y,2,0,3,2,A,-,08,22107,NA,N,E,I,A,A,H,-,D,D,0,NA,NA,NA,NA,Y,NA,A,01,1,2,0,0,0,0,0,0,0,-,-,33.81705093383789,-118.2067413330078,LOS ANGELES,LONG BEACH,-118.20688629150392,33.81705093383789
91240807,2020,2020-05-21,9550,2020-05-15,1700,020861,NA,5,2,9,1900,0,1,3,NA,2,601,SR-60 W/B,STONER CREEK ROAD,50,E,N,A,-,Y,NA,NA,60,NA,NA,NA,NA,NA,W,Y,4,0,1,4,A,-,08,22107,NA,N,C,C,A,A,H,-,A,D,0,NA,NA,NA,NA,Y,NA,A,01,0,0,1,0,0,0,0,0,0,-,-,33.99449920654297,-117.9114990234375,LOS ANGELES,UNINCORPORATED,-117.9114990234375,33.994529724121094
91240810,2020,2020-05-21,9530,2020-05-16,0250,021871,NA,6,3,7,1941,0,1,1,NA,2,072,I-710 N/B (LONG BEACH FREEWAY),WARDLOW RD.,1580,S,N,A,-,Y,NA,NA,710,NA,NA,NA,NA,NA,N,Y,2,0,2,2,A,-,01,23152,A,N,C,C,A,A,H,-,C,D,0,NA,NA,NA,Y,Y,Y,D,22,2,0,0,0,0,0,0,0,0,-,-,33.821449279785156,-118.20684051513672,LOS ANGELES,LONG BEACH,-118.20687103271484,33.821449279785156
91240819,2020,2020-05-21,9530,2020-05-16,2100,021325,NA,6,2,9,1900,0,3,5,NA,2,001,ALAMEDA ST. (8300 BLOCK),83RD ST.,16,N,N,A,-,N,NA,NA,NA,NA,NA,NA,NA,NA,NA,Y,3,0,2,1,A,-,08,22107,NA,N,E,I,A,A,H,-,C,D,0,NA,NA,NA,NA,Y,NA,A,01,0,2,0,0,0,0,0,0,0,-,-,33.96310043334961,-118.23267364501952,LOS ANGELES,UNINCORPORATED,-118.23223114013672,33.9630126953125
9124084,2020,2020-10-13,1900,2020-07-13,1412,651920,1120,1,5,6,1992,0,0,0,NA,0,112T4,AVENUE G,10TH ST WEST,0,NA,Y,A,-,N,NA,NA,NA,NA,NA,NA,NA,NA,NA,N,4,0,2,2,A,-,09,21802,A,M,B,C,A,A,H,-,A,D,0,NA,NA,NA,NA,Y,Y,A,01,0,0,2,0,0,0,0,0,0,-,-,NA,NA,LOS ANGELES,LANCASTER,-118.14859008789064,34.733360290527344
91240858,2020,2020-05-21,9535,2020-05-15,1225,022245,NA,5,1,9,1900,0,3,5,NA,2,002,LA VERNE AVE (4900 BLOCK),OLYMPIC BLVD,20,S,N,A,-,N,NA,NA,NA,NA,NA,NA,NA,NA,NA,N,4,0,1,3,A,-,09,21801,A,N,B,C,A,A,H,-,A,D,0,NA,NA,NA,NA,Y,NA,A,08,0,0,1,0,0,0,0,0,0,-,-,34.017398834228516,-118.16390228271484,LOS ANGELES,UNINCORPORATED,-118.16390991210938,34.01736831665039
91240870,2020,2020-05-21,9565,2020-05-16,1410,021484,NA,6,2,7,1942,0,1,1,NA,2,064,I-405 N/B FM SKIRBALL CTR DRIVE,SKIRBALL CENTER DR,300,N,N,A,-,Y,NA,NA,405,NA,NA,NA,NA,NA,N,Y,4,0,1,2,A,-,03,22350,NA,N,C,C,A,A,H,-,A,A,0,NA,NA,NA,NA,Y,NA,A,01,0,0,1,0,0,0,0,0,0,-,-,34.12480163574219,-118.47615051269533,LOS ANGELES,LOS ANGELES,-118.47645568847656,34.12504959106445
9124088,2020,2020-10-13,1900,2020-07-06,0940,651920,1132,1,5,6,1992,0,0,0,NA,0,112T4,DIVISION ST,LANCASTER BL,50,N,N,A,-,N,NA,NA,NA,NA,NA,NA,NA,NA,NA,N,4,0,1,2,A,-,03,22350,NA,N,C,C,A,A,H,-,A,B,0,NA,NA,NA,NA,Y,NA,D,22,0,0,1,0,0,0,0,0,0,-,-,NA,NA,LOS ANGELES,LANCASTER,-118.13040924072266,34.69923782348633
91240900,2020,2020-05-21,9525,2020-05-02,1125,018761,NA,6,1,9,1900,0,3,5,NA,2,005,GLENDORA RIDGE RD.,GLENDORA MT. RD. JUNCTION,38016,E,N,A,-,N,NA,NA,NA,NA,NA,NA,NA,NA,NA,Y,2,0,1,1,A,-,03,22350,NA,N,F,A,A,A,H,-,A,D,0,NA,Y,NA,NA,Y,NA,L,04,1,0,0,0,0,0,1,0,0,-,-,34.22153091430664,-117.72003936767578,LOS ANGELES,UNINCORPORATED,NA,NA
91240903,2020,2020-05-21,9590,2020-05-16,2210,021998,NA,6,3,7,1942,0,1,1,NA,2,013,SR-110 S/B (ARROYO SECO PARKWAY),AVENUE 60,800,N,N,A,-,Y,NA,NA,110,NA,NA,NA,NA,NA,S,Y,4,0,1,2,A,-,07,21658,A,F,B,C,A,A,H,-,C,D,0,NA,NA,NA,NA,Y,NA,-,99,0,0,1,0,0,0,0,0,0,-,-,34.1115608215332,-118.18325042724608,LOS ANGELES,LOS ANGELES,-118.18325042724608,34.11155319213867
91240907,2020,2020-05-21,9550,2020-05-18,2100,020709,NA,1,2,6,1920,0,1,1,NA,2,651,I-605 N/B TO I-5,FLORENCE AVENUE,900,S,N,A,-,Y,NA,NA,605,NA,NA,NA,R,NA,N,Y,4,0,1,2,A,-,07,21658,A,N,B,C,A,A,H,-,C,D,0,NA,NA,NA,Y,Y,NA,F,25,0,0,1,0,0,0,0,0,0,-,-,33.934329986572266,-118.09974670410156,LOS ANGELES,DOWNEY,-118.09974670410156,33.934329986572266
91240933,2020,2020-05-21,9540,2020-05-13,1050,014339,NA,3,1,9,1900,0,3,5,NA,2,001,FAULKNER DR.,LEWIS WAY,0,NA,Y,A,-,N,NA,NA,NA,NA,NA,NA,NA,NA,NA,N,4,0,2,2,A,-,09,21801,A,N,D,C,A,A,H,-,A,D,0,NA,NA,NA,NA,Y,NA,A,01,0,0,2,0,0,0,0,0,0,-,-,34.39004898071289,-118.59515380859376,LOS ANGELES,UNINCORPORATED,-118.59516143798828,34.39004135131836
91240934,2020,2020-05-21,9525,2020-05-12,0840,018992,NA,2,1,9,1900,0,2,4,NA,2,022,ARROW HIGHWAY (16000 BLOCK),VINCENT AVE (5000 BLOCK),0,NA,Y,A,-,N,NA,NA,NA,NA,NA,NA,NA,NA,NA,Y,4,0,1,2,A,-,12,21453,A,F,D,C,A,A,H,-,A,A,0,NA,NA,NA,NA,Y,NA,A,01,0,0,1,0,0,0,0,0,0,-,-,34.106929779052734,-117.92530822753906,LOS ANGELES,UNINCORPORATED,-117.92537689208984,34.10694122314453
91240954,2020,2020-05-21,9590,2020-05-13,1427,022088,NA,3,2,7,1942,0,1,1,NA,2,050,I-110 NORTHBOUND (HARBOR FREEWAY),51ST ST.,400,N,N,A,-,Y,NA,NA,110,NA,NA,NA,NA,NA,N,N,4,0,1,3,A,-,03,22350,NA,N,C,C,A,A,H,-,A,D,0,NA,NA,NA,NA,Y,NA,A,01,0,0,1,0,0,0,0,0,0,-,-,33.9970817565918,-118.28048706054688,LOS ANGELES,LOS ANGELES,-118.28055572509766,33.997074127197266
91240970,2020,2020-05-21,9530,2020-05-16,1455,022438,NA,6,2,9,1900,0,1,1,NA,2,210,I-105 E/B (GLENN ANDERSON FWY),WILMINGTON AVE.,130,W,N,A,-,Y,NA,NA,105,NA,NA,NA,NA,NA,E,Y,4,0,1,2,A,-,07,21658,A,N,C,C,A,A,H,-,A,D,0,NA,NA,NA,NA,Y,NA,A,01,0,0,1,0,0,0,0,0,0,-,-,33.92823028564453,-118.23992919921876,LOS ANGELES,UNINCORPORATED,-118.23992919921876,33.92820739746094
91240972,2020,2020-05-21,9550,2020-05-18,1600,022023,NA,1,2,9,1900,0,3,5,NA,2,005,COLIMA RD. (E/B),NOGALES STREET,200,W,N,A,-,N,NA,NA,NA,NA,NA,NA,NA,NA,NA,Y,4,0,1,2,A,-,07,21658,A,N,B,C,A,A,H,-,A,D,0,NA,NA,NA,NA,Y,NA,A,01,0,0,1,0,0,0,0,0,0,-,-,33.98759841918945,-117.89237213134766,LOS ANGELES,UNINCORPORATED,-117.88996887207033,33.987571716308594
91240977,2020,2020-05-21,9590,2020-05-19,0740,015982,NA,2,1,7,1942,0,1,1,NA,2,052,I-110 N/B (HARBOR FREEWAY),7TH ST,100,N,N,A,-,Y,NA,NA,110,NA,NA,NA,NA,NA,N,N,4,0,1,2,A,-,03,22350,NA,N,C,C,A,A,H,-,A,D,0,NA,NA,NA,NA,Y,NA,A,01,0,0,1,0,0,0,0,0,0,-,-,34.05025100708008,-118.26252746582033,LOS ANGELES,LOS ANGELES,-118.26255035400392,34.050289154052734
91241013,2020,2020-05-21,9530,2020-05-16,2010,022292,NA,6,2,9,1900,0,3,5,NA,2,002,EL SEGUNDO BLVD. (2400 BLOCK),MONA BLVD.,280,W,N,A,-,N,NA,NA,NA,NA,NA,NA,NA,NA,NA,Y,3,0,1,5,A,-,08,22107,NA,N,B,E,A,A,H,-,C,D,0,NA,NA,NA,NA,Y,NA,A,01,0,1,0,0,0,0,0,0,0,-,-,33.91611099243164,-118.22789764404295,LOS ANGELES,UNINCORPORATED,-118.22791290283205,33.91619110107422
91241019,2020,2020-05-21,9530,2020-05-17,1250,021089,NA,7,1,7,1942,0,1,1,NA,2,120,I-110 S/B (HARBOR FREEWAY),GAFFEY ST.,400,N,N,A,-,Y,NA,NA,110,NA,NA,NA,NA,NA,S,Y,3,0,1,2,A,-,03,22350,NA,N,C,C,A,A,H,-,A,D,0,NA,NA,NA,NA,Y,NA,A,01,0,1,0,0,0,0,0,0,0,-,-,33.747398376464844,-118.29145050048828,LOS ANGELES,LOS ANGELES,-118.29149627685548,33.74744415283203
91241024,2020,2020-05-21,9530,2020-05-17,1100,021089,NA,7,1,7,1942,0,1,1,NA,2,120,I-110 N/B (HARBOR FREEWAY),ANAHEIM ST.,1058,S,N,A,-,Y,NA,NA,110,NA,NA,NA,NA,NA,N,Y,4,0,1,2,A,-,07,21658,A,N,D,C,A,A,H,-,A,D,0,NA,NA,NA,NA,Y,NA,A,01,0,0,1,0,0,0,0,0,0,-,-,33.777099609375,-118.27950286865234,LOS ANGELES,LOS ANGELES,-118.27999114990234,33.777061462402344
91241031,2020,2020-05-21,9530,2020-05-17,2100,021906,NA,7,2,7,1942,0,1,1,NA,2,110,I-110 S/B (HAF) FROM ROSECRANS AVE,ROSECRANS AVE.,530,S,N,A,-,Y,NA,NA,NA,NA,NA,NA,NA,NA,NA,Y,4,0,1,2,A,-,03,22350,NA,N,C,C,A,A,H,-,C,A,0,NA,NA,NA,NA,Y,NA,A,01,0,0,1,0,0,0,0,0,0,-,-,33.900089263916016,-118.26708221435548,LOS ANGELES,LOS ANGELES,-118.28690338134766,33.90043640136719
91241050,2020,2020-05-21,9525,2020-05-19,1530,018651,NA,2,2,5,1990,0,1,3,NA,2,602,SR-60 E/B (POMONA FWY),LEMON AVE,528,E,N,A,-,Y,NA,NA,60,NA,NA,NA,NA,NA,E,Y,4,0,1,4,A,-,03,22350,NA,N,C,C,A,A,H,-,A,D,0,NA,NA,NA,NA,Y,NA,A,07,0,0,1,0,0,0,0,0,0,-,-,33.998931884765625,-117.85259246826172,LOS ANGELES,DIAMOND BAR,-117.85260772705078,33.999061584472656
91241076,2020,2020-05-21,9530,2020-05-18,0858,020427,NA,1,1,7,1942,0,1,1,NA,2,200,I-105 E/B TO I-110 N/B,FIGUEROA ST.,430,E,N,B,C,Y,NA,NA,105,NA,NA,NA,R,NA,E,Y,2,0,1,1,A,-,03,22350,NA,N,E,I,A,B,H,-,A,D,0,NA,NA,NA,NA,Y,NA,A,01,1,0,0,0,0,0,0,0,0,-,-,33.92866134643555,-118.28115081787108,LOS ANGELES,LOS ANGELES,-118.28115081787108,33.92866134643555