CASE_ID,ACCIDENT_YEAR,PROC_DATE,JURIS,COLLISION_DATE,COLLISION_TIME,OFFICER_ID,REPORTING_DISTRICT,DAY_OF_WEEK,CHP_SHIFT,POPULATION,CNTY_CITY_LOC,SPECIAL_COND,BEAT_TYPE,CHP_BEAT_TYPE,CITY_DIVISION_LAPD,CHP_BEAT_CLASS,BEAT_NUMBER,PRIMARY_RD,SECONDARY_RD,DISTANCE,DIRECTION,INTERSECTION,WEATHER_1,WEATHER_2,STATE_HWY_IND,CALTRANS_COUNTY,CALTRANS_DISTRICT,STATE_ROUTE,ROUTE_SUFFIX,POSTMILE_PREFIX,POSTMILE,LOCATION_TYPE,RAMP_INTERSECTION,SIDE_OF_HWY,TOW_AWAY,COLLISION_SEVERITY,NUMBER_KILLED,NUMBER_INJURED,PARTY_COUNT,PRIMARY_COLL_FACTOR,PCF_CODE_OF_VIOL,PCF_VIOL_CATEGORY,PCF_VIOLATION,PCF_VIOL_SUBSECTION,HIT_AND_RUN,TYPE_OF_COLLISION,MVIW,PED_ACTION,ROAD_SURFACE,ROAD_COND_1,ROAD_COND_2,LIGHTING,CONTROL_DEVICE,CHP_ROAD_TYPE,PEDESTRIAN_ACCIDENT,BICYCLE_ACCIDENT,MOTORCYCLE_ACCIDENT,TRUCK_ACCIDENT,NOT_PRIVATE_PROPERTY,ALCOHOL_INVOLVED,STWD_VEHTYPE_AT_FAULT,CHP_VEHTYPE_AT_FAULT,COUNT_SEVERE_INJ,COUNT_VISIBLE_INJ,COUNT_COMPLAINT_PAIN,COUNT_PED_KILLED,COUNT_PED_INJURED,COUNT_BICYCLIST_KILLED,COUNT_BICYCLIST_INJURED,COUNT_MC_KILLED,COUNT_MC_INJURED,PRIMARY_RAMP,SECONDARY_RAMP,LATITUDE,LONGITUDE,COUNTY,CITY,POINT_X,POINT_Y
9124444,2020,2020-09-22,1942,2020-07-04,2120,43978,2185,6,5,7,1942,0,0,0,NA,0,21A29,TOPANGA CANYON,MULHOLLAND DR,0,NA,Y,A,-,N,NA,NA,NA,NA,NA,NA,NA,NA,NA,N,4,0,1,2,A,-,09,21801,A,F,A,D,A,A,H,-,C,A,0,NA,NA,NA,NA,Y,NA,A,01,0,0,1,0,0,0,0,0,0,-,-,NA,NA,LOS ANGELES,LOS ANGELES,-118.6047592163086,34.15119934082031
9124445,2020,2020-09-22,1942,2020-07-05,1115,33294,1663,7,5,7,1942,0,0,0,P,0,26M36,LAUREL CANYON BL,SHELDON ST,70,N,N,A,-,N,NA,NA,NA,NA,NA,NA,NA,NA,NA,N,4,0,2,2,A,-,03,22350,NA,F,C,C,A,A,H,-,A,A,0,NA,NA,NA,NA,Y,NA,-,99,0,0,2,0,0,0,0,0,0,-,-,NA,NA,LOS ANGELES,LOS ANGELES,-118.40388488769533,34.23210525512695
9124446,2020,2020-09-22,1942,2020-07-04,1930,41396,1008,6,5,7,1942,0,0,0,J,0,10A39,SATICOY ST,WOODLEY AV,0,NA,Y,A,-,N,NA,NA,NA,NA,NA,NA,NA,NA,NA,Y,2,0,1,2,A,-,12,21453,A,N,D,C,A,A,H,-,A,A,0,NA,NA,Y,NA,Y,NA,C,02,1,0,0,0,0,0,0,0,1,-,-,NA,NA,LOS ANGELES,LOS ANGELES,-118.48368072509766,34.20845031738281
9124447,2020,2020-09-22,1942,2020-07-05,1310,30851,2128,7,5,7,1942,0,0,0,NA,0,21A5,MASON,ARMINTA,400,N,N,A,-,N,NA,NA,NA,NA,NA,NA,NA,NA,NA,Y,4,0,3,3,A,-,03,22350,NA,N,C,C,A,A,H,-,A,A,0,NA,NA,NA,NA,Y,NA,A,01,0,0,3,0,0,0,0,0,0,-,-,NA,NA,LOS ANGELES,LOS ANGELES,-118.57973480224608,34.21424865722656
9124448,2020,2020-09-22,1942,2020-07-05,1150,43586,2158,7,5,7,1942,0,0,0,NA,0,21A29,ERWIN ST,VARIEL AV,0,NA,Y,A,-,N,NA,NA,NA,NA,NA,NA,NA,NA,NA,Y,3,0,1,2,A,-,12,21453,A,N,D,C,A,A,H,-,A,A,0,NA,NA,NA,NA,Y,NA,A,01,0,1,0,0,0,0,0,0,0,-,-,NA,NA,LOS ANGELES,LOS ANGELES,-118.59275817871094,34.182861328125
9124449,2020,2020-09-22,1942,2020-07-05,1100,39217,2144,7,5,7,1942,0,0,0,NA,0,21A43,VICTORY BL,SHOUP AV,0,NA,Y,A,-,N,NA,NA,NA,NA,NA,NA,NA,NA,NA,N,3,0,2,2,A,-,08,22103,NA,N,B,C,A,A,H,-,A,D,0,NA,NA,NA,NA,Y,NA,A,01,0,2,0,0,0,0,0,0,0,-,-,NA,NA,LOS ANGELES,LOS ANGELES,-118.61457061767578,34.18645095825195
9124450,2020,2020-09-22,1942,2020-07-05,0930,30452,2187,7,5,7,1942,0,0,0,NA,0,21A97,VENTURA BL,ALHAMA DR,0,NA,Y,A,-,N,NA,NA,NA,NA,NA,NA,NA,NA,NA,Y,3,0,1,2,A,-,09,21801,A,N,D,C,A,A,H,-,A,A,0,NA,NA,Y,NA,Y,NA,A,01,0,1,0,0,0,0,0,0,1,-,-,NA,NA,LOS ANGELES,LOS ANGELES,-118.5927734375,34.16695022583008
9124451,2020,2020-09-22,1942,2020-07-05,1345,37932,1985,7,5,7,1942,0,0,0,NA,0,19A75,ROSCOE BL,TOBIAS AV,0,NA,Y,A,-,N,NA,NA,NA,NA,NA,NA,NA,NA,NA,Y,3,0,2,2,A,-,04,21703,NA,N,C,C,A,A,H,-,A,A,0,NA,NA,NA,NA,Y,NA,A,01,0,1,1,0,0,0,0,0,0,-,-,NA,NA,LOS ANGELES,LOS ANGELES,-118.45169067382813,34.221519470214844
9124452,2020,2020-09-24,1942,2020-07-04,1650,36744,1982,6,5,7,1942,0,0,0,NA,0,19A79,PARTHENIA ST,NOBLE AV,460,E,N,A,-,N,NA,NA,NA,NA,NA,NA,NA,NA,NA,N,4,0,3,3,A,-,09,21804,NA,N,B,C,A,A,H,-,A,D,0,NA,NA,NA,NA,Y,NA,A,01,0,0,3,0,0,0,0,0,0,-,-,NA,NA,LOS ANGELES,LOS ANGELES,-118.45956420898438,34.22829818725586
9124453,2020,2020-09-22,1942,2020-07-03,1700,40634,1999,5,5,7,1942,0,0,0,NA,0,19A93,WOODMAN AV,STRATHERN ST,105,S,N,A,-,N,NA,NA,NA,NA,NA,NA,NA,NA,NA,N,4,0,1,4,A,-,08,22107,NA,N,B,C,A,A,H,-,A,D,0,NA,NA,NA,NA,Y,NA,A,01,0,0,1,0,0,0,0,0,0,-,-,NA,NA,LOS ANGELES,LOS ANGELES,-118.4311294555664,34.215362548828125
9124454,2020,2020-09-22,1942,2020-07-02,2235,35837,0914,4,5,7,1942,0,0,0,I,0,9A19,VAN NUYS BL,HARTLAND ST,20,S,N,A,-,N,NA,NA,NA,NA,NA,NA,NA,NA,NA,Y,3,0,1,2,A,-,01,23152,A,N,A,C,A,A,H,-,C,A,0,NA,NA,NA,NA,Y,Y,A,07,0,1,0,0,0,0,0,0,0,-,-,NA,NA,LOS ANGELES,LOS ANGELES,-118.4487533569336,34.19508361816406
9124455,2020,2020-09-22,1942,2020-07-03,2014,43525,1029,5,5,7,1942,0,0,0,J,0,10A39,HART ST,HASKELL AV,0,NA,Y,A,-,N,NA,NA,NA,NA,NA,NA,NA,NA,NA,N,4,0,1,3,A,-,10,21950,A,F,G,B,B,A,H,-,D,D,0,Y,NA,NA,NA,Y,NA,-,99,0,0,1,0,1,0,0,0,0,-,-,NA,NA,LOS ANGELES,LOS ANGELES,-118.47490692138672,34.19752883911133
9124457,2020,2020-09-22,1942,2020-07-07,2300,42309,1083,2,5,7,1942,0,0,0,J,0,10A83,VANALDEN AV,SHENANGO DR,1213,S,N,A,-,N,NA,NA,NA,NA,NA,NA,NA,NA,NA,N,2,0,1,1,C,-,18,NA,NA,F,H,-,A,A,H,-,C,D,0,NA,NA,NA,NA,Y,NA,-,-,1,0,0,0,0,0,0,0,0,-,-,NA,NA,LOS ANGELES,LOS ANGELES,-118.55601501464844,34.141902923583984
9124458,2020,2020-09-22,1942,2020-07-07,2230,42251,2149,2,5,7,1942,0,0,0,NA,0,21A29,WINNETKA AV,VANOWEN ST,45,S,N,A,-,N,NA,NA,NA,NA,NA,NA,NA,NA,NA,N,4,0,1,2,A,-,08,22107,NA,F,C,C,A,A,H,-,C,A,0,NA,NA,NA,NA,Y,NA,-,99,0,0,1,0,0,0,0,0,0,-,-,NA,NA,LOS ANGELES,LOS ANGELES,-118.57097625732422,34.193668365478516
9124459,2020,2020-09-22,1942,2020-07-02,1650,43496,1025,4,5,7,1942,0,0,0,J,0,10X88,SHERMAN WAY,ETIWANDA,100,W,N,A,-,N,NA,NA,NA,NA,NA,NA,NA,NA,NA,N,4,0,1,2,A,-,04,21703,NA,F,C,C,A,A,H,-,A,D,0,NA,NA,NA,NA,Y,NA,-,99,0,0,1,0,0,0,0,0,0,-,-,NA,NA,LOS ANGELES,LOS ANGELES,-118.53201293945313,34.20117950439453
9124460,2020,2020-09-22,1942,2020-07-03,0530,42280,0911,5,5,7,1942,0,0,0,I,0,9A23,SEPULVEDA BL,VOSE ST,0,NA,Y,A,-,N,NA,NA,NA,NA,NA,NA,NA,NA,NA,N,4,0,1,2,A,-,03,22350,NA,F,G,B,E,A,H,-,B,A,0,Y,NA,NA,NA,Y,NA,-,99,0,0,1,0,1,0,0,0,0,-,-,NA,NA,LOS ANGELES,LOS ANGELES,-118.46620178222656,34.19844055175781
9124467,2020,2020-10-10,1942,2020-07-04,0300,7841,19111,6,5,7,1942,0,0,0,NA,0,9A7,ROXFORD ST,ENCINITAS AV,0,NA,Y,A,-,N,NA,NA,NA,NA,NA,NA,NA,NA,NA,Y,4,0,1,1,A,-,16,24002,NA,N,A,I,A,A,H,-,C,A,0,NA,NA,NA,NA,Y,NA,-,NA,0,0,1,0,0,0,0,0,0,-,-,NA,NA,LOS ANGELES,LOS ANGELES,-118.47885894775392,34.303829193115234
91245023,2020,2020-05-29,9525,2020-05-22,1800,021779,NA,5,2,9,1900,0,3,5,NA,2,005,GLENDORA RIDGE RD.,GLENDORA MOUNTAIN RD.,39600,E,N,A,-,N,NA,NA,NA,NA,NA,NA,NA,NA,NA,Y,3,0,1,1,A,-,03,22350,NA,N,F,A,A,A,H,-,A,D,0,NA,NA,NA,NA,Y,NA,A,01,0,1,0,0,0,0,0,0,0,-,-,34.221229553222656,-117.71949768066406,LOS ANGELES,UNINCORPORATED,-117.71547698974608,34.22045135498047
91245027,2020,2020-05-29,9540,2020-05-27,0820,019853,NA,3,1,9,1900,0,1,3,NA,2,147,SR-14 S/B (ANTELOPE VALLEY FWY.),SOLEDAD CANYON RD,100,S,N,A,-,Y,NA,NA,14,NA,NA,NA,NA,NA,S,Y,4,0,4,2,A,-,03,22350,NA,N,C,C,A,A,H,-,A,D,0,NA,NA,NA,NA,Y,NA,A,01,0,0,4,0,0,0,0,0,0,-,-,34.43376922607422,-118.38697052001952,LOS ANGELES,UNINCORPORATED,-118.38697052001952,34.43378829956055
91245053,2020,2020-05-29,9535,2020-05-19,1930,022142,NA,2,2,5,1901,0,1,1,NA,2,420,I-10 E/B TO GARFIELD AVE.,GARFIELD AVE.,120,E,N,A,-,Y,NA,NA,10,NA,NA,NA,R,NA,E,Y,4,0,1,1,A,-,01,23152,A,N,F,J,A,A,H,-,A,A,0,NA,NA,NA,NA,Y,Y,A,01,0,0,1,0,0,0,0,0,0,-,-,34.07112121582031,-118.12236785888672,LOS ANGELES,ALHAMBRA,-118.12236785888672,34.07112121582031
91245094,2020,2020-05-29,9530,2020-05-22,1410,020140,NA,5,2,9,1900,0,3,5,NA,2,006,NORMANDIE AVE (23100 BLOCK),SEPULVEDA BLVD,528,N,N,A,-,N,NA,NA,NA,NA,NA,NA,NA,NA,NA,Y,4,0,1,2,A,-,21,22106,NA,N,D,C,A,A,H,-,A,D,0,NA,NA,NA,NA,Y,NA,A,01,0,0,1,0,0,0,0,0,0,-,-,33.81528091430664,-118.29817199707033,LOS ANGELES,UNINCORPORATED,-118.29820251464844,33.81461715698242
91245133,2020,2020-05-29,9580,2020-05-19,1245,018580,NA,2,1,7,1942,0,1,1,NA,2,404,I-405 N/B (SAN DIEGO FWY),BURBANK BOULEVARD,50,N,N,A,-,Y,NA,NA,405,NA,NA,NA,NA,NA,N,N,4,0,1,1,C,-,18,NA,NA,N,E,J,A,A,H,-,A,D,0,NA,NA,NA,NA,Y,NA,-,-,0,0,1,0,0,0,0,0,0,-,-,34.248619079589844,-118.4726104736328,LOS ANGELES,LOS ANGELES,-118.47225952148438,34.24856948852539
91245149,2020,2020-05-29,9580,2020-05-21,1600,019573,NA,4,2,7,1942,0,1,2,NA,2,100,US-101 N/B (HOLLYWOOD FREEWAY),VINELAND AVE,200,N,N,A,-,Y,NA,NA,101,NA,NA,NA,NA,NA,N,Y,4,0,1,3,A,-,03,22350,NA,N,C,C,A,A,H,-,A,D,0,NA,NA,NA,NA,Y,NA,A,07,0,0,1,0,0,0,0,0,0,-,-,34.14739990234375,-118.37090301513672,LOS ANGELES,LOS ANGELES,-118.3708724975586,34.14743423461914
91245191,2020,2020-05-29,9550,2020-05-18,0045,022139,NA,1,3,5,1908,0,1,3,NA,2,091,STATE ROUTE 91 EASTBOUND,INTERSTATE 605 (SAN GABRIEL RIVER FREEWA,250,W,N,A,-,Y,NA,NA,NA,NA,NA,NA,NA,NA,NA,Y,4,0,1,1,A,-,08,22107,NA,N,E,I,A,A,H,-,D,D,0,NA,NA,NA,NA,Y,NA,A,01,0,0,1,0,0,0,0,0,0,-,-,33.87620162963867,-118.10389709472656,LOS ANGELES,BELLFLOWER,NA,NA
91245204,2020,2020-07-21,9540,2020-03-29,0455,021845,NA,7,3,9,1900,0,1,1,NA,2,513,I-5 S/B (GOLDEN STATE FREEWAY),SMOKEY BEAR RD,160,N,N,A,-,Y,NA,NA,5,NA,NA,NA,NA,NA,S,Y,1,1,0,1,A,-,01,23152,F,N,E,I,A,A,H,-,C,D,0,NA,NA,NA,NA,Y,NA,A,07,0,0,0,0,0,0,0,0,0,-,-,34.70833969116211,-118.79656982421876,LOS ANGELES,UNINCORPORATED,-118.79646301269533,34.7083854675293
91245206,2020,2020-05-29,9565,2020-05-22,0205,021453,NA,5,3,5,1928,0,1,1,NA,2,060,I-405 N/B (SAN DIEGO FWY),135TH ST.,400,N,N,A,-,Y,NA,NA,405,NA,NA,NA,NA,NA,N,Y,3,0,1,2,A,-,01,23152,A,N,C,C,A,A,H,-,C,D,0,NA,NA,NA,NA,Y,Y,A,01,0,1,0,0,0,0,0,0,0,-,-,33.91067886352539,-118.37035369873048,LOS ANGELES,HAWTHORNE,-118.37030792236328,33.91067886352539
91245252,2020,2020-05-29,9590,2020-05-14,1307,022382,NA,4,1,7,1942,0,1,1,NA,2,064,I-10 E/B (SMF) TO I-5 S/B (GSF),MARRIETA ST,40,N,N,A,-,Y,NA,NA,NA,NA,NA,NA,NA,NA,NA,Y,4,0,1,3,A,-,03,22350,NA,M,C,C,A,A,H,-,A,D,0,NA,NA,NA,NA,Y,NA,A,01,0,0,1,0,0,0,0,0,0,-,-,34.028770446777344,-118.2133331298828,LOS ANGELES,LOS ANGELES,-118.21292114257813,34.02950668334961
91245254,2020,2020-05-29,9590,2020-05-19,1802,022428,NA,2,2,7,1942,0,1,2,NA,2,071,US-101 S/B (HOLLYWOOD FREEWAY) (HOF),VIRGIL AVENUE.,190,S,N,A,-,Y,NA,NA,101,NA,NA,NA,NA,NA,S,N,4,0,2,2,A,-,03,22350,NA,N,C,A,A,A,H,-,A,D,0,NA,NA,NA,NA,Y,NA,A,01,0,0,2,0,0,0,0,0,0,-,-,34.07807159423828,-118.2860870361328,LOS ANGELES,LOS ANGELES,-118.28609466552734,34.07804489135742
91245270,2020,2020-05-29,9580,2020-05-18,0914,014902,NA,1,1,9,1900,0,1,3,NA,2,119,SR-118 W/B (RONALD REAGAN FWY.),IVERSON RD,1185,W,N,C,-,Y,NA,NA,118,NA,NA,NA,NA,NA,W,Y,4,0,2,2,A,-,03,22350,NA,N,B,C,A,B,H,-,A,D,0,NA,NA,NA,Y,Y,NA,G,26,0,0,2,0,0,0,0,0,0,-,-,34.27605056762695,-118.62059020996094,LOS ANGELES,UNINCORPORATED,-118.62060546875,34.27613830566406
91245274,2020,2020-05-29,9540,2020-05-19,0700,021374,NA,2,1,9,1900,0,1,3,NA,2,147,SR-14 S/B (ANTELOPE VALLEY FREEWAY),AGUA DULCE CYN RD,1670,S,N,A,-,Y,NA,NA,14,NA,NA,NA,NA,NA,S,Y,2,0,1,5,A,-,03,22350,NA,N,C,C,A,A,H,-,A,D,0,NA,NA,NA,NA,Y,NA,D,22,1,0,0,0,0,0,0,0,0,-,-,34.46635055541992,-118.33580780029295,LOS ANGELES,UNINCORPORATED,-118.33580780029295,34.46635437011719
91245291,2020,2020-05-29,9565,2020-05-21,0651,017713,NA,4,1,9,1900,0,1,1,NA,2,063,I-405 N/B (SAN DIEGO FREEWAY),OHIO AVE.,700,N,N,A,-,Y,NA,NA,405,NA,NA,NA,NA,NA,N,Y,3,0,1,2,A,-,03,22350,NA,N,C,C,A,A,H,-,A,D,0,NA,NA,NA,NA,Y,NA,A,07,0,1,0,0,0,0,0,0,0,-,-,34.05131912231445,-118.44902801513672,LOS ANGELES,UNINCORPORATED,-118.44913482666016,34.05128860473633
91245294,2020,2020-05-29,9525,2020-05-21,2113,021809,NA,4,2,9,1900,0,1,3,NA,1,024,SR-39 (SAN GABRIEL CANYON RD.),OLD SAN GABRIEL CANYON ROAD,5280,N,N,A,-,Y,NA,NA,39,NA,NA,NA,NA,NA,NA,Y,4,0,1,1,A,-,03,22350,NA,N,E,A,A,A,H,-,C,D,0,NA,NA,NA,NA,Y,NA,A,01,0,0,1,0,0,0,0,0,0,-,-,34.17102813720703,-117.88836669921876,LOS ANGELES,UNINCORPORATED,-117.88837432861328,34.17107391357422
9124530,2020,2020-09-02,1924,2020-06-19,2214,80431,14,5,5,5,1924,0,0,0,NA,0,8T2,NORMANDIE AV,139TH ST,110,N,N,A,-,Y,NA,NA,NA,NA,NA,NA,NA,NA,NA,Y,4,0,2,2,A,-,01,23152,A,N,C,C,A,A,H,-,C,A,0,NA,NA,NA,NA,Y,Y,A,01,0,0,2,0,0,0,0,0,0,-,-,33.905540466308594,-118.30039978027344,LOS ANGELES,GARDENA,-118.30040740966795,33.90581130981445
91245303,2020,2020-05-29,9525,2020-05-21,1520,022519,NA,4,2,4,1960,0,1,1,NA,2,208,SR-210 E/B (FOOTHILL FWY),AMELIA AVE,1056,E,N,A,-,Y,NA,NA,210,NA,NA,NA,NA,NA,E,N,4,0,1,4,A,-,03,22350,NA,M,C,C,A,A,H,-,A,D,0,NA,NA,NA,NA,Y,NA,A,01,0,0,1,0,0,0,0,0,0,-,-,34.12004089355469,-117.81944274902344,LOS ANGELES,SAN DIMAS,-117.81943511962892,34.120052337646484
91245305,2019,2020-05-29,9530,2019-11-18,0754,020427,NA,1,1,9,1900,0,3,5,NA,2,003,COOKACRE AVE. (14300 BLOCK),SAUNDERS ST.,35,N,N,A,-,N,NA,NA,NA,NA,NA,NA,NA,NA,NA,N,4,0,1,2,A,-,11,21954,A,F,G,B,D,A,H,-,A,D,0,Y,NA,NA,NA,Y,NA,N,60,0,0,1,0,1,0,0,0,0,-,-,33.90279006958008,-118.19499969482422,LOS ANGELES,UNINCORPORATED,-118.19496154785156,33.90265655517578
9124531,2020,2020-09-04,1924,2020-06-25,0132,80431,46,4,5,5,1924,0,0,0,NA,0,8T2,REDONDO BEACH BL,RAYMOND AV,53,W,N,A,-,N,NA,NA,NA,NA,NA,NA,NA,NA,NA,Y,3,0,1,1,A,-,01,23152,A,N,E,I,A,A,H,-,C,A,0,NA,NA,NA,NA,Y,Y,A,01,0,1,0,0,0,0,0,0,0,-,-,33.892051696777344,-118.29824829101564,LOS ANGELES,GARDENA,-118.29826354980467,33.89202880859375
9124532,2020,2020-09-04,1924,2020-06-23,0317,80405,26,2,5,5,1924,0,0,0,NA,0,004,MARINE AV,NORMANDIE AV,0,NA,Y,A,-,N,NA,NA,NA,NA,NA,NA,NA,NA,NA,Y,3,0,2,2,A,-,01,23152,A,N,D,C,A,A,H,-,C,A,0,NA,NA,NA,NA,Y,Y,A,01,0,1,1,0,0,0,0,0,0,-,-,33.89466857910156,-118.30042266845705,LOS ANGELES,GARDENA,-118.30045318603516,33.894649505615234
9124533,2020,2020-10-20,1924,2020-06-18,2500,80453,G3,4,5,5,1924,0,0,0,NA,0,0G2,EL SEGUNDO BL,WESTERN AV,105,E,N,A,B,N,NA,NA,NA,NA,NA,NA,NA,NA,NA,Y,3,0,1,2,A,-,03,22350,NA,N,C,C,A,A,H,-,A,D,0,NA,NA,NA,NA,Y,NA,A,01,0,1,0,0,0,0,0,0,0,-,-,33.916481018066406,-118.30908203125,LOS ANGELES,GARDENA,-118.30873107910156,33.916439056396484
91245391,2020,2020-05-29,9535,2020-05-19,1718,022496,NA,2,2,9,1900,0,2,4,NA,2,024,EASTERN AVENUE,WHITTIER BLVD,0,NA,Y,A,-,N,NA,NA,NA,NA,NA,NA,NA,NA,NA,Y,4,0,1,3,A,-,12,21453,A,F,D,C,A,A,H,-,A,A,0,NA,NA,NA,NA,Y,NA,A,01,0,0,1,0,0,0,0,0,0,-,-,34.02394104003906,-118.17400360107422,LOS ANGELES,UNINCORPORATED,-118.17395782470705,34.023921966552734
91245444,2020,2020-06-01,9565,2020-05-21,0154,021453,NA,4,3,7,1942,0,1,1,NA,2,082,I-10 W/B (SANTA MONICA FWY),COVENTRY PL.,360,W,N,A,-,Y,NA,NA,10,NA,NA,NA,NA,NA,W,N,3,0,1,1,A,-,08,22107,NA,N,E,I,A,A,H,-,D,D,0,NA,NA,Y,NA,Y,NA,C,03,0,1,0,0,0,0,0,0,1,-,-,34.031951904296875,-118.42511749267578,LOS ANGELES,LOS ANGELES,-118.42511749267578,34.0318603515625
91245447,2020,2020-06-01,9530,2020-05-22,1955,022079,NA,5,2,7,1942,0,1,1,NA,2,200,I-105 W/B (GLENN ANDERSON FWY),HOOVER ST.,500,E,N,A,-,Y,NA,NA,105,NA,NA,NA,NA,NA,W,Y,3,0,3,3,A,-,03,22350,NA,N,C,C,A,A,H,-,C,D,0,NA,NA,NA,NA,Y,NA,A,01,0,1,2,0,0,0,0,0,0,-,-,33.92890167236328,-118.28524017333984,LOS ANGELES,LOS ANGELES,-118.28524017333984,33.928863525390625
91245453,2020,2020-06-01,9530,2020-05-22,1415,022427,NA,5,2,9,1900,0,3,5,NA,2,003,SAN VINCENTE ST.,COOKACRE AVE.,0,NA,Y,A,-,N,NA,NA,NA,NA,NA,NA,NA,NA,NA,N,4,0,1,2,A,-,09,21801,A,F,D,C,A,A,H,-,A,D,0,NA,NA,NA,NA,Y,NA,-,99,0,0,1,0,0,0,0,0,0,-,-,33.89945983886719,-118.19471740722656,LOS ANGELES,UNINCORPORATED,-118.19483184814452,33.89945983886719
91245463,2020,2020-06-01,9550,2020-05-23,0100,022139,NA,6,3,5,1908,0,1,3,NA,2,091,STATE ROUTE 91 WESTBOUND,BELLFLOWER BLVD,0,NA,Y,A,-,Y,NA,NA,91,NA,NA,NA,NA,NA,W,Y,4,0,2,1,A,-,08,22107,NA,N,F,I,A,A,H,-,D,D,0,NA,NA,NA,NA,Y,Y,A,07,0,0,2,0,0,0,0,0,0,-,-,33.87628936767578,-118.12519073486328,LOS ANGELES,BELLFLOWER,-118.12519073486328,33.87628936767578
91245468,2020,2020-06-01,9530,2020-05-23,2010,021965,NA,6,2,9,1900,0,1,1,NA,2,410,I-405 N/B TO I-110 S/B,I-110 S/B (HARBOR FREEWAY),210,N,N,A,-,Y,NA,NA,405,NA,NA,NA,R,NA,N,Y,3,0,2,1,A,-,03,22350,NA,N,F,A,A,A,D,-,B,D,0,NA,NA,Y,NA,Y,NA,C,02,0,2,0,0,0,0,0,0,2,-,-,33.85887908935547,-118.28559112548828,LOS ANGELES,UNINCORPORATED,-118.28559112548828,33.85887908935547
91245476,2020,2020-06-01,9565,2020-05-21,1600,022219,NA,4,2,9,1900,0,2,4,NA,2,023,WESTERN AVE,111TH ST,100,N,N,A,-,N,NA,NA,NA,NA,NA,NA,NA,NA,NA,Y,3,0,1,3,A,-,09,21801,A,N,D,C,A,A,H,-,A,D,0,NA,NA,NA,NA,Y,NA,A,01,0,1,0,0,0,0,0,0,0,-,-,33.93418884277344,-118.30896759033205,LOS ANGELES,UNINCORPORATED,-118.3090591430664,33.9340934753418
91245489,2020,2020-06-01,9550,2020-05-29,0200,022208,NA,5,3,6,1949,0,1,1,NA,2,500,I-5 S/B TO I-605 S/B,INTERSTATE 605 (SAN GABRIEL RIVER FREEWA,750,N,N,A,-,Y,NA,NA,NA,NA,NA,NA,NA,NA,NA,Y,4,0,1,1,A,-,08,22107,NA,N,F,J,A,A,H,-,C,D,0,NA,NA,NA,NA,Y,NA,A,01,0,0,1,0,0,0,0,0,0,-,-,33.942588806152344,-118.0984115600586,LOS ANGELES,NORWALK,NA,NA
91245534,2020,2020-06-01,9550,2020-05-21,0841,020014,NA,4,1,6,1949,0,1,1,NA,2,651,INTERSTATE 605 (SAN GABRIEL RIVER FREEW,ALONDRA BOULEVARD,1000,N,N,A,-,Y,NA,NA,605,NA,NA,NA,NA,NA,NA,Y,4,0,1,2,A,-,08,22107,NA,N,E,J,A,A,H,-,A,D,0,NA,NA,NA,NA,Y,NA,A,01,0,0,1,0,0,0,0,0,0,-,-,33.89371871948242,-118.10482025146484,LOS ANGELES,NORWALK,-118.1049346923828,33.893714904785156
91245544,2020,2020-06-01,9565,2020-05-26,1338,020209,NA,2,1,9,1900,0,3,5,NA,2,003,SOUTHRIDGE AVENUE,NORTHRIDGE DRIVE,0,NA,Y,A,-,N,NA,NA,NA,NA,NA,NA,NA,NA,NA,N,4,0,1,2,A,-,12,22450,A,N,D,C,A,A,H,-,A,D,0,NA,NA,NA,NA,Y,NA,A,01,0,0,1,0,0,0,0,0,0,-,-,33.99753952026367,-118.35154724121094,LOS ANGELES,UNINCORPORATED,-118.3516082763672,33.99750900268555
91245555,2020,2020-06-01,9565,2020-05-22,1810,021706,NA,5,2,7,1942,0,1,1,NA,2,062,I-405 S/B (SAN DIEGO FREEWAY),VENICE BLVD,500,N,N,A,-,Y,NA,NA,405,NA,NA,NA,NA,NA,S,Y,4,0,2,2,A,-,03,22350,NA,N,C,C,A,A,H,-,A,D,0,NA,NA,NA,NA,Y,NA,A,01,0,0,2,0,0,0,0,0,0,-,-,34.0135498046875,-118.41964721679688,LOS ANGELES,LOS ANGELES,-118.41966247558594,34.01354217529297
91245560,2020,2020-06-01,9565,2020-05-22,1105,022423,NA,5,1,5,1928,0,1,1,NA,2,012,I-105 W/B TO PRAIRE AVE,PRAIRIE AVE,800,W,N,A,-,Y,NA,NA,105,NA,NA,NA,R,NA,W,Y,4,0,1,1,A,-,03,22350,NA,N,E,I,A,A,H,-,A,D,0,NA,NA,NA,NA,Y,NA,A,01,0,0,1,0,0,0,0,0,0,-,-,33.93244934082031,-118.34664154052734,LOS ANGELES,HAWTHORNE,-118.34664154052734,33.93244934082031
91245573,2020,2020-06-01,9550,2020-05-30,1400,018408,NA,6,2,6,1949,0,1,1,NA,2,500,I-5 N/B,PIONEER BOULEVARD,2000,N,N,A,-,Y,NA,NA,5,NA,NA,NA,NA,NA,N,N,4,0,1,2,A,-,03,22350,NA,N,C,C,A,A,H,-,A,D,0,NA,NA,NA,NA,Y,NA,A,01,0,0,1,0,0,0,0,0,0,-,-,33.924888610839844,-118.08534240722656,LOS ANGELES,NORWALK,-118.08527374267578,33.92493438720703