CASE_ID,ACCIDENT_YEAR,PROC_DATE,JURIS,COLLISION_DATE,COLLISION_TIME,OFFICER_ID,REPORTING_DISTRICT,DAY_OF_WEEK,CHP_SHIFT,POPULATION,CNTY_CITY_LOC,SPECIAL_COND,BEAT_TYPE,CHP_BEAT_TYPE,CITY_DIVISION_LAPD,CHP_BEAT_CLASS,BEAT_NUMBER,PRIMARY_RD,SECONDARY_RD,DISTANCE,DIRECTION,INTERSECTION,WEATHER_1,WEATHER_2,STATE_HWY_IND,CALTRANS_COUNTY,CALTRANS_DISTRICT,STATE_ROUTE,ROUTE_SUFFIX,POSTMILE_PREFIX,POSTMILE,LOCATION_TYPE,RAMP_INTERSECTION,SIDE_OF_HWY,TOW_AWAY,COLLISION_SEVERITY,NUMBER_KILLED,NUMBER_INJURED,PARTY_COUNT,PRIMARY_COLL_FACTOR,PCF_CODE_OF_VIOL,PCF_VIOL_CATEGORY,PCF_VIOLATION,PCF_VIOL_SUBSECTION,HIT_AND_RUN,TYPE_OF_COLLISION,MVIW,PED_ACTION,ROAD_SURFACE,ROAD_COND_1,ROAD_COND_2,LIGHTING,CONTROL_DEVICE,CHP_ROAD_TYPE,PEDESTRIAN_ACCIDENT,BICYCLE_ACCIDENT,MOTORCYCLE_ACCIDENT,TRUCK_ACCIDENT,NOT_PRIVATE_PROPERTY,ALCOHOL_INVOLVED,STWD_VEHTYPE_AT_FAULT,CHP_VEHTYPE_AT_FAULT,COUNT_SEVERE_INJ,COUNT_VISIBLE_INJ,COUNT_COMPLAINT_PAIN,COUNT_PED_KILLED,COUNT_PED_INJURED,COUNT_BICYCLIST_KILLED,COUNT_BICYCLIST_INJURED,COUNT_MC_KILLED,COUNT_MC_INJURED,PRIMARY_RAMP,SECONDARY_RAMP,LATITUDE,LONGITUDE,COUNTY,CITY,POINT_X,POINT_Y
91249975,2020,2020-06-10,9525,2020-06-02,1720,014593,NA,2,2,5,1990,0,1,3,NA,2,584,SR-57 N/B (ORANGE FWY),PATHFINDER RD,4752,N,N,A,-,Y,NA,NA,57,NA,NA,NA,NA,NA,N,N,4,0,1,2,A,-,03,22350,NA,N,C,C,A,A,H,-,A,A,0,NA,NA,Y,NA,Y,NA,C,02,0,0,1,0,0,0,0,0,1,-,-,33.98442840576172,-117.84297943115234,LOS ANGELES,DIAMOND BAR,-117.84271240234376,33.9844970703125
91249977,2020,2020-06-10,9590,2020-05-16,1915,022417,NA,6,2,7,1942,0,1,1,NA,2,062,I-10 E/B (SMF) COLLECTOR ROAD,VERMONT AVE,500,E,N,A,-,Y,NA,NA,10,NA,NA,NA,NA,NA,E,N,4,0,1,2,A,-,03,22350,NA,N,C,C,A,A,H,-,C,D,0,NA,NA,NA,NA,Y,NA,A,01,0,0,1,0,0,0,0,0,0,-,-,34.036598205566406,-118.28814697265624,LOS ANGELES,LOS ANGELES,-118.28814697265624,34.036800384521484
91249984,2020,2020-06-10,9590,2020-06-02,1055,022405,NA,2,1,7,1942,0,1,1,NA,2,063,I-10 W/B (SANTA MONICA FREEWAY),NORMANDIE AVE,20,E,N,A,-,Y,NA,NA,10,NA,NA,NA,NA,NA,W,N,4,0,1,2,A,-,03,22350,NA,N,C,C,A,A,H,-,A,A,0,NA,NA,NA,NA,Y,NA,A,01,0,0,1,0,0,0,0,0,0,-,-,34.03752899169922,-118.30010223388672,LOS ANGELES,LOS ANGELES,-118.30010223388672,34.03715896606445
91249985,2020,2020-06-10,9530,2020-06-02,0740,020714,NA,2,1,6,1972,0,1,1,NA,2,400,I-405 N/B (SAN DIEGO FREEWAY),NORMANDIE AVE.,500,N,N,B,-,Y,NA,NA,NA,NA,NA,NA,NA,NA,NA,Y,4,0,1,3,A,-,07,21658,A,N,D,C,A,A,H,-,A,D,0,NA,NA,NA,Y,Y,NA,A,01,0,0,1,0,0,0,0,0,0,-,-,33.85857009887695,-118.31098175048828,LOS ANGELES,TORRANCE,-118.29924011230467,33.85990905761719
91249988,2020,2020-06-10,9530,2020-06-02,0500,021582,NA,2,3,5,1977,0,1,1,NA,2,410,I-405 S/B (SAN DIEGO FREEWAY),DEL AMO BLVD.,30,S,N,A,-,Y,NA,NA,405,NA,NA,NA,NA,NA,S,Y,3,0,1,3,A,-,03,22350,NA,N,C,C,A,A,H,-,B,D,0,NA,NA,NA,NA,Y,Y,A,01,0,1,0,0,0,0,0,0,0,-,-,33.84632873535156,-118.27082061767578,LOS ANGELES,CARSON,-118.2707977294922,33.84635543823242
91249990,2020,2020-06-10,9525,2020-06-07,2325,019491,NA,7,3,9,1900,0,3,5,NA,2,005,MT. BALDY RD.,SHIN RD.,2010,N,N,A,-,N,NA,NA,NA,NA,NA,NA,NA,NA,NA,Y,3,0,2,1,A,-,03,22350,NA,N,E,I,A,A,H,-,D,D,0,NA,NA,NA,NA,Y,NA,A,01,0,2,0,0,0,0,0,0,0,-,-,34.181209564208984,-117.67754364013672,LOS ANGELES,UNINCORPORATED,-117.67757415771484,34.18044662475586
91249992,2020,2020-06-10,9530,2020-06-01,1530,014654,NA,1,2,7,1941,0,1,1,NA,2,420,I-405 (S/B) TO I-710 (N/B),CARSON STREET,325,N,N,B,-,Y,NA,NA,NA,NA,NA,NA,NA,NA,NA,Y,3,0,2,2,A,-,03,22350,NA,F,C,C,A,A,H,-,A,D,0,NA,NA,NA,NA,Y,NA,-,99,0,1,1,0,0,0,0,0,0,-,-,33.495819091796875,-118.1230926513672,LOS ANGELES,LONG BEACH,-118.25676727294922,33.83243179321289
91249993,2020,2020-06-10,9540,2020-06-07,2140,021389,NA,7,2,7,1942,0,1,1,NA,1,502,I-5 N/B (GOLDEN STATE FREEWAY),BALBOA BLVD,2640,N,N,A,-,Y,NA,NA,5,NA,NA,NA,NA,NA,N,Y,4,0,1,2,A,-,03,22350,NA,N,C,C,A,A,H,-,C,D,0,NA,NA,NA,NA,Y,NA,A,01,0,0,1,0,0,0,0,0,0,-,-,34.328338623046875,-118.50498199462892,LOS ANGELES,LOS ANGELES,-118.50511169433594,34.32826614379883
91249994,2020,2020-06-10,9565,2020-05-30,1720,019872,NA,6,2,9,1900,0,3,5,NA,2,005,VIA MARINA,TAHITI WAY,470,N,N,A,-,N,NA,NA,NA,NA,NA,NA,NA,NA,NA,N,3,0,1,1,A,-,08,22107,NA,N,F,A,A,A,H,-,A,D,0,NA,NA,NA,NA,Y,NA,M,93,0,1,0,0,0,0,0,0,0,-,-,33.975181579589844,-118.45848846435548,LOS ANGELES,UNINCORPORATED,-118.4583740234375,33.97483444213867
91250014,2020,2020-06-10,9565,2020-05-21,1715,021429,NA,4,2,9,1900,0,3,5,NA,2,004,EL SEGUNDO BOULEVARD,OCEAN GATE AVENUE,0,NA,Y,A,-,N,NA,NA,NA,NA,NA,NA,NA,NA,NA,Y,3,0,1,2,A,-,09,21801,A,N,D,C,A,A,H,-,A,A,0,NA,NA,NA,NA,Y,NA,A,07,0,1,0,0,0,0,0,0,0,-,-,33.91630935668945,-118.36707305908205,LOS ANGELES,UNINCORPORATED,-118.36711120605467,33.91640090942383
91250022,2020,2020-06-10,9590,2020-05-29,1355,022431,NA,5,1,7,1942,0,1,1,NA,2,062,I-10 E/B (SANTA MONICA FREEWAY),NORMANDIE AVENUE,100,E,N,A,-,Y,NA,NA,10,NA,NA,NA,NA,NA,E,N,4,0,1,2,A,-,03,22350,NA,N,C,C,A,A,H,-,A,D,0,NA,NA,NA,NA,Y,NA,A,01,0,0,1,0,0,0,0,0,0,-,-,34.0369987487793,-118.29984283447266,LOS ANGELES,LOS ANGELES,-118.29984283447266,34.03697204589844
91250039,2020,2020-06-10,9525,2020-06-09,1245,022521,NA,2,1,9,1900,0,3,5,NA,2,003,RORIMER STREET,LOCHMERE AVENUE,0,NA,Y,A,-,N,NA,NA,NA,NA,NA,NA,NA,NA,NA,Y,4,0,2,2,A,-,09,21802,A,N,D,C,A,A,H,-,A,D,0,NA,NA,NA,NA,Y,NA,A,01,0,0,2,0,0,0,0,0,0,-,-,34.00695037841797,-117.89631652832033,LOS ANGELES,UNINCORPORATED,-117.89633941650392,34.00695037841797
91250044,2020,2020-06-10,9590,2020-05-26,2210,022304,NA,2,3,7,1942,0,1,1,NA,2,012,SR-110 N/B (ARROYO SECO PARKWAY),CYPRESS PED O/C,500,N,N,A,-,Y,NA,NA,110,NA,NA,NA,NA,NA,N,Y,3,0,1,2,A,-,01,23152,A,N,B,C,A,A,H,-,C,D,0,NA,NA,NA,NA,Y,Y,A,01,0,1,0,0,0,0,0,0,0,-,-,34.085750579833984,-118.21614074707033,LOS ANGELES,LOS ANGELES,-118.21614837646484,34.08578109741211
91250045,2020,2020-06-10,9590,2020-05-29,1510,021111,NA,5,2,7,1942,0,1,1,NA,2,050,I-110 N/B (HARBOR FREEWAY),MANCHESTER BLVD.,500,S,N,A,-,Y,NA,NA,NA,NA,NA,NA,NA,NA,NA,Y,3,0,1,1,A,-,08,22107,NA,N,E,I,A,A,H,-,A,D,0,NA,NA,NA,NA,Y,NA,A,01,0,1,0,0,0,0,0,0,0,-,-,34.95703125,-118.2606201171875,LOS ANGELES,LOS ANGELES,-118.28067779541016,33.958717346191406
91250061,2020,2020-06-10,9530,2020-06-02,1315,022120,NA,2,1,7,1942,0,1,1,NA,2,110,I-110 S/B (HARBOR FREEWAY),120TH ST.,223,N,N,A,-,Y,NA,NA,110,NA,NA,NA,NA,NA,S,Y,3,0,1,2,A,-,03,22350,NA,N,B,C,A,A,H,-,A,D,0,NA,NA,NA,NA,Y,NA,A,01,0,1,0,0,0,0,0,0,0,-,-,33.924461364746094,-118.2814712524414,LOS ANGELES,LOS ANGELES,-118.28141021728516,33.92445755004883
91250065,2020,2020-06-10,9590,2020-05-21,1710,022431,NA,4,2,7,1942,0,1,1,NA,2,052,I-110 N/B (HARBOR FREEWAY),11TH STREET,50,N,N,A,-,Y,NA,NA,110,NA,NA,NA,NA,NA,N,Y,3,0,1,3,A,-,07,21658,A,M,C,C,A,A,H,-,A,D,0,NA,NA,Y,NA,Y,Y,-,99,0,1,0,0,0,0,0,0,1,-,-,34.045310974121094,-118.27065277099608,LOS ANGELES,LOS ANGELES,-118.27062225341795,34.04527282714844
91250071,2020,2020-06-10,9580,2020-06-03,0738,018322,NA,3,1,7,1942,0,1,3,NA,2,119,SR-118 W/B (RONALD REAGAN FWY.),IVERSON RD,2112,W,N,A,-,Y,NA,NA,118,NA,NA,NA,NA,NA,W,Y,3,0,1,2,A,-,03,22350,NA,N,C,C,A,A,H,-,A,D,0,NA,NA,NA,NA,Y,NA,D,22,0,1,0,0,0,0,0,0,0,-,-,34.275699615478516,-118.62319946289064,LOS ANGELES,LOS ANGELES,-118.62321472167967,34.27576446533203
91250076,2020,2020-06-10,9530,2020-05-25,0110,022132,NA,1,3,5,1943,0,1,1,NA,2,210,I-105 W/B (GLENN ANDERSON FWY),ATLANTIC AVE.,250,W,N,A,-,Y,NA,NA,105,NA,NA,NA,NA,NA,W,Y,4,0,1,1,A,-,08,22107,NA,N,E,I,A,A,H,-,D,D,0,NA,NA,NA,NA,Y,NA,A,07,0,0,1,0,0,0,0,0,0,-,-,33.91666030883789,-118.19033050537108,LOS ANGELES,LYNWOOD,-118.19037628173828,33.91654586791992
91250077,2020,2020-09-14,9530,2020-05-30,1710,013990,NA,6,2,7,1941,0,1,1,NA,2,071,I-710 S/B (LONG BEACH FREEWAY),DEL AMO BLVD.,2112,S,N,A,-,Y,NA,NA,710,NA,NA,NA,NA,NA,S,Y,3,0,2,3,A,-,08,22107,NA,N,B,C,A,A,H,-,A,D,0,NA,NA,NA,NA,Y,NA,A,01,0,2,0,0,0,0,0,0,0,-,-,33.84088897705078,-118.20717620849608,LOS ANGELES,LONG BEACH,-118.20709228515624,33.84086608886719
91250089,2020,2020-06-10,9535,2020-06-01,1530,022246,NA,1,2,4,1907,0,1,1,NA,2,072,I-710 N/B TO ATLANTIC BLVD.,ATLANTIC BLVD,400,S,N,A,-,Y,NA,NA,710,NA,NA,NA,R,NA,N,N,4,0,1,2,A,-,03,22350,NA,M,C,C,A,A,H,-,A,D,0,NA,NA,NA,NA,Y,NA,-,99,0,0,1,0,0,0,0,0,0,-,-,33.99639892578125,-118.17659759521484,LOS ANGELES,BELL,-118.17659759521484,33.99639892578125
91250122,2020,2020-06-10,9590,2020-05-30,1650,20153,NA,6,2,7,1942,0,1,2,NA,2,072,US-101 N/B (HOLLYWOOD FREEWAY),BARHAM BLVD,975,S,N,A,-,Y,NA,NA,NA,NA,NA,NA,NA,NA,NA,Y,3,0,2,1,A,-,08,22107,NA,N,E,I,A,A,H,-,A,D,0,NA,NA,NA,NA,Y,NA,A,01,0,2,0,0,0,0,0,0,0,-,-,34.0731086730957,-118.20330810546876,LOS ANGELES,LOS ANGELES,-118.34490203857422,34.126773834228516
91250162,2020,2020-06-10,9550,2020-06-03,0744,017042,NA,3,1,9,1900,0,1,1,NA,2,650,I-605 SB (SAN GABRIEL RIVER FRWY),RIVERA RD.,2430,S,N,A,-,Y,NA,NA,NA,NA,NA,NA,NA,NA,NA,Y,3,0,3,6,A,-,03,22350,NA,N,B,C,A,A,H,-,A,D,0,NA,NA,NA,NA,Y,NA,A,07,0,3,0,0,0,0,0,0,0,-,-,33.95891189575195,-118.08685302734376,LOS ANGELES,UNINCORPORATED,-118.08680725097656,33.959205627441406
91250192,2020,2020-06-10,9530,2020-06-03,1135,020956,NA,3,1,9,1900,0,3,5,NA,2,006,KNOX ST. (600 BLOCK),HAMILTON AVE.,75,W,N,A,-,N,NA,NA,NA,NA,NA,NA,NA,NA,NA,Y,4,0,1,3,A,-,08,22107,NA,N,B,E,A,A,H,-,C,D,0,NA,NA,NA,NA,Y,NA,D,22,0,0,1,0,0,0,0,0,0,-,-,33.85419845581055,-118.28720092773438,LOS ANGELES,UNINCORPORATED,-118.28629302978516,33.85424041748047
91250237,2020,2020-06-10,9530,2020-06-04,1640,014661,NA,4,2,7,1941,0,1,1,NA,2,430,I-405 N/B (SAN DIEGO FREEWAY),LAKEWOOD BLVD.,622,N,N,B,-,Y,NA,NA,NA,NA,NA,NA,NA,NA,NA,Y,2,0,3,2,A,-,01,23152,A,N,C,C,A,A,H,-,A,D,0,NA,NA,NA,NA,Y,Y,A,01,1,1,1,0,0,0,0,0,0,-,-,33.482208251953125,-118.84026336669922,LOS ANGELES,LONG BEACH,-118.14467620849608,33.80623245239258
91250246,2020,2020-06-10,9530,2020-06-04,1717,020714,NA,4,2,7,1941,0,1,1,NA,2,420,I-405 S/B (SAN DIEGO FREEWAY),ORANGE AVE.,50,N,N,B,-,Y,NA,NA,405,NA,NA,NA,NA,NA,S,N,4,0,1,2,A,-,03,22350,NA,N,C,C,A,A,H,-,A,D,0,NA,NA,NA,NA,Y,NA,A,01,0,0,1,0,0,0,0,0,0,-,-,33.814300537109375,-118.17630004882813,LOS ANGELES,LONG BEACH,-118.17630004882813,33.814231872558594
91250268,2020,2020-06-10,9535,2020-06-01,1730,022336,NA,1,2,5,1948,0,1,3,NA,2,621,SR-60 (POMONA FREEWAY) W/B,GREENWOOD AVE,1000,E,N,A,-,Y,NA,NA,60,NA,NA,NA,NA,NA,W,Y,4,0,2,2,A,-,03,22350,NA,N,C,C,A,A,H,-,A,D,0,NA,NA,NA,NA,Y,NA,A,08,0,0,2,0,0,0,0,0,0,-,-,34.03491973876953,-118.10563659667967,LOS ANGELES,MONTEREY PARK,-118.10562896728516,34.03487014770508
91250322,2020,2020-06-10,9565,2020-05-29,0610,019872,NA,5,1,4,1918,0,1,1,NA,2,061,I-405 S/B,VENICE BLVD,800,S,N,B,-,Y,NA,NA,405,NA,NA,NA,NA,NA,S,Y,3,0,1,1,A,-,01,23152,F,N,E,I,A,A,H,-,A,D,0,NA,NA,NA,NA,Y,NA,A,07,0,1,0,0,0,0,0,0,0,-,-,34.012210845947266,-118.41857147216795,LOS ANGELES,CULVER CITY,-118.4185791015625,34.01219940185547
91250324,2020,2020-06-10,9535,2020-05-31,1423,022298,NA,7,2,5,1959,0,1,1,NA,2,400,I-10 E/B (SBF) TO WALNUT GROVE AVENUE,HELLMAN AVENUE,600,N,N,A,-,Y,NA,NA,10,NA,NA,NA,R,NA,E,N,4,0,1,2,A,-,03,22350,NA,N,D,D,A,A,H,-,A,D,0,NA,NA,NA,NA,Y,NA,A,07,0,0,1,0,0,0,0,0,0,-,-,34.07168960571289,-118.08255767822266,LOS ANGELES,ROSEMEAD,-118.08255767822266,34.07168960571289
91250336,2020,2020-06-10,9525,2020-06-09,0750,020042,NA,2,1,4,1905,0,1,1,NA,2,205,I-210 W/B (FOOTHILL FWY),GRAND AVE,528,W,N,A,-,Y,NA,NA,NA,NA,NA,NA,NA,NA,NA,Y,4,0,1,2,A,-,03,22350,NA,N,C,C,A,A,H,-,A,D,0,NA,NA,NA,NA,Y,NA,D,22,0,0,1,0,0,0,0,0,0,-,-,34.120731353759766,-117.87290954589844,LOS ANGELES,AZUSA,-117.87444305419922,34.120826721191406
91250347,2020,2020-06-10,9580,2020-05-30,2240,021963,NA,6,3,7,1942,0,3,5,NA,1,020,SCHUEREN RD,RAMBLA PACIFICO RD,2640,E,N,A,-,Y,NA,NA,NA,NA,NA,NA,NA,NA,NA,Y,2,0,1,1,A,-,08,22107,NA,M,E,I,A,A,H,-,D,D,0,NA,NA,NA,NA,Y,NA,A,01,1,0,0,0,0,0,0,0,0,-,-,34.07366943359375,-118.65152740478516,LOS ANGELES,LOS ANGELES,-118.6509246826172,34.07481002807617
91250350,2020,2020-06-10,9580,2020-06-04,1420,014675,NA,4,2,9,1900,0,2,4,NA,1,130,MULHOLLAND HWY,WICKLAND RD,5280,E,N,A,-,N,NA,NA,NA,NA,NA,NA,NA,NA,NA,Y,3,0,1,1,C,-,18,NA,NA,N,E,H,A,A,H,-,A,D,0,NA,NA,NA,NA,Y,NA,-,-,0,1,0,0,0,0,0,0,0,-,-,34.094940185546875,-118.69464111328124,LOS ANGELES,UNINCORPORATED,NA,NA
91250353,2020,2020-06-10,9525,2020-06-05,1420,018761,NA,5,2,5,1906,0,1,1,NA,2,103,I-10 W/B (SAN BERNARDINO FWY),FRAZIER AVE.,500,E,N,A,-,Y,NA,NA,10,NA,NA,NA,NA,NA,W,Y,4,0,1,3,A,-,03,22350,NA,N,C,A,A,A,H,-,A,D,0,NA,NA,NA,NA,Y,NA,A,07,0,0,1,0,0,0,0,0,0,-,-,34.06700134277344,-117.98709869384766,LOS ANGELES,BALDWIN PARK,-117.98709106445313,34.0669059753418
91250354,2020,2020-06-10,9580,2020-06-04,2000,022492,NA,4,2,7,1942,0,1,1,NA,2,404,I-405 N/B (SAN DIEGO FWY),SHERMAN WAY,5,N,N,A,-,Y,NA,NA,405,NA,NA,NA,NA,NA,N,N,3,0,1,2,A,-,21,22106,NA,F,D,G,A,A,H,-,B,A,0,NA,Y,NA,NA,Y,NA,-,99,0,1,0,0,0,0,1,0,0,-,-,34.201351165771484,-118.47248840332033,LOS ANGELES,LOS ANGELES,-118.47335815429688,34.20143127441406
91250371,2020,2020-06-10,9525,2020-06-08,1815,019491,NA,1,2,5,1926,0,1,1,NA,2,205,I-210 W/B (FOOTHILL FWY),SUNFLOWER AVE,1585,E,N,A,-,Y,NA,NA,210,NA,NA,NA,NA,NA,W,Y,3,0,2,3,A,-,07,21658,A,N,B,C,A,A,H,-,A,D,0,NA,NA,NA,Y,Y,NA,-,-,0,1,1,0,0,0,0,0,0,-,-,34.11919021606445,-117.8401336669922,LOS ANGELES,GLENDORA,-117.8401336669922,34.11920166015625
9125041,2020,2020-09-22,1942,2020-07-04,0440,42597,1031,6,5,7,1942,0,0,0,J,0,10A21,VICTORY BL,CORBIN AV,275,E,N,A,-,N,NA,NA,NA,NA,NA,NA,NA,NA,NA,Y,3,0,1,3,A,-,08,22107,NA,F,C,C,A,A,H,-,C,D,0,NA,NA,NA,NA,Y,Y,-,99,0,1,0,0,0,0,0,0,0,-,-,NA,NA,LOS ANGELES,LOS ANGELES,-118.5613021850586,34.186561584472656
91250411,2020,2020-06-10,9530,2020-06-04,0435,021871,NA,4,3,5,1977,0,1,1,NA,2,410,I-405 N/B (SAN DIEGO FREEWAY),MAIN ST.,400,N,N,A,-,Y,NA,NA,405,NA,NA,NA,NA,NA,N,Y,4,0,1,2,A,-,03,22350,NA,N,C,C,A,A,H,-,C,D,0,NA,NA,NA,NA,Y,NA,A,01,0,0,1,0,0,0,0,0,0,-,-,33.85313034057617,-118.28041076660156,LOS ANGELES,CARSON,-118.28028869628906,33.85330581665039
91250415,2020,2020-06-10,9530,2020-01-05,0505,021089,NA,7,3,6,1972,0,1,1,NA,2,400,I-405 NORTHBOUND (SAN DIEGO FREEWAY),CRENSHAW BOULEVARD,600,N,N,A,-,Y,NA,NA,405,NA,NA,NA,NA,NA,N,Y,1,1,1,4,A,-,01,23152,A,N,C,C,A,A,H,-,C,D,0,NA,NA,NA,NA,Y,Y,A,01,0,0,1,0,0,0,0,0,0,-,-,33.865318298339844,-118.32842254638672,LOS ANGELES,TORRANCE,-118.32843017578124,33.86528778076172
9125042,2020,2020-09-22,1942,2020-07-09,1200,41514,1033,4,5,7,1942,0,0,0,J,0,10A21,RESEDA BL,VICTORY BL,600,N,N,A,-,N,NA,NA,NA,NA,NA,NA,NA,NA,NA,N,3,0,2,2,A,-,08,22107,NA,N,D,C,A,A,H,-,A,D,0,NA,NA,NA,NA,Y,NA,A,01,0,1,1,0,0,0,0,0,0,-,-,NA,NA,LOS ANGELES,LOS ANGELES,-118.53603363037108,34.18821716308594
91250426,2020,2020-06-10,9525,2020-06-09,1800,019491,NA,2,2,9,1900,0,2,4,NA,2,022,ARROW HIGHWAY (100 E. BLOCK),CITRUS AVENUE,350,E,N,A,-,N,NA,NA,NA,NA,NA,NA,NA,NA,NA,Y,4,0,2,4,A,-,03,22350,NA,N,C,C,A,A,H,-,A,D,0,NA,NA,NA,NA,Y,NA,A,07,0,0,2,0,0,0,0,0,0,-,-,34.10670852661133,-117.88883209228516,LOS ANGELES,UNINCORPORATED,-117.8891143798828,34.10679626464844
9125043,2020,2020-09-22,1942,2020-07-04,1640,42370,0921,6,5,7,1942,0,0,0,I,0,9A89,SAUGUS AV,DICKENS ST,0,NA,Y,A,-,N,NA,NA,NA,NA,NA,NA,NA,NA,NA,N,4,0,1,1,A,-,03,22350,NA,N,E,I,A,A,H,-,A,D,0,NA,NA,NA,NA,Y,NA,-,NA,0,0,1,0,0,0,0,0,0,-,-,NA,NA,LOS ANGELES,LOS ANGELES,-118.46629333496094,34.15264892578125
91250435,2020,2020-06-10,9535,2020-06-03,0805,022256,NA,3,1,6,1922,0,1,1,NA,2,401,I-10 (SAN BERNARDINO FREEWAY) W/B,VALLEY BOULEVARD,1214,E,N,A,-,Y,NA,NA,10,NA,NA,NA,NA,NA,W,Y,2,0,1,4,A,-,03,22350,NA,N,B,C,A,A,C,-,A,D,0,NA,NA,Y,NA,Y,NA,C,02,1,0,0,0,0,0,0,0,1,-,-,34.06808853149414,-118.02278900146484,LOS ANGELES,EL MONTE,-118.02279663085938,34.06806564331055
91250439,2020,2020-06-10,9580,2020-06-07,1230,016003,NA,7,1,7,1942,0,1,2,NA,2,104,US-101 N/B (VENTURA FREEWAY),DE SOTO AVE,528,S,N,A,-,Y,NA,NA,101,NA,NA,NA,NA,NA,N,Y,3,0,2,3,A,-,03,22350,NA,N,C,C,A,A,H,-,A,D,0,NA,NA,Y,NA,Y,NA,C,02,0,1,1,0,0,0,0,0,2,-,-,34.16809844970703,-118.58634948730467,LOS ANGELES,LOS ANGELES,-118.58634948730467,34.16801834106445
9125044,2020,2020-09-22,1942,2020-07-07,1205,43084,1532,2,5,7,1942,0,0,0,O,0,15U4,VICTORY BL,BELLINGHAM AV,500,W,N,A,-,N,NA,NA,NA,NA,NA,NA,NA,NA,NA,N,4,0,1,2,A,-,04,21703,NA,N,A,C,A,A,H,-,A,D,0,NA,NA,NA,NA,Y,NA,A,01,0,0,1,0,0,0,0,0,0,-,-,NA,NA,LOS ANGELES,LOS ANGELES,-118.40039825439452,34.186668395996094
91250448,2020,2020-06-10,9580,2020-05-30,0100,022064,NA,6,3,9,1900,0,3,5,NA,1,010,MULHOLLAND HWY,STUNT RD,220,W,N,A,-,Y,NA,NA,NA,NA,NA,NA,NA,NA,NA,Y,3,0,1,2,A,-,01,23152,F,M,E,I,A,A,H,-,C,D,0,NA,NA,NA,NA,Y,NA,A,01,0,1,0,0,0,0,0,0,0,-,-,34.10108184814453,-118.66021728515624,LOS ANGELES,UNINCORPORATED,-118.6601104736328,34.1025276184082
9125045,2020,2020-09-22,1942,2020-07-08,1120,38017,1959,3,5,7,1942,0,0,0,NA,0,19A79,VAN NUYS BL,ARLETA AV,0,NA,Y,A,-,N,NA,NA,NA,NA,NA,NA,NA,NA,NA,N,4,0,1,2,A,-,09,21801,A,N,B,C,A,A,H,-,A,A,0,NA,NA,NA,NA,Y,NA,A,01,0,0,1,0,0,0,0,0,0,-,-,NA,NA,LOS ANGELES,LOS ANGELES,-118.43869018554688,34.25400161743164
91250456,2020,2020-06-10,9525,2020-06-01,1605,016450,NA,1,2,9,1900,0,2,4,NA,2,045,VALLEY BLVD (15000 BLOCK),TURNBULL CANYON RD,54,W,N,A,-,N,NA,NA,NA,NA,NA,NA,NA,NA,NA,Y,4,0,1,2,A,-,07,21658,A,N,B,C,A,A,H,-,A,D,0,NA,NA,NA,NA,Y,NA,D,22,0,0,1,0,0,0,0,0,0,-,-,34.02750015258789,-117.96459197998048,LOS ANGELES,UNINCORPORATED,-117.9645767211914,34.02754211425781
91250457,2020,2020-06-10,9545,2020-06-06,2100,021851,NA,6,2,6,1950,0,1,3,NA,2,021,SR-14 S/B,AVENUE O,528,S,N,A,-,Y,NA,NA,NA,NA,NA,NA,NA,NA,NA,Y,4,0,2,2,A,-,03,22350,NA,N,C,C,A,A,H,-,D,D,0,NA,NA,NA,NA,Y,NA,A,01,0,0,2,0,0,0,0,0,0,-,-,34.61497116088867,-118.15352630615234,LOS ANGELES,PALMDALE,NA,NA
9125046,2020,2020-09-22,1942,2020-07-07,1210,38017,2196,2,5,7,1942,0,0,0,NA,0,21A73,TOPANGA CANYON BL,DUMETZ RD,0,NA,Y,A,-,N,NA,NA,NA,NA,NA,NA,NA,NA,NA,N,4,0,1,2,A,-,12,21453,A,N,D,C,A,A,H,-,A,A,0,NA,NA,NA,NA,Y,NA,A,01,0,0,1,0,0,0,0,0,0,-,-,NA,NA,LOS ANGELES,LOS ANGELES,-118.60581207275392,34.15690994262695
9125047,2020,2020-09-22,1942,2020-07-10,1855,40388,1007,5,5,7,1942,0,0,0,J,0,10A17,BALBOA BL,SATICOY ST,0,NA,Y,A,-,N,NA,NA,NA,NA,NA,NA,NA,NA,NA,Y,3,0,5,3,A,-,09,21801,A,N,A,C,A,A,H,-,A,A,0,NA,NA,NA,NA,Y,NA,A,01,0,2,3,0,0,0,0,0,0,-,-,NA,NA,LOS ANGELES,LOS ANGELES,-118.50115966796876,34.20841979980469
9125048,2020,2020-09-22,1942,2020-07-12,1000,40119,1522,7,5,7,1942,0,0,0,O,0,15A21,COLDWATER CANYON AV,VICTORY BL,0,NA,Y,A,-,N,NA,NA,NA,NA,NA,NA,NA,NA,NA,N,4,0,2,2,A,-,09,21801,A,N,D,C,A,A,H,-,A,A,0,NA,NA,NA,NA,Y,NA,A,01,0,0,2,0,0,0,0,0,0,-,-,NA,NA,LOS ANGELES,LOS ANGELES,-118.41381072998048,34.18667984008789