CASE_ID,ACCIDENT_YEAR,PROC_DATE,JURIS,COLLISION_DATE,COLLISION_TIME,OFFICER_ID,REPORTING_DISTRICT,DAY_OF_WEEK,CHP_SHIFT,POPULATION,CNTY_CITY_LOC,SPECIAL_COND,BEAT_TYPE,CHP_BEAT_TYPE,CITY_DIVISION_LAPD,CHP_BEAT_CLASS,BEAT_NUMBER,PRIMARY_RD,SECONDARY_RD,DISTANCE,DIRECTION,INTERSECTION,WEATHER_1,WEATHER_2,STATE_HWY_IND,CALTRANS_COUNTY,CALTRANS_DISTRICT,STATE_ROUTE,ROUTE_SUFFIX,POSTMILE_PREFIX,POSTMILE,LOCATION_TYPE,RAMP_INTERSECTION,SIDE_OF_HWY,TOW_AWAY,COLLISION_SEVERITY,NUMBER_KILLED,NUMBER_INJURED,PARTY_COUNT,PRIMARY_COLL_FACTOR,PCF_CODE_OF_VIOL,PCF_VIOL_CATEGORY,PCF_VIOLATION,PCF_VIOL_SUBSECTION,HIT_AND_RUN,TYPE_OF_COLLISION,MVIW,PED_ACTION,ROAD_SURFACE,ROAD_COND_1,ROAD_COND_2,LIGHTING,CONTROL_DEVICE,CHP_ROAD_TYPE,PEDESTRIAN_ACCIDENT,BICYCLE_ACCIDENT,MOTORCYCLE_ACCIDENT,TRUCK_ACCIDENT,NOT_PRIVATE_PROPERTY,ALCOHOL_INVOLVED,STWD_VEHTYPE_AT_FAULT,CHP_VEHTYPE_AT_FAULT,COUNT_SEVERE_INJ,COUNT_VISIBLE_INJ,COUNT_COMPLAINT_PAIN,COUNT_PED_KILLED,COUNT_PED_INJURED,COUNT_BICYCLIST_KILLED,COUNT_BICYCLIST_INJURED,COUNT_MC_KILLED,COUNT_MC_INJURED,PRIMARY_RAMP,SECONDARY_RAMP,LATITUDE,LONGITUDE,COUNTY,CITY,POINT_X,POINT_Y
91252364,2020,2020-06-16,9590,2020-06-03,2220,018529,NA,3,3,7,1942,0,1,1,NA,2,062,I-10 E/B (SMF),HILL ST.,30,E,N,A,-,Y,NA,NA,NA,NA,NA,NA,NA,NA,NA,N,3,0,2,2,D,-,00,NA,NA,N,C,C,A,A,H,-,C,D,0,NA,NA,NA,NA,Y,NA,-,-,0,1,1,0,0,0,0,0,0,-,-,34.03350067138672,-117.26526641845705,LOS ANGELES,LOS ANGELES,-118.26538848876952,34.033504486083984
91252365,2020,2020-06-16,9580,2020-06-13,0405,021475,NA,6,3,9,1900,0,1,3,NA,1,271,SR-27 N/B (TOPANGA CYN. BLVD.),GRANDVIEW DR,1478,S,N,A,-,Y,NA,NA,27,NA,NA,NA,NA,NA,N,Y,3,0,1,1,A,-,03,22350,NA,N,E,I,A,A,H,-,D,D,0,NA,NA,Y,NA,Y,NA,C,02,0,1,0,0,0,0,0,0,1,-,-,34.079341888427734,-118.59551239013672,LOS ANGELES,UNINCORPORATED,-118.59547424316406,34.079345703125
9125237,2020,2020-09-11,1942,2020-06-25,0650,42282,1864,4,5,7,1942,0,0,0,R,0,18A63,S CENTRAL AV,E 120TH ST,125,S,N,B,-,N,NA,NA,NA,NA,NA,NA,NA,NA,NA,Y,3,0,2,4,A,-,07,21658,A,N,B,E,A,A,H,-,A,A,0,NA,NA,NA,NA,Y,NA,A,07,0,1,1,0,0,0,0,0,0,-,-,NA,NA,LOS ANGELES,LOS ANGELES,-118.25435638427734,33.92338562011719
9125238,2020,2020-10-15,1942,2020-06-21,1235,43671,1834,7,5,7,1942,0,0,0,R,0,18A1,COMPTON AV,CENTURY BL,50,S,N,A,-,N,NA,NA,NA,NA,NA,NA,NA,NA,NA,N,4,0,1,2,A,-,-,NA,NA,N,C,C,A,A,H,-,A,D,0,NA,NA,NA,NA,Y,NA,A,07,0,0,1,0,0,0,0,0,0,-,-,NA,NA,LOS ANGELES,LOS ANGELES,-118.24623107910156,33.945621490478516
91252382,2020,2020-06-16,9545,2020-06-11,1935,021173,NA,4,2,9,1900,0,3,5,NA,2,004,AVENUE J,140TH ST  E,0,NA,Y,A,-,N,NA,NA,NA,NA,NA,NA,NA,NA,NA,Y,4,0,2,2,A,-,03,22350,NA,N,D,C,A,A,H,-,A,D,0,NA,NA,NA,NA,Y,NA,A,01,0,0,2,0,0,0,0,0,0,-,-,34.690189361572266,-117.88092803955078,LOS ANGELES,UNINCORPORATED,-117.88070678710938,34.69013977050781
91252383,2020,2020-06-16,9590,2020-06-05,0845,022405,NA,5,1,7,1942,0,1,1,NA,2,050,I-110 N/B (HARBOR FREEWAY),W. 59TH PL.,250,S,N,B,-,Y,NA,NA,110,NA,NA,NA,NA,NA,N,N,4,0,1,2,A,-,03,22350,NA,N,C,C,A,A,H,-,A,D,0,NA,NA,NA,NA,Y,NA,A,01,0,0,1,0,0,0,0,0,0,-,-,33.98530960083008,-118.28034210205078,LOS ANGELES,LOS ANGELES,-118.28041076660156,33.98530960083008
91252385,2020,2020-06-16,9580,2020-06-14,1407,021954,NA,7,2,7,1942,0,1,2,NA,2,103,US-101 S/B FROM BALBOA BL,BALBOA BLVD,600,S,N,A,-,Y,NA,NA,101,NA,NA,NA,R,NA,S,N,4,0,1,2,A,-,03,22350,NA,N,C,C,A,A,H,-,A,A,0,NA,NA,NA,NA,Y,NA,A,01,0,0,1,0,0,0,0,0,0,-,-,34.16912078857422,-118.49935150146484,LOS ANGELES,LOS ANGELES,-118.49935150146484,34.16912078857422
91252389,2020,2020-06-16,9530,2020-06-07,1425,022120,NA,7,2,9,1900,0,3,5,NA,2,001,HOOPER AVE (7000 BLOCK),70TH ST.,0,NA,Y,A,-,N,NA,NA,NA,NA,NA,NA,NA,NA,NA,N,4,0,1,3,A,-,12,22450,A,F,D,C,A,A,H,-,A,A,0,NA,NA,NA,NA,Y,NA,A,08,0,0,1,0,0,0,0,0,0,-,-,33.97669982910156,-118.25209808349608,LOS ANGELES,UNINCORPORATED,-118.25206756591795,33.976688385009766
9125239,2020,2020-09-14,1942,2020-06-19,1405,43036,1804,5,5,7,1942,0,0,0,R,0,18A17,E 87TH ST,E 87TH ST 910,0,NA,Y,A,-,N,NA,NA,NA,NA,NA,NA,NA,NA,NA,N,3,0,1,2,D,-,00,NA,NA,N,G,B,E,A,H,-,A,D,0,Y,NA,NA,NA,Y,NA,-,-,0,1,0,0,1,0,0,0,0,-,-,NA,NA,LOS ANGELES,LOS ANGELES,-118.258161,33.959261
9125240,2020,2020-09-14,1942,2020-06-19,1400,42770,1804,5,5,7,1942,0,0,0,R,0,18A3,MANCHESTER,TOWNE,30,E,N,A,-,N,NA,NA,NA,NA,NA,NA,NA,NA,NA,N,4,0,3,3,A,-,08,22107,NA,N,C,D,A,A,H,-,A,-,0,NA,NA,NA,NA,Y,NA,A,01,0,0,3,0,0,0,0,0,0,-,-,NA,NA,LOS ANGELES,LOS ANGELES,-118.26721954345705,33.960121154785156
9125241,2020,2020-09-10,1942,2020-06-19,1500,44162,1849,5,5,7,1942,0,0,0,R,0,PATROL,BROADWAY,110TH ST,0,NA,Y,A,-,N,NA,NA,NA,NA,NA,NA,NA,NA,NA,N,4,0,2,2,D,-,00,NA,NA,N,D,C,A,A,H,-,A,D,0,NA,NA,NA,NA,Y,NA,-,-,0,0,2,0,0,0,0,0,0,-,-,NA,NA,LOS ANGELES,LOS ANGELES,-118.27837371826172,33.935638427734375
9125242,2020,2020-09-10,1942,2020-06-18,1300,26539,1806,4,5,7,1942,0,0,0,R,0,18A26,CENTRAL AV,92ND ST,0,NA,Y,A,-,N,NA,NA,NA,NA,NA,NA,NA,NA,NA,N,4,0,1,2,A,-,09,21801,NA,N,G,B,A,A,H,-,A,A,0,NA,NA,NA,NA,Y,NA,A,01,0,0,1,0,0,0,0,0,0,-,-,NA,NA,LOS ANGELES,LOS ANGELES,-118.25643920898438,33.95328140258789
9125243,2020,2020-09-10,1942,2020-06-18,1500,42869,1844,4,5,7,1942,0,0,0,R,0,NA,AVALON BL,111TH PL,0,NA,Y,A,-,N,NA,NA,NA,NA,NA,NA,NA,NA,NA,N,4,0,2,3,A,-,10,21950,NA,N,A,B,B,A,H,-,A,A,0,Y,NA,NA,NA,Y,NA,A,01,0,0,2,0,2,0,0,0,0,-,-,NA,NA,LOS ANGELES,LOS ANGELES,-118.26519012451172,33.933921813964844
91252439,2020,2020-06-16,9535,2020-06-04,1205,022330,NA,4,1,9,1900,0,1,3,NA,2,601,SR-60 (POMONA FREEWAY) W/B,SUNOL DR.,100,E,N,A,-,Y,NA,NA,60,NA,NA,NA,NA,NA,W,N,4,0,1,2,A,-,07,21658,A,M,B,C,A,A,H,-,A,D,0,NA,NA,NA,NA,Y,NA,A,01,0,0,1,0,0,0,0,0,0,-,-,34.034488677978516,-118.17804718017578,LOS ANGELES,UNINCORPORATED,-118.17805480957033,34.03449630737305
9125244,2020,2020-09-10,1942,2020-06-15,1620,40013,1842,1,5,7,1942,0,0,0,R,0,NA,CENTURY BL,OLIVE ST,0,NA,Y,A,-,N,NA,NA,NA,NA,NA,NA,NA,NA,NA,N,4,0,1,3,A,-,12,21453,A,N,D,C,A,A,H,-,A,A,0,NA,NA,NA,NA,Y,NA,A,01,0,0,1,0,0,0,0,0,0,-,-,NA,NA,LOS ANGELES,LOS ANGELES,-118.27915954589844,33.94554901123047
91252448,2020,2020-06-16,9590,2020-06-06,1425,021606,NA,6,2,7,1942,0,1,1,NA,2,052,I-110 N/B (HARBOR FREEWAY),1ST ST.,50,S,N,A,-,Y,NA,NA,110,NA,NA,NA,NA,NA,N,Y,4,0,2,3,A,-,03,22350,NA,N,C,C,A,A,H,-,A,D,0,NA,NA,NA,NA,Y,NA,A,08,0,0,2,0,0,0,0,0,0,-,-,34.058570861816406,-118.25338745117188,LOS ANGELES,LOS ANGELES,-118.25340270996094,34.0585823059082
9125245,2020,2020-09-10,1942,2020-06-29,2145,43613,1824,1,5,7,1942,0,0,0,R,0,18A34,AVALON,103RD ST,3,N,N,A,-,N,NA,NA,NA,NA,NA,NA,NA,NA,NA,N,2,0,2,3,A,-,03,22350,NA,N,B,B,F,A,H,-,C,A,0,Y,NA,NA,NA,Y,NA,A,01,1,1,0,0,1,0,0,0,0,-,-,NA,NA,LOS ANGELES,LOS ANGELES,-118.2651824951172,33.9428596496582
91252455,2020,2020-06-16,9580,2020-06-15,0555,020400,NA,1,3,7,1942,0,1,1,NA,2,406,I-405 N/B (SAN DIEGO FWY),DEVONSHIRE ST,1320,S,N,A,-,Y,NA,NA,405,NA,NA,NA,NA,NA,N,Y,3,0,1,1,A,-,08,22107,NA,N,E,I,A,A,H,-,A,D,0,NA,NA,NA,NA,Y,NA,A,01,0,1,0,0,0,0,0,0,0,-,-,34.24972152709961,-118.4722137451172,LOS ANGELES,LOS ANGELES,-118.47220611572266,34.24972152709961
91252456,2020,2020-06-16,9590,2020-06-15,0530,015982,NA,1,3,7,1942,0,1,1,NA,2,052,I-110 N/B (HARBOR FREEWAY),ADAMS BLVD,20,S,N,A,-,Y,NA,NA,110,NA,NA,NA,NA,NA,N,Y,4,0,3,3,A,-,03,22350,NA,N,C,C,A,A,H,-,B,D,0,NA,NA,NA,NA,Y,NA,A,01,0,0,3,0,0,0,0,0,0,-,-,34.02743148803711,-118.2747802734375,LOS ANGELES,LOS ANGELES,-118.27452850341795,34.02734375
9125246,2020,2020-09-10,1942,2020-09-08,0415,42011,1203,2,5,7,1942,0,0,0,L,0,12A3,WESTERN AV,VERNON AV,195,S,N,A,-,N,NA,NA,NA,NA,NA,NA,NA,NA,NA,Y,3,0,1,2,A,-,01,23152,A,N,B,C,A,A,H,-,C,A,0,NA,NA,Y,NA,Y,Y,A,01,0,1,0,0,0,0,0,0,1,-,-,NA,NA,LOS ANGELES,LOS ANGELES,-118.30892944335938,34.0031852722168
91252481,2020,2020-06-16,9535,2020-06-04,1515,022230,NA,4,2,5,1943,0,1,1,NA,2,104,I-105 (CENTURY FREEWAY) E/B,I-710 (LONG BEACH FREEWAY) S/B,1000,W,N,A,-,Y,NA,NA,105,NA,NA,NA,NA,NA,E,Y,2,0,1,1,A,-,03,22350,NA,N,F,A,A,A,H,-,A,D,0,NA,NA,Y,NA,Y,NA,C,02,1,0,0,0,0,0,0,0,1,-,-,33.915199279785156,-118.18779754638672,LOS ANGELES,LYNWOOD,-118.18777465820313,33.915279388427734
91252500,2020,2020-06-16,9530,2020-06-09,1300,021965,NA,2,1,9,1900,0,3,5,NA,2,002,AVALON BLVD.,138TH ST.,0,NA,Y,A,-,N,NA,NA,NA,NA,NA,NA,NA,NA,NA,Y,4,0,1,2,A,-,09,21802,A,N,D,C,A,A,H,-,A,A,0,NA,NA,NA,NA,Y,NA,A,01,0,0,1,0,0,0,0,0,0,-,-,33.906410217285156,-118.26528167724608,LOS ANGELES,UNINCORPORATED,-118.26531219482422,33.906410217285156
91252540,2020,2020-06-16,9535,2020-06-05,1552,022234,NA,5,2,5,1901,0,1,1,NA,2,420,I-10 E/B FROM GARFIELD AVE. N/B,I-10 (SAN BERNARDINO FREEWAY) E/B,30,S,N,A,-,Y,NA,NA,10,NA,NA,NA,R,NA,E,N,3,0,1,2,A,-,21,22106,NA,N,C,C,A,A,H,-,A,D,0,NA,NA,NA,NA,Y,NA,A,07,0,1,0,0,0,0,0,0,0,-,-,34.0713005065918,-118.12229919433594,LOS ANGELES,ALHAMBRA,-118.12229919433594,34.0713005065918
91252597,2020,2020-06-16,9530,2020-06-09,0740,021310,NA,2,1,5,1943,0,1,1,NA,2,210,I-105 W/B (GLENN ANDERSON FWY),LONG BEACH BLVD.,230,E,N,A,-,Y,NA,NA,105,NA,NA,NA,NA,NA,W,Y,3,0,2,3,A,-,03,22350,NA,N,C,C,A,A,H,-,A,D,0,NA,NA,NA,NA,Y,NA,A,01,0,1,1,0,0,0,0,0,0,-,-,33.924678802490234,-118.20906066894533,LOS ANGELES,LYNWOOD,-118.20904541015624,33.92470932006836
91252602,2020,2020-06-16,9575,2020-06-07,1335,020251,NA,7,1,6,1953,0,1,3,NA,2,040,SR-134 W/B (VENTURA FREEWAY),ARROYO DR.,38,E,N,A,-,Y,NA,NA,134,NA,NA,NA,NA,NA,W,Y,2,0,1,1,A,-,08,22107,NA,N,E,J,A,A,H,-,A,D,0,NA,NA,NA,NA,Y,NA,A,01,1,0,0,0,0,0,0,0,0,-,-,34.14622116088867,-118.16352081298828,LOS ANGELES,PASADENA,-118.16353607177734,34.14627456665039
91252634,2020,2020-06-16,9535,2020-06-06,1815,022325,NA,6,2,9,1900,0,2,4,NA,2,024,WHITTIER BLVD (5800 BLOCK),KEENAN AVE,80,W,N,A,-,N,NA,NA,NA,NA,NA,NA,NA,NA,NA,N,3,0,1,2,A,-,21,22106,NA,N,G,B,F,A,H,-,A,D,0,Y,NA,NA,NA,Y,NA,A,01,0,1,0,0,1,0,0,0,0,-,-,34.018028259277344,-118.14550018310548,LOS ANGELES,UNINCORPORATED,-118.14552307128906,34.017913818359375
91252671,2020,2020-06-16,9535,2020-06-03,1145,022330,NA,3,1,9,1900,0,1,1,NA,2,500,I-5 (SANTA ANA FREEWAY) N/B,DITMAN AVE.,746,N,N,A,-,Y,NA,NA,5,NA,NA,NA,NA,NA,N,Y,3,0,1,2,A,-,08,22107,NA,N,B,C,A,A,H,-,A,D,0,NA,NA,NA,Y,Y,NA,A,01,0,1,0,0,0,0,0,0,0,-,-,34.02035140991211,-118.19178771972656,LOS ANGELES,UNINCORPORATED,-118.19179534912108,34.0202522277832
91252680,2020,2020-06-16,9525,2020-06-12,1120,014762,NA,5,1,5,1990,0,1,3,NA,2,603,SR-60 W/B (POMONA FWY),DIAMOND BAR BOULEVARD U/C,600,E,N,A,-,Y,NA,NA,60,NA,NA,NA,NA,NA,W,Y,4,0,1,3,A,-,07,21658,A,F,B,C,A,A,C,-,A,D,0,NA,NA,NA,Y,Y,NA,A,07,0,0,1,0,0,0,0,0,0,-,-,34.02436065673828,-117.80998229980467,LOS ANGELES,DIAMOND BAR,-117.80998229980467,34.02436447143555
91252712,2020,2020-06-16,9535,2020-06-07,1045,022085,NA,7,1,9,1900,0,1,3,NA,2,620,SR-60 (POMONA FREEWAY) W/B,PECK RD,10,E,N,A,-,Y,NA,NA,60,NA,NA,NA,NA,NA,W,N,4,0,1,3,A,-,03,22350,NA,N,C,C,A,A,D,-,A,D,0,NA,NA,NA,NA,Y,NA,A,08,0,0,1,0,0,0,0,0,0,-,-,34.037540435791016,-118.0385513305664,LOS ANGELES,UNINCORPORATED,-118.03854370117188,34.037559509277344
91252723,2020,2020-06-16,9550,2020-06-05,2030,022474,NA,5,2,7,1941,0,1,3,NA,2,090,STATE ROUTE 91 W/B TO PARAMOUNT BLVD,PARAMOUNT BOULEVARD,500,E,N,A,-,Y,NA,NA,91,NA,NA,NA,R,NA,W,Y,4,0,2,2,A,-,03,22350,NA,N,C,C,A,A,H,-,A,D,0,NA,NA,NA,NA,Y,NA,A,01,0,0,2,0,0,0,0,0,0,-,-,33.876800537109375,-118.15708923339844,LOS ANGELES,LONG BEACH,-118.15708923339844,33.876800537109375
91252724,2020,2020-06-16,9590,2020-06-04,2048,021346,NA,4,2,7,1942,0,1,1,NA,2,080,I-5 N/B (GOLDEN STATE FREEWAY),4TH STREET,100,N,N,B,-,Y,NA,NA,5,NA,NA,NA,NA,NA,N,Y,3,0,5,3,A,-,01,23152,A,N,C,C,A,A,H,-,C,D,0,NA,NA,NA,NA,Y,Y,A,01,0,1,4,0,0,0,0,0,0,-,-,34.04336166381836,-118.21688842773438,LOS ANGELES,LOS ANGELES,-118.21686553955078,34.0433464050293
91252733,2020,2020-06-16,9565,2020-06-07,1800,022093,NA,7,2,9,1900,0,2,4,NA,1,032,W. SLAUSON AVE,OVERHILL DR,255,E,N,A,-,N,NA,NA,NA,NA,NA,NA,NA,NA,NA,N,3,0,1,2,A,-,11,21954,A,N,G,B,D,A,H,-,A,A,0,Y,NA,NA,NA,Y,NA,N,60,0,1,0,0,1,0,0,0,0,-,-,33.98889923095703,-118.35308837890624,LOS ANGELES,UNINCORPORATED,-118.3532485961914,33.9888801574707
91252756,2020,2020-06-16,9590,2020-06-15,1340,021912,NA,1,1,7,1942,0,1,1,NA,2,501,I-110 S/B (HAF) EXPRESS LANES,92ND ST.,250,S,N,A,-,Y,NA,NA,110,NA,NA,NA,NA,NA,S,Y,2,0,1,2,A,-,03,22350,NA,N,C,C,A,A,H,-,A,D,0,NA,NA,Y,NA,Y,NA,C,02,1,0,0,0,0,0,0,0,1,-,-,33.95219039916992,-118.28040313720705,LOS ANGELES,LOS ANGELES,-118.28041076660156,33.952186584472656
91252764,2020,2020-06-16,9535,2020-05-31,2110,022347,NA,7,2,5,1969,0,1,1,NA,2,075,I-710 (LONG BEACH FREEWAY) S/B,FIRESTONE BOULEVARD,2110,S,N,A,-,Y,NA,NA,710,NA,NA,NA,NA,NA,S,Y,2,0,1,2,A,-,08,22107,NA,N,E,I,A,A,H,-,C,D,0,NA,NA,NA,NA,Y,NA,A,01,1,0,0,0,0,0,0,0,0,-,-,33.943721771240234,-118.17105865478516,LOS ANGELES,SOUTH GATE,-118.17097473144533,33.94371032714844
91252803,2020,2020-06-16,9525,2020-06-12,0630,021250,NA,5,1,6,1955,0,1,1,NA,2,109,I-10 W/B (SAN BERNARDINO FWY),INDIAN HILL BLVD,1800,W,N,A,-,Y,NA,NA,10,NA,NA,NA,NA,NA,W,Y,4,0,1,2,A,-,03,22350,NA,N,C,C,A,A,H,-,A,D,0,NA,NA,NA,NA,Y,NA,D,22,0,0,1,0,0,0,0,0,0,-,-,34.081661224365234,-117.73223114013672,LOS ANGELES,POMONA,-117.7322235107422,34.08158874511719
91252836,2020,2020-06-16,9545,2020-06-15,0530,018058,NA,1,3,9,1900,0,3,5,NA,2,001,SIERRA HIGHWAY,AVENUE C,280,N,N,A,-,N,NA,NA,NA,NA,NA,NA,NA,NA,NA,Y,4,0,1,1,A,-,08,22107,NA,N,F,A,A,A,H,-,A,D,0,NA,NA,NA,NA,Y,Y,A,07,0,0,1,0,0,0,0,0,0,-,-,34.79254150390625,-118.151611328125,LOS ANGELES,UNINCORPORATED,-118.1515884399414,34.79241943359375
91252847,2020,2020-06-16,9550,2020-06-08,0925,020948,NA,1,1,3,1964,0,1,1,NA,2,650,INTERSTATE 605 S/B,TELEGRAPH ROAD,3000,N,N,A,-,Y,NA,NA,605,NA,NA,NA,NA,NA,S,N,3,0,1,2,A,-,21,22106,NA,F,C,C,A,A,H,-,A,D,0,NA,NA,NA,NA,Y,NA,-,99,0,1,0,0,0,0,0,0,0,-,-,33.95730972290039,-118.0876693725586,LOS ANGELES,SANTA FE SPRINGS,-118.08765411376952,33.95730209350586
9125285,2020,2020-09-11,1900,2020-06-29,1605,642089,0452,1,5,6,1949,0,0,0,NA,0,45T1,PIONEER BL,LAKELAND RD,0,NA,Y,A,-,N,NA,NA,NA,NA,NA,NA,NA,NA,NA,Y,4,0,2,2,A,-,09,21801,A,N,A,C,A,A,H,-,A,A,0,NA,NA,NA,NA,Y,NA,A,01,0,0,2,0,0,0,0,0,0,-,-,NA,NA,LOS ANGELES,NORWALK,-118.0818328857422,33.931678771972656
9125286,2020,2020-09-21,1900,2020-06-18,1700,630211,0455,4,5,6,1949,0,0,0,NA,0,45T1P,ROSECRANS AV,RT 105,280,W,N,A,-,N,NA,NA,NA,NA,NA,NA,NA,NA,NA,Y,4,0,1,3,A,-,03,22350,NA,N,C,C,A,A,H,-,A,D,0,NA,NA,NA,NA,Y,NA,A,07,0,0,1,0,0,0,0,0,0,-,WO,NA,NA,LOS ANGELES,NORWALK,NA,NA
91252885,2020,2020-06-16,9535,2020-06-04,1420,022025,NA,4,2,9,1900,0,1,3,NA,2,620,SR-60 E/B (POF) TO SR-164 (ROSEMEAD BL),ROSEMEAD BLVD,15,W,N,A,-,Y,NA,NA,60,NA,NA,NA,R,NA,E,N,3,0,2,2,A,-,03,22350,NA,M,C,C,A,A,H,-,A,A,0,NA,NA,NA,NA,Y,NA,A,01,0,1,1,0,0,0,0,0,0,-,-,34.03987121582031,-118.06443786621094,LOS ANGELES,UNINCORPORATED,-118.06443786621094,34.03987121582031
91252941,2020,2020-06-17,9525,2020-06-11,0408,021931,NA,4,3,1,1934,0,1,1,NA,2,651,I-605 S/B (SAN GABRIEL RIVER FWY),LIVE OAK AVE.,1584,S,N,A,-,Y,NA,NA,605,NA,NA,NA,NA,NA,S,Y,4,0,2,2,A,-,03,22350,NA,N,C,C,A,A,H,-,D,D,0,NA,NA,NA,NA,Y,NA,D,22,0,0,2,0,0,0,0,0,0,-,-,34.10300827026367,-117.9840087890625,LOS ANGELES,IRWINDALE,-117.98405456542967,34.10302734375
91252959,2020,2020-06-17,9575,2020-06-09,2104,017414,NA,2,2,6,1925,0,1,1,NA,2,063,I-210 W/B TO SR-2 W/B,STANCREST FRONTAGE RD.,275,W,N,A,-,Y,NA,NA,NA,NA,NA,NA,NA,NA,NA,Y,4,0,2,2,A,-,07,21658,A,N,B,C,A,A,H,-,C,D,0,NA,NA,NA,NA,Y,NA,A,01,0,0,2,0,0,0,0,0,0,-,-,34.20085906982422,-118.21961212158205,LOS ANGELES,GLENDALE,NA,NA
91252964,2020,2020-06-17,9580,2020-06-11,1610,020462,NA,4,2,7,1942,0,1,1,NA,2,407,I-405 S/B (SAN DIEGO FWY),LASSEN ST,0,NA,N,A,-,Y,NA,NA,405,NA,NA,NA,NA,NA,S,Y,4,0,3,3,A,-,03,22350,NA,N,C,C,A,A,H,-,A,D,0,NA,NA,NA,NA,Y,NA,A,01,0,0,3,0,0,0,0,0,0,-,-,34.24753952026367,-118.47279357910156,LOS ANGELES,LOS ANGELES,-118.4727020263672,34.247520446777344
91252965,2020,2020-06-17,9580,2020-06-08,1820,021954,NA,1,2,7,1942,0,1,2,NA,2,103,US-101 S/B (VENTURA FREEWAY),HASKELL AVE,500,S,N,A,-,Y,NA,NA,101,NA,NA,NA,NA,NA,S,Y,4,0,2,2,A,-,03,22350,NA,N,C,C,A,A,H,-,A,D,0,NA,NA,NA,NA,Y,NA,A,01,0,0,2,0,0,0,0,0,0,-,-,34.16427993774414,-118.47341918945313,LOS ANGELES,LOS ANGELES,-118.473388671875,34.1643180847168
91252988,2020,2020-06-17,9540,2020-06-08,0725,020708,NA,1,1,9,1900,0,1,3,NA,2,147,SR-14 S/B,AGUA DULCE CYN RD,6336,S,N,A,-,Y,NA,NA,14,NA,NA,NA,NA,NA,S,Y,4,0,1,4,A,-,03,22350,NA,N,C,C,A,A,H,-,A,D,0,NA,NA,NA,NA,Y,NA,D,22,0,0,1,0,0,0,0,0,0,-,-,34.45896911621094,-118.34593963623048,LOS ANGELES,UNINCORPORATED,-118.34593963623048,34.45896911621094
91252991,2020,2020-06-17,9530,2020-06-06,1825,022197,NA,6,2,9,1900,0,3,5,NA,2,001,FIRESTONE BLVD. (2100 BLOCK),LOU DILLON AVE.,8,E,N,B,-,N,NA,NA,NA,NA,NA,NA,NA,NA,NA,Y,3,0,2,1,A,-,08,22107,NA,N,E,J,A,A,H,-,A,D,0,NA,NA,NA,NA,Y,NA,A,01,0,2,0,0,0,0,0,0,0,-,-,33.960289001464844,-118.23486328125,LOS ANGELES,UNINCORPORATED,-118.2346649169922,33.96015167236328
91252994,2020,2020-06-17,9580,2020-06-09,0720,019715,NA,2,1,7,1942,0,1,2,NA,2,102,US-101 N/B (VENTURA FREEWAY),WOODMAN AVE,350,N,N,A,-,Y,NA,NA,101,NA,NA,NA,NA,NA,N,N,4,0,1,2,A,-,03,22350,NA,N,C,C,A,A,H,-,A,D,0,NA,NA,NA,NA,Y,NA,D,22,0,0,1,0,0,0,0,0,0,-,-,34.15568161010742,-118.43287658691406,LOS ANGELES,LOS ANGELES,-118.43287658691406,34.155731201171875
91253003,2020,2020-06-17,9580,2020-06-09,1205,018185,NA,2,1,7,1942,0,1,3,NA,2,171,SR-170 S/B (HOLLYWOOD FWY.),BURBANK BLVD,300,N,N,A,-,Y,NA,NA,NA,NA,NA,NA,NA,NA,NA,Y,4,0,1,3,A,-,03,22350,NA,N,C,C,A,A,D,-,A,D,0,NA,NA,NA,NA,Y,NA,A,07,0,0,1,0,0,0,0,0,0,-,-,34.103641510009766,-118.23397827148438,LOS ANGELES,LOS ANGELES,-118.3898468017578,34.17264938354492
91253028,2020,2020-06-17,9530,2020-06-09,1210,021756,NA,2,1,5,1943,0,1,1,NA,2,210,I-105 W/B (GLENN ANDERSON FWY),FIR ST.,897,W,N,A,-,Y,NA,NA,105,NA,NA,NA,NA,NA,W,Y,3,0,1,2,A,-,03,22350,NA,N,C,C,A,A,H,-,A,D,0,NA,NA,NA,NA,Y,NA,A,01,0,1,0,0,0,0,0,0,0,-,-,33.92374038696289,-118.20697021484376,LOS ANGELES,LYNWOOD,-118.20695495605467,33.92377853393555
91253037,2020,2020-06-17,9535,2020-06-08,0040,022142,NA,1,3,6,1922,0,1,1,NA,2,401,I-10 W/B (SAN BERNARDINO FREEWAY),DURFEE AVE,285,E,N,A,-,Y,NA,NA,10,NA,NA,NA,NA,NA,W,Y,4,0,1,2,A,-,07,21658,A,M,B,C,A,A,H,-,C,D,0,NA,NA,NA,NA,Y,NA,-,99,0,0,1,0,0,0,0,0,0,-,-,34.06428146362305,-118.00994110107422,LOS ANGELES,EL MONTE,-118.00994110107422,34.06428146362305
91253049,2020,2020-06-17,9535,2020-06-13,1435,022253,NA,6,2,5,1952,0,1,1,NA,2,105,I-105 (CENTURY FREEWAY) W/B,I-710 (LONG BEACH FREEWAY) N/B,32,E,N,A,-,Y,NA,NA,105,NA,NA,NA,NA,NA,W,N,4,0,1,2,A,-,04,21703,NA,N,C,C,A,A,H,-,A,D,0,NA,NA,NA,NA,Y,NA,A,08,0,0,1,0,0,0,0,0,0,-,-,33.91291046142578,-118.17976379394533,LOS ANGELES,PARAMOUNT,-118.17974090576172,33.91295623779297