CASE_ID,ACCIDENT_YEAR,PROC_DATE,JURIS,COLLISION_DATE,COLLISION_TIME,OFFICER_ID,REPORTING_DISTRICT,DAY_OF_WEEK,CHP_SHIFT,POPULATION,CNTY_CITY_LOC,SPECIAL_COND,BEAT_TYPE,CHP_BEAT_TYPE,CITY_DIVISION_LAPD,CHP_BEAT_CLASS,BEAT_NUMBER,PRIMARY_RD,SECONDARY_RD,DISTANCE,DIRECTION,INTERSECTION,WEATHER_1,WEATHER_2,STATE_HWY_IND,CALTRANS_COUNTY,CALTRANS_DISTRICT,STATE_ROUTE,ROUTE_SUFFIX,POSTMILE_PREFIX,POSTMILE,LOCATION_TYPE,RAMP_INTERSECTION,SIDE_OF_HWY,TOW_AWAY,COLLISION_SEVERITY,NUMBER_KILLED,NUMBER_INJURED,PARTY_COUNT,PRIMARY_COLL_FACTOR,PCF_CODE_OF_VIOL,PCF_VIOL_CATEGORY,PCF_VIOLATION,PCF_VIOL_SUBSECTION,HIT_AND_RUN,TYPE_OF_COLLISION,MVIW,PED_ACTION,ROAD_SURFACE,ROAD_COND_1,ROAD_COND_2,LIGHTING,CONTROL_DEVICE,CHP_ROAD_TYPE,PEDESTRIAN_ACCIDENT,BICYCLE_ACCIDENT,MOTORCYCLE_ACCIDENT,TRUCK_ACCIDENT,NOT_PRIVATE_PROPERTY,ALCOHOL_INVOLVED,STWD_VEHTYPE_AT_FAULT,CHP_VEHTYPE_AT_FAULT,COUNT_SEVERE_INJ,COUNT_VISIBLE_INJ,COUNT_COMPLAINT_PAIN,COUNT_PED_KILLED,COUNT_PED_INJURED,COUNT_BICYCLIST_KILLED,COUNT_BICYCLIST_INJURED,COUNT_MC_KILLED,COUNT_MC_INJURED,PRIMARY_RAMP,SECONDARY_RAMP,LATITUDE,LONGITUDE,COUNTY,CITY,POINT_X,POINT_Y
9125424,2019,2020-07-29,1942,2019-11-23,1000,43709,1823,6,5,7,1942,0,0,0,R,0,18A3,95TH ST,AVALON BL,0,NA,Y,A,-,N,NA,NA,NA,NA,NA,NA,NA,NA,NA,Y,4,0,1,2,A,-,08,22107,NA,N,D,C,A,A,H,-,A,-,0,NA,NA,NA,NA,Y,NA,D,22,0,0,1,0,0,0,0,0,0,-,-,NA,NA,LOS ANGELES,LOS ANGELES,-118.2651596069336,33.95022964477539
9125425,2020,2020-09-12,1976,2020-06-10,1429,244,NA,3,5,5,1976,0,0,0,NA,0,001,BEVERLY BL,MAGNOLIA AV,358,E,N,A,-,N,NA,NA,NA,NA,NA,NA,NA,NA,NA,Y,3,0,1,3,A,-,08,22107,NA,N,C,E,A,A,H,-,A,D,0,NA,NA,NA,NA,Y,NA,D,22,0,1,0,0,0,0,0,0,0,-,-,NA,NA,LOS ANGELES,WHITTIER,-118.0497589111328,33.99039077758789
91254250,2020,2020-06-19,9590,2020-06-17,1145,016230,NA,3,1,7,1942,0,1,1,NA,2,040,I-5 N/B (SAF),LORENA ST,200,N,N,B,-,Y,NA,NA,5,NA,NA,NA,NA,NA,N,N,4,0,1,3,A,-,03,22350,NA,N,C,C,A,A,H,-,A,D,0,NA,NA,NA,NA,Y,NA,D,22,0,0,1,0,0,0,0,0,0,-,-,34.02476119995117,-118.20378875732422,LOS ANGELES,LOS ANGELES,-118.20378875732422,34.02475357055664
91254254,2020,2020-06-19,9535,2020-06-10,1235,022254,NA,3,1,5,1906,0,1,1,NA,2,650,I-605 (SAN GABRIEL RIVER FREEWAY) N/B,I-10 (SAN BERNARDINO FREEWAY) E/B,580,S,N,A,-,Y,NA,NA,605,NA,NA,NA,NA,NA,N,N,4,0,1,2,A,-,03,22350,NA,N,C,C,A,A,H,-,A,D,0,NA,NA,NA,NA,Y,NA,A,07,0,0,1,0,0,0,0,0,0,-,-,34.063209533691406,-117.9997100830078,LOS ANGELES,BALDWIN PARK,-118.00015258789064,34.06327438354492
91254261,2020,2020-06-19,9590,2020-06-12,0810,019008,NA,5,1,7,1942,0,1,2,NA,2,071,US-101 SOUTHBOUND (HOLLYWOOD FREEWAY),SILVER LAKE BLVD,300,N,N,A,-,Y,NA,NA,101,NA,NA,NA,NA,NA,S,Y,3,0,5,3,A,-,07,21658,A,N,B,C,A,A,H,-,A,D,0,NA,NA,NA,NA,Y,NA,A,01,0,1,4,0,0,0,0,0,0,-,-,34.07746887207031,-118.28321075439452,LOS ANGELES,LOS ANGELES,-118.28321075439452,34.07746124267578
91254266,2020,2020-06-19,9590,2020-06-11,1315,022404,NA,4,1,7,1942,0,1,2,NA,2,071,US-101 S/B (HOLLYWOOD FREEWAY),GLENDALE BLVD,250,S,N,A,-,Y,NA,NA,101,NA,NA,NA,NA,NA,S,N,4,0,1,2,A,-,03,22350,NA,N,C,C,A,A,H,-,A,D,0,NA,NA,NA,NA,Y,NA,A,01,0,0,1,0,0,0,0,0,0,-,-,34.06922912597656,-118.26023864746094,LOS ANGELES,LOS ANGELES,-118.26022338867188,34.069271087646484
91254288,2020,2020-06-19,9565,2020-06-10,1500,020560,NA,3,2,9,1900,0,2,4,NA,2,022,NORMANDIE AVE,127TH ST,0,NA,Y,A,-,N,NA,NA,NA,NA,NA,NA,NA,NA,NA,N,4,0,1,2,A,-,09,21801,A,N,D,C,A,A,H,-,A,D,0,NA,NA,NA,NA,Y,NA,A,01,0,0,1,0,0,0,0,0,0,-,-,33.917381286621094,-118.30040740966795,LOS ANGELES,UNINCORPORATED,-118.30039978027344,33.917381286621094
91254303,2020,2020-06-19,9565,2020-06-09,1412,022378,NA,2,2,5,1928,0,1,1,NA,2,012,I-105 E/B (CENTURY FREEWAY),YUKON AVE,1300,W,N,A,-,Y,NA,NA,105,NA,NA,NA,NA,NA,E,Y,3,0,1,2,A,-,03,22350,NA,N,C,C,A,A,H,-,A,D,0,NA,NA,NA,NA,Y,NA,A,01,0,1,0,0,0,0,0,0,0,-,-,33.92675018310547,-118.3398895263672,LOS ANGELES,HAWTHORNE,-118.3397979736328,33.926876068115234
91254345,2020,2020-06-19,9590,2020-06-10,0640,021926,NA,3,1,7,1942,0,1,1,NA,2,010,SR-110 NB (ASP),AMADOR STREET,200,S,N,A,-,Y,NA,NA,110,NA,NA,NA,NA,NA,N,N,4,0,1,1,A,-,08,22107,NA,N,E,I,A,A,H,-,A,D,0,NA,NA,NA,NA,Y,NA,A,01,0,0,1,0,0,0,0,0,0,-,-,34.0749397277832,-118.2321319580078,LOS ANGELES,LOS ANGELES,-118.23217010498048,34.07497787475586
91254349,2020,2020-06-19,9525,2020-06-12,0020,022194,NA,5,3,6,1975,0,1,1,NA,2,106,I-10 E/B (SAN BERNARDINO FWY),CITRUS ST.,1056,W,N,A,-,Y,NA,NA,10,NA,NA,NA,NA,NA,E,Y,2,0,1,1,A,-,08,22107,NA,N,E,J,A,A,D,E,C,D,0,NA,NA,NA,NA,Y,NA,D,22,1,0,0,0,0,0,0,0,0,-,-,34.0718994140625,-117.89421844482422,LOS ANGELES,WEST COVINA,-117.89421844482422,34.071937561035156
91254370,2020,2020-06-19,9565,2020-05-29,1235,022378,NA,5,1,4,1918,0,1,1,NA,2,061,I-405 S/B (SAN DIEGO FREEWAY),CENTINELA AVE,20,S,N,B,-,Y,NA,NA,NA,NA,NA,NA,NA,NA,NA,Y,4,0,1,3,A,-,08,22107,NA,N,C,C,A,A,H,-,A,D,0,NA,NA,NA,Y,Y,NA,A,07,0,0,1,0,0,0,0,0,0,-,-,34.02716064453125,-118.4293975830078,LOS ANGELES,CULVER CITY,-118.39344024658205,33.98036575317383
91254371,2020,2020-06-19,9535,2020-06-10,0706,022234,NA,3,1,6,1922,0,1,1,NA,2,400,I-10 (SAN BERNARDINO FREEWAY) E/B,I-605 N/B,400,W,N,A,-,Y,NA,NA,10,NA,NA,NA,NA,NA,E,Y,3,0,1,1,A,-,03,22350,NA,N,E,I,A,A,H,-,A,D,0,NA,NA,NA,NA,Y,NA,A,01,0,1,0,0,0,0,0,0,0,-,-,34.064170837402344,-118.00565338134766,LOS ANGELES,EL MONTE,-118.0056610107422,34.064247131347656
91254384,2020,2020-06-19,9525,2020-06-19,0550,016277,NA,5,3,9,1900,0,2,4,NA,2,045,VALLEY BOULEVARD (13000 BLOCK),PUENTE AVENUE,100,W,N,B,-,N,NA,NA,NA,NA,NA,NA,NA,NA,NA,Y,4,0,1,2,A,-,03,22350,NA,N,B,C,A,A,H,-,A,D,0,NA,NA,NA,NA,Y,NA,A,01,0,0,1,0,0,0,0,0,0,-,-,34.04475021362305,-117.98912811279295,LOS ANGELES,UNINCORPORATED,-117.98885345458984,34.04458236694336
91254406,2020,2020-06-19,9535,2020-06-10,1040,022254,NA,3,1,5,1906,0,1,1,NA,2,650,I-605 (SAN GABRIEL RIVER FREEWAY) N/B,I-10 (SAN BERNARDINO FREEWAY) E/B,500,S,N,A,-,Y,NA,NA,NA,NA,NA,NA,NA,NA,NA,Y,4,0,1,3,A,-,03,22350,NA,N,E,I,A,A,H,-,A,D,0,NA,NA,NA,NA,Y,NA,E,22,0,0,1,0,0,0,0,0,0,-,-,34.054100036621094,-118.00160217285156,LOS ANGELES,BALDWIN PARK,NA,NA
91254430,2020,2020-06-19,9530,2020-06-14,1155,022377,NA,7,1,7,1942,0,1,1,NA,2,110,I-110 S/B (HARBOR FREEWAY),135TH STREET,650,N,N,A,-,Y,NA,NA,110,NA,NA,NA,NA,NA,S,Y,4,0,2,2,A,-,07,21658,A,N,C,C,A,A,H,-,A,D,0,NA,NA,NA,NA,Y,NA,A,01,0,0,2,0,0,0,0,0,0,-,-,33.9109001159668,-118.28669738769533,LOS ANGELES,LOS ANGELES,-118.28670501708984,33.9109001159668
91254496,2020,2020-06-19,9535,2020-06-10,1438,021976,NA,3,2,9,1900,0,1,1,NA,2,420,I-10 (SAN BERNARDINO FREEWAY) E/B,HERBERT AVE,470,W,N,A,-,Y,NA,NA,10,NA,NA,NA,NA,NA,E,Y,3,0,4,3,A,-,03,22350,NA,N,C,C,A,A,H,-,A,D,0,NA,NA,NA,NA,Y,NA,A,07,0,2,2,0,0,0,0,0,0,-,-,34.05569839477539,-118.18453216552734,LOS ANGELES,UNINCORPORATED,-118.18448638916016,34.055538177490234
91254499,2020,2020-06-19,9590,2020-06-17,1245,015982,NA,3,1,7,1942,0,1,1,NA,2,052,I-110 N/B (HARBOR FREEWAY),4TH ST,100,N,N,A,-,Y,NA,NA,110,NA,NA,NA,NA,NA,N,Y,4,0,1,2,A,-,03,22350,NA,N,C,C,A,A,H,-,A,D,0,NA,NA,NA,NA,Y,NA,A,01,0,0,1,0,0,0,0,0,0,-,-,34.05495071411133,-118.25702667236328,LOS ANGELES,LOS ANGELES,-118.25700378417967,34.054927825927734
91254529,2020,2020-06-19,9590,2020-06-10,0035,021346,NA,3,3,7,1942,0,1,1,NA,2,081,I-5 S/B (GOLDEN STATE FREEWAY),1ST STREET,200,N,N,B,-,Y,NA,NA,5,NA,NA,NA,NA,NA,S,N,4,0,1,2,A,-,03,22350,NA,N,C,C,A,A,H,-,C,D,0,NA,NA,NA,NA,Y,NA,A,01,0,0,1,0,0,0,0,0,0,-,-,34.046539306640625,-118.2151107788086,LOS ANGELES,LOS ANGELES,-118.21514892578124,34.04655456542969
91254544,2020,2020-06-19,9525,2020-06-13,1330,021809,NA,6,1,9,1900,0,1,3,NA,1,024,SR-39 (SAN GABRIEL CANYON RD.),CRYSTAL LAKE ROAD,11088,S,N,A,-,Y,NA,NA,39,NA,NA,NA,NA,NA,NA,Y,4,0,1,1,A,-,03,22350,NA,N,E,I,A,A,H,-,A,D,0,NA,NA,Y,NA,Y,NA,C,02,0,0,1,0,0,0,0,0,1,-,-,34.30242919921875,-117.8460693359375,LOS ANGELES,UNINCORPORATED,-117.84605407714844,34.30253982543945
91254546,2020,2020-06-19,9530,2020-06-10,1550,022427,NA,3,2,9,1900,0,3,5,NA,2,005,MARINE AVE. (3200 BLOCK),LEMOLI AVE.,311,E,N,A,-,N,NA,NA,NA,NA,NA,NA,NA,NA,NA,Y,3,0,2,2,A,-,09,21804,A,N,D,C,A,A,H,-,A,D,0,NA,NA,NA,NA,Y,NA,J,48,0,1,1,0,0,0,0,0,0,-,-,33.894798278808594,-118.32959747314452,LOS ANGELES,UNINCORPORATED,-118.32984924316406,33.89466857910156
91254558,2020,2020-06-19,9525,2020-06-19,0625,015445,NA,5,1,6,1975,0,1,1,NA,2,105,I-10 W/B (SAN BERNARDINO FWY),VIA VERDE AVE.,2200,W,N,B,-,Y,NA,NA,NA,NA,NA,NA,NA,NA,NA,Y,3,0,1,3,C,-,18,NA,NA,N,E,J,A,A,C,D,A,D,0,NA,NA,NA,NA,Y,NA,-,-,0,1,0,0,0,0,0,0,0,-,-,34.06840896606445,-117.84651184082033,LOS ANGELES,WEST COVINA,NA,NA
91254561,2020,2020-06-19,9550,2020-06-12,1555,022023,NA,5,2,3,1964,0,1,1,NA,2,650,I-605 (S/B),TELEGRAPH ROAD,1000,N,N,A,-,Y,NA,NA,605,NA,NA,NA,NA,NA,NA,Y,4,0,1,2,A,-,03,22350,NA,N,C,C,A,A,H,-,A,D,0,NA,NA,NA,NA,Y,NA,A,07,0,0,1,0,0,0,0,0,0,-,-,33.9610710144043,-118.08599853515624,LOS ANGELES,SANTA FE SPRINGS,-118.08602142333984,33.96107864379883
9125461,2020,2020-09-17,1916,2020-07-04,2054,2872,NA,6,5,4,1916,0,0,0,NA,0,WEST,CYPRESS ST,AZUSA AV,370,W,N,A,-,N,NA,NA,NA,NA,NA,NA,NA,NA,NA,Y,3,0,1,2,A,-,05,21651,A,N,A,C,A,A,H,-,C,D,0,NA,NA,NA,NA,Y,NA,-,NA,0,1,0,0,0,0,0,0,0,-,-,34.09572982788086,-117.90782165527344,LOS ANGELES,COVINA,-117.90904235839844,34.09577178955078
9125462,2020,2020-09-17,1916,2020-07-03,2132,2559,W22S1,5,5,4,1916,0,0,0,NA,0,DOWNTO,HOLLENBECK AV,ROWLAND ST,0,NA,Y,A,-,N,NA,NA,NA,NA,NA,NA,NA,NA,NA,Y,3,0,1,2,A,-,09,21801,A,N,-,C,A,A,H,-,C,A,0,NA,NA,NA,NA,Y,NA,A,01,0,1,0,0,0,0,0,0,0,-,-,NA,NA,LOS ANGELES,COVINA,-117.89893341064452,34.07910919189453
91254625,2019,2020-06-19,9535,2019-07-04,1539,022246,NA,4,2,9,1900,0,1,3,NA,2,620,SR-60 EASTBOUND (POMONA FREEWAY),SAN GABRIEL BOULEVARD,783,E,N,A,-,Y,NA,NA,60,NA,NA,NA,NA,NA,E,Y,1,1,2,2,A,-,08,22107,NA,N,E,I,A,A,H,-,A,D,0,NA,NA,NA,NA,Y,NA,A,01,1,1,0,0,0,0,0,0,0,-,-,34.04058074951172,-118.07598114013672,LOS ANGELES,UNINCORPORATED,-118.07598114013672,34.04057312011719
9125463,2020,2020-09-17,1942,2020-07-12,1600,43270,1251,7,5,7,1942,0,0,0,L,0,12A51,W FLORENCE AV,CRENSHAW BL,105,E,N,A,-,N,NA,NA,NA,NA,NA,NA,NA,NA,NA,Y,4,0,3,2,A,-,08,22107,NA,N,D,D,A,A,H,-,A,A,0,NA,NA,NA,NA,Y,NA,A,07,0,0,3,0,0,0,0,0,0,-,-,NA,NA,LOS ANGELES,LOS ANGELES,-118.3305435180664,33.97454071044922
9125467,2020,2020-09-17,1942,2020-07-10,0820,41729,1259,5,5,7,1942,0,0,0,L,0,12A69,E 76TH PL,MCKINLEY AV,0,NA,Y,A,-,N,NA,NA,NA,NA,NA,NA,NA,NA,NA,N,4,0,3,2,A,-,12,22450,A,N,D,C,A,A,H,-,A,A,0,NA,NA,NA,NA,Y,NA,A,08,0,0,3,0,0,0,0,0,0,-,-,NA,NA,LOS ANGELES,LOS ANGELES,-118.26081085205078,33.97026062011719
91254673,2020,2020-06-19,9545,2020-06-13,1330,021695,NA,6,1,9,1900,0,3,5,NA,2,003,ANGELES FOREST HWY,MT EMMA ROAD,5280,S,N,A,-,N,NA,NA,NA,NA,NA,NA,NA,NA,NA,Y,4,0,1,1,A,-,03,22350,NA,N,E,I,A,A,H,-,A,D,0,NA,NA,Y,NA,Y,NA,C,02,0,0,1,0,0,0,0,0,1,-,-,34.43613052368164,-118.08956146240234,LOS ANGELES,UNINCORPORATED,-118.08985137939452,34.436195373535156
91254675,2020,2020-06-22,9550,2020-06-13,1255,022237,NA,6,1,9,1900,0,1,1,NA,2,650,I-605 N/B,WHITTIER BOULEVARD,2112,N,N,A,-,Y,NA,NA,605,NA,NA,NA,NA,NA,N,N,4,0,4,2,A,-,03,22350,NA,N,C,C,A,A,H,-,A,D,0,NA,NA,NA,NA,Y,NA,D,23,0,0,4,0,0,0,0,0,0,-,-,33.99855041503906,-118.06793975830078,LOS ANGELES,UNINCORPORATED,-118.06790161132813,33.99854278564453
91254676,2020,2020-06-22,9550,2020-06-14,1705,022450,NA,7,2,9,1900,0,1,3,NA,2,092,SR-91 WB,NORWALK BOULEVARD,850,W,N,A,-,Y,NA,NA,NA,NA,NA,NA,NA,NA,NA,Y,4,0,1,2,A,-,03,22350,NA,N,C,C,A,A,H,-,A,D,0,NA,NA,NA,NA,Y,NA,A,01,0,0,1,0,0,0,0,0,0,-,-,33.87651062011719,-118.07556915283205,LOS ANGELES,UNINCORPORATED,-118.07545471191406,33.87657165527344
91254677,2020,2020-06-22,9525,2020-06-19,1605,021757,NA,5,2,6,1955,0,1,1,NA,2,110,I-10 E/B (SAN BERNARDINO FWY),WHITE AVE,2500,W,N,A,-,Y,NA,NA,10,NA,NA,NA,NA,NA,E,N,4,0,1,2,A,-,03,22350,NA,N,C,C,A,A,H,-,A,D,0,NA,NA,NA,NA,Y,NA,A,01,0,0,1,0,0,0,0,0,0,-,-,34.07136154174805,-117.76763153076172,LOS ANGELES,POMONA,-117.76761627197266,34.07142639160156
91254678,2020,2020-06-22,9525,2020-06-14,2331,021980,NA,7,3,4,1905,0,1,1,NA,2,213,I-210 W/B (FOOTHILL FWY),AZUSA AVE,2112,E,N,A,-,Y,NA,NA,210,NA,NA,NA,NA,NA,W,Y,4,0,2,1,A,-,08,22107,NA,N,E,A,A,A,H,-,D,D,0,NA,NA,NA,NA,Y,NA,A,07,0,0,2,0,0,0,0,0,0,-,-,34.12110900878906,-117.89990234375,LOS ANGELES,AZUSA,-117.89990234375,34.12117385864258
91254711,2020,2020-06-22,9575,2020-06-19,2125,021640,NA,5,2,6,1953,0,1,1,NA,2,064,I-210 W/B TO I-210 W/B,MAPLE ST.,50,W,N,A,-,Y,NA,NA,210,NA,NA,NA,R,NA,W,N,4,0,1,2,A,-,08,22107,NA,F,B,C,A,A,H,-,C,D,0,NA,NA,NA,NA,Y,Y,-,99,0,0,1,0,0,0,0,0,0,-,-,34.15230178833008,-118.15470123291016,LOS ANGELES,PASADENA,-118.15470123291016,34.15230178833008
91254716,2020,2020-06-22,9575,2020-06-10,0001,022469,NA,3,3,9,1900,0,1,3,NA,2,302,SR-2 (ANGELES CREST HIGHWAY),RED BOX ROAD,10032,E,N,A,-,Y,NA,NA,2,NA,NA,NA,NA,NA,NA,Y,4,0,1,1,A,-,08,22107,NA,N,E,I,A,A,H,-,D,D,0,NA,NA,NA,NA,Y,NA,A,01,0,0,1,0,0,0,0,0,0,-,-,34.26858139038086,-118.07837677001952,LOS ANGELES,UNINCORPORATED,-118.07839965820313,34.268516540527344
91254719,2020,2020-06-22,9575,2020-06-20,0235,021640,NA,6,3,5,1902,0,1,1,NA,2,065,I-210 W/B (FOOTHILL FREEWAY),BALDWIN AVE.,1000,E,N,A,-,Y,NA,NA,210,NA,NA,NA,NA,NA,W,N,4,0,1,2,A,-,03,22350,NA,N,C,C,A,A,H,-,D,D,0,NA,NA,NA,NA,Y,Y,-,99,0,0,1,0,0,0,0,0,0,-,-,34.149139404296875,-118.04527282714844,LOS ANGELES,ARCADIA,-118.04527282714844,34.1490364074707
9125473,2020,2020-09-17,1942,2020-07-09,1430,43270,1837,4,5,7,1942,0,0,0,R,0,18A35,E 115TH ST,S GRANDEE AV,367,W,N,A,-,N,NA,NA,NA,NA,NA,NA,NA,NA,NA,N,4,0,1,1,A,-,03,22350,NA,N,E,I,A,A,H,-,A,A,0,NA,NA,NA,NA,Y,NA,A,01,0,0,1,0,0,0,0,0,0,-,-,NA,NA,LOS ANGELES,LOS ANGELES,-118.24469757080078,33.930301666259766
91254738,2020,2020-06-22,9545,2020-06-14,0001,021497,NA,7,3,6,1992,0,1,3,NA,2,011,SR-14 S/B (AEROSPACE HIGHWAY),AVENUE H,700,S,N,A,-,Y,NA,NA,14,NA,NA,NA,NA,NA,S,Y,3,0,1,1,C,-,18,NA,NA,N,E,I,A,A,H,-,C,D,0,NA,NA,NA,NA,Y,NA,-,-,0,1,0,0,0,0,0,0,0,-,-,34.71588897705078,-118.16967010498048,LOS ANGELES,LANCASTER,-118.17035675048828,34.715885162353516
9125474,2020,2020-09-17,1942,2020-07-11,1735,37724,0363,6,5,7,1942,0,0,0,C,0,3A63,SANTA ROSALIA DR,HILLCREST DR,0,NA,Y,A,-,N,NA,NA,NA,NA,NA,NA,NA,NA,NA,Y,4,0,2,2,A,-,12,21453,A,N,A,C,A,A,H,-,A,A,0,NA,NA,NA,NA,Y,NA,A,01,0,0,2,0,0,0,0,0,0,-,-,NA,NA,LOS ANGELES,LOS ANGELES,-118.34651184082033,34.01374816894531
9125476,2020,2020-09-17,1900,2020-07-14,1310,627975,0453,2,5,6,1949,0,0,0,NA,0,43T1,IMPERIAL HWY,ADOREE ST,148,W,N,A,-,N,NA,NA,NA,NA,NA,NA,NA,NA,NA,N,3,0,1,2,A,-,04,21703,NA,N,C,C,A,A,H,-,A,A,0,NA,NA,NA,NA,Y,NA,A,07,0,1,0,0,0,0,0,0,0,-,-,NA,NA,LOS ANGELES,NORWALK,-118.07971954345705,33.917091369628906
91254762,2020,2020-06-22,9575,2020-06-13,1310,022503,NA,6,1,7,1942,0,1,1,NA,2,052,I-5 N/B (GOLDEN STATE FREEWAY),LAUREL CANYON BLVD.,1452,S,N,A,-,Y,NA,NA,5,NA,NA,NA,NA,NA,N,Y,4,0,1,1,C,-,18,NA,NA,N,E,J,A,A,H,-,A,D,0,NA,NA,NA,NA,Y,NA,-,-,0,0,1,0,0,0,0,0,0,-,-,34.2305908203125,-118.39810180664064,LOS ANGELES,LOS ANGELES,-118.39807891845705,34.23073196411133
9125477,2020,2020-09-17,1900,2020-07-07,0037,608259,0463,2,5,4,1936,0,0,0,NA,0,46151/,IMPERIAL HWY,CORDOVA RD,59,W,N,A,-,N,NA,NA,NA,NA,NA,NA,NA,NA,NA,Y,3,0,1,1,A,-,01,23152,A,N,E,I,A,A,H,-,C,D,0,NA,NA,NA,NA,Y,Y,A,01,0,1,0,0,0,0,0,0,0,-,-,NA,NA,LOS ANGELES,LA MIRADA,-118.00615692138672,33.91612243652344
91254772,2020,2020-06-22,9575,2020-06-18,1020,020542,NA,4,1,6,1953,0,1,1,NA,2,064,SR-134 E/B (VENTURA FREEWAY),FAIR OAKS AVE.,1000,W,N,B,-,Y,NA,NA,134,NA,NA,NA,NA,NA,E,Y,3,0,1,1,A,-,08,22107,NA,N,E,I,A,A,H,-,A,D,0,NA,NA,NA,NA,Y,NA,A,01,0,1,0,0,0,0,0,0,0,-,-,34.148658752441406,-118.15696716308594,LOS ANGELES,PASADENA,-118.15702056884766,34.14875793457031
91254775,2020,2020-06-22,9575,2020-06-13,1150,022513,NA,6,1,7,1942,0,1,3,NA,2,300,SR-2 (ANGELES CREST HIGHWAY),GEORGES GAP (TURNOUT),7920,W,N,A,-,Y,NA,NA,NA,NA,NA,NA,NA,NA,NA,Y,4,0,1,3,A,-,03,22350,NA,N,B,C,A,A,H,-,A,D,0,NA,NA,Y,NA,Y,NA,C,02,0,0,1,0,0,0,0,0,1,-,-,34.26049041748047,-118.18380737304688,LOS ANGELES,LOS ANGELES,NA,NA
9125478,2020,2020-09-17,1900,2020-07-04,2317,523960,0462,6,5,4,1936,0,0,0,NA,0,46T1,FIGUEROA RD,BADLONA DR,0,NA,Y,A,-,N,NA,NA,NA,NA,NA,NA,NA,NA,NA,Y,3,0,1,2,A,-,08,22107,NA,N,B,E,A,A,H,-,C,D,0,NA,NA,NA,NA,Y,Y,A,01,0,1,0,0,0,0,0,0,0,-,-,NA,NA,LOS ANGELES,LA MIRADA,-118.01505279541016,33.899349212646484
9125479,2020,2020-09-17,1900,2020-07-01,1715,642089,0454,3,5,6,1949,0,0,0,NA,0,43T1,FRONT ST,ROSECRANS AV,750,W,N,A,-,N,NA,NA,NA,NA,NA,NA,NA,NA,NA,Y,3,0,1,2,A,-,21,22106,NA,N,H,E,A,A,H,-,A,D,0,NA,NA,NA,NA,Y,NA,-,-,0,1,0,0,0,0,0,0,0,-,-,NA,NA,LOS ANGELES,NORWALK,-118.06747436523438,33.90351104736328
91254798,2020,2020-06-22,9575,2020-06-13,1555,021006,NA,6,2,6,1953,0,1,1,NA,2,064,I-210 W/B (FOOTHILL FREEWAY),MARENGO AVE.,150,W,N,A,-,Y,NA,NA,210,NA,NA,NA,NA,NA,W,N,4,0,1,1,C,-,18,NA,NA,N,E,I,A,A,C,-,A,D,0,NA,NA,NA,NA,Y,NA,-,-,0,0,1,0,0,0,0,0,0,-,-,34.15217971801758,-118.14640808105467,LOS ANGELES,PASADENA,-118.14640808105467,34.152008056640625
9125480,2020,2020-09-17,1900,2020-07-04,1800,622984,0451,6,5,6,1949,0,0,0,NA,0,43K3,FIRESTONE BL,STUDEBAKER RD,55,W,N,A,-,N,NA,NA,NA,NA,NA,NA,NA,NA,NA,Y,3,0,1,3,A,-,12,21453,A,F,D,C,A,A,H,-,A,A,0,NA,NA,NA,NA,Y,NA,A,01,0,1,0,0,0,0,0,0,0,-,-,NA,NA,LOS ANGELES,NORWALK,-118.09947204589844,33.92228317260742
91254803,2020,2020-06-22,9545,2020-06-14,1110,020244,NA,7,1,9,1900,0,3,5,NA,2,003,SR-14 N/B TO SIERRA HWY,SIERRA HWY,0,NA,Y,A,-,Y,NA,NA,14,NA,NA,NA,R,NA,N,Y,3,0,3,2,A,-,12,22450,A,N,D,C,A,A,H,-,A,A,0,NA,NA,NA,NA,Y,NA,A,01,0,2,1,0,0,0,0,0,0,-,-,34.50920867919922,-118.11106872558594,LOS ANGELES,UNINCORPORATED,-118.11106872558594,34.50920867919922
9125481,2020,2020-10-09,1900,2020-07-03,0623,610437,0455,5,5,6,1949,0,0,0,NA,0,43T1D,ALONDRA BL,STUDEBAKER RD,30,W,N,A,-,N,NA,NA,NA,NA,NA,NA,NA,NA,NA,Y,3,0,2,2,A,-,12,21453,A,N,D,C,A,A,H,-,A,A,0,NA,NA,NA,NA,Y,NA,-,-,0,1,1,0,0,0,0,0,0,-,-,NA,NA,LOS ANGELES,NORWALK,-118.10008239746094,33.88759994506836
9125482,2020,2020-09-17,1976,2020-07-01,0240,501,NA,3,5,5,1976,0,0,0,NA,0,NA,HADLEY ST,MILTON AV,12,W,N,A,-,N,NA,NA,NA,NA,NA,NA,NA,NA,NA,N,3,0,1,2,A,-,12,21453,A,F,G,B,B,A,H,-,C,A,0,Y,NA,NA,NA,Y,Y,A,01,0,1,0,0,1,0,0,0,0,-,-,NA,NA,LOS ANGELES,WHITTIER,-118.0397491455078,33.98271942138672
91254821,2020,2020-08-13,9550,2020-06-19,0320,022208,NA,5,3,9,1900,0,1,3,NA,2,602,SR-60 W/B FROM FAIRWAY DRIVE,FAIRWAY DRIVE,815,W,N,A,-,Y,NA,NA,60,NA,NA,NA,R,NA,W,Y,4,0,3,2,A,-,01,23152,A,N,C,C,A,A,H,-,D,D,0,NA,NA,NA,NA,Y,Y,A,01,0,0,3,0,0,0,0,0,0,-,-,33.99612045288086,-117.87328338623048,LOS ANGELES,UNINCORPORATED,-117.87328338623048,33.99612045288086