CASE_ID,ACCIDENT_YEAR,PROC_DATE,JURIS,COLLISION_DATE,COLLISION_TIME,OFFICER_ID,REPORTING_DISTRICT,DAY_OF_WEEK,CHP_SHIFT,POPULATION,CNTY_CITY_LOC,SPECIAL_COND,BEAT_TYPE,CHP_BEAT_TYPE,CITY_DIVISION_LAPD,CHP_BEAT_CLASS,BEAT_NUMBER,PRIMARY_RD,SECONDARY_RD,DISTANCE,DIRECTION,INTERSECTION,WEATHER_1,WEATHER_2,STATE_HWY_IND,CALTRANS_COUNTY,CALTRANS_DISTRICT,STATE_ROUTE,ROUTE_SUFFIX,POSTMILE_PREFIX,POSTMILE,LOCATION_TYPE,RAMP_INTERSECTION,SIDE_OF_HWY,TOW_AWAY,COLLISION_SEVERITY,NUMBER_KILLED,NUMBER_INJURED,PARTY_COUNT,PRIMARY_COLL_FACTOR,PCF_CODE_OF_VIOL,PCF_VIOL_CATEGORY,PCF_VIOLATION,PCF_VIOL_SUBSECTION,HIT_AND_RUN,TYPE_OF_COLLISION,MVIW,PED_ACTION,ROAD_SURFACE,ROAD_COND_1,ROAD_COND_2,LIGHTING,CONTROL_DEVICE,CHP_ROAD_TYPE,PEDESTRIAN_ACCIDENT,BICYCLE_ACCIDENT,MOTORCYCLE_ACCIDENT,TRUCK_ACCIDENT,NOT_PRIVATE_PROPERTY,ALCOHOL_INVOLVED,STWD_VEHTYPE_AT_FAULT,CHP_VEHTYPE_AT_FAULT,COUNT_SEVERE_INJ,COUNT_VISIBLE_INJ,COUNT_COMPLAINT_PAIN,COUNT_PED_KILLED,COUNT_PED_INJURED,COUNT_BICYCLIST_KILLED,COUNT_BICYCLIST_INJURED,COUNT_MC_KILLED,COUNT_MC_INJURED,PRIMARY_RAMP,SECONDARY_RAMP,LATITUDE,LONGITUDE,COUNTY,CITY,POINT_X,POINT_Y
91267250,2020,2020-07-13,9590,2020-07-12,1040,019008,NA,7,1,7,1942,0,1,2,NA,2,070,US-101 NORTHBOUND  (HOLLYWOOD FREEWAY),BEAUDRY AVENUE,500,N,N,A,-,Y,NA,NA,101,NA,NA,NA,NA,NA,N,N,4,0,1,2,A,-,03,22350,NA,N,C,C,A,A,H,-,A,D,0,NA,NA,NA,NA,Y,NA,A,07,0,0,1,0,0,0,0,0,0,-,-,34.065059661865234,-118.25135040283205,LOS ANGELES,LOS ANGELES,-118.25137329101564,34.065025329589844
9126726,2020,2020-10-24,1955,2020-07-09,2245,42115,100,4,5,6,1955,0,0,0,NA,0,003,COMMERCIAL ST,TOWNE AV,2,E,N,A,-,N,NA,NA,NA,NA,NA,NA,NA,NA,NA,Y,2,0,1,1,A,-,03,22350,NA,N,E,I,A,A,H,-,C,A,0,NA,NA,NA,NA,Y,NA,A,07,1,0,0,0,0,0,0,0,0,-,-,NA,NA,LOS ANGELES,POMONA,-117.7412567138672,34.059730529785156
9126727,2020,2020-10-24,1955,2020-07-09,2043,42115,12,4,5,6,1955,0,0,0,NA,0,003,SAN BERNARDINO AV,SAN ANTONIO AV,5,S,N,A,-,N,NA,NA,NA,NA,NA,NA,NA,NA,NA,N,4,0,1,2,A,-,10,21950,A,N,D,G,A,A,H,-,C,A,0,NA,Y,NA,NA,Y,NA,A,01,0,0,1,0,0,0,1,0,0,-,-,NA,NA,LOS ANGELES,POMONA,-117.73671722412108,34.07582092285156
9126728,2020,2020-10-24,1955,2020-07-06,2326,42261,93,1,5,6,1955,0,0,0,NA,0,004,MISSION BL,SAN ANTONIO AV,0,NA,Y,A,-,N,NA,NA,NA,NA,NA,NA,NA,NA,NA,Y,4,0,1,2,A,-,12,21453,A,F,D,C,A,A,H,-,C,A,0,NA,NA,NA,NA,Y,NA,A,01,0,0,1,0,0,0,0,0,0,-,-,NA,NA,LOS ANGELES,POMONA,-117.73695373535156,34.05543899536133
91267283,2020,2020-07-13,9580,2020-07-05,0926,020983,NA,7,1,3,1995,0,3,5,NA,1,010,LAS FLORES CANYON RD,RAMBLA PACIFICO RD,5280,S,N,A,-,N,NA,NA,NA,NA,NA,NA,NA,NA,NA,Y,3,0,2,2,A,-,03,22350,NA,N,A,C,A,A,H,-,A,D,0,NA,NA,NA,NA,Y,NA,A,01,0,1,1,0,0,0,0,0,0,-,-,34.067508697509766,-118.64518737792967,LOS ANGELES,MALIBU,-118.64891815185548,34.06243133544922
91267286,2020,2020-07-13,9590,2020-05-22,0620,022410,NA,5,1,7,1942,0,1,1,NA,2,082,I-5 N/B (GSF),MISSION RD.,100,N,N,A,-,Y,NA,NA,5,NA,NA,NA,NA,NA,N,N,4,0,1,5,A,-,03,22350,NA,N,C,C,A,A,H,-,A,D,0,NA,NA,NA,Y,Y,NA,A,07,0,0,1,0,0,0,0,0,0,-,-,34.06040954589844,-118.21510314941406,LOS ANGELES,LOS ANGELES,-118.21495819091795,34.06045913696289
91267297,2020,2020-07-13,9590,2020-05-24,1230,022410,NA,7,1,7,1942,0,1,1,NA,2,081,I-5 S/B (SANTA ANA FREEWAY),WHITTIER BLVD,300,N,N,A,-,Y,NA,NA,5,NA,NA,NA,NA,NA,S,N,4,0,3,3,A,-,03,22350,NA,N,C,C,A,A,H,-,A,D,0,NA,NA,NA,NA,Y,NA,A,01,0,0,3,0,0,0,0,0,0,-,-,34.037078857421875,-118.21983337402344,LOS ANGELES,LOS ANGELES,-118.22030639648438,34.03727340698242
9126730,2020,2020-10-24,1956,2020-07-09,1630,1244,52,4,5,5,1956,0,0,0,NA,0,004,ARTESIA BL,GREEN LN,272,W,N,A,-,N,NA,NA,NA,NA,NA,NA,NA,NA,NA,N,3,0,1,2,A,-,05,21650,1,N,D,G,A,A,H,-,-,D,0,NA,Y,NA,NA,Y,NA,L,04,0,1,0,0,0,0,1,0,0,-,-,NA,NA,LOS ANGELES,REDONDO BEACH,-118.3778839111328,33.87289047241211
91267301,2020,2020-07-13,9565,2020-07-01,1320,020560,NA,3,1,9,1900,0,1,1,NA,2,012,I-105 W/B,VAN NESS AVE,100,W,N,B,-,Y,NA,NA,NA,NA,NA,NA,NA,NA,NA,N,3,0,2,2,A,-,03,22350,NA,F,C,C,A,A,H,-,A,D,0,NA,NA,NA,NA,Y,NA,-,99,0,1,1,0,0,0,0,0,0,-,-,33.925621032714844,-118.31826782226564,LOS ANGELES,UNINCORPORATED,-118.31813049316406,33.92564010620117
91267305,2020,2020-07-13,9590,2020-07-05,0909,018345,NA,7,1,7,1942,0,1,1,NA,2,060,I-10 EB (SMF),REDONDO BLVD.,560,W,N,A,-,Y,NA,NA,10,NA,NA,NA,NA,NA,E,Y,3,0,1,2,A,-,03,22350,NA,N,C,C,A,A,C,-,A,D,0,NA,NA,NA,NA,Y,NA,A,07,0,1,0,0,0,0,0,0,0,-,-,34.03377151489258,-118.35781860351564,LOS ANGELES,LOS ANGELES,-118.35781860351564,34.033836364746094
91267306,2020,2020-07-13,9550,2020-07-05,1120,019939,NA,7,1,9,1900,0,3,5,NA,2,005,MESCAL ST. WESTBOUND,CANTARIA AVE.,0,NA,Y,A,-,N,NA,NA,NA,NA,NA,NA,NA,NA,NA,N,4,0,2,2,A,-,06,21750,A,N,D,C,A,A,H,-,A,D,0,NA,NA,NA,NA,Y,NA,A,07,0,0,2,0,0,0,0,0,0,-,-,33.97631072998047,-117.90708160400392,LOS ANGELES,UNINCORPORATED,-117.90709686279295,33.976318359375
9126731,2020,2020-10-24,1956,2020-07-09,2245,1292,42,4,5,5,1956,0,0,0,NA,0,004,ARTESIA BL,RINDGE LN,11,W,N,A,-,N,NA,NA,NA,NA,NA,NA,NA,NA,NA,N,3,0,1,2,A,-,10,21950,A,F,G,B,B,A,H,-,C,A,0,Y,NA,NA,NA,Y,NA,A,01,0,1,0,0,1,0,0,0,0,-,-,NA,NA,LOS ANGELES,REDONDO BEACH,-118.37279510498048,33.87289810180664
91267322,2020,2020-07-13,9590,2020-07-06,1330,022417,NA,1,1,7,1942,0,1,1,NA,2,062,I-10 E/B (SMF),VERMONT AVE,1000,E,N,A,-,Y,NA,NA,10,NA,NA,NA,NA,NA,E,N,4,0,1,3,A,-,03,22350,NA,N,C,C,A,A,H,-,A,D,0,NA,NA,NA,NA,Y,NA,A,01,0,0,1,0,0,0,0,0,0,-,-,34.03683090209961,-118.29061889648438,LOS ANGELES,LOS ANGELES,-118.29061889648438,34.036827087402344
9126733,2020,2020-10-24,1956,2020-07-12,1854,1312,09,7,5,5,1956,0,0,0,NA,0,002,ESPLANADE,SAPPHIRE ST,0,NA,Y,A,-,N,NA,NA,NA,NA,NA,NA,NA,NA,NA,N,3,0,1,2,A,-,05,21650,1,N,G,B,F,A,H,-,A,D,0,Y,Y,NA,NA,Y,NA,L,04,0,1,0,0,1,0,0,0,0,-,-,NA,NA,LOS ANGELES,REDONDO BEACH,-118.38963317871094,33.833580017089844
9126734,2020,2020-10-24,1956,2020-07-15,1400,1244,51,3,5,5,1956,0,0,0,NA,0,005,CARNEGIE LN,PHELAN LN,193,E,N,A,-,N,NA,NA,NA,NA,NA,NA,NA,NA,NA,N,4,0,1,2,C,-,18,NA,NA,N,G,B,F,A,H,-,A,D,0,Y,NA,NA,NA,Y,NA,-,-,0,0,1,0,1,0,0,0,0,-,-,NA,NA,LOS ANGELES,REDONDO BEACH,-118.36581420898438,33.870948791503906
91267349,2020,2020-07-13,9590,2020-06-28,1800,022417,NA,7,2,7,1942,0,1,2,NA,2,071,US-101 S/B (HOF),BENTON WAY,1000,N,N,A,-,Y,NA,NA,101,NA,NA,NA,NA,NA,S,Y,4,0,3,2,A,-,07,21658,A,N,B,C,A,A,H,-,A,D,0,NA,NA,NA,NA,Y,NA,A,01,0,0,3,0,0,0,0,0,0,-,-,34.07577133178711,-118.27657318115234,LOS ANGELES,LOS ANGELES,-118.27657318115234,34.075748443603516
9126735,2020,2020-10-26,1956,2020-07-15,1412,1292,08,3,5,5,1956,0,0,0,NA,0,001,ESPLANADE,KNOB HILL,31,N,N,A,-,N,NA,NA,NA,NA,NA,NA,NA,NA,NA,Y,4,0,2,2,A,-,08,22107,NA,N,D,C,A,A,H,-,A,D,0,NA,NA,NA,NA,Y,NA,A,01,0,0,2,0,0,0,0,0,0,-,-,NA,NA,LOS ANGELES,REDONDO BEACH,-118.38980102539064,33.829044342041016
9126736,2020,2020-10-24,1956,2020-07-17,1908,1366,46,5,5,5,1956,0,0,0,NA,0,003,190TH ST,ANZA AV,0,NA,Y,A,-,N,NA,NA,NA,NA,NA,NA,NA,NA,NA,N,3,0,1,2,A,-,12,21453,A,N,G,B,B,-,H,-,A,A,0,Y,NA,NA,NA,Y,NA,A,01,0,1,0,0,1,0,0,0,0,-,-,NA,NA,LOS ANGELES,REDONDO BEACH,-118.365478515625,33.85826873779297
91267377,2020,2020-07-13,9550,2020-07-03,1950,022434,NA,5,2,9,1900,0,2,4,NA,1,013,NORWALK BLVD,BROADWAY AVE.,0,NA,Y,A,-,N,NA,NA,NA,NA,NA,NA,NA,NA,NA,Y,4,0,1,2,A,-,12,21453,A,N,D,C,A,A,H,-,A,A,0,NA,NA,NA,NA,Y,NA,A,01,0,0,1,0,0,0,0,0,0,-,-,33.96826934814453,-118.0711669921875,LOS ANGELES,UNINCORPORATED,-118.07118225097656,33.96820831298828
91267382,2020,2020-07-13,9580,2020-07-10,1825,018588,NA,5,2,7,1942,0,1,2,NA,2,102,US-101 N/B (VENTURA FREEWAY),VAN NUYS BLVD,2640,N,N,A,-,Y,NA,NA,101,NA,NA,NA,NA,NA,N,Y,4,0,1,2,A,-,07,21658,A,N,B,C,A,A,H,-,A,D,0,NA,NA,NA,NA,Y,NA,A,01,0,0,1,0,0,0,0,0,0,-,-,34.1591682434082,-118.45909881591795,LOS ANGELES,LOS ANGELES,-118.4591064453125,34.15913391113281
9126739,2020,2020-10-24,1976,2020-07-08,2021,239,WPD,3,5,5,1976,0,0,0,NA,0,001,PICKERING AV,HADLEY ST,85,N,N,A,-,N,NA,NA,NA,NA,NA,NA,NA,NA,NA,N,4,0,1,2,A,-,09,21804,A,N,D,C,A,A,H,-,C,A,0,NA,NA,NA,NA,Y,NA,A,01,0,0,1,0,0,0,0,0,0,-,-,NA,NA,LOS ANGELES,WHITTIER,-118.04206085205078,33.98294448852539
91267401,2020,2020-07-13,9580,2020-07-09,0705,020879,NA,4,1,7,1942,0,1,2,NA,2,100,US-101 N/B (VENTURA FREEWAY),LAUREL CANYON BLVD,528,S,N,A,-,Y,NA,NA,101,NA,NA,NA,NA,NA,N,Y,4,0,2,4,A,-,07,21658,A,N,B,C,A,A,H,-,A,D,0,NA,NA,NA,NA,Y,NA,A,07,0,0,2,0,0,0,0,0,0,-,-,34.1544189453125,-118.39466094970705,LOS ANGELES,LOS ANGELES,-118.39466094970705,34.154537200927734
91267403,2020,2020-07-13,9535,2020-07-03,1345,022418,NA,5,1,9,1900,0,2,4,NA,2,022,OLYMPIC BOULEVARD (5200 E BLOCK),AMALIA AVENUE (1100 S BLOCK),0,NA,Y,A,-,N,NA,NA,NA,NA,NA,NA,NA,NA,NA,N,4,0,1,2,A,-,09,21801,A,M,A,C,A,A,H,-,A,D,0,NA,NA,NA,NA,Y,NA,A,07,0,0,1,0,0,0,0,0,0,-,-,34.016109466552734,-118.1575927734375,LOS ANGELES,UNINCORPORATED,-118.15760040283205,34.01612091064453
91267412,2020,2020-07-13,9580,2020-07-11,1100,022221,NA,6,1,7,1942,0,1,3,NA,2,171,SR-170 S/B (HOLLYWOOD FWY.),SR-134 E/B,50,S,N,A,-,Y,NA,NA,170,NA,NA,NA,NA,NA,S,Y,3,0,1,1,C,-,18,NA,NA,N,E,I,A,A,H,-,A,D,0,NA,NA,NA,NA,Y,NA,-,-,0,1,0,0,0,0,0,0,0,-,-,34.1527214050293,-118.37638854980467,LOS ANGELES,LOS ANGELES,-118.37672424316406,34.15326690673828
91267423,2020,2021-02-16,9535,2020-07-05,2335,022316,NA,7,3,5,1915,0,1,1,NA,2,075,I-710 (LONG BEACH FREEWAY) S/B,ATLANTIC AVE,80,N,N,A,-,Y,NA,NA,710,NA,NA,NA,NA,NA,S,Y,3,0,1,2,A,-,01,23152,A,N,C,C,A,A,H,-,D,D,0,NA,NA,NA,NA,Y,Y,A,01,0,1,0,0,0,0,0,0,0,-,-,33.8851203918457,-118.19068145751952,LOS ANGELES,COMPTON,-118.1907196044922,33.885135650634766
91267453,2020,2020-07-13,9530,2020-07-02,0132,021108,NA,4,3,7,1941,0,1,1,NA,2,072,I-710 S/B (LONG BEACH FREEWAY),I-405,100,N,N,B,-,Y,NA,NA,710,NA,NA,NA,NA,NA,S,N,3,0,1,1,A,-,01,23152,A,N,E,J,A,A,H,-,C,D,0,NA,NA,NA,NA,Y,Y,A,01,0,1,0,0,0,0,0,0,0,-,-,33.82735824584961,-118.20783233642578,LOS ANGELES,LONG BEACH,-118.20784759521484,33.827354431152344
91267463,2020,2020-07-13,9550,2020-07-04,1600,022434,NA,6,2,9,1900,0,2,4,NA,1,012,WASHINGTON BLVD. (FRONTAGE ROAD),APPLEDALE AVE.,100,E,N,A,-,Y,NA,NA,NA,NA,NA,NA,NA,NA,NA,Y,4,0,1,3,A,-,08,22107,NA,M,C,C,A,A,H,-,A,D,0,NA,NA,NA,NA,Y,NA,A,01,0,0,1,0,0,0,0,0,0,-,-,33.968570709228516,-118.0556869506836,LOS ANGELES,UNINCORPORATED,-118.05621337890624,33.9684944152832
9126747,2020,2020-09-25,1955,2020-07-19,1207,42689,97,7,5,6,1955,0,0,0,NA,0,004,MISSION BL,LA MESA ST,183,W,N,A,-,N,NA,NA,NA,NA,NA,NA,NA,NA,NA,Y,3,0,3,2,A,-,09,21804,A,N,D,C,A,A,H,-,A,D,0,NA,NA,NA,NA,Y,NA,A,01,0,2,1,0,0,0,0,0,0,-,-,NA,NA,LOS ANGELES,POMONA,-117.73540496826172,34.055484771728516
91267480,2020,2020-11-18,9565,2020-07-01,0657,021648,NA,3,1,9,1900,0,2,4,NA,2,031,LA CIENEGA BLVD,SLAUSON AVE,850,S,N,B,-,N,NA,NA,NA,NA,NA,NA,NA,NA,NA,Y,2,0,1,2,A,-,07,21658,A,N,C,C,A,A,H,-,A,D,0,NA,NA,Y,NA,Y,NA,A,01,1,0,0,0,0,0,0,0,1,-,-,33.98516082763672,-118.37056732177734,LOS ANGELES,UNINCORPORATED,-118.37120819091795,33.98802947998047
91267481,2020,2020-07-13,9590,2020-06-27,1615,021667,NA,6,2,7,1942,0,1,1,NA,2,011,SR-110 S/B (ASP) FROM STADIUM WAY,W. COLLEGE STREET,1250,N,N,A,-,Y,NA,NA,110,NA,NA,NA,R,NA,S,N,4,0,2,2,A,-,03,22350,NA,N,C,C,A,A,H,-,A,D,0,NA,NA,NA,NA,Y,NA,A,08,0,0,2,0,0,0,0,0,0,-,-,34.0677490234375,-118.23886871337892,LOS ANGELES,LOS ANGELES,-118.23886871337892,34.0677490234375
91267505,2020,2020-07-13,9540,2020-06-01,2130,021820,NA,1,2,7,1942,0,1,1,NA,2,500,I-5 N/B (GOLDEN STATE FREEWAY),I-405 (SAN DIEGO FREEWAY),1056,S,N,A,-,Y,NA,NA,5,NA,NA,NA,NA,NA,N,N,4,0,1,2,A,-,07,21658,A,N,B,C,A,A,H,-,C,D,0,NA,NA,NA,NA,Y,NA,J,48,0,0,1,0,0,0,0,0,0,-,-,34.28813171386719,-118.46443939208984,LOS ANGELES,LOS ANGELES,-118.46444702148438,34.28812026977539
91267545,2020,2020-07-13,9550,2020-07-06,1810,022450,NA,1,2,9,1900,0,3,5,NA,2,002,COLIMA ROAD,CORNISHCREST RD,85,S,N,A,-,N,NA,NA,NA,NA,NA,NA,NA,NA,NA,Y,4,0,1,5,A,-,08,22107,NA,N,B,E,A,A,H,-,A,D,0,NA,NA,NA,NA,Y,NA,A,01,0,0,1,0,0,0,0,0,0,-,-,33.92815017700195,-118.02218627929688,LOS ANGELES,UNINCORPORATED,-118.02215576171876,33.928131103515625
91267563,2020,2020-07-13,9550,2020-07-07,1630,020948,NA,2,2,9,1900,0,2,4,NA,1,042,COLIMA ROAD,LARKVANE ROAD,100,W,N,A,-,N,NA,NA,NA,NA,NA,NA,NA,NA,NA,Y,4,0,1,2,A,-,03,22350,NA,N,C,C,A,A,H,-,A,A,0,NA,NA,NA,NA,Y,NA,A,07,0,0,1,0,0,0,0,0,0,-,-,33.9886589050293,-117.91007232666016,LOS ANGELES,UNINCORPORATED,-117.91001892089844,33.98866271972656
91267568,2020,2020-07-13,9550,2020-07-07,1800,022434,NA,2,2,9,1900,0,2,4,NA,1,061,COLIMA RD. E/B,BREA CANYON CUT OFF ROAD,75,E,N,A,-,N,NA,NA,NA,NA,NA,NA,NA,NA,NA,Y,4,0,1,2,A,-,07,21658,A,N,B,C,A,A,H,-,A,D,0,NA,NA,NA,NA,Y,NA,A,01,0,0,1,0,0,0,0,0,0,-,-,33.98686981201172,-117.86952972412108,LOS ANGELES,UNINCORPORATED,-117.86970520019533,33.986854553222656
91267596,2020,2020-07-13,9590,2020-07-11,1025,019008,NA,6,1,7,1942,0,1,2,NA,2,071,US-101 SOUTHBOUND (HOLLYWOOD FREEWAY),FIGUEROA ST,500,N,N,A,-,Y,NA,NA,101,NA,NA,NA,NA,NA,S,N,4,0,2,2,A,-,03,22350,NA,N,C,C,A,A,H,-,A,D,0,NA,NA,NA,NA,Y,NA,A,01,0,0,2,0,0,0,0,0,0,-,-,34.06214904785156,-118.24855041503906,LOS ANGELES,LOS ANGELES,-118.24852752685548,34.06216812133789
91267597,2020,2020-07-13,9525,2020-07-08,1300,019146,NA,3,1,6,1975,0,1,1,NA,2,105,I-10 W/B (SAN BERNARDINO FWY),CITRUS ST.,200,W,N,A,-,Y,NA,NA,10,NA,NA,NA,NA,NA,W,Y,3,0,1,3,A,-,07,21658,A,N,B,C,A,A,H,-,A,D,0,NA,NA,NA,Y,Y,NA,-,-,0,1,0,0,0,0,0,0,0,-,-,34.07215881347656,-117.89344787597656,LOS ANGELES,WEST COVINA,-117.89344787597656,34.072113037109375
91267609,2020,2020-07-13,9550,2020-07-07,1910,021100,NA,2,2,9,1900,0,1,1,NA,2,650,I-605 N/B,WEST WHITTIER  UNDERPASS,300,S,N,A,-,Y,NA,NA,605,NA,NA,NA,NA,NA,N,Y,4,0,1,1,A,-,08,22107,NA,N,E,I,A,A,H,-,A,D,0,NA,NA,NA,NA,Y,NA,A,01,0,0,1,0,0,0,0,0,0,-,-,34.000179290771484,-118.06752777099608,LOS ANGELES,UNINCORPORATED,-118.06742095947266,34.000144958496094
91267614,2020,2020-07-13,9525,2020-07-08,1700,021355,NA,3,2,9,1900,0,3,5,NA,2,003,AMAR RD.,GREYCLIFF AVE.,0,NA,Y,A,-,N,NA,NA,NA,NA,NA,NA,NA,NA,NA,Y,4,0,2,2,A,-,09,21801,A,N,D,C,A,A,H,-,A,A,0,NA,NA,NA,NA,Y,NA,A,01,0,0,2,0,0,0,0,0,0,-,-,34.03636169433594,-117.93804931640624,LOS ANGELES,UNINCORPORATED,-117.93808746337892,34.03635025024414
91267621,2020,2020-07-13,9525,2020-07-04,1110,018992,NA,6,1,5,1990,0,1,3,NA,2,601,SR-60 W/B TO FAIRWAY DR.,FAIRWAY DR.,800,E,N,A,-,Y,NA,NA,NA,NA,NA,NA,NA,NA,NA,Y,4,0,1,1,A,-,08,22107,NA,N,F,A,A,A,H,-,A,D,0,NA,NA,NA,NA,Y,NA,A,01,0,0,1,0,0,0,0,0,0,-,-,33.99694061279297,-117.86798858642578,LOS ANGELES,DIAMOND BAR,-117.86776733398438,33.99677658081055
91267623,2020,2020-07-13,9535,2020-07-06,0340,022261,NA,1,3,5,1943,0,1,1,NA,2,104,I-105 E/B TO I-710 N/B,I-710 (LONG BEACH FREEWAY) S/B,10,W,N,A,-,Y,NA,NA,105,NA,NA,NA,R,NA,E,Y,4,0,1,1,A,-,08,22107,NA,N,E,I,A,A,H,-,C,D,0,NA,NA,NA,NA,Y,NA,A,01,0,0,1,0,0,0,0,0,0,-,-,33.91410827636719,-118.17987060546876,LOS ANGELES,LYNWOOD,-118.17987060546876,33.91410827636719
91267638,2020,2020-07-13,9530,2020-07-04,1415,022453,NA,6,2,9,1900,0,3,5,NA,2,001,CALIFORNIA STREET (2700 BLOCK),SEVILLE AVE.,600,E,N,A,-,N,NA,NA,NA,NA,NA,NA,NA,NA,NA,N,3,0,2,3,A,-,09,21804,A,N,D,C,A,A,H,-,A,D,0,NA,NA,NA,NA,Y,NA,A,01,0,2,0,0,0,0,0,0,0,-,-,33.97200012207031,-118.22000122070313,LOS ANGELES,UNINCORPORATED,-118.2205047607422,33.97199249267578
91267673,2020,2020-07-13,9590,2020-07-05,0100,021762,NA,7,3,7,1942,0,1,2,NA,2,070,US-101 N/B (SANTA ANA FREEWAY),ALAMEDA STREET,500,S,N,A,-,Y,NA,NA,101,NA,NA,NA,NA,NA,N,Y,4,0,1,1,A,-,08,22107,NA,N,E,I,A,A,H,-,D,D,0,NA,NA,NA,NA,Y,NA,A,01,0,0,1,0,0,0,0,0,0,-,-,34.053829193115234,-118.23638916015624,LOS ANGELES,LOS ANGELES,-118.23638916015624,34.05385971069336
91267690,2020,2020-07-13,9590,2020-07-04,1925,022360,NA,6,2,7,1942,0,1,1,NA,2,084,I-5 N/B (GOLDEN STATE FREEWAY),HYPERION AVE.,475,N,N,A,-,Y,NA,NA,5,NA,NA,NA,NA,NA,N,Y,3,0,2,2,A,-,08,22107,NA,N,E,I,A,A,H,-,A,D,0,NA,NA,Y,NA,Y,NA,A,01,0,1,1,0,0,0,0,0,1,-,-,34.11376190185547,-118.26746368408205,LOS ANGELES,LOS ANGELES,-118.26741790771484,34.11379623413086
9126770,2020,2020-09-28,1942,2020-07-08,1525,42686,2027,3,5,7,1942,0,0,0,NA,0,20A36,WILSHIRE BL,NEW HAMPSHIRE,0,NA,Y,A,-,N,NA,NA,NA,NA,NA,NA,NA,NA,NA,N,4,0,2,2,A,-,12,21453,A,N,D,C,A,A,H,-,A,A,0,NA,NA,NA,NA,Y,NA,A,01,0,0,2,0,0,0,0,0,0,-,-,NA,NA,LOS ANGELES,LOS ANGELES,-118.29290008544922,34.061790466308594
91267703,2020,2020-07-13,9540,2020-07-08,0940,018037,NA,3,1,9,1900,0,1,3,NA,1,143,SR-14 S/B (ANTELOPE VALLEY FREEWAY),NEWHALL AVE U/C,1372,S,N,A,-,Y,NA,NA,NA,NA,NA,NA,NA,NA,NA,Y,3,0,2,2,A,-,03,22350,NA,N,C,C,A,A,H,-,A,D,0,NA,NA,NA,NA,Y,NA,A,07,0,2,0,0,0,0,0,0,0,-,-,34.3615608215332,-118.50565338134766,LOS ANGELES,UNINCORPORATED,-118.5055694580078,34.36172866821289
91267718,2020,2020-07-13,9565,2020-07-02,1400,020560,NA,4,2,9,1900,0,1,1,NA,2,060,I-405 S/B TO CENTURY BOULEVARD,CENTURY BOULEVARD,100,S,N,A,-,Y,NA,NA,405,NA,NA,NA,R,NA,S,N,4,0,2,2,A,-,03,22350,NA,F,C,C,A,A,H,-,A,D,0,NA,NA,NA,NA,Y,NA,A,01,0,0,2,0,0,0,0,0,0,-,-,33.94498825073242,-118.36888122558594,LOS ANGELES,UNINCORPORATED,-118.36888122558594,33.94498825073242
91267722,2020,2020-07-13,9525,2020-07-05,0745,018992,NA,7,1,5,1990,0,1,3,NA,2,612,SR-60 E/B (POMONA FWY),GRAND AVE,2000,W,N,A,-,Y,NA,NA,60,NA,NA,NA,NA,NA,E,Y,4,0,2,2,A,-,08,22107,NA,N,B,C,A,A,H,-,A,D,0,NA,NA,NA,NA,Y,NA,D,22,0,0,2,0,0,0,0,0,0,-,-,34.00600051879883,-117.82762908935548,LOS ANGELES,DIAMOND BAR,-117.82762145996094,34.00598907470703
91267740,2020,2020-07-20,9580,2020-07-12,1104,022036,NA,7,1,7,1942,0,1,2,NA,2,102,US-101 N/B (VENTURA FREEWAY),I-405,1584,N,N,A,-,Y,NA,NA,NA,NA,NA,NA,NA,NA,NA,N,4,0,1,3,A,-,03,22350,NA,N,C,C,A,A,H,-,A,D,0,NA,NA,NA,NA,Y,NA,B,07,0,0,1,0,0,0,0,0,0,-,-,34.095298767089844,-118.28250122070313,LOS ANGELES,LOS ANGELES,-118.46988677978516,34.16477966308594
91267749,2020,2020-07-20,9580,2020-07-03,1807,021236,NA,5,2,3,1994,0,1,2,NA,2,108,US-101 N/B (VENTURA FREEWAY),KANAN RD,500,S,N,A,-,Y,NA,NA,101,NA,NA,NA,NA,NA,N,Y,4,0,1,3,A,-,08,22107,NA,F,H,I,A,A,H,-,A,D,0,NA,NA,NA,NA,Y,NA,-,99,0,0,1,0,0,0,0,0,0,-,-,34.14537811279297,-118.75553894042967,LOS ANGELES,AGOURA HILLS,-118.75553131103516,34.14543533325195
91267777,2020,2020-07-13,9525,2020-07-08,2020,020499,NA,3,2,9,1900,0,1,3,NA,1,024,SR-39 (SAN GABRIEL CANYON RD.),CRYSTAL LAKE RD,15840,S,N,A,-,N,NA,NA,39,NA,NA,NA,NA,NA,NA,Y,3,0,1,2,A,-,03,22350,NA,N,D,C,A,A,H,-,D,D,0,NA,NA,Y,NA,Y,NA,C,02,0,1,0,0,0,0,0,0,1,-,-,34.299129486083984,-117.84004974365234,LOS ANGELES,UNINCORPORATED,-117.84005737304688,34.29914093017578