CASE_ID,ACCIDENT_YEAR,PROC_DATE,JURIS,COLLISION_DATE,COLLISION_TIME,OFFICER_ID,REPORTING_DISTRICT,DAY_OF_WEEK,CHP_SHIFT,POPULATION,CNTY_CITY_LOC,SPECIAL_COND,BEAT_TYPE,CHP_BEAT_TYPE,CITY_DIVISION_LAPD,CHP_BEAT_CLASS,BEAT_NUMBER,PRIMARY_RD,SECONDARY_RD,DISTANCE,DIRECTION,INTERSECTION,WEATHER_1,WEATHER_2,STATE_HWY_IND,CALTRANS_COUNTY,CALTRANS_DISTRICT,STATE_ROUTE,ROUTE_SUFFIX,POSTMILE_PREFIX,POSTMILE,LOCATION_TYPE,RAMP_INTERSECTION,SIDE_OF_HWY,TOW_AWAY,COLLISION_SEVERITY,NUMBER_KILLED,NUMBER_INJURED,PARTY_COUNT,PRIMARY_COLL_FACTOR,PCF_CODE_OF_VIOL,PCF_VIOL_CATEGORY,PCF_VIOLATION,PCF_VIOL_SUBSECTION,HIT_AND_RUN,TYPE_OF_COLLISION,MVIW,PED_ACTION,ROAD_SURFACE,ROAD_COND_1,ROAD_COND_2,LIGHTING,CONTROL_DEVICE,CHP_ROAD_TYPE,PEDESTRIAN_ACCIDENT,BICYCLE_ACCIDENT,MOTORCYCLE_ACCIDENT,TRUCK_ACCIDENT,NOT_PRIVATE_PROPERTY,ALCOHOL_INVOLVED,STWD_VEHTYPE_AT_FAULT,CHP_VEHTYPE_AT_FAULT,COUNT_SEVERE_INJ,COUNT_VISIBLE_INJ,COUNT_COMPLAINT_PAIN,COUNT_PED_KILLED,COUNT_PED_INJURED,COUNT_BICYCLIST_KILLED,COUNT_BICYCLIST_INJURED,COUNT_MC_KILLED,COUNT_MC_INJURED,PRIMARY_RAMP,SECONDARY_RAMP,LATITUDE,LONGITUDE,COUNTY,CITY,POINT_X,POINT_Y
91268271,2020,2020-07-14,9525,2020-07-08,0735,019495,NA,3,1,6,1975,0,1,S,NA,2,113,I-10 W/B (SAN BERNARDINO FWY),PACIFIC AVE,1584,E,N,A,-,Y,NA,NA,10,NA,NA,NA,NA,NA,W,Y,4,0,2,4,A,-,03,22350,NA,N,C,C,A,A,H,-,A,D,0,NA,NA,NA,NA,Y,NA,D,22,0,0,2,0,0,0,0,0,0,-,-,34.0724983215332,-117.93669891357422,LOS ANGELES,WEST COVINA,-117.93669891357422,34.07251739501953
91268276,2020,2020-07-14,9550,2020-07-10,1325,015045,NA,5,1,6,1949,0,1,1,NA,2,651,I605 S/B (SAN GABRIEL RIVER FREEWAY),FIRESTONE BOULEVARD,1056,N,N,A,-,Y,NA,NA,NA,NA,NA,NA,NA,NA,NA,Y,4,0,2,3,A,-,03,22350,NA,N,C,C,A,A,H,-,A,D,0,NA,NA,NA,NA,Y,NA,A,07,0,0,2,0,0,0,0,0,0,-,-,33.92974853515625,-118.1028289794922,LOS ANGELES,NORWALK,-118.10350799560548,33.927555084228516
91268280,2020,2020-07-14,9565,2020-07-04,2105,022251,NA,6,2,7,1942,0,1,1,NA,2,083,I-10 E/B (SANTA MONICA FREEWAY),PALMS BLVD.,1000,W,N,A,-,Y,NA,NA,10,NA,NA,NA,NA,NA,E,Y,4,0,3,2,A,-,07,21658,A,N,B,C,A,A,H,-,C,D,0,NA,NA,NA,NA,Y,NA,A,01,0,0,3,0,0,0,0,0,0,-,-,34.02989959716797,-118.40667724609376,LOS ANGELES,LOS ANGELES,-118.40668487548828,34.02988052368164
91268283,2020,2020-07-14,9525,2020-07-12,2243,021967,NA,7,3,9,1900,0,2,4,NA,2,022,ARROW HIGHWAY (16000 BLOCK),CLYDEBANK AVENUE,346,E,N,A,-,N,NA,NA,NA,NA,NA,NA,NA,NA,NA,Y,3,0,2,2,A,-,09,21804,A,N,D,C,A,A,H,-,C,D,0,NA,NA,NA,NA,Y,Y,A,07,0,2,0,0,0,0,0,0,0,-,-,34.10712814331055,-117.9191665649414,LOS ANGELES,UNINCORPORATED,-117.91929626464844,34.10702896118164
91268290,2020,2020-07-14,9535,2020-07-10,1525,022105,NA,5,2,5,1901,0,1,1,NA,2,420,I-10 (SAN BERNARDINO FREEWAY) E/B,FREMONT AVE,1000,W,N,A,-,Y,NA,NA,10,NA,NA,NA,NA,NA,E,N,4,0,2,2,A,-,03,22350,NA,N,C,C,A,A,H,-,A,D,0,NA,NA,NA,NA,Y,NA,A,01,0,0,2,0,0,0,0,0,0,-,-,34.06679916381836,-118.15399932861328,LOS ANGELES,ALHAMBRA,-118.15396118164064,34.06673049926758
91268298,2020,2020-07-14,9535,2020-07-09,1610,022305,NA,4,2,9,1900,0,2,4,NA,2,014,CESAR E CHAVEZ AVE,ROWAN AVE,0,NA,Y,A,-,N,NA,NA,NA,NA,NA,NA,NA,NA,NA,N,4,0,1,2,A,-,12,21453,A,N,D,C,A,A,H,-,A,A,0,NA,NA,NA,NA,Y,NA,A,01,0,0,1,0,0,0,0,0,0,-,-,34.04048156738281,-118.18707275390624,LOS ANGELES,UNINCORPORATED,-118.18704223632813,34.04051971435547
9126830,2020,2020-10-09,1942,2020-07-06,0730,34959,2001,1,5,7,1942,0,0,0,NA,0,20A1,BEVERLY BL,VAN NESS AV,0,NA,Y,A,-,N,NA,NA,NA,NA,NA,NA,NA,NA,NA,Y,4,0,2,2,A,-,12,21453,A,N,D,C,A,A,H,-,A,A,0,NA,NA,NA,NA,Y,NA,-,-,0,0,2,0,0,0,0,0,0,-,-,NA,NA,LOS ANGELES,LOS ANGELES,-118.3156967163086,34.076229095458984
9126831,2020,2020-10-07,1942,2020-07-11,1430,37336,2029,6,5,7,1942,0,0,0,NA,0,20A39,S VIRGIL AV,W 4TH ST,0,NA,Y,A,-,N,NA,NA,NA,NA,NA,NA,NA,NA,NA,N,3,0,1,2,A,-,08,22107,NA,N,B,G,A,A,H,-,A,A,0,NA,Y,NA,NA,Y,NA,A,07,0,1,0,0,0,0,1,0,0,-,-,NA,NA,LOS ANGELES,LOS ANGELES,-118.28711700439452,34.066688537597656
91268316,2020,2020-07-14,9540,2020-07-03,0935,014339,NA,5,1,9,1900,0,1,1,NA,2,509,I-5 S/B (GOLDEN STATE FREEWAY),TEMPLIN HWY.,3500,S,N,A,-,Y,NA,NA,5,NA,NA,NA,NA,NA,S,Y,3,0,2,2,A,-,07,21658,A,N,C,C,A,A,H,-,A,D,0,NA,NA,NA,NA,Y,NA,A,07,0,1,1,0,0,0,0,0,0,-,-,34.56092071533203,-118.68023681640624,LOS ANGELES,UNINCORPORATED,-118.68038940429688,34.56074142456055
9126832,2020,2020-10-07,1942,2020-07-09,1200,37336,2049,4,5,7,1942,0,0,0,NA,0,20A69,8TH ST,WESTMORELAND AV,0,NA,Y,A,-,N,NA,NA,NA,NA,NA,NA,NA,NA,NA,Y,3,0,1,2,A,-,09,21801,A,N,D,D,A,A,H,-,A,A,0,NA,NA,NA,NA,Y,NA,A,01,0,1,0,0,0,0,0,0,0,-,-,NA,NA,LOS ANGELES,LOS ANGELES,-118.28907775878906,34.0577392578125
9126833,2020,2020-10-07,1942,2020-07-10,1800,44240,2053,5,5,7,1942,0,0,0,NA,0,20A34,11TH ST,WESTERN AV,0,NA,Y,A,-,N,NA,NA,NA,NA,NA,NA,NA,NA,NA,N,3,0,1,3,A,-,10,21950,NA,N,G,B,B,A,H,-,A,A,0,Y,NA,NA,NA,Y,NA,A,01,0,1,0,0,1,0,0,0,0,-,-,NA,NA,LOS ANGELES,LOS ANGELES,-118.3090591430664,34.050811767578125
9126834,2020,2020-10-07,1942,2020-07-06,1405,37336,2013,1,5,7,1942,0,0,0,NA,0,20A13,3RD ST,SERRANO AV,0,NA,Y,A,-,N,NA,NA,NA,NA,NA,NA,NA,NA,NA,N,4,0,1,2,A,-,05,21650,1,N,H,G,A,A,H,-,A,A,0,NA,Y,NA,NA,Y,NA,L,04,0,0,1,0,0,0,1,0,0,-,-,NA,NA,LOS ANGELES,LOS ANGELES,-118.3066864013672,34.06898880004883
9126835,2020,2020-10-07,1942,2020-07-14,1030,30502,2079,2,5,7,1942,0,0,0,NA,0,20A25,PICO BL,ORCHARD AV,0,NA,Y,A,-,N,NA,NA,NA,NA,NA,NA,NA,NA,NA,N,4,0,1,2,A,-,12,22450,A,N,D,C,A,A,H,-,A,A,0,NA,NA,NA,NA,Y,NA,A,07,0,0,1,0,0,0,0,0,0,-,-,NA,NA,LOS ANGELES,LOS ANGELES,-118.28855895996094,34.04729080200195
9126836,2020,2020-10-07,1942,2020-07-13,1540,43601,2097,1,5,7,1942,0,0,0,NA,0,20A97,WASHINGTON BL,RAYMOND AV,0,NA,Y,A,-,N,NA,NA,NA,NA,NA,NA,NA,NA,NA,Y,3,0,2,2,A,-,09,21802,A,N,A,C,A,A,H,-,A,D,0,NA,NA,NA,NA,Y,NA,A,07,0,1,1,0,0,0,0,0,0,-,-,NA,NA,LOS ANGELES,LOS ANGELES,-118.29741668701172,34.03998947143555
9126837,2020,2020-10-07,1942,2020-07-17,1200,37336,1414,5,5,7,1942,0,0,0,N,0,14A13,7TH AV,BROOKS AV,4,S,N,A,-,N,NA,NA,NA,NA,NA,NA,NA,NA,NA,N,3,0,1,2,A,-,12,22450,A,F,B,G,A,A,H,-,A,A,0,NA,Y,NA,NA,Y,NA,-,99,0,1,0,0,0,0,1,0,0,-,-,NA,NA,LOS ANGELES,LOS ANGELES,-118.4662628173828,33.996761322021484
9126838,2020,2020-10-07,1942,2020-07-13,1655,40899,NA,1,5,7,1942,0,0,0,NA,0,NA,LINCOLN BL,MARINA EXPWY,56,S,N,A,-,N,NA,NA,NA,NA,NA,NA,NA,NA,NA,Y,3,0,1,1,A,-,08,22107,NA,N,E,C,A,A,H,-,A,D,0,NA,NA,NA,NA,Y,NA,A,01,0,1,0,0,0,0,0,0,0,-,-,NA,NA,LOS ANGELES,LOS ANGELES,-118.4426,33.984404
9126839,2020,2020-10-07,1942,2020-07-14,1120,38793,1454,2,5,7,1942,0,0,0,N,0,14A45,LINCOLN BL,MAXELLA AV,0,NA,Y,A,-,N,NA,NA,NA,NA,NA,NA,NA,NA,NA,Y,4,0,1,3,A,-,03,22350,NA,N,C,C,A,A,H,-,A,A,0,NA,NA,NA,NA,Y,NA,A,01,0,0,1,0,0,0,0,0,0,-,-,NA,NA,LOS ANGELES,LOS ANGELES,-118.44347381591795,33.985618591308594
9126840,2020,2020-10-09,1942,2020-07-11,2345,43256,LOS A,6,5,7,1942,0,0,0,NA,0,1469,LA CIENEGA BL,CENTINELA AV,20,S,N,A,-,N,NA,NA,NA,NA,NA,NA,NA,NA,NA,Y,4,0,3,2,A,-,12,21453,A,N,D,C,A,A,H,-,C,A,0,NA,NA,NA,NA,Y,NA,A,07,0,0,3,0,0,0,0,0,0,-,-,NA,NA,LOS ANGELES,LOS ANGELES,-118.3702392578125,33.97724533081055
9126845,2020,2020-10-12,1942,2020-08-05,1125,38503,1393,3,5,7,1942,0,0,0,M,0,25TL25,MAIN ST,70TH ST,0,NA,Y,A,-,N,NA,NA,NA,NA,NA,NA,NA,NA,NA,N,4,0,1,2,A,-,12,22450,A,N,D,C,A,A,H,-,A,A,0,NA,NA,NA,NA,Y,NA,J,48,0,0,1,0,0,0,0,0,0,-,-,NA,NA,LOS ANGELES,LOS ANGELES,-118.27394104003906,33.97650909423828
91268476,2020,2020-07-14,9535,2020-07-07,1130,022325,NA,2,1,9,1900,0,2,4,NA,2,024,WHITTIER BLVD,GOODRICH BLVD,0,NA,Y,A,-,N,NA,NA,NA,NA,NA,NA,NA,NA,NA,Y,4,0,4,2,A,-,09,21801,A,N,D,C,A,A,H,-,A,A,0,NA,NA,NA,NA,Y,NA,A,07,0,0,4,0,0,0,0,0,0,-,-,34.01955032348633,-118.15367889404295,LOS ANGELES,UNINCORPORATED,-118.15360260009766,34.019630432128906
91268498,2020,2020-07-14,9545,2020-07-06,0619,021814,NA,1,1,9,1900,0,1,3,NA,2,031,SR-14 S/B,SIERRA HWY,1478,S,N,A,-,Y,NA,NA,14,NA,NA,NA,NA,NA,S,N,4,0,2,2,A,-,08,22107,NA,M,B,C,A,A,H,-,A,D,0,NA,NA,NA,NA,Y,NA,A,01,0,0,2,0,0,0,0,0,0,-,-,34.48596954345703,-118.14443206787108,LOS ANGELES,UNINCORPORATED,-118.14442443847656,34.48588943481445
91268506,2020,2020-07-14,9525,2020-07-06,1920,021342,NA,1,2,9,1900,0,1,3,NA,1,024,SR-39 (SAN GABRIEL CANYON RD.),ROBB'S GULCH,1056,N,N,A,-,Y,NA,NA,39,NA,NA,NA,NA,NA,NA,Y,2,0,1,2,A,-,09,21804,A,N,F,C,A,A,H,-,A,D,0,NA,NA,Y,NA,Y,Y,A,01,1,0,0,0,0,0,0,0,1,-,-,34.228450775146484,-117.8467025756836,LOS ANGELES,UNINCORPORATED,-117.84674072265624,34.228485107421875
91268525,2020,2020-07-14,9545,2020-07-06,1330,015589,NA,1,1,9,1900,0,3,5,NA,2,002,AVENUE S,5TH STREET EAST,22,W,N,A,-,N,NA,NA,NA,NA,NA,NA,NA,NA,NA,Y,4,0,1,2,A,-,03,22350,NA,N,C,C,A,A,H,-,A,A,0,NA,NA,NA,NA,Y,NA,A,01,0,0,1,0,0,0,0,0,0,-,-,34.55794906616211,-118.12061309814452,LOS ANGELES,UNINCORPORATED,-118.1204833984375,34.55799102783203
91268532,2020,2020-07-14,9530,2020-07-03,1420,022453,NA,5,2,9,1900,0,3,5,NA,2,001,ALAMEDA STREET,FIRESTONE BLVD.,0,NA,Y,A,-,N,NA,NA,NA,NA,NA,NA,NA,NA,NA,Y,3,0,2,2,A,-,09,21801,A,N,A,C,A,A,H,-,A,A,0,NA,NA,NA,NA,Y,NA,A,01,0,2,0,0,0,0,0,0,0,-,-,33.957698822021484,-118.23110198974608,LOS ANGELES,UNINCORPORATED,-118.23108,33.95779
91268567,2020,2020-07-28,9550,2020-07-09,1420,020037,NA,4,2,3,1903,0,1,3,NA,2,092,STATE ROUTE 91 EASTBOUND (ARTESIA FWY),PIONEER BOULEVARD,500,E,N,A,-,Y,NA,NA,91,NA,NA,NA,NA,NA,E,Y,3,0,1,2,A,-,03,22350,NA,N,C,C,A,A,H,-,A,D,0,NA,NA,NA,NA,Y,NA,D,22,0,1,0,0,0,0,0,0,0,-,-,33.876338958740234,-118.08009338378906,LOS ANGELES,ARTESIA,-118.08009338378906,33.87646484375
9126862,2020,2020-11-02,1941,2020-10-03,0249,10850,NA,6,5,7,1941,0,0,0,NA,0,NA,MYRTLE AV,MYRTLE AV 1025,0,NA,Y,A,-,N,NA,NA,NA,NA,NA,NA,NA,NA,NA,Y,4,0,3,4,A,-,01,23152,A,N,B,B,E,A,H,-,C,D,0,Y,NA,NA,NA,Y,Y,A,NA,0,0,3,0,2,0,0,0,0,-,-,NA,NA,LOS ANGELES,LONG BEACH,-118.181761,33.779591
91268630,2020,2020-07-15,9550,2020-07-10,1645,021196,NA,5,2,7,1941,0,1,3,NA,2,090,SR-91 E/B,CHERRY AVENUE,40,W,N,A,-,Y,NA,NA,91,NA,NA,NA,NA,NA,E,Y,4,0,1,2,A,-,03,22350,NA,N,C,C,A,A,H,-,A,D,0,NA,NA,NA,NA,Y,NA,A,01,0,0,1,0,0,0,0,0,0,-,-,33.876041412353516,-118.16905212402344,LOS ANGELES,LONG BEACH,-118.16904449462892,33.87610626220703
91268634,2020,2020-07-15,9525,2020-07-14,1645,020907,NA,2,2,4,1913,0,1,1,NA,2,110,I-10 E/B (SAN BERNARDINO FWY),INDIAN HILL BLVD,100,W,N,A,-,Y,NA,NA,10,NA,NA,NA,NA,NA,E,Y,4,0,1,2,A,-,03,22350,NA,N,C,C,A,A,H,-,A,D,0,NA,NA,NA,Y,Y,NA,G,25,0,0,1,0,0,0,0,0,0,-,-,34.08161163330078,-117.72019958496094,LOS ANGELES,CLAREMONT,-117.72019958496094,34.08163833618164
91268635,2020,2020-07-15,9525,2020-07-08,0410,020636,NA,3,3,6,1955,0,1,3,NA,2,603,SR-60 W/B (POMONA FWY),GOLDEN SPRINGS DR,250,W,N,A,-,Y,NA,NA,NA,NA,NA,NA,NA,NA,NA,Y,3,0,1,1,C,-,18,NA,NA,N,E,I,A,A,D,-,D,A,0,NA,NA,Y,NA,Y,NA,-,-,0,1,0,0,0,0,0,0,1,-,-,34.02769088745117,-117.94786071777344,LOS ANGELES,POMONA,-117.796875,34.027870178222656
91268674,2020,2020-07-15,9590,2020-07-07,1925,022384,NA,2,2,7,1942,0,1,1,NA,2,083,I-5 S/B (GOLDEN STATE FREEWAY),AVENUE 19,20,N,N,A,-,Y,NA,NA,5,NA,NA,NA,NA,NA,S,N,4,0,1,2,A,-,07,21658,A,N,B,C,A,A,H,-,A,D,0,NA,NA,NA,NA,Y,NA,A,01,0,0,1,0,0,0,0,0,0,-,-,34.0826416015625,-118.2265625,LOS ANGELES,LOS ANGELES,-118.22657012939452,34.08261489868164
91268682,2020,2020-07-15,9580,2020-07-02,1550,022064,NA,4,2,7,1942,0,1,3,NA,2,116,SR-118 E/B (RONALD REAGAN FWY.),RESEDA BLVD,3696,E,N,A,-,Y,NA,NA,118,NA,NA,NA,NA,NA,E,Y,4,0,1,3,A,-,03,22350,NA,F,C,C,A,A,H,-,A,D,0,NA,NA,NA,NA,Y,NA,-,99,0,0,1,0,0,0,0,0,0,-,-,34.27811813354492,-118.52449035644533,LOS ANGELES,LOS ANGELES,-118.52449035644533,34.27817153930664
91268683,2020,2020-07-15,9590,2020-07-09,0700,022520,NA,4,1,7,1942,0,1,1,NA,2,041,I-5 S/B (SANTA ANA FREEWAY),ESPERANZA ST.,250,S,N,A,-,Y,NA,NA,5,NA,NA,NA,NA,NA,S,N,4,0,1,2,A,-,07,21658,A,N,B,C,A,A,H,-,A,D,0,NA,NA,NA,Y,Y,NA,F,26,0,0,1,0,0,0,0,0,0,-,-,34.02178955078125,-118.197509765625,LOS ANGELES,LOS ANGELES,-118.19749450683594,34.02183151245117
91268688,2020,2020-07-15,9590,2020-07-05,0645,021771,NA,7,1,7,1942,0,1,1,NA,2,013,SR-110 S/B (ASF),YORK BLVD,2112,S,N,A,-,Y,NA,NA,110,NA,NA,NA,NA,NA,S,Y,3,0,1,1,A,-,01,23152,A,N,E,I,A,A,H,-,A,D,0,NA,NA,NA,NA,Y,Y,A,07,0,1,0,0,0,0,0,0,0,-,-,34.10955810546875,-118.18492889404295,LOS ANGELES,LOS ANGELES,-118.18496704101564,34.10956573486328
91268692,2020,2020-07-15,9580,2020-07-14,1630,021627,NA,2,2,7,1942,0,1,2,NA,2,100,US-101 N/B (HOLLYWOOD FREEWAY),VINELAND AVE,200,N,N,A,-,Y,NA,NA,101,NA,NA,NA,NA,NA,N,Y,4,0,1,2,A,-,03,22350,NA,N,C,C,A,A,H,-,A,D,0,NA,NA,NA,NA,Y,NA,A,07,0,0,1,0,0,0,0,0,0,-,-,34.14746856689453,-118.37100982666016,LOS ANGELES,LOS ANGELES,-118.37097930908205,34.14751052856445
91268699,2020,2020-07-15,9530,2020-07-04,1120,021004,NA,6,1,9,1900,0,3,5,NA,2,001,FIR AVE.,87TH ST.,0,NA,Y,A,-,N,NA,NA,NA,NA,NA,NA,NA,NA,NA,N,4,0,1,2,A,-,09,21802,A,N,D,C,A,A,H,-,A,A,0,NA,NA,NA,NA,Y,NA,A,01,0,0,1,0,0,0,0,0,0,-,-,33.95853042602539,-118.23744201660156,LOS ANGELES,UNINCORPORATED,-118.2374267578125,33.95851135253906
91268702,2020,2020-07-15,9580,2020-07-14,1653,019573,NA,2,2,9,1900,0,3,5,NA,1,010,KANAN DUME RD,MULHOLLAND HWY,300,S,N,A,-,N,NA,NA,NA,NA,NA,NA,NA,NA,NA,N,4,0,3,3,A,-,03,22350,NA,N,C,C,A,A,H,-,A,D,0,NA,NA,NA,NA,Y,NA,D,22,0,0,3,0,0,0,0,0,0,-,-,34.09600067138672,-118.81340026855467,LOS ANGELES,UNINCORPORATED,-118.81340026855467,34.096004486083984
91268707,2020,2020-07-15,9590,2020-07-09,1325,022431,NA,4,1,7,1942,0,1,2,NA,2,073,US-101 S/B (HOLLYWOOD FREEWAY),SUNSET BLVD.,250,N,N,A,-,Y,NA,NA,101,NA,NA,NA,NA,NA,S,Y,4,0,1,2,A,-,07,21658,A,N,B,C,A,A,H,-,A,D,0,NA,NA,NA,Y,Y,NA,-,-,0,0,1,0,0,0,0,0,0,-,-,34.09880065917969,-118.31510925292967,LOS ANGELES,LOS ANGELES,-118.31504821777344,34.09883499145508
91268714,2020,2020-07-15,9580,2020-07-12,1405,021627,NA,7,2,7,1942,0,1,2,NA,2,106,US-101 N/B (VENTURA FREEWAY),VALLEY CIRCLE BLVD. OVERCROSSING,2270,N,N,A,-,Y,NA,NA,NA,NA,NA,NA,NA,NA,NA,Y,3,0,1,1,A,-,03,22350,NA,N,F,I,A,A,H,-,A,D,0,NA,NA,Y,NA,Y,NA,C,02,0,1,0,0,0,0,0,0,1,-,-,34.1568489074707,-118.64452362060548,LOS ANGELES,LOS ANGELES,-118.63056182861328,34.162052154541016
91268717,2020,2020-07-15,9580,2020-07-12,1530,021627,NA,7,2,3,1989,0,1,2,NA,2,107,US-101 S/B (VENTURA FREEWAY),LAS VIRGENES RD OVERCROSSING,5069,S,N,A,-,Y,NA,NA,101,NA,NA,NA,NA,NA,S,Y,3,0,2,2,A,-,03,22350,NA,N,C,C,A,A,H,-,A,D,0,NA,NA,Y,NA,Y,NA,C,02,0,1,1,0,0,0,0,0,1,-,-,34.15108871459961,-118.68105316162108,LOS ANGELES,CALABASAS,-118.68105316162108,34.15103530883789
91268732,2020,2020-07-15,9575,2020-07-05,1105,022469,NA,7,1,9,1900,0,1,3,NA,2,304,SR-2 (ANGELES CREST HIGHWAY),PACIFIC CREST TRAIL,2000,E,N,A,-,Y,NA,NA,2,NA,NA,NA,NA,NA,NA,Y,2,0,1,1,A,-,08,22107,NA,N,E,I,A,A,H,-,A,D,0,NA,NA,Y,NA,Y,NA,C,02,1,0,0,0,0,0,0,0,1,-,-,34.34959030151367,-117.92800903320313,LOS ANGELES,UNINCORPORATED,-117.92803192138672,34.34967041015625
91268737,2020,2020-07-15,9540,2020-07-13,0559,018037,NA,1,3,9,1900,0,1,3,NA,1,141,SR-14 S/B T/R (ANTELOPE VALLEY FREEWAY),SIERRA HIGHWAY U/C,33,S,N,A,-,Y,NA,NA,14,NA,NA,NA,NA,NA,S,Y,4,0,1,2,A,-,03,22350,NA,N,C,C,A,A,H,-,B,D,0,NA,NA,NA,Y,Y,NA,A,07,0,0,1,0,0,0,0,0,0,-,-,34.33879852294922,-118.50765228271484,LOS ANGELES,UNINCORPORATED,-118.50729370117188,34.338653564453125
9126874,2020,2020-11-03,1941,2020-09-01,2243,11459,NA,2,5,7,1941,0,0,0,NA,0,NA,SAN ANTONIO DR,ORANGE AV,0,NA,Y,A,-,N,NA,NA,NA,NA,NA,NA,NA,NA,NA,Y,3,0,2,2,A,-,12,21453,A,N,D,C,A,A,H,-,C,A,0,NA,NA,NA,NA,Y,NA,A,NA,0,1,1,0,0,0,0,0,0,-,-,NA,NA,LOS ANGELES,LONG BEACH,-118.17632293701172,33.84156036376953
91268743,2020,2020-07-15,9590,2020-07-09,1730,017878,NA,4,2,7,1942,0,1,1,NA,2,062,I-10 E/B (SMF),SAN PEDRO STREET,350,W,N,B,-,Y,NA,NA,10,NA,NA,NA,NA,NA,E,N,3,0,1,2,A,-,07,21658,A,F,B,C,A,A,H,-,A,D,0,NA,NA,Y,NA,Y,NA,-,99,0,1,0,0,0,0,0,0,1,-,-,34.03004837036133,-118.25717926025392,LOS ANGELES,LOS ANGELES,-118.25717926025392,34.03005599975586
91268747,2020,2020-07-15,9530,2020-07-04,1835,022427,NA,6,2,9,1900,0,3,5,NA,2,002,WILMINGTON AVE. (11800 BLOCK),120TH ST.,90,N,N,A,-,N,NA,NA,NA,NA,NA,NA,NA,NA,NA,N,4,0,2,3,A,-,03,22350,NA,F,C,A,A,A,H,-,A,D,0,NA,NA,NA,NA,Y,NA,-,99,0,0,2,0,0,0,0,0,0,-,-,33.92496109008789,-118.23912811279295,LOS ANGELES,UNINCORPORATED,-118.23914337158205,33.92486572265625
91268755,2020,2020-07-15,9540,2020-07-06,0930,014339,NA,1,1,9,1900,0,2,4,NA,1,104,SAN FRANCISQUITO CANYON RD. S/B,DRY GULCH TRL,1880,N,N,A,-,N,NA,NA,NA,NA,NA,NA,NA,NA,NA,N,4,0,1,1,A,-,08,22107,NA,N,E,I,A,A,H,-,A,D,0,NA,NA,NA,NA,Y,NA,A,01,0,0,1,0,0,0,0,0,0,-,-,34.55385971069336,-118.50357055664064,LOS ANGELES,UNINCORPORATED,NA,NA
91268793,2020,2020-07-15,9565,2020-07-04,2040,022219,NA,6,2,5,1965,0,1,3,NA,2,080,SR-1 N/B (PACIFIC COAST HIGHWAY),MCCLURE TUNNEL,200,W,N,A,-,Y,NA,NA,1,NA,NA,NA,NA,NA,N,Y,4,0,1,2,A,-,08,22107,NA,N,B,C,A,A,H,-,C,D,0,NA,NA,NA,NA,Y,NA,A,01,0,0,1,0,0,0,0,0,0,-,-,34.01142120361328,-118.49517059326172,LOS ANGELES,SANTA MONICA,-118.4951629638672,34.01146697998047
91268809,2020,2020-07-15,9540,2020-06-28,2025,021124,NA,7,2,6,1985,0,1,3,NA,1,142,SR-14 N/B (ANTELOPE VALLEY FREEWAY),NEWHALL AVENUE,4224,S,N,A,-,Y,NA,NA,14,NA,NA,NA,NA,NA,N,N,3,0,2,2,A,-,07,21658,A,F,B,C,A,A,H,-,D,D,0,NA,NA,NA,NA,Y,NA,-,99,0,1,1,0,0,0,0,0,0,-,-,34.35356903076172,-118.50515747070313,LOS ANGELES,SANTA CLARITA,-118.50516510009766,34.35356521606445
91268812,2020,2020-07-15,9550,2020-07-09,0102,022139,NA,4,3,5,1935,0,1,3,NA,2,092,STATE ROUTE 91 WESTBOUND,CARMENITA ROAD,50,E,N,A,-,Y,NA,NA,NA,NA,NA,NA,NA,NA,NA,Y,2,0,1,1,A,-,03,22350,NA,N,E,I,A,A,H,-,D,D,0,NA,NA,Y,NA,Y,Y,C,02,1,0,0,0,0,0,0,0,1,-,-,33.856658935546875,-118.02847290039064,LOS ANGELES,LAKEWOOD,-118.04624938964844,33.86405944824219
91268813,2020,2020-07-15,9535,2020-07-03,1830,021976,NA,5,2,9,1900,0,2,4,NA,2,018,3RD ST.,MCDONNELL AVE.,0,NA,Y,A,-,N,NA,NA,NA,NA,NA,NA,NA,NA,NA,Y,4,0,1,2,A,-,12,21453,A,N,D,C,A,A,H,-,A,A,0,NA,NA,NA,NA,Y,NA,A,01,0,0,1,0,0,0,0,0,0,-,-,34.03334045410156,-118.16692352294922,LOS ANGELES,UNINCORPORATED,-118.1669921875,34.033409118652344
91268831,2020,2020-07-15,9530,2020-07-03,1425,022109,NA,5,2,9,1900,0,3,5,NA,2,001,JUNIPER STREET,95TH STREET,0,NA,Y,A,-,N,NA,NA,NA,NA,NA,NA,NA,NA,NA,N,3,0,1,2,A,-,12,22450,A,F,D,C,A,A,H,-,A,A,0,NA,NA,Y,NA,Y,NA,C,03,0,1,0,0,0,0,0,0,1,-,-,33.95273971557617,-118.23287200927734,LOS ANGELES,UNINCORPORATED,-118.23290252685548,33.950538635253906
91268856,2020,2020-07-15,9545,2020-07-07,0940,016523,NA,2,1,9,1900,0,3,5,NA,1,006,50TH ST  W,AVENUE L-8,150,S,N,A,-,N,NA,NA,NA,NA,NA,NA,NA,NA,NA,N,4,0,1,2,A,-,09,21804,A,N,D,C,A,A,H,-,A,D,0,NA,NA,NA,NA,Y,NA,A,07,0,0,1,0,0,0,0,0,0,-,-,34.652549743652344,-118.21858215332033,LOS ANGELES,UNINCORPORATED,-118.21861267089844,34.652488708496094