CASE_ID,ACCIDENT_YEAR,PROC_DATE,JURIS,COLLISION_DATE,COLLISION_TIME,OFFICER_ID,REPORTING_DISTRICT,DAY_OF_WEEK,CHP_SHIFT,POPULATION,CNTY_CITY_LOC,SPECIAL_COND,BEAT_TYPE,CHP_BEAT_TYPE,CITY_DIVISION_LAPD,CHP_BEAT_CLASS,BEAT_NUMBER,PRIMARY_RD,SECONDARY_RD,DISTANCE,DIRECTION,INTERSECTION,WEATHER_1,WEATHER_2,STATE_HWY_IND,CALTRANS_COUNTY,CALTRANS_DISTRICT,STATE_ROUTE,ROUTE_SUFFIX,POSTMILE_PREFIX,POSTMILE,LOCATION_TYPE,RAMP_INTERSECTION,SIDE_OF_HWY,TOW_AWAY,COLLISION_SEVERITY,NUMBER_KILLED,NUMBER_INJURED,PARTY_COUNT,PRIMARY_COLL_FACTOR,PCF_CODE_OF_VIOL,PCF_VIOL_CATEGORY,PCF_VIOLATION,PCF_VIOL_SUBSECTION,HIT_AND_RUN,TYPE_OF_COLLISION,MVIW,PED_ACTION,ROAD_SURFACE,ROAD_COND_1,ROAD_COND_2,LIGHTING,CONTROL_DEVICE,CHP_ROAD_TYPE,PEDESTRIAN_ACCIDENT,BICYCLE_ACCIDENT,MOTORCYCLE_ACCIDENT,TRUCK_ACCIDENT,NOT_PRIVATE_PROPERTY,ALCOHOL_INVOLVED,STWD_VEHTYPE_AT_FAULT,CHP_VEHTYPE_AT_FAULT,COUNT_SEVERE_INJ,COUNT_VISIBLE_INJ,COUNT_COMPLAINT_PAIN,COUNT_PED_KILLED,COUNT_PED_INJURED,COUNT_BICYCLIST_KILLED,COUNT_BICYCLIST_INJURED,COUNT_MC_KILLED,COUNT_MC_INJURED,PRIMARY_RAMP,SECONDARY_RAMP,LATITUDE,LONGITUDE,COUNTY,CITY,POINT_X,POINT_Y
91284397,2020,2020-08-11,9580,2020-08-07,1730,019573,NA,5,2,7,1942,0,1,1,NA,2,404,I-405 N/B (SAN DIEGO FWY),VENTURA BLVD,2006,N,N,A,-,Y,NA,NA,405,NA,NA,NA,NA,NA,N,N,4,0,1,2,A,-,03,22350,NA,N,C,C,A,A,H,-,A,D,0,NA,NA,NA,NA,Y,NA,D,22,0,0,1,0,0,0,0,0,0,-,-,34.15999984741211,-118.46939849853516,LOS ANGELES,LOS ANGELES,-118.46939086914064,34.15999984741211
91284570,2020,2020-08-11,9525,2020-08-05,1912,020823,NA,3,2,9,1900,0,2,4,NA,2,045,VALLEY BLVD. (14000 BLOCK),ATHENS WAY,15,E,N,A,-,N,NA,NA,NA,NA,NA,NA,NA,NA,NA,Y,4,0,2,2,A,-,03,22350,NA,N,C,C,A,A,H,-,A,A,0,NA,NA,NA,NA,Y,NA,A,01,0,0,2,0,0,0,0,0,0,-,-,34.04117965698242,-117.98377227783205,LOS ANGELES,UNINCORPORATED,NA,NA
91284582,2019,2020-08-12,9525,2019-09-26,0250,020891,NA,4,3,6,1975,0,1,1,NA,2,106,I-10 EASTBOUND (SAN BERNARDINO FREEWAY),CITRUS STREET,1922,W,N,B,-,Y,NA,NA,10,NA,NA,NA,NA,NA,E,Y,1,1,1,4,A,-,03,22350,NA,N,C,C,A,A,D,-,C,D,0,NA,NA,NA,Y,Y,NA,G,25,1,0,0,0,0,0,0,0,0,-,-,34.0719108581543,-117.89694213867188,LOS ANGELES,WEST COVINA,-117.89694213867188,34.071956634521484
91284615,2020,2020-08-12,9525,2020-08-07,2045,020907,NA,5,2,6,1955,0,1,3,NA,2,571,SR-57 S/B (ORANGE FWY),TEMPLE AVE,4100,N,N,A,-,Y,NA,NA,57,NA,NA,NA,NA,NA,S,Y,3,0,2,1,C,-,18,NA,NA,N,E,J,A,A,H,-,D,A,0,NA,NA,NA,NA,Y,NA,-,-,0,1,1,0,0,0,0,0,0,-,-,34.055789947509766,-117.8038330078125,LOS ANGELES,POMONA,-117.80374145507813,34.055816650390625
91284616,2020,2020-08-12,9530,2020-07-31,2315,021871,NA,5,3,7,1941,0,1,1,NA,2,420,I-405 S/B (SAN DIEGO FREEWAY),SANTA FE AVE.,150,S,N,A,-,Y,NA,NA,405,NA,NA,NA,NA,NA,S,Y,3,0,2,4,A,-,08,22107,NA,N,B,C,A,A,H,-,C,D,0,NA,NA,NA,NA,Y,Y,A,01,0,2,0,0,0,0,0,0,0,-,-,33.825408935546875,-118.21514129638672,LOS ANGELES,LONG BEACH,-118.2151336669922,33.82538986206055
91284631,2020,2020-08-12,9590,2020-06-13,2310,020348,NA,6,3,7,1942,0,1,1,NA,2,500,I-110 NB (HARBOR FREEWAY),67TH STREET,500,S,N,A,-,Y,NA,NA,110,NA,NA,NA,NA,NA,N,Y,3,0,2,1,A,-,01,23153,A,N,E,I,A,A,H,-,C,D,0,NA,NA,NA,NA,Y,Y,A,01,0,2,0,0,0,0,0,0,0,-,-,33.97861099243164,-118.28064727783205,LOS ANGELES,LOS ANGELES,-118.2807159423828,33.97861099243164
91284634,2020,2020-08-12,9580,2020-08-02,1355,021079,NA,7,1,9,1900,0,2,4,NA,1,128,KANAN RD,MULHOLLAND HWY,2140,N,N,A,-,N,NA,NA,NA,NA,NA,NA,NA,NA,NA,Y,2,0,6,3,A,-,01,23152,A,N,B,C,A,A,H,-,A,D,0,NA,NA,NA,NA,Y,Y,A,01,5,1,0,0,0,0,0,0,0,-,-,34.10165023803711,-118.87127685546876,LOS ANGELES,UNINCORPORATED,NA,NA
91284646,2020,2020-08-12,9580,2020-08-09,1430,018588,NA,7,2,7,1942,0,1,2,NA,2,104,US-101 N/B (VENTURA FREEWAY),DE SOTO AVE,350,N,N,A,-,Y,NA,NA,101,NA,NA,NA,NA,NA,N,Y,2,0,2,2,A,-,03,22350,NA,N,C,C,A,A,H,-,A,D,0,NA,NA,Y,NA,Y,NA,C,02,2,0,0,0,0,0,0,0,2,-,-,34.16815948486328,-118.58869934082033,LOS ANGELES,LOS ANGELES,-118.58869171142578,34.168209075927734
91284656,2020,2020-08-12,9540,2020-08-07,0308,021132,NA,5,3,9,1900,0,1,1,NA,1,503,I-5 S/B,WELDON CYN RD.,3696,N,N,A,-,Y,NA,NA,5,NA,NA,NA,NA,NA,S,Y,3,0,3,1,A,-,08,22107,NA,N,E,I,A,A,H,-,C,D,0,NA,NA,NA,NA,Y,NA,A,07,0,2,1,0,0,0,0,0,0,-,-,34.345890045166016,-118.53260040283205,LOS ANGELES,UNINCORPORATED,-118.5326919555664,34.345787048339844
91284660,2020,2020-08-12,9530,2020-08-02,1200,021004,NA,7,1,9,1900,0,3,5,NA,2,002,AVALON BLVD (13100TH BLOCK),132ND ST.,90,N,N,A,-,N,NA,NA,NA,NA,NA,NA,NA,NA,NA,N,2,0,1,2,A,-,21,22106,NA,F,B,C,A,A,H,-,A,D,0,NA,NA,Y,NA,Y,NA,-,99,1,0,0,0,0,0,0,0,1,-,-,33.91307067871094,-118.26537322998048,LOS ANGELES,UNINCORPORATED,-118.26528930664064,33.91301727294922
91284694,2020,2020-08-12,9590,2020-08-02,2217,022344,NA,7,3,7,1942,0,1,2,NA,2,073,US-101 SB (HOLLYWOOD FREEWAY),FOUNTAIN AVE,200,N,N,A,-,Y,NA,NA,101,NA,NA,NA,NA,NA,S,Y,4,0,1,1,A,-,03,22350,NA,N,E,I,A,A,H,-,C,D,0,NA,NA,NA,NA,Y,NA,A,07,0,0,1,0,0,0,0,0,0,-,-,34.09529113769531,-118.31118774414064,LOS ANGELES,LOS ANGELES,-118.31138610839844,34.09498596191406
91284732,2020,2020-08-12,9535,2020-08-03,1610,022159,NA,1,2,9,1900,0,2,4,NA,2,015,FLORAL DR,HUMPHREYS AVE,0,NA,Y,A,-,N,NA,NA,NA,NA,NA,NA,NA,NA,NA,N,3,0,1,2,A,-,09,21802,A,N,A,C,A,A,H,-,A,D,0,NA,NA,NA,NA,Y,NA,A,01,0,1,0,0,0,0,0,0,0,-,-,34.0442008972168,-118.17192840576172,LOS ANGELES,UNINCORPORATED,-118.17194366455078,34.044189453125
91284737,2020,2020-08-12,9530,2020-08-06,1810,020523,NA,4,2,5,1977,0,1,3,NA,2,310,SR-91 W/B (ARTESIA FREEWAY),MAIN ST.,100,W,N,A,-,Y,NA,NA,91,NA,NA,NA,NA,NA,W,Y,4,0,1,4,A,-,03,22350,NA,F,B,C,A,A,H,-,A,D,0,NA,NA,NA,NA,Y,NA,-,99,0,0,1,0,0,0,0,0,0,-,-,33.872798919677734,-118.27639770507813,LOS ANGELES,CARSON,-118.27639770507813,33.87278366088867
91284771,2020,2020-08-12,9590,2020-08-04,1730,021622,NA,2,2,7,1942,0,1,1,NA,2,063,I-10 W/B (SMF) COLLECTOR ROAD,HOOVER STREET,15,W,N,A,-,Y,NA,NA,10,NA,NA,NA,NA,NA,W,Y,4,0,1,2,A,-,07,21658,A,N,B,C,A,A,H,-,A,D,0,NA,NA,NA,NA,Y,NA,A,01,0,0,1,0,0,0,0,0,0,-,-,34.03742980957031,-118.28418731689452,LOS ANGELES,LOS ANGELES,-118.2841567993164,34.03720474243164
91284788,2020,2020-08-12,9530,2020-08-06,1130,020938,NA,4,1,7,1942,0,1,1,NA,2,200,I-105 E/B (GLENN ANDERSON FWY),HOOVER ST.,242,W,N,A,-,Y,NA,NA,105,NA,NA,NA,NA,NA,E,Y,4,0,1,3,A,-,07,21658,A,N,B,C,A,A,H,-,A,D,0,NA,NA,NA,Y,Y,NA,A,08,0,0,1,0,0,0,0,0,0,-,-,33.928340911865234,-118.28784942626952,LOS ANGELES,LOS ANGELES,-118.28784942626952,33.928524017333984
91284802,2020,2020-08-12,9565,2020-08-02,0920,021021,NA,7,1,4,1918,0,1,1,NA,2,061,I-405 S/B,BRADDOCK DR.,200,N,N,A,-,Y,NA,NA,405,NA,NA,NA,NA,NA,S,N,3,0,1,1,A,-,03,22350,NA,N,F,A,A,A,H,-,A,D,0,NA,NA,Y,NA,Y,NA,C,02,0,1,0,0,0,0,0,0,1,-,-,34.00027847290039,-118.40911102294922,LOS ANGELES,CULVER CITY,-118.40914916992188,34.000247955322266
91284823,2020,2020-08-12,9545,2020-08-07,1525,016124,NA,5,2,9,1900,0,1,3,NA,1,042,SR-138,85TH ST EAST,0,NA,Y,A,-,Y,NA,NA,138,NA,NA,NA,NA,NA,NA,N,4,0,1,2,A,-,09,21801,A,N,D,C,A,A,H,-,A,D,0,NA,NA,Y,NA,Y,NA,A,07,0,0,1,0,0,0,0,0,1,-,-,34.52082824707031,-117.9794692993164,LOS ANGELES,UNINCORPORATED,-117.9794692993164,34.52113342285156
91284829,2020,2020-08-12,9580,2020-08-11,1250,017961,NA,2,1,7,1942,0,1,3,NA,2,119,SR-118 W/B (RONALD REAGAN FWY.),SR-27 S/B (TOPANGA CYN. BLVD.),800,E,N,A,-,Y,NA,NA,118,NA,NA,NA,NA,NA,W,N,4,0,1,3,A,-,03,22350,NA,N,C,C,A,A,H,-,A,D,0,NA,NA,NA,NA,Y,NA,A,07,0,0,1,0,0,0,0,0,0,-,-,34.278011322021484,-118.60753631591795,LOS ANGELES,LOS ANGELES,-118.60752868652344,34.27794647216797
9128483,2019,2020-07-22,1918,2019-11-29,1205,701,1918,5,5,4,1918,0,0,0,NA,0,4M5,JASMINE AV,WASHINGTON BL,24,N,N,A,-,N,NA,NA,NA,NA,NA,NA,NA,NA,NA,NA,3,0,1,3,A,-,03,22350,NA,N,C,C,A,A,H,-,A,A,0,NA,Y,NA,NA,Y,NA,A,01,0,1,0,0,0,0,1,0,0,-,-,34.019779205322266,-118.40032958984376,LOS ANGELES,CULVER CITY,-118.4005126953125,34.01996612548828
91284842,2020,2020-08-12,9530,2020-08-06,1446,017755,NA,4,2,9,1900,0,1,1,NA,2,410,I-405 S/B (SAN DIEGO FREEWAY),I-110,410,N,N,A,-,Y,NA,NA,405,NA,NA,NA,NA,NA,S,Y,4,0,1,2,A,-,03,22350,NA,N,C,C,A,A,H,-,A,D,0,NA,NA,NA,NA,Y,NA,A,01,0,0,1,0,0,0,0,0,0,-,-,33.857601165771484,-118.28600311279295,LOS ANGELES,UNINCORPORATED,-118.28602600097656,33.857547760009766
91284869,2020,2020-08-12,9545,2020-08-06,2300,019345,NA,4,3,9,1900,0,3,5,NA,2,004,20TH ST  E,AVENUE P,1584,S,N,A,-,N,NA,NA,NA,NA,NA,NA,NA,NA,NA,Y,4,0,1,1,A,-,08,22107,NA,N,E,I,A,A,H,-,D,D,0,NA,NA,NA,NA,Y,NA,A,07,0,0,1,0,0,0,0,0,0,-,-,34.59918975830078,-118.09423065185548,LOS ANGELES,UNINCORPORATED,-118.09434509277344,34.59809875488281
9128487,2019,2020-07-23,1918,2019-12-06,0645,1135,NA,5,5,4,1918,0,0,0,NA,0,PATROL,WASHINGTON BL,OVERLAND AV,20,W,N,A,-,N,NA,NA,NA,NA,NA,NA,NA,NA,NA,N,4,0,1,2,D,-,00,NA,NA,N,H,G,A,A,H,-,A,A,0,NA,Y,NA,NA,Y,NA,-,-,0,0,1,0,0,0,1,0,0,-,-,34.016761779785156,-118.40535736083984,LOS ANGELES,CULVER CITY,-118.40553283691406,34.01679992675781
91284871,2020,2020-08-12,9550,2020-08-05,1110,016228,NA,3,1,5,1935,0,1,1,NA,2,652,I-605 N/B,DEL AMO BOULEVARD,1500,S,N,A,-,Y,NA,NA,605,NA,NA,NA,NA,NA,N,Y,3,0,1,2,A,-,08,22107,NA,F,E,I,A,A,H,-,A,D,0,NA,NA,NA,NA,Y,NA,-,99,0,1,0,0,0,0,0,0,0,-,-,33.83869934082031,-118.08799743652344,LOS ANGELES,LAKEWOOD,-118.08807373046876,33.83865737915039
91284877,2020,2020-08-12,9530,2020-08-05,1518,021689,NA,3,2,9,1900,0,3,5,NA,2,002,COMPTON AVE.,126TH ST.,0,NA,Y,A,-,N,NA,NA,NA,NA,NA,NA,NA,NA,NA,Y,4,0,1,2,A,-,01,23152,A,N,D,C,A,A,H,-,A,D,0,NA,NA,NA,NA,Y,Y,D,22,0,0,1,0,0,0,0,0,0,-,-,33.918479919433594,-118.24610900878906,LOS ANGELES,UNINCORPORATED,-118.24624633789064,33.91844177246094
91284878,2020,2020-08-12,9590,2020-08-10,1605,022087,NA,1,2,7,1942,0,1,1,NA,2,010,SR-110 N/B (ARROYO SECO PARKWAY),STADIUM WAY,150,S,N,A,-,Y,NA,NA,NA,NA,NA,NA,NA,NA,NA,N,4,0,2,2,A,-,03,22350,NA,N,C,C,A,A,H,-,A,D,0,NA,NA,NA,NA,Y,NA,A,01,0,0,2,0,0,0,0,0,0,-,-,34.04050064086914,-118.14150238037108,LOS ANGELES,LOS ANGELES,-118.23518371582033,34.07080841064453
91284879,2020,2020-08-12,9535,2020-08-03,0646,020902,NA,1,1,9,1900,0,1,1,NA,2,421,I-10 W/B (SAN BERNARDINO FWY),INDIANA ST.,1000,E,N,A,-,Y,NA,NA,10,NA,NA,NA,NA,NA,W,Y,4,0,2,3,A,-,03,22350,NA,N,C,C,A,A,H,-,A,D,0,NA,NA,NA,NA,Y,NA,A,01,0,0,2,0,0,0,0,0,0,-,-,34.05550003051758,-118.19055938720705,LOS ANGELES,UNINCORPORATED,-118.19055938720705,34.05548858642578
9128491,2019,2020-07-23,1918,2019-12-10,0940,798,NA,2,5,4,1918,0,0,0,NA,0,4T24,OVERLAND AV,VIRGINIA AV,206,S,N,B,-,N,NA,NA,NA,NA,NA,NA,NA,NA,NA,Y,4,0,1,3,A,-,08,22107,NA,N,A,E,A,A,H,-,A,D,0,NA,NA,NA,NA,Y,NA,A,01,0,0,1,0,0,0,0,0,0,-,-,34.00605010986328,-118.39521026611328,LOS ANGELES,CULVER CITY,-118.39476776123048,34.00563430786133
9128492,2020,2020-11-19,1941,2020-09-15,0129,11386,NA,2,5,7,1941,0,0,0,NA,0,NA,RT 710,9TH ST,0,NA,N,A,-,N,NA,NA,NA,NA,NA,NA,NA,NA,NA,Y,4,0,1,1,A,-,03,22350,NA,N,B,I,A,A,H,-,C,D,0,NA,NA,NA,NA,Y,NA,A,NA,0,0,1,0,0,0,0,0,0,NF,-,NA,NA,LOS ANGELES,LONG BEACH,NA,NA
9128495,2019,2020-09-01,1918,2019-12-10,1102,1123,NA,2,5,4,1918,0,0,0,NA,0,4T25,OVERLAND AV,CULVER BL,150,S,N,A,-,N,NA,NA,NA,NA,NA,NA,NA,NA,NA,Y,3,0,1,2,A,-,09,21801,A,N,D,C,A,A,H,-,A,D,0,NA,NA,Y,NA,Y,NA,A,01,0,1,0,0,0,0,0,0,1,-,-,34.01388931274414,-118.40251159667967,LOS ANGELES,CULVER CITY,-118.40227508544922,34.01362609863281
91284960,2020,2020-08-12,9575,2020-08-03,2205,021932,NA,1,3,7,1942,0,1,1,NA,2,052,I-5 N/B (GOLDEN STATE FREEWAY),SUNLAND BLVD,1500,S,N,A,-,Y,NA,NA,5,NA,NA,NA,NA,NA,N,Y,3,0,3,2,A,-,01,23152,A,N,C,C,A,A,H,-,C,D,0,NA,NA,NA,NA,Y,Y,A,07,0,1,2,0,0,0,0,0,0,-,-,34.221778869628906,-118.36144256591795,LOS ANGELES,LOS ANGELES,-118.36143493652344,34.22182083129883
91284963,2020,2020-08-12,9590,2020-08-03,0742,022313,NA,1,1,7,1942,0,1,2,NA,2,070,US-101 N/B (HOLLYWOOD FREEWAY),BEAUDRY AVENUE,400,N,N,A,-,Y,NA,NA,101,NA,NA,NA,NA,NA,N,N,4,0,1,2,A,-,07,21658,A,N,C,C,A,A,H,-,A,D,0,NA,NA,NA,Y,Y,NA,A,01,0,0,1,0,0,0,0,0,0,-,-,34.065330505371094,-118.25179290771484,LOS ANGELES,LOS ANGELES,-118.25179290771484,34.06532669067383
91284970,2020,2020-08-12,9550,2020-08-04,1040,021054,NA,2,1,3,1964,0,1,1,NA,2,650,INTERSTATE 605 (SAN GABRIEL RIVER FREEW,TELEGRAPH ROAD,500,N,N,A,-,Y,NA,NA,NA,NA,NA,NA,NA,NA,NA,N,4,0,1,2,A,-,03,22350,NA,N,C,C,A,A,H,-,A,D,0,NA,NA,NA,NA,Y,NA,A,08,0,0,1,0,0,0,0,0,0,-,-,33.96110153198242,-118.09580230712892,LOS ANGELES,SANTA FE SPRINGS,NA,NA
91284973,2020,2020-08-12,9530,2020-08-06,0710,020938,NA,4,1,7,1942,0,1,1,NA,2,110,I-110 N/B TO REDONDO BEACH BLVD,REDONDO BEACH BLVD.,130,S,N,B,-,Y,NA,NA,110,NA,NA,NA,R,NA,N,Y,2,0,1,2,A,-,03,22350,NA,N,E,I,A,A,H,-,A,D,0,NA,NA,NA,NA,Y,NA,A,01,1,0,0,0,0,0,0,0,0,-,-,33.89216995239258,-118.28440856933594,LOS ANGELES,LOS ANGELES,-118.28440856933594,33.89216995239258
91284976,2020,2020-08-12,9590,2020-07-26,0810,021926,NA,7,1,7,1942,0,1,3,NA,2,031,SR-60 W/B (POMONA FREEWAY),EUCLID ST,200,W,N,A,-,Y,NA,NA,60,NA,NA,NA,NA,NA,W,N,3,0,2,1,A,-,08,22107,NA,N,E,I,A,A,H,-,A,D,0,NA,NA,NA,NA,Y,NA,A,01,0,1,1,0,0,0,0,0,0,-,-,34.028438568115234,-118.20861053466795,LOS ANGELES,LOS ANGELES,-118.20861053466795,34.02846145629883
91284986,2020,2020-08-12,9550,2020-08-05,0140,019808,NA,3,3,9,1900,0,1,3,NA,2,601,SR-60 E/B FROM AZUSA AVE S/B,AZUSA AVENUE,150,W,N,A,-,Y,NA,NA,60,NA,NA,NA,R,NA,E,Y,3,0,2,2,A,-,08,22107,NA,N,B,C,A,A,H,-,C,D,0,NA,NA,NA,Y,Y,NA,A,07,0,1,1,0,0,0,0,0,0,-,-,33.996891021728516,-117.93183135986328,LOS ANGELES,UNINCORPORATED,-117.93183135986328,33.996891021728516
91284988,2020,2020-08-12,9540,2020-07-31,1255,018513,NA,5,1,9,1900,0,1,3,NA,2,146,SR-14 N/B (ANTELOPE VALLEY FREEWAY),ESCONDIDO CANYON RD,3168,S,N,A,-,Y,NA,NA,14,NA,NA,NA,NA,NA,N,Y,4,0,1,3,A,-,03,22350,NA,N,C,C,A,A,H,-,A,D,0,NA,NA,NA,Y,Y,NA,A,01,0,0,1,0,0,0,0,0,0,-,-,34.483150482177734,-118.28742980957033,LOS ANGELES,UNINCORPORATED,-118.28752136230467,34.483211517333984
91284992,2020,2020-08-12,9590,2020-07-31,0912,021926,NA,5,1,7,1942,0,1,1,NA,2,010,SR-110 N/B (ASP),ALPINE STREET,100,N,N,A,-,Y,NA,NA,110,NA,NA,NA,NA,NA,N,N,4,0,2,2,A,-,03,22350,NA,N,C,C,A,A,H,-,A,D,0,NA,NA,NA,NA,Y,NA,A,01,0,0,2,0,0,0,0,0,0,-,-,34.06465148925781,-118.24610900878906,LOS ANGELES,LOS ANGELES,-118.24606323242188,34.06454086303711
91285009,2020,2020-08-12,9550,2020-08-05,1325,020709,NA,3,1,3,1964,0,1,1,NA,2,650,I-605 S/B,TELEGRAPH ROAD,700,N,N,A,-,Y,NA,NA,605,NA,NA,NA,NA,NA,S,N,4,0,1,4,A,-,03,22350,NA,N,C,C,A,A,H,-,A,D,0,NA,NA,NA,NA,Y,NA,M,47,0,0,1,0,0,0,0,0,0,-,-,33.95473861694336,-118.08914184570313,LOS ANGELES,SANTA FE SPRINGS,-118.08912658691406,33.95473098754883
91285026,2020,2020-08-12,9550,2020-08-05,1240,022391,NA,3,1,3,1903,0,1,3,NA,2,091,STATE ROUTE 91 EASTBOUND,PIONEER BOULEVARD,500,W,N,A,-,Y,NA,NA,91,NA,NA,NA,NA,NA,E,Y,4,0,3,5,A,-,08,22107,NA,F,B,C,A,A,H,-,A,D,0,NA,NA,NA,Y,Y,NA,-,99,0,0,3,0,0,0,0,0,0,-,-,33.8763313293457,-118.08477020263672,LOS ANGELES,ARTESIA,-118.08477020263672,33.87644577026367
91285027,2020,2020-08-12,9590,2020-08-07,2131,022281,NA,5,2,7,1942,0,1,1,NA,2,064,I-10 E/B (SMF) TO SR-60 E/B (POF),SOTO ST.,140,E,N,A,-,Y,NA,NA,NA,NA,NA,NA,NA,NA,NA,Y,4,0,1,4,A,-,01,23152,A,N,C,C,E,A,H,-,D,D,0,Y,NA,NA,NA,Y,Y,A,01,0,0,1,0,1,0,0,0,0,-,-,34.029029846191406,-118.2182388305664,LOS ANGELES,LOS ANGELES,-118.20263671875,34.05437469482422
9128503,2019,2020-07-23,1918,2019-12-31,0745,1123,NA,2,5,4,1918,0,0,0,NA,0,4T25,WASHINGTON BL,INCE BL,0,NA,Y,A,-,N,NA,NA,NA,NA,NA,NA,NA,NA,NA,N,4,0,1,2,D,-,00,NA,NA,N,H,G,A,A,H,-,A,A,0,NA,Y,NA,NA,Y,NA,-,-,0,0,1,0,0,0,1,0,0,-,-,34.024658203125,-118.39238739013672,LOS ANGELES,CULVER CITY,-118.39250946044922,34.024620056152344
91285037,2020,2020-08-12,9590,2020-08-03,1355,022384,NA,1,1,7,1942,0,1,1,NA,2,012,SR110 N/B (ASP) TO AVENUE 43,AVENUE 43,150,S,N,A,-,Y,NA,NA,110,NA,NA,NA,R,NA,N,N,4,0,1,2,A,-,03,22350,NA,N,D,C,A,A,H,-,A,D,0,NA,NA,NA,NA,Y,NA,A,01,0,0,1,0,0,0,0,0,0,-,-,34.092559814453125,-118.20601654052734,LOS ANGELES,LOS ANGELES,-118.20601654052734,34.092559814453125
91285057,2020,2020-08-12,9565,2020-08-01,1320,022126,NA,6,1,4,1918,0,1,1,NA,2,061,I-405 N/B,PORT RD,200,N,N,A,-,Y,NA,NA,405,NA,NA,NA,NA,NA,N,Y,4,0,4,5,A,-,08,22107,NA,N,B,C,A,A,H,-,A,D,0,NA,NA,NA,NA,Y,NA,D,22,0,0,4,0,0,0,0,0,0,-,-,33.992469787597656,-118.40276336669922,LOS ANGELES,CULVER CITY,-118.40273284912108,33.99249267578125
91285059,2020,2020-08-12,9575,2020-08-01,1847,022479,NA,6,2,9,1900,0,3,5,NA,2,002,SINALOA AVE. (1600 N),E CRARY ST.,130,N,N,A,-,N,NA,NA,NA,NA,NA,NA,NA,NA,NA,Y,3,0,1,2,A,-,08,22107,NA,N,B,E,A,A,H,-,A,D,0,NA,NA,NA,NA,Y,NA,A,07,0,1,0,0,0,0,0,0,0,-,-,34.17414855957031,-118.1156768798828,LOS ANGELES,UNINCORPORATED,-118.11569213867188,34.1741828918457
91285062,2020,2020-08-12,9580,2020-08-05,2335,020791,NA,3,3,7,1942,0,1,2,NA,2,104,US-101 N/B (VENTURA FREEWAY),WINNETKA AVE,1000,S,N,A,-,Y,NA,NA,101,NA,NA,NA,NA,NA,N,Y,3,0,2,3,A,-,03,22350,NA,N,C,C,A,A,H,-,C,D,0,NA,NA,NA,NA,Y,NA,A,01,0,2,0,0,0,0,0,0,0,-,-,34.17338943481445,-118.5634994506836,LOS ANGELES,LOS ANGELES,-118.5634994506836,34.17341232299805
9128507,2019,2020-07-23,1918,2019-12-19,1618,798,NA,4,5,4,1918,0,0,0,NA,0,4T24,JEFFERSON BL,HETZLER RD,287,E,N,A,-,N,NA,NA,NA,NA,NA,NA,NA,NA,NA,N,4,0,4,3,A,-,03,22350,NA,N,C,C,A,A,H,-,A,A,0,NA,NA,NA,NA,Y,NA,A,01,0,0,4,0,0,0,0,0,0,-,-,34.020320892333984,-118.38242340087892,LOS ANGELES,CULVER CITY,-118.38165283203124,34.02067947387695
91285073,2020,2020-08-12,9530,2020-08-09,2345,022292,NA,7,3,7,1941,0,1,1,NA,2,430,I-405 S/B (SAN DIEGO FREEWAY),LAKEWOOD BLVD.,540,S,N,A,-,Y,NA,NA,405,NA,NA,NA,NA,NA,S,Y,3,0,2,1,A,-,08,22107,NA,N,E,I,A,A,H,-,D,D,0,NA,NA,NA,NA,Y,NA,A,01,0,2,0,0,0,0,0,0,0,-,-,33.80522155761719,-118.14108276367188,LOS ANGELES,LONG BEACH,-118.14112091064452,33.80513000488281
91285074,2020,2020-08-12,9565,2020-08-02,1225,021021,NA,7,1,4,1918,0,1,1,NA,2,061,I-405 N/B,SAWTELLE BLVD,50,N,N,A,-,Y,NA,NA,NA,NA,NA,NA,NA,NA,NA,N,4,0,1,1,C,-,18,NA,NA,N,E,I,A,A,H,-,A,D,0,NA,NA,NA,NA,Y,NA,-,-,0,0,1,0,0,0,0,0,0,-,-,34.00321960449219,-118.4098892211914,LOS ANGELES,CULVER CITY,-118.40998840332033,34.00166320800781
91285092,2020,2020-08-12,9580,2020-08-06,0920,014675,NA,4,1,9,1900,0,3,5,NA,1,040,LATIGO CANYON RD,NEWTON CANYON RD,1000,S,N,A,-,N,NA,NA,NA,NA,NA,NA,NA,NA,NA,N,2,0,1,2,A,-,03,22350,NA,N,B,C,A,A,H,-,A,D,0,NA,Y,NA,NA,Y,NA,L,04,1,0,0,0,0,0,1,0,0,-,-,34.08106994628906,-118.79824066162108,LOS ANGELES,UNINCORPORATED,-118.79645538330078,34.08197784423828