CASE_ID,ACCIDENT_YEAR,PROC_DATE,JURIS,COLLISION_DATE,COLLISION_TIME,OFFICER_ID,REPORTING_DISTRICT,DAY_OF_WEEK,CHP_SHIFT,POPULATION,CNTY_CITY_LOC,SPECIAL_COND,BEAT_TYPE,CHP_BEAT_TYPE,CITY_DIVISION_LAPD,CHP_BEAT_CLASS,BEAT_NUMBER,PRIMARY_RD,SECONDARY_RD,DISTANCE,DIRECTION,INTERSECTION,WEATHER_1,WEATHER_2,STATE_HWY_IND,CALTRANS_COUNTY,CALTRANS_DISTRICT,STATE_ROUTE,ROUTE_SUFFIX,POSTMILE_PREFIX,POSTMILE,LOCATION_TYPE,RAMP_INTERSECTION,SIDE_OF_HWY,TOW_AWAY,COLLISION_SEVERITY,NUMBER_KILLED,NUMBER_INJURED,PARTY_COUNT,PRIMARY_COLL_FACTOR,PCF_CODE_OF_VIOL,PCF_VIOL_CATEGORY,PCF_VIOLATION,PCF_VIOL_SUBSECTION,HIT_AND_RUN,TYPE_OF_COLLISION,MVIW,PED_ACTION,ROAD_SURFACE,ROAD_COND_1,ROAD_COND_2,LIGHTING,CONTROL_DEVICE,CHP_ROAD_TYPE,PEDESTRIAN_ACCIDENT,BICYCLE_ACCIDENT,MOTORCYCLE_ACCIDENT,TRUCK_ACCIDENT,NOT_PRIVATE_PROPERTY,ALCOHOL_INVOLVED,STWD_VEHTYPE_AT_FAULT,CHP_VEHTYPE_AT_FAULT,COUNT_SEVERE_INJ,COUNT_VISIBLE_INJ,COUNT_COMPLAINT_PAIN,COUNT_PED_KILLED,COUNT_PED_INJURED,COUNT_BICYCLIST_KILLED,COUNT_BICYCLIST_INJURED,COUNT_MC_KILLED,COUNT_MC_INJURED,PRIMARY_RAMP,SECONDARY_RAMP,LATITUDE,LONGITUDE,COUNTY,CITY,POINT_X,POINT_Y
9128874,2020,2020-09-15,1948,2020-06-26,0924,462,1948,5,5,5,1948,0,0,0,NA,0,001,GARVEY AV,HITCHCOCK DR,50,E,N,A,-,N,NA,NA,NA,NA,NA,NA,NA,NA,NA,Y,4,0,1,2,A,-,08,22102,NA,N,D,C,A,A,H,-,A,A,0,NA,NA,NA,NA,Y,NA,A,01,0,0,1,0,0,0,0,0,0,-,-,NA,NA,LOS ANGELES,MONTEREY PARK,-118.14037322998048,34.06222152709961
91288740,2020,2020-08-19,9540,2020-08-09,1825,021078,NA,7,2,9,1900,0,1,3,NA,1,144,SR-14 N/B (AVF) TO PLACERITA CYN. RD.,PLACERITA CYN. RD.,800,N,N,A,-,Y,NA,NA,14,NA,NA,NA,R,NA,N,Y,3,0,1,1,A,-,03,22350,NA,N,F,A,A,A,H,-,A,D,0,NA,NA,Y,NA,Y,NA,C,02,0,1,0,0,0,0,0,0,1,-,-,34.37614059448242,-118.49452972412108,LOS ANGELES,UNINCORPORATED,-118.49452972412108,34.37614059448242
91288745,2020,2020-08-19,9535,2020-08-08,1405,022159,NA,6,2,6,1922,0,1,1,NA,2,400,I-10 E/B FROM GARVEY AVE.,DURFEE AVE,40,E,N,A,-,Y,NA,NA,NA,NA,NA,NA,NA,NA,NA,Y,4,0,1,2,A,-,07,21658,A,N,B,C,A,A,H,-,A,D,0,NA,NA,NA,Y,Y,NA,A,07,0,0,1,0,0,0,0,0,0,-,-,34.08366012573242,-118.01109313964844,LOS ANGELES,EL MONTE,-118.0111083984375,34.064292907714844
9128875,2020,2020-09-15,1948,2020-06-26,1455,463,1948,5,5,5,1948,0,0,0,NA,0,NA,GARFIELD AV,NEWMARK AV,776,S,N,A,-,N,NA,NA,NA,NA,NA,NA,NA,NA,NA,Y,4,0,1,2,A,-,09,21804,A,N,B,A,A,A,H,-,A,D,0,NA,NA,NA,NA,Y,NA,A,01,0,0,1,0,0,0,0,0,0,-,-,34.059818267822266,-118.12281036376952,LOS ANGELES,MONTEREY PARK,-118.1237335205078,34.057857513427734
9128876,2020,2020-09-12,1900,2020-06-27,1400,602995,26,6,5,6,1950,0,0,0,NA,0,262T1,AVENUE M,70TH ST WEST,0,NA,Y,A,-,N,NA,NA,NA,NA,NA,NA,NA,NA,NA,Y,4,0,1,2,A,-,12,22450,A,N,D,C,A,-,H,-,A,A,0,NA,NA,NA,NA,Y,NA,A,01,0,0,1,0,0,0,0,0,0,-,-,34.645511627197266,-118.253662109375,LOS ANGELES,PALMDALE,-118.2536163330078,34.64556121826172
91288765,2020,2020-08-19,9535,2020-08-09,2115,021772,NA,7,2,9,1900,0,1,1,NA,2,070,I-170 N/B TO SR-60,HUMPHREYS AVE,200,S,N,A,-,Y,NA,NA,NA,NA,NA,NA,NA,NA,NA,Y,3,0,1,1,A,-,03,22350,NA,N,F,A,A,A,H,-,C,D,0,NA,NA,Y,NA,Y,NA,C,02,0,1,0,0,0,0,0,0,1,-,-,34.02880859375,-118.17163848876952,LOS ANGELES,UNINCORPORATED,NA,NA
9128877,2020,2020-09-12,1900,2020-06-19,1120,546589,2610,5,5,6,1950,0,0,0,NA,0,261T1,10TH ST EAST,AVENUE R,0,NA,Y,A,-,N,NA,NA,NA,NA,NA,NA,NA,NA,NA,N,4,0,1,2,A,-,21,22106,NA,N,C,C,A,A,H,-,A,A,0,NA,NA,NA,NA,Y,NA,A,01,0,0,1,0,0,0,0,0,0,-,-,NA,NA,LOS ANGELES,PALMDALE,-118.11174011230467,34.5726203918457
9128878,2020,2020-09-12,1900,2020-06-13,1355,622067,2610,6,5,6,1950,0,0,0,NA,0,263T1,15TH ST EAST,AVENUE Q-11,0,NA,Y,A,-,N,NA,NA,NA,NA,NA,NA,NA,NA,NA,N,4,0,1,2,A,-,04,21703,NA,N,C,C,A,A,H,-,A,A,0,NA,NA,NA,NA,Y,NA,A,01,0,0,1,0,0,0,0,0,0,-,-,34.576629638671875,-118.10291290283205,LOS ANGELES,PALMDALE,-118.10292816162108,34.57661819458008
91288783,2020,2020-08-19,9550,2020-08-14,1505,021742,NA,5,2,6,1920,0,1,1,NA,2,151,I-105 WESTBOUND,THE LAKEWOOD BLVD. OVERCROSSING,20,E,N,A,-,Y,NA,NA,105,NA,NA,NA,NA,NA,W,Y,4,0,1,2,A,-,03,22350,NA,N,C,C,A,A,H,-,A,D,0,NA,NA,NA,NA,Y,NA,A,01,0,0,1,0,0,0,0,0,0,-,-,33.91331100463867,-118.14015197753906,LOS ANGELES,DOWNEY,-118.14015197753906,33.91324234008789
91288786,2020,2020-08-19,9590,2020-08-12,1450,021912,NA,3,2,7,1942,0,1,1,NA,2,051,I-110 S/B (HARBOR FREEWAY),VERNON AVE.,1250,N,N,A,-,Y,NA,NA,NA,NA,NA,NA,NA,NA,NA,N,4,0,2,2,A,-,03,22350,NA,N,C,C,A,A,H,-,A,D,0,NA,NA,NA,NA,Y,NA,D,22,0,0,2,0,0,0,0,0,0,-,-,34.3472785949707,-118.2812728881836,LOS ANGELES,LOS ANGELES,-118.28125,34.00558090209961
91288815,2020,2020-08-19,9530,2020-08-11,1225,016842,NA,2,1,9,1900,0,3,5,NA,2,001,64TH ST. (1100 BLOCK),HOOPER AVE.,583,W,N,A,-,N,NA,NA,NA,NA,NA,NA,NA,NA,NA,N,3,0,2,2,A,-,06,21750,A,N,D,C,A,A,H,-,A,D,0,NA,NA,Y,NA,Y,NA,C,03,0,2,0,0,0,0,0,0,1,-,-,33.981468200683594,-118.25415802001952,LOS ANGELES,UNINCORPORATED,-118.25399017333984,33.98160171508789
9128887,2020,2020-09-12,1900,2020-06-18,1330,536410,1454,4,5,2,1999,0,0,0,NA,0,145K4,HARBOR BL,BELLA VISTA DR,250,N,N,A,-,N,NA,NA,NA,NA,NA,NA,NA,NA,NA,N,3,0,1,2,A,-,07,21658,A,N,C,G,-,A,H,-,A,D,0,Y,NA,NA,NA,Y,NA,A,01,0,1,0,0,1,0,0,0,0,-,-,33.951210021972656,-117.9267578125,LOS ANGELES,LA HABRA HEIGHTS,-117.92691802978516,33.95130920410156
91288874,2020,2020-08-19,9590,2020-08-09,2045,022369,NA,7,2,7,1942,0,1,1,NA,2,051,I-110 S/B (HARBOR FREEWAY),FLORENCE AVENUE.,500,N,N,A,-,Y,NA,NA,110,NA,NA,NA,NA,NA,S,Y,4,0,1,1,A,-,01,23152,A,N,E,I,A,A,H,-,C,D,0,NA,NA,NA,NA,Y,Y,A,01,0,0,1,0,0,0,0,0,0,-,-,33.97697067260742,-118.28121185302734,LOS ANGELES,LOS ANGELES,-118.28092956542967,33.97697067260742
91288875,2020,2020-08-19,9545,2020-08-11,0300,021640,NA,2,3,9,1900,0,3,5,NA,2,004,AVENUE O,205TH ST  E,415,W,N,A,-,N,NA,NA,NA,NA,NA,NA,NA,NA,NA,Y,3,0,2,1,A,-,08,22107,NA,N,F,A,A,A,H,-,D,D,0,NA,NA,NA,NA,Y,NA,D,22,0,2,0,0,0,0,0,0,0,-,-,34.61663055419922,-117.76605224609376,LOS ANGELES,UNINCORPORATED,-117.766515,34.61667
91288881,2020,2020-08-19,9535,2020-08-09,2220,022269,NA,7,3,3,1968,0,1,3,NA,2,621,SR-60 (POMONA FREEWAY) W/B,SANTA ANITA AVENUE,2000,E,N,A,-,Y,NA,NA,60,NA,NA,NA,NA,NA,W,N,4,0,2,2,A,-,01,23152,A,N,B,C,A,A,H,-,C,D,0,NA,NA,NA,NA,Y,Y,A,01,0,0,2,0,0,0,0,0,0,-,-,34.03873825073242,-118.04540252685548,LOS ANGELES,SOUTH EL MONTE,-118.04539489746094,34.038753509521484
91288884,2020,2020-08-19,9550,2020-08-14,2135,021986,NA,5,2,6,1920,0,1,1,NA,2,500,I-5 S/B,I-605,890,N,N,A,-,Y,NA,NA,5,NA,NA,NA,NA,NA,S,Y,3,0,1,1,A,-,01,23152,A,N,F,A,A,A,H,-,D,D,0,NA,NA,NA,NA,Y,Y,A,07,0,1,0,0,0,0,0,0,0,-,-,33.9444694519043,-118.0989990234375,LOS ANGELES,DOWNEY,-118.09893035888672,33.944515228271484
91288885,2020,2020-08-19,9535,2020-08-07,1210,021795,NA,5,1,5,1943,0,1,1,NA,2,075,I-710 (LONG BEACH FREEWAY) S/B,MARTIN LUTHER KING JR BOULEVARD,160,N,N,A,-,Y,NA,NA,710,NA,NA,NA,NA,NA,S,Y,3,0,1,2,A,-,01,23152,F,N,B,C,A,A,H,-,A,D,0,NA,NA,NA,Y,Y,NA,A,01,0,1,0,0,0,0,0,0,0,-,-,33.91938018798828,-118.17887878417967,LOS ANGELES,LYNWOOD,-118.1788330078125,33.919368743896484
91288889,2020,2020-08-19,9530,2020-08-11,1627,017755,NA,2,2,7,1941,0,1,1,NA,2,420,I-405 S/B (SAN DIEGO FREEWAY),SPRING ST.,512,N,N,A,-,Y,NA,NA,405,NA,NA,NA,NA,NA,S,Y,4,0,1,4,A,-,03,22350,NA,N,B,C,A,A,H,-,A,D,0,NA,NA,NA,NA,Y,NA,A,01,0,0,1,0,0,0,0,0,0,-,-,33.812198638916016,-118.16339874267578,LOS ANGELES,LONG BEACH,-118.16341400146484,33.812156677246094
91288893,2020,2020-08-19,9590,2020-08-09,1206,022493,NA,7,1,7,1942,0,1,1,NA,2,081,I-5 S/B (GOLDEN STATE FREEWAY),4TH ST.,220,S,N,A,-,Y,NA,NA,5,NA,NA,NA,NA,NA,S,Y,4,0,1,3,A,-,03,22350,NA,N,C,C,A,A,H,-,A,D,0,NA,NA,NA,NA,Y,NA,A,01,0,0,1,0,0,0,0,0,0,-,-,34.042030334472656,-118.2179718017578,LOS ANGELES,LOS ANGELES,-118.21793365478516,34.0420036315918
91288913,2020,2020-08-19,9545,2020-08-12,1720,014790,NA,3,2,9,1900,0,1,3,NA,1,012,SR-138,60TH ST WEST,0,NA,Y,A,-,Y,NA,NA,138,NA,NA,NA,NA,NA,NA,Y,4,0,1,2,A,-,09,21801,A,N,A,C,A,A,H,-,A,D,0,NA,NA,NA,NA,Y,NA,A,01,0,0,1,0,0,0,0,0,0,-,-,34.77667999267578,-118.23744201660156,LOS ANGELES,UNINCORPORATED,-118.23744201660156,34.77663040161133
91288920,2020,2020-08-19,9590,2020-08-09,0525,021771,NA,7,3,7,1942,0,1,3,NA,2,095,SR-2 W/B (GLENDALE FREEWAY),COLORADO BLVD.,1056,W,N,A,-,Y,NA,NA,2,NA,NA,NA,NA,NA,W,N,3,0,1,2,A,-,11,21954,A,F,G,B,E,A,H,-,C,D,0,Y,NA,NA,NA,Y,NA,N,60,0,1,0,0,1,0,0,0,0,-,-,34.139320373535156,-118.22869110107422,LOS ANGELES,LOS ANGELES,-118.22859191894533,34.13928985595703
91288925,2020,2020-08-19,9525,2020-08-16,1050,020532,NA,7,1,4,1913,0,1,1,NA,2,219,SR-210 W/B (FOOTHILL FWY),BASELINE RD.,100,W,N,A,-,Y,NA,NA,210,NA,NA,NA,NA,NA,W,N,3,0,1,2,A,-,03,22350,NA,N,C,C,A,A,H,-,A,D,0,NA,NA,Y,NA,Y,NA,C,02,0,1,0,0,0,0,0,0,1,-,-,34.12004089355469,-117.70442962646484,LOS ANGELES,CLAREMONT,-117.70442962646484,34.120052337646484
91288933,2020,2020-08-19,9530,2020-08-11,1725,017860,NA,2,2,7,1941,0,1,1,NA,2,071,I-710 N/B (LONG BEACH FREEWAY),ARTESIA BLVD.,2012,S,N,A,-,Y,NA,NA,710,NA,NA,NA,NA,NA,N,Y,3,0,1,3,A,-,03,22350,NA,N,B,C,A,A,H,-,A,D,0,NA,NA,Y,NA,Y,NA,C,02,0,1,0,0,0,0,0,0,1,-,-,33.86901092529297,-118.19525909423828,LOS ANGELES,LONG BEACH,-118.19522857666016,33.86899185180664
91288936,2020,2020-08-19,9525,2020-08-16,2050,021779,NA,7,2,9,1900,0,2,4,NA,2,045,VALLEY BLVD (14800 BLOCK),CALIFORNIA AVE,100,E,N,A,-,N,NA,NA,NA,NA,NA,NA,NA,NA,NA,Y,4,0,1,2,A,-,07,21658,A,N,B,C,A,A,H,-,C,A,0,NA,NA,NA,NA,Y,NA,A,01,0,0,1,0,0,0,0,0,0,-,-,34.031150817871094,-117.96926879882813,LOS ANGELES,UNINCORPORATED,-117.96929931640624,34.03112030029297
91288962,2020,2020-09-01,9580,2020-08-17,1500,021807,NA,1,2,7,1942,0,1,2,NA,2,101,US-101 S/B (VENTURA FREEWAY),COLDWATER CANYON AVE,1179,N,N,A,-,Y,NA,NA,101,NA,NA,NA,NA,NA,S,Y,4,0,1,2,A,-,03,22350,NA,N,C,C,A,A,H,-,A,D,0,NA,NA,NA,NA,Y,NA,A,01,0,0,1,0,0,0,0,0,0,-,-,34.156700134277344,-118.4177017211914,LOS ANGELES,LOS ANGELES,-118.4177017211914,34.15665817260742
91288977,2020,2020-08-19,9590,2020-08-10,0727,022497,NA,1,1,7,1942,0,1,1,NA,2,041,I-5 S/B (SANTA ANA FREEWAY),EUCLID AVE,200,S,N,A,-,Y,NA,NA,5,NA,NA,NA,NA,NA,S,N,3,0,1,2,A,-,03,22350,NA,N,C,C,A,A,H,-,A,D,0,NA,NA,NA,NA,Y,NA,A,07,0,1,0,0,0,0,0,0,0,-,-,34.02598190307617,-118.20761871337892,LOS ANGELES,LOS ANGELES,-118.20760345458984,34.0260124206543
91288998,2020,2020-08-19,9550,2020-08-15,0725,020025,NA,6,1,3,1964,0,1,1,NA,2,501,I-5 SB,CARMENITA ROAD,500,N,N,A,-,Y,NA,NA,5,NA,NA,NA,NA,NA,S,Y,4,0,1,2,A,-,03,22350,NA,N,C,C,A,A,H,-,A,D,0,NA,NA,NA,Y,Y,Y,A,01,0,0,1,0,0,0,0,0,0,-,-,33.894500732421875,-118.04946899414064,LOS ANGELES,SANTA FE SPRINGS,-118.04920959472656,33.894989013671875
9128900,2020,2020-09-12,1900,2020-06-29,2230,609132,2611,1,5,6,1950,0,0,0,NA,0,262,AVENUE S,3RD ST EAST,0,NA,Y,A,-,N,NA,NA,NA,NA,NA,NA,NA,NA,NA,N,2,0,1,2,A,-,08,22107,NA,F,G,B,E,A,H,-,C,A,0,Y,NA,NA,NA,Y,NA,A,01,1,0,0,0,1,0,0,0,0,-,-,34.55799865722656,-118.1248016357422,LOS ANGELES,PALMDALE,-118.31993103027344,34.19110107421875
9128901,2020,2020-09-28,1941,2020-07-08,1627,11569,NA,3,5,7,1941,0,0,0,NA,0,NA,ARTESIA BL,GARDENIA AV,0,NA,Y,A,-,N,NA,NA,NA,NA,NA,NA,NA,NA,NA,Y,4,0,2,3,A,-,09,21802,A,N,D,C,A,A,H,-,A,D,0,NA,NA,NA,NA,Y,NA,A,NA,0,0,2,0,0,0,0,0,0,-,-,NA,NA,LOS ANGELES,LONG BEACH,-118.1697998046875,33.87472152709961
91289011,2020,2020-08-19,9590,2020-08-10,1330,021040,NA,1,1,7,1942,0,1,1,NA,2,084,I-5 N/B (GOLDEN STATE FREEWAY),HYPERION AVENUE,1000,S,N,A,-,Y,NA,NA,5,NA,NA,NA,NA,NA,N,Y,4,0,1,2,A,-,03,22350,NA,N,C,C,A,A,H,-,A,D,0,NA,NA,NA,Y,Y,NA,A,01,0,0,1,0,0,0,0,0,0,-,-,34.109928131103516,-118.261962890625,LOS ANGELES,LOS ANGELES,-118.26195526123048,34.10993576049805
9128902,2020,2020-09-28,1941,2020-07-08,1614,5617,NA,3,5,7,1941,0,0,0,NA,0,NA,ANAHEIM ST,ELM AV,0,NA,Y,A,-,N,NA,NA,NA,NA,NA,NA,NA,NA,NA,Y,3,0,1,2,A,-,09,21801,A,N,D,C,A,A,H,-,A,A,0,NA,NA,NA,NA,Y,NA,A,NA,0,1,0,0,0,0,0,0,0,-,-,NA,NA,LOS ANGELES,LONG BEACH,-118.18798065185548,33.78261947631836
91289026,2020,2020-08-19,9550,2020-08-16,0045,021578,NA,7,3,3,1964,0,1,1,NA,2,650,I-605 S/B,TELEGRAPH RD.,800,S,N,A,-,Y,NA,NA,605,NA,NA,NA,NA,NA,S,Y,4,0,1,2,A,-,03,22350,NA,N,C,C,A,A,H,-,C,D,0,NA,NA,NA,NA,Y,NA,A,01,0,0,1,0,0,0,0,0,0,-,-,33.94776916503906,-118.09320831298828,LOS ANGELES,SANTA FE SPRINGS,-118.09322357177734,33.94778060913086
91289027,2020,2020-08-19,9590,2020-08-11,1730,021492,NA,2,2,7,1942,0,1,1,NA,2,083,I-5 S/B (GOLDEN STATE FREEWAY),RIVERSIDE DR,500,S,N,A,-,Y,NA,NA,5,NA,NA,NA,NA,NA,S,N,4,0,2,3,A,-,03,22350,NA,N,C,C,A,A,H,-,A,D,0,NA,NA,NA,NA,Y,NA,A,01,0,0,2,0,0,0,0,0,0,-,-,34.093868255615234,-118.24243927001952,LOS ANGELES,LOS ANGELES,-118.24243927001952,34.0938720703125
9128903,2020,2020-09-28,1900,2020-07-07,1812,601485,2619,2,5,6,1950,0,0,0,NA,0,262T1,RANCHO VISTA BL,DIVISION ST,0,NA,Y,A,-,N,NA,NA,NA,NA,NA,NA,NA,NA,NA,N,4,0,2,2,A,-,09,21804,A,N,D,C,A,A,H,-,A,D,0,NA,NA,NA,NA,Y,NA,A,07,0,0,2,0,0,0,0,0,0,-,-,34.60179901123047,-118.12982940673828,LOS ANGELES,PALMDALE,-118.12991,34.60174
91289044,2020,2020-08-19,9580,2020-08-14,1900,021807,NA,5,2,7,1942,0,3,5,NA,1,010,KANAN DUME RD,DUME CANYON MTWY,1780,N,N,A,-,Y,NA,NA,NA,NA,NA,NA,NA,NA,NA,Y,3,0,1,1,A,-,08,22107,NA,N,E,I,A,A,H,-,A,D,0,NA,NA,NA,NA,Y,NA,A,01,0,1,0,0,0,0,0,0,0,-,-,34.06050109863281,-118.80110168457033,LOS ANGELES,LOS ANGELES,-118.79850006103516,34.056339263916016
91289051,2020,2020-08-19,9565,2020-08-10,0635,015275,NA,1,1,7,1942,0,1,1,NA,2,062,I-405 S/B (SAN DIEGO FREEWAY),PICO BOULEVARD,20,S,N,A,-,Y,NA,NA,405,NA,NA,NA,NA,NA,S,Y,3,0,1,1,A,-,08,22107,NA,N,E,I,A,A,H,-,A,D,0,NA,NA,NA,NA,Y,NA,A,07,0,1,0,0,0,0,0,0,0,-,-,34.03559875488281,-118.43804168701172,LOS ANGELES,LOS ANGELES,-118.43813323974608,34.03554916381836
91289054,2020,2020-08-19,9590,2020-08-19,0710,015982,NA,3,1,7,1942,0,1,1,NA,2,053,I-110 S/B (HARBOR FREEWAY),FLOWER ST,300,N,N,A,-,Y,NA,NA,110,NA,NA,NA,NA,NA,S,Y,4,0,1,2,A,-,03,22350,NA,N,C,C,A,A,H,-,A,D,0,NA,NA,NA,NA,Y,NA,D,22,0,0,1,0,0,0,0,0,0,-,-,34.02898025512695,-118.27446746826172,LOS ANGELES,LOS ANGELES,-118.27447509765624,34.02898025512695
91289059,2020,2020-08-19,9535,2020-08-09,2334,022263,NA,7,3,9,1900,0,1,3,NA,2,621,SR-60 (POMONA FREEWAY) W/B,ROSEMEAD BLVD,1056,E,N,A,-,Y,NA,NA,60,NA,NA,NA,NA,NA,W,Y,3,0,3,2,A,-,01,23152,A,N,C,C,A,A,D,-,C,D,0,NA,NA,NA,NA,Y,Y,A,01,0,3,0,0,0,0,0,0,0,-,-,34.04042053222656,-118.05534362792967,LOS ANGELES,UNINCORPORATED,-118.05532836914064,34.04048538208008
91289063,2020,2020-08-19,9525,2020-08-11,1828,020216,NA,2,2,1,1934,0,1,1,NA,2,203,I-210 W/B (FOOTHILL FWY),I-605 N/B (SAN GABRIEL RIVER FWY),2640,E,N,A,-,Y,NA,NA,210,NA,NA,NA,NA,NA,W,Y,4,0,2,2,D,-,00,NA,NA,N,C,C,A,A,H,-,A,D,0,NA,NA,NA,NA,Y,NA,-,-,0,0,2,0,0,0,0,0,0,-,-,34.13164138793945,-117.9485092163086,LOS ANGELES,IRWINDALE,-117.94847869873048,34.131736755371094
91289079,2020,2020-08-19,9590,2020-08-11,2030,021757,NA,2,2,7,1942,0,1,1,NA,2,050,I-110 N/B (HAF) TO VERNON AVE,VERNON AVE,1000,S,N,A,-,Y,NA,NA,110,NA,NA,NA,R,NA,N,N,4,0,1,2,A,-,03,22350,NA,N,C,C,A,A,H,-,D,D,0,NA,NA,NA,NA,Y,NA,D,22,0,0,1,0,0,0,0,0,0,-,-,34.001861572265625,-118.28076171875,LOS ANGELES,LOS ANGELES,-118.28076171875,34.001861572265625
91289093,2020,2020-08-19,9535,2020-08-07,2110,021551,NA,5,2,9,1900,0,1,1,NA,2,501,I-5 (SANTA ANA FREEWAY) S/B,INDIANA ST.,500,S,N,A,-,Y,NA,NA,5,NA,NA,NA,NA,NA,S,Y,2,0,2,2,A,-,01,23152,F,N,C,C,A,A,H,-,C,D,0,NA,NA,NA,NA,Y,NA,A,01,1,1,0,0,0,0,0,0,0,-,-,34.02006149291992,-118.1912078857422,LOS ANGELES,UNINCORPORATED,-118.1912078857422,34.02006149291992
91289108,2020,2020-08-19,9525,2020-08-19,0855,020532,NA,3,1,6,1955,0,1,3,NA,2,072,SR-71 N/B (CHINO VALLEY FWY),MISSION BLVD,800,S,N,A,-,Y,NA,NA,71,NA,NA,NA,NA,NA,N,Y,4,0,1,2,A,-,03,22350,NA,N,C,C,A,A,H,-,A,D,0,NA,NA,NA,NA,Y,NA,A,01,0,0,1,0,0,0,0,0,0,-,-,34.052581787109375,-117.7801513671875,LOS ANGELES,POMONA,-117.78019714355467,34.052528381347656
91289109,2020,2020-08-19,9540,2020-08-11,1342,019508,NA,2,1,6,1985,0,1,1,NA,2,506,I-5 N/B (GOLDEN STATE FREEWAY),PARKER,5280,S,N,A,-,Y,NA,NA,NA,NA,NA,NA,NA,NA,NA,Y,3,0,1,1,A,-,01,23152,A,N,E,I,A,A,H,-,A,D,0,NA,NA,NA,NA,Y,Y,A,01,0,1,0,0,0,0,0,0,0,-,-,34.472930908203125,-118.61566925048828,LOS ANGELES,SANTA CLARITA,-118.61479949951172,34.47623825073242
91289113,2020,2020-08-19,9575,2020-08-09,1555,022490,NA,7,2,9,1900,0,1,3,NA,2,300,SR-2 (ANGELES CREST HIGHWAY),GEORGES GAP TURN OUT,7128,W,N,A,-,Y,NA,NA,2,NA,NA,NA,NA,NA,NA,Y,4,0,1,2,A,-,09,21804,A,N,D,C,A,A,H,-,A,D,0,NA,NA,Y,NA,Y,NA,A,01,0,0,1,0,0,0,0,0,1,-,-,34.26142883300781,-118.1827392578125,LOS ANGELES,UNINCORPORATED,-118.18283081054688,34.26144790649414
91289118,2020,2020-08-19,9540,2020-08-18,1232,018037,NA,2,1,6,1985,0,1,3,NA,1,144,SR-14 N/B TO VIA PRINCESSA WAY,VIA PRINCESSA WAY,52,S,N,A,-,Y,NA,NA,14,NA,NA,NA,R,NA,N,Y,4,0,2,2,A,-,03,22350,NA,N,C,C,A,A,H,-,A,A,0,NA,NA,NA,NA,Y,NA,A,01,0,0,2,0,0,0,0,0,0,-,-,34.402130126953125,-118.45471954345705,LOS ANGELES,SANTA CLARITA,-118.45471954345705,34.402130126953125
9128914,2020,2020-11-30,1941,2020-07-08,2216,11568,NA,3,5,7,1941,0,0,0,NA,0,NA,PARAMOUNT BL,RT 91,0,NA,Y,A,-,Y,LA,7,91,-,R,13.452,R,4,E,N,4,0,1,2,D,-,00,NA,NA,N,D,C,A,A,H,-,C,A,0,NA,NA,NA,NA,Y,NA,-,-,0,0,1,0,0,0,0,0,0,-,-,NA,NA,LOS ANGELES,LONG BEACH,-118.16278076171876,33.87601089477539
9128915,2020,2020-09-28,1941,2020-07-08,1815,6033,NA,3,5,7,1941,0,0,0,NA,0,NA,BELLFLOWER,CARSON,195,S,N,A,-,N,NA,NA,NA,NA,NA,NA,NA,NA,NA,N,3,0,1,2,A,-,11,21954,A,N,D,B,D,A,H,-,A,A,0,Y,NA,NA,NA,Y,NA,N,NA,0,1,0,0,1,0,0,0,0,-,-,NA,NA,LOS ANGELES,LONG BEACH,-118.12516021728516,33.83235168457031
9128916,2020,2020-09-28,1941,2020-07-07,1627,10997,NA,2,5,7,1941,0,0,0,NA,0,NA,7TH ST,STUDEBAKER RD,0,NA,Y,A,-,N,NA,NA,NA,NA,NA,NA,NA,NA,NA,Y,4,0,2,3,A,-,03,22350,NA,N,C,C,A,A,H,-,A,D,0,NA,NA,NA,NA,Y,Y,A,NA,0,0,2,0,0,0,0,0,0,-,-,NA,NA,LOS ANGELES,LONG BEACH,-118.10311126708984,33.77442169189453
91289169,2020,2020-08-19,9550,2020-08-15,1440,020709,NA,6,2,5,1919,0,1,1,NA,2,652,I-605 S/B,ARTESIA BOULEVARD,1000,S,N,A,-,Y,NA,NA,605,NA,NA,NA,NA,NA,S,Y,4,0,1,1,A,-,08,22107,NA,N,E,I,A,A,H,-,A,D,0,NA,NA,NA,NA,Y,NA,D,22,0,0,1,0,0,0,0,0,0,-,-,33.86996841430664,-118.10045623779295,LOS ANGELES,CERRITOS,-118.10033416748048,33.87001419067383
9128917,2020,2020-09-28,1941,2020-07-07,1400,11004,NA,2,5,7,1941,0,0,0,NA,0,NA,WARDLOW RD,LOS COYOTES DIAGONAL,0,NA,Y,A,-,N,NA,NA,NA,NA,NA,NA,NA,NA,NA,Y,4,0,1,2,A,-,12,21453,A,N,D,C,A,A,H,-,A,A,0,NA,NA,NA,NA,Y,NA,A,NA,0,0,1,0,0,0,0,0,0,-,-,NA,NA,LOS ANGELES,LONG BEACH,-118.10986328125,33.81874084472656
91289177,2020,2020-08-19,9550,2020-08-09,1935,022480,NA,7,2,9,1900,0,2,4,NA,1,022,VALLEY VIEW AVENUE,TELEGRAPH ROAD,20,N,N,A,-,N,NA,NA,NA,NA,NA,NA,NA,NA,NA,Y,4,0,1,2,A,-,08,22107,NA,N,D,C,A,A,H,-,B,A,0,NA,NA,NA,NA,Y,NA,A,01,0,0,1,0,0,0,0,0,0,-,-,33.928321838378906,-118.02880096435548,LOS ANGELES,UNINCORPORATED,-118.02899169921876,33.928123474121094