CASE_ID,ACCIDENT_YEAR,PROC_DATE,JURIS,COLLISION_DATE,COLLISION_TIME,OFFICER_ID,REPORTING_DISTRICT,DAY_OF_WEEK,CHP_SHIFT,POPULATION,CNTY_CITY_LOC,SPECIAL_COND,BEAT_TYPE,CHP_BEAT_TYPE,CITY_DIVISION_LAPD,CHP_BEAT_CLASS,BEAT_NUMBER,PRIMARY_RD,SECONDARY_RD,DISTANCE,DIRECTION,INTERSECTION,WEATHER_1,WEATHER_2,STATE_HWY_IND,CALTRANS_COUNTY,CALTRANS_DISTRICT,STATE_ROUTE,ROUTE_SUFFIX,POSTMILE_PREFIX,POSTMILE,LOCATION_TYPE,RAMP_INTERSECTION,SIDE_OF_HWY,TOW_AWAY,COLLISION_SEVERITY,NUMBER_KILLED,NUMBER_INJURED,PARTY_COUNT,PRIMARY_COLL_FACTOR,PCF_CODE_OF_VIOL,PCF_VIOL_CATEGORY,PCF_VIOLATION,PCF_VIOL_SUBSECTION,HIT_AND_RUN,TYPE_OF_COLLISION,MVIW,PED_ACTION,ROAD_SURFACE,ROAD_COND_1,ROAD_COND_2,LIGHTING,CONTROL_DEVICE,CHP_ROAD_TYPE,PEDESTRIAN_ACCIDENT,BICYCLE_ACCIDENT,MOTORCYCLE_ACCIDENT,TRUCK_ACCIDENT,NOT_PRIVATE_PROPERTY,ALCOHOL_INVOLVED,STWD_VEHTYPE_AT_FAULT,CHP_VEHTYPE_AT_FAULT,COUNT_SEVERE_INJ,COUNT_VISIBLE_INJ,COUNT_COMPLAINT_PAIN,COUNT_PED_KILLED,COUNT_PED_INJURED,COUNT_BICYCLIST_KILLED,COUNT_BICYCLIST_INJURED,COUNT_MC_KILLED,COUNT_MC_INJURED,PRIMARY_RAMP,SECONDARY_RAMP,LATITUDE,LONGITUDE,COUNTY,CITY,POINT_X,POINT_Y
91291861,2020,2020-08-25,9525,2020-08-17,1850,021355,NA,1,2,9,1900,0,2,4,NA,2,032,VALLEY BLVD (18700 BLOCK),LA SEDA RD.,713,E,N,A,-,N,NA,NA,NA,NA,NA,NA,NA,NA,NA,Y,2,0,1,2,A,-,03,22350,NA,N,D,C,A,A,H,-,A,D,0,NA,NA,Y,Y,Y,NA,C,02,1,0,0,0,0,0,0,0,1,-,-,34.004451751708984,-117.89611053466795,LOS ANGELES,UNINCORPORATED,-117.89605712890624,34.004295349121094
91291868,2020,2020-08-25,9550,2020-08-15,1810,020709,NA,6,2,7,1941,0,1,3,NA,2,090,SR-91 W/B,CHERRY AVENUE,800,W,N,A,-,Y,NA,NA,91,NA,NA,NA,NA,NA,W,Y,2,0,4,2,A,-,08,22107,NA,N,E,I,A,A,H,-,A,D,0,NA,NA,NA,NA,Y,NA,A,07,1,3,0,0,0,0,0,0,0,-,-,33.87677001953125,-118.17236328125,LOS ANGELES,LONG BEACH,-118.17236328125,33.87675857543945
91291884,2020,2020-08-25,9565,2020-08-14,0920,020239,NA,5,1,7,1942,0,1,1,NA,2,061,I-405 NORTHBOUND (SAN DIEGO FREEWAY),HOWARD HUGHES PKY,500,N,N,A,-,Y,NA,NA,405,NA,NA,NA,NA,NA,N,Y,4,0,2,4,A,-,03,22350,NA,N,C,C,A,A,H,-,A,D,0,NA,NA,NA,NA,Y,NA,A,01,0,0,2,0,0,0,0,0,0,-,-,33.9763298034668,-118.38646697998048,LOS ANGELES,LOS ANGELES,-118.38645935058594,33.976356506347656
91291902,2020,2020-08-25,9565,2020-08-14,1520,021892,NA,5,2,7,1942,0,1,1,NA,2,061,I-405 N/B,HOWARD HUGHES PKY,200,S,N,A,-,Y,NA,NA,405,NA,NA,NA,NA,NA,N,Y,4,0,1,3,A,-,03,22350,NA,N,C,C,A,A,H,-,A,D,0,NA,NA,NA,NA,Y,NA,A,08,0,0,1,0,0,0,0,0,0,-,-,33.97397994995117,-118.38143157958984,LOS ANGELES,LOS ANGELES,-118.38145446777344,33.97393035888672
91291911,2020,2020-08-25,9590,2020-08-07,0004,022344,NA,5,3,7,1942,0,1,1,NA,2,062,I-10 EB (SANTA MONICA FREEWAY),ARLINGTON AVE,350,E,N,A,-,Y,NA,NA,10,NA,NA,NA,NA,NA,E,Y,4,0,2,2,A,-,03,22350,NA,F,C,C,A,A,H,-,D,A,0,NA,NA,NA,NA,Y,NA,A,01,0,0,2,0,0,0,0,0,0,-,-,34.0367317199707,-118.31655883789064,LOS ANGELES,LOS ANGELES,-118.31655883789064,34.036739349365234
91291913,2020,2020-08-25,9530,2020-08-19,1750,020956,NA,3,2,9,1900,0,3,5,NA,2,001,MAKEE AVENUE,60TH ST,0,NA,Y,A,-,N,NA,NA,NA,NA,NA,NA,NA,NA,NA,Y,4,0,1,2,A,-,12,22450,A,N,D,C,A,A,H,-,A,A,0,NA,NA,NA,NA,Y,NA,A,01,0,0,1,0,0,0,0,0,0,-,-,33.98569869995117,-118.24649810791016,LOS ANGELES,UNINCORPORATED,-118.2465591430664,33.98569107055664
91291916,2020,2020-08-25,9590,2020-08-09,1430,022405,NA,7,2,7,1942,0,1,2,NA,2,071,US-101 S/B (HOLLYWOOD FREEWAY),E. EDGEWARE RD.,300,S,N,A,-,Y,NA,NA,101,NA,NA,NA,NA,NA,S,N,3,0,1,2,D,-,00,NA,NA,N,H,C,A,A,H,-,A,D,0,NA,NA,Y,NA,Y,NA,-,-,0,1,0,0,0,0,0,0,1,-,-,34.06745910644531,-118.25528717041016,LOS ANGELES,LOS ANGELES,-118.25530242919922,34.067440032958984
91291922,2020,2020-08-25,9580,2020-08-21,2130,022158,NA,5,2,7,1942,0,1,2,NA,2,100,US-101 N/B (HOLLYWOOD FREEWAY),MOORPARK ST,300,N,N,A,-,Y,NA,NA,101,NA,NA,NA,NA,NA,N,Y,4,0,2,2,A,-,03,22350,NA,N,C,C,A,A,H,-,C,D,0,NA,NA,NA,NA,Y,Y,A,01,0,0,2,0,0,0,0,0,0,-,-,34.15127944946289,-118.3745574951172,LOS ANGELES,LOS ANGELES,-118.37459564208984,34.15126037597656
91291923,2020,2020-08-25,9545,2020-08-14,0455,020140,NA,5,3,9,1900,0,3,5,NA,2,003,SIERRA HWY,SR-14 S/B FROM SIERRA HWY,0,NA,Y,B,-,Y,NA,NA,NA,NA,NA,NA,NA,NA,NA,Y,4,0,2,2,A,-,09,21801,A,N,D,C,A,A,H,-,C,D,0,NA,NA,NA,NA,Y,NA,A,01,0,0,2,0,0,0,0,0,0,-,-,34.51131820678711,-118.1096420288086,LOS ANGELES,UNINCORPORATED,NA,NA
91291930,2020,2020-08-25,9530,2020-08-16,2338,022292,NA,7,3,7,1942,0,3,5,NA,2,001,SLAUSON AVE. (1100 BLOCK),CENTRAL AVE.,70,E,N,A,-,N,NA,NA,NA,NA,NA,NA,NA,NA,NA,Y,4,0,3,2,A,-,09,21453,B,N,C,C,A,A,H,-,C,A,0,NA,NA,NA,NA,Y,NA,A,01,0,0,3,0,0,0,0,0,0,-,-,33.98931884765625,-118.25592041015624,LOS ANGELES,LOS ANGELES,-118.25623321533205,33.989341735839844
91291934,2020,2020-08-25,9540,2020-08-19,0410,020678,NA,3,3,7,1942,0,1,1,NA,1,501,I-5 S/B (GOLDEN STATE FREEWAY),ROXFORD ST,1000,S,N,A,-,Y,NA,NA,5,NA,NA,NA,NA,NA,S,Y,4,0,4,2,A,-,03,22350,NA,N,C,C,A,A,H,-,C,D,0,NA,NA,NA,NA,Y,NA,A,07,0,0,4,0,0,0,0,0,0,-,-,34.300621032714844,-118.47721862792967,LOS ANGELES,LOS ANGELES,-118.47719573974608,34.30064392089844
91291937,2020,2020-08-25,9580,2020-04-11,0030,020353,NA,6,3,7,1942,0,1,3,NA,2,114,SR-118 E/B (RONALD REAGAN FWY.),CHATSWORTH DR,460,W,N,A,-,Y,NA,NA,118,NA,NA,NA,NA,NA,E,Y,1,1,0,2,A,-,11,21954,A,N,G,B,E,A,H,-,D,D,0,Y,NA,NA,NA,Y,NA,N,60,0,0,0,1,0,0,0,0,0,-,-,34.265750885009766,-118.46092224121094,LOS ANGELES,LOS ANGELES,-118.46092224121094,34.265769958496094
91291939,2020,2020-08-25,9565,2020-08-14,0815,013744,NA,5,1,7,1942,0,1,1,NA,2,082,I-10 W/B,MILITARY AVE,50,W,N,A,-,Y,NA,NA,10,NA,NA,NA,NA,NA,W,Y,4,0,1,2,A,-,03,22350,NA,N,C,C,A,A,H,-,A,D,0,NA,NA,NA,NA,Y,NA,A,01,0,0,1,0,0,0,0,0,0,-,-,34.0318603515625,-118.42855834960938,LOS ANGELES,LOS ANGELES,-118.42855834960938,34.03184127807617
91291957,2020,2020-08-25,9565,2020-08-15,1500,022099,NA,6,2,7,1942,0,1,1,NA,2,062,I-405 N/B (SAN DIEGO FWY),VENICE BLVD,300,N,N,A,-,Y,NA,NA,405,NA,NA,NA,NA,NA,N,Y,4,0,1,2,A,-,03,22350,NA,N,C,C,A,A,H,-,A,D,0,NA,NA,NA,NA,Y,NA,A,01,0,0,1,0,0,0,0,0,0,-,-,34.012550354003906,-118.41845703125,LOS ANGELES,LOS ANGELES,-118.41854858398438,34.012481689453125
91291968,2020,2020-08-25,9530,2020-08-16,2135,021490,NA,7,2,7,1942,0,1,1,NA,2,110,I-110 N/B (HARBOR FREEWAY),120TH ST.,140,N,N,A,-,Y,NA,NA,110,NA,NA,NA,NA,NA,N,Y,2,0,1,2,A,-,08,22107,NA,F,E,I,A,A,H,-,D,D,0,NA,NA,NA,NA,Y,NA,-,99,1,0,0,0,0,0,0,0,0,-,-,33.92422866821289,-118.28093719482422,LOS ANGELES,LOS ANGELES,-118.28115844726564,33.92424774169922
91291975,2020,2020-08-25,9530,2020-08-17,0745,015760,NA,1,1,9,1900,0,3,5,NA,2,001,FIRESTONE BOULEVARD (1200 BLOCK),HOOPER AVE.,347,E,N,A,-,N,NA,NA,NA,NA,NA,NA,NA,NA,NA,Y,4,0,1,2,A,-,08,22107,NA,N,C,E,A,A,H,-,A,D,0,NA,NA,NA,Y,Y,NA,A,01,0,0,1,0,0,0,0,0,0,-,-,33.960121154785156,-118.25296783447266,LOS ANGELES,UNINCORPORATED,-118.25289154052734,33.96015167236328
91291980,2020,2020-08-25,9575,2020-08-17,1549,019976,NA,1,2,3,1991,0,1,3,NA,2,090,I-210  W/B FROM SR-2 E/B,WALTONIA DR.,100,E,N,A,-,Y,NA,NA,NA,NA,NA,NA,NA,NA,NA,Y,4,0,1,1,A,-,08,22107,NA,N,E,I,A,A,H,-,A,D,0,NA,NA,NA,NA,Y,NA,A,07,0,0,1,0,0,0,0,0,0,-,-,34.20977020263672,-118.22148895263672,LOS ANGELES,LA CANADA-FLINTRIDGE,-118.22248077392578,34.20968246459961
91291987,2020,2020-08-25,9545,2020-08-15,1550,021173,NA,6,2,9,1900,0,1,3,NA,1,044,SR-18,238TH ST  E,2112,E,N,B,-,Y,NA,NA,18,NA,NA,NA,NA,NA,NA,Y,4,0,2,2,A,-,03,22350,NA,N,C,C,A,B,F,-,A,D,0,NA,NA,NA,NA,Y,NA,A,01,0,0,2,0,0,0,0,0,0,-,-,34.498470306396484,-117.69667053222656,LOS ANGELES,UNINCORPORATED,-117.69667053222656,34.498504638671875
9129201,2020,2020-08-13,1900,2020-05-07,1653,609620,1431,4,5,4,1937,0,0,0,NA,0,143T1,GLENDORA AV,TEMPLE AV,35,S,N,A,-,N,NA,NA,NA,NA,NA,NA,NA,NA,NA,N,3,0,1,2,A,-,07,21658,A,N,B,G,A,A,H,-,-,A,0,NA,Y,NA,NA,Y,NA,A,01,0,1,0,0,0,0,1,0,0,-,-,34.02791976928711,-117.95092010498048,LOS ANGELES,LA PUENTE,-117.95081329345705,34.027984619140625
91292032,2020,2020-08-25,9590,2020-08-24,0825,015982,NA,1,1,7,1942,0,1,1,NA,2,011,SR-110 S/B (ARROYO SECO PARKWAY),YALE ST PED O/C,100,N,N,A,-,Y,NA,NA,110,NA,NA,NA,NA,NA,S,Y,4,0,2,3,A,-,03,22350,NA,N,C,C,A,A,H,-,A,D,0,NA,NA,NA,NA,Y,NA,A,01,0,0,2,0,0,0,0,0,0,-,-,34.06753921508789,-118.23902893066406,LOS ANGELES,LOS ANGELES,-118.239013671875,34.06751251220703
91292044,2020,2020-08-25,9530,2020-07-15,1745,022421,NA,3,2,7,1942,0,1,1,NA,2,200,I-105 E/B (GLENN ANDERSON FWY),CENTRAL AVE.,1580,E,N,A,-,Y,NA,NA,105,NA,NA,NA,NA,NA,E,Y,3,0,2,4,A,-,06,21750,NA,F,C,C,A,A,H,-,A,D,0,NA,NA,NA,NA,Y,NA,A,01,0,1,1,0,0,0,0,0,0,-,-,33.928611755371094,-118.2485809326172,LOS ANGELES,LOS ANGELES,-118.2485809326172,33.928592681884766
91292066,2020,2020-08-25,9540,2020-03-14,1340,015381,NA,6,1,7,1942,0,1,1,NA,2,500,I-5 N/B (GOLDEN STATE FREEWAY),SAN FERNANDO MISSION BLVD.,50,S,N,B,C,Y,NA,NA,5,NA,NA,NA,NA,NA,N,N,4,0,1,3,A,-,16,29004,A,N,B,C,A,B,H,-,A,D,0,NA,NA,NA,NA,Y,NA,-,99,0,0,1,0,0,0,0,0,0,-,-,34.27666091918945,-118.45262145996094,LOS ANGELES,LOS ANGELES,-118.4526596069336,34.276615142822266
91292078,2020,2020-08-25,9550,2020-08-18,1445,021100,NA,2,2,6,1949,0,1,1,NA,2,651,I-605 N/B,CECILIA STREET,735,S,N,A,-,Y,NA,NA,605,NA,NA,NA,NA,NA,N,Y,4,0,1,3,A,-,03,22350,NA,N,C,C,A,A,H,-,A,D,0,NA,NA,NA,NA,Y,NA,A,08,0,0,1,0,0,0,0,0,0,-,-,33.93019104003906,-118.10227966308594,LOS ANGELES,NORWALK,-118.10218048095705,33.930137634277344
9129210,2020,2020-08-12,1948,2020-05-09,1644,405,19448,6,5,5,1948,0,0,0,NA,0,002,ATLANTIC BL,EMERSON AV,500,S,N,A,-,N,NA,NA,NA,NA,NA,NA,NA,NA,NA,Y,4,0,1,2,A,-,09,21804,A,N,A,C,A,A,H,-,A,A,0,NA,NA,NA,NA,Y,NA,-,NA,0,0,1,0,0,0,0,0,0,-,-,NA,NA,LOS ANGELES,MONTEREY PARK,-118.1343231201172,34.06473922729492
91292101,2020,2020-08-25,9530,2020-06-13,0015,021123,NA,6,3,9,1900,0,3,5,NA,2,001,ALAMEDA STREET (7800 BLOCK),NADEAU ST.,30,N,N,A,-,N,NA,NA,NA,NA,NA,NA,NA,NA,NA,N,2,0,1,2,A,-,11,21950,B,N,G,B,D,A,H,-,C,A,0,Y,NA,NA,NA,Y,NA,N,60,1,0,0,0,1,0,0,0,0,-,-,33.967559814453125,-118.23332977294922,LOS ANGELES,UNINCORPORATED,-118.23323822021484,33.967529296875
9129211,2020,2020-08-27,1948,2020-05-08,1707,455,1948,5,5,5,1948,0,0,0,NA,0,002,GARVEY AV NORTH,ALHAMBRA,16,W,N,A,-,N,NA,NA,NA,NA,NA,NA,NA,NA,NA,Y,4,0,1,2,A,-,09,21801,A,N,D,C,A,A,H,-,A,A,0,NA,NA,NA,NA,Y,NA,A,07,0,0,1,0,0,0,0,0,0,-,-,34.06243133544922,-118.13419342041016,LOS ANGELES,MONTEREY PARK,-118.11685180664064,34.062599182128906
9129212,2020,2020-08-27,1948,2020-05-28,1359,455,1948,4,5,5,1948,0,0,0,NA,0,002,ATLANTIC BL,EMERSON AV,174,N,N,A,-,N,NA,NA,NA,NA,NA,NA,NA,NA,NA,NA,4,0,2,3,A,-,03,22350,NA,N,C,C,A,A,H,-,A,A,0,NA,NA,NA,NA,Y,NA,A,07,0,0,2,0,0,0,0,0,0,-,-,NA,NA,LOS ANGELES,MONTEREY PARK,-118.13433074951172,34.066585540771484
91292122,2020,2020-08-25,9565,2020-08-14,2120,022442,NA,5,2,7,1942,0,1,1,NA,2,064,I-405 N/B,BEL AIR CREST RD,240,S,N,A,-,Y,NA,NA,405,NA,NA,NA,NA,NA,N,Y,4,0,1,1,A,-,08,22107,NA,N,B,I,A,A,H,-,D,D,0,NA,NA,NA,NA,Y,NA,A,01,0,0,1,0,0,0,0,0,0,-,-,34.10997009277344,-118.48119354248048,LOS ANGELES,LOS ANGELES,-118.48120880126952,34.109954833984375
91292123,2020,2020-08-25,9590,2020-08-07,1750,022428,NA,5,2,7,1942,0,1,1,NA,2,065,I-10 W/B (SANTA MONICE FREEWAY),SAN PEDRO STREET,100,W,N,A,-,Y,NA,NA,10,NA,NA,NA,NA,NA,W,N,4,0,1,2,A,-,03,22350,NA,F,C,C,A,A,H,-,A,D,0,NA,NA,NA,NA,Y,NA,A,01,0,0,1,0,0,0,0,0,0,-,-,34.02994918823242,-118.25643920898438,LOS ANGELES,LOS ANGELES,-118.25645446777344,34.0299186706543
91292128,2020,2020-08-25,9545,2020-08-15,2255,021640,NA,6,3,9,1900,0,3,5,NA,2,001,AVENUE G,SIERRA HIGHWAY,0,NA,Y,A,-,N,NA,NA,NA,NA,NA,NA,NA,NA,NA,Y,3,0,3,2,A,-,12,22450,A,N,D,C,A,A,H,-,D,A,0,NA,NA,NA,NA,Y,NA,A,01,0,2,1,0,0,0,0,0,0,-,-,34.7334098815918,-118.14228057861328,LOS ANGELES,UNINCORPORATED,-118.14222717285156,34.73337936401367
9129213,2020,2020-08-27,1948,2020-05-30,1120,455,1948,6,5,5,1948,0,0,0,NA,0,002,HELLMAN AV,LINCOLN AV,14,W,N,A,-,N,NA,NA,NA,NA,NA,NA,NA,NA,NA,Y,4,0,1,3,A,-,09,21802,A,N,D,E,A,A,H,-,A,A,0,NA,NA,NA,NA,Y,NA,A,01,0,0,1,0,0,0,0,0,0,-,-,34.06975173950195,-118.12081146240234,LOS ANGELES,MONTEREY PARK,-118.12088775634766,34.06977081298828
91292147,2020,2020-08-25,9530,2020-08-18,1615,022453,NA,2,2,7,1942,0,1,1,NA,2,120,I-110 S/B (HARBOR FREEWAY),PACIFIC COAST HWY.,1100,N,N,A,-,Y,NA,NA,110,NA,NA,NA,NA,NA,S,Y,4,0,1,2,A,-,03,22350,NA,F,C,C,A,A,H,-,A,D,0,NA,NA,NA,NA,Y,NA,A,01,0,0,1,0,0,0,0,0,0,-,-,33.793800354003906,-118.28399658203124,LOS ANGELES,LOS ANGELES,-118.28395080566406,33.79383087158203
91292148,2020,2020-08-25,9525,2020-08-17,1615,021931,NA,1,2,1,1934,0,1,1,NA,2,651,I-605 S/B (SAN GABRIEL RIVER FWY),ARROW HIGHWAY,3696,N,N,A,-,Y,NA,NA,605,NA,NA,NA,NA,NA,S,Y,3,0,2,2,D,-,00,NA,NA,N,B,C,A,A,H,-,A,D,0,NA,NA,NA,Y,Y,NA,-,-,0,1,1,0,0,0,0,0,0,-,-,34.1225700378418,-117.96826934814452,LOS ANGELES,IRWINDALE,-117.96827697753906,34.12257766723633
91292163,2020,2020-08-25,9590,2020-08-17,1550,021111,NA,1,2,7,1942,0,1,1,NA,2,061,I-10 W/B TO CRENSHAW BLVD (SMF),CRENSHAW BLVD,75,E,N,A,-,Y,NA,NA,10,NA,NA,NA,R,NA,W,Y,4,0,1,3,A,-,03,22350,NA,N,C,C,A,A,H,-,A,D,0,NA,NA,NA,NA,Y,NA,A,01,0,0,1,0,0,0,0,0,0,-,-,34.03548049926758,-118.33268737792967,LOS ANGELES,LOS ANGELES,-118.33268737792967,34.03548049926758
91292181,2020,2020-08-25,9590,2020-08-15,0930,021606,NA,6,1,7,1942,0,1,2,NA,2,071,US-101 S/B (HOLLYWOOD FREEWAY),VERMONT AVE,100,S,N,A,-,Y,NA,NA,101,NA,NA,NA,NA,NA,S,N,4,0,1,2,A,-,03,22350,NA,N,C,C,A,A,H,-,A,D,0,NA,NA,NA,NA,Y,NA,A,07,0,0,1,0,0,0,0,0,0,-,-,34.07915115356445,-118.29134368896484,LOS ANGELES,LOS ANGELES,-118.29134368896484,34.07914733886719
91292183,2020,2021-02-10,9540,2020-08-13,1445,021179,NA,4,2,7,1942,0,1,1,NA,1,503,I-5 S/B (GOLDEN STATE FREEWAY),I-5 SOUTHBOUND TRACK LANES,302,N,N,A,-,Y,NA,NA,5,NA,NA,NA,NA,NA,S,Y,2,0,3,2,A,-,07,21658,A,N,B,C,A,A,H,-,A,D,0,NA,NA,NA,NA,Y,NA,A,01,1,0,2,0,0,0,0,0,0,-,-,34.32460021972656,-118.50283050537108,LOS ANGELES,LOS ANGELES,-118.50274658203124,34.324703216552734
9129219,2020,2020-08-20,1941,2020-05-23,1015,10538,NA,6,5,7,1941,0,0,0,NA,0,901T,ATLANTIC AV,SOUTH ST,0,NA,Y,-,-,N,NA,NA,NA,NA,NA,NA,NA,NA,NA,Y,4,0,2,2,A,-,08,22107,NA,N,B,C,A,A,H,-,-,D,0,NA,NA,NA,NA,Y,NA,-,NA,0,0,2,0,0,0,0,0,0,-,-,NA,NA,LOS ANGELES,LONG BEACH,-118.18504333496094,33.86008071899414
9129220,2020,2020-08-12,1973,2020-05-18,1015,638,1973,1,5,1,1973,0,0,0,NA,0,001,S SANTA FE AV,E 48TH ST,285,S,N,C,-,N,NA,NA,NA,NA,NA,NA,NA,NA,NA,N,4,0,2,2,A,-,09,21804,A,N,D,C,A,B,H,-,A,A,0,NA,NA,NA,NA,Y,NA,A,01,0,0,2,0,0,0,0,0,0,-,-,NA,NA,LOS ANGELES,VERNON,-118.2302703857422,33.99973678588867
91292203,2020,2020-08-25,9545,2020-08-15,1250,018058,NA,6,1,6,1950,0,1,3,NA,2,021,SR-14 S/B,10TH ST WEST,320,S,N,B,-,Y,NA,NA,14,NA,NA,NA,NA,NA,S,Y,4,0,1,1,A,-,08,22107,NA,N,E,I,A,A,H,-,A,D,0,NA,NA,NA,NA,Y,NA,A,07,0,0,1,0,0,0,0,0,0,-,-,34.60456848144531,-118.14652252197266,LOS ANGELES,PALMDALE,-118.1466064453125,34.60445785522461
91292235,2020,2020-08-25,9545,2020-08-15,1415,021685,NA,6,2,6,1950,0,1,3,NA,2,021,SR-14 S/B,TECHNOLOGY DR,320,N,N,C,-,Y,NA,NA,14,NA,NA,NA,NA,NA,S,Y,4,0,1,2,A,-,03,22350,NA,N,C,C,A,B,H,-,A,D,0,NA,NA,NA,NA,Y,NA,A,01,0,0,1,0,0,0,0,0,0,-,-,34.59539031982422,-118.13526916503906,LOS ANGELES,PALMDALE,-118.1352767944336,34.59538650512695
9129225,2020,2020-08-06,1913,2020-06-22,1838,3977,01,1,5,4,1913,0,0,0,NA,0,001,INDIAN HILL BL,AUTO CENTER DR,47,N,N,A,-,N,NA,NA,NA,NA,NA,NA,NA,NA,NA,Y,4,0,1,3,A,-,03,22350,NA,N,C,C,A,A,H,-,A,A,0,NA,NA,NA,NA,Y,NA,A,01,0,0,1,0,0,0,0,0,0,-,-,NA,NA,LOS ANGELES,CLAREMONT,-117.7193603515625,34.080780029296875
91292253,2020,2020-08-25,9580,2020-08-23,1110,020983,NA,7,1,9,1900,0,3,5,NA,1,010,MULHOLLAND HWY.,LAS VIRGENES RD,50,E,N,A,-,N,NA,NA,NA,NA,NA,NA,NA,NA,NA,Y,3,0,1,2,A,-,09,21804,A,N,D,C,A,A,H,-,A,D,0,NA,NA,Y,NA,Y,NA,A,07,0,1,0,0,0,0,0,0,1,-,-,34.1043701171875,-118.71157073974608,LOS ANGELES,UNINCORPORATED,-118.71119689941406,34.10399627685547
9129226,2020,2020-08-06,1913,2020-06-23,1355,3906,25,2,5,4,1913,0,0,0,NA,0,002,ARROW HWY,MILLS AV,0,NA,Y,A,-,N,NA,NA,NA,NA,NA,NA,NA,NA,NA,Y,3,0,2,2,A,-,12,21453,A,N,D,A,A,A,H,-,A,A,0,NA,NA,NA,NA,Y,NA,A,01,0,2,0,0,0,0,0,0,0,-,-,NA,NA,LOS ANGELES,CLAREMONT,-117.70691680908205,34.092620849609375
91292276,2020,2020-12-21,9545,2020-08-15,2225,021819,NA,6,3,9,1900,0,3,5,NA,2,004,PALMDALE BLVD.,205TH ST E,645,E,N,B,-,N,NA,NA,NA,NA,NA,NA,NA,NA,NA,Y,4,0,1,1,A,-,03,22350,NA,N,F,A,A,D,C,G,D,D,0,NA,NA,Y,NA,Y,NA,C,02,0,0,1,0,0,0,0,0,1,-,-,34.57971954345703,-117.76101684570313,LOS ANGELES,UNINCORPORATED,-117.761474609375,34.579933166503906
91292280,2020,2020-08-25,9590,2020-08-15,0011,021998,NA,6,3,7,1942,0,1,2,NA,2,070,US-101 N/B (HOLLYWOOD FREEWAY),BENTON WAY,375,S,N,A,-,Y,NA,NA,NA,NA,NA,NA,NA,NA,NA,Y,3,0,1,1,A,-,08,22107,NA,N,E,I,A,A,H,-,C,D,0,NA,NA,NA,NA,Y,Y,A,01,0,1,0,0,0,0,0,0,0,-,-,34.07598876953125,-118.27287292480467,LOS ANGELES,LOS ANGELES,-118.27307891845705,34.074832916259766
91292287,2020,2020-08-25,9590,2020-08-17,1435,021757,NA,1,2,7,1942,0,1,1,NA,2,050,I-110 N/B (HARBOR FREEWAY),83RD ST,300,N,N,A,-,Y,NA,NA,110,NA,NA,NA,NA,NA,N,N,4,0,1,2,A,-,03,22350,NA,N,C,C,A,A,H,-,A,D,0,NA,NA,NA,NA,Y,NA,A,01,0,0,1,0,0,0,0,0,0,-,-,33.96503829956055,-118.28064727783205,LOS ANGELES,LOS ANGELES,-118.28073120117188,33.96503829956055
91292295,2020,2020-08-25,9535,2020-08-14,2354,022316,NA,5,3,5,1969,0,1,1,NA,2,074,I-710 N/B TO IMPERIAL HWY E/B,IMPERIAL HWY,505,S,N,A,-,Y,NA,NA,710,NA,NA,NA,R,NA,N,N,4,0,1,1,A,-,03,22350,NA,N,F,I,A,A,H,-,C,D,0,NA,NA,Y,NA,Y,NA,C,02,0,0,1,0,0,0,0,0,1,-,-,33.92932891845703,-118.17839813232422,LOS ANGELES,SOUTH GATE,-118.17839813232422,33.92932891845703
91292304,2020,2020-08-25,9590,2020-08-15,2035,022405,NA,6,2,7,1942,0,1,1,NA,2,021,I-10 W/B (SBF) TO US-101 N/B (SAF),EAST CESAR E CHAVEZ AVE.,325,W,N,A,-,Y,NA,NA,10,NA,NA,NA,R,NA,W,Y,4,0,1,2,A,-,08,22107,NA,F,C,C,A,A,H,-,C,D,0,NA,NA,NA,NA,Y,NA,-,99,0,0,1,0,0,0,0,0,0,-,-,34.05270004272461,-118.22408294677734,LOS ANGELES,LOS ANGELES,-118.22408294677734,34.05270004272461
91292308,2020,2020-08-25,9525,2020-08-18,0745,018761,NA,2,1,4,1946,0,1,1,NA,2,201,I-210 W/B (FOOTHILL FWY),MYRTLE AVE,2640,W,N,A,-,Y,NA,NA,210,NA,NA,NA,NA,NA,W,Y,4,0,1,2,A,-,03,22350,NA,N,C,C,A,A,H,-,A,D,0,NA,NA,NA,NA,Y,NA,A,01,0,0,1,0,0,0,0,0,0,-,-,34.13639831542969,-118.0093002319336,LOS ANGELES,MONROVIA,-118.0093231201172,34.13633346557617
91292311,2020,2020-08-25,9535,2020-08-13,1810,021772,NA,4,2,9,1900,0,1,1,NA,2,500,I-5 (SANTA ANA FREEWAY) N/B,INDIANA ST,490,S,N,A,-,Y,NA,NA,5,NA,NA,NA,NA,NA,N,Y,4,0,2,6,A,-,09,21804,A,N,B,C,A,A,H,-,A,D,0,NA,NA,NA,NA,Y,Y,A,01,0,0,2,0,0,0,0,0,0,-,-,34.020301818847656,-118.19055938720705,LOS ANGELES,UNINCORPORATED,-118.19055938720705,34.020225524902344