CASE_ID,ACCIDENT_YEAR,PROC_DATE,JURIS,COLLISION_DATE,COLLISION_TIME,OFFICER_ID,REPORTING_DISTRICT,DAY_OF_WEEK,CHP_SHIFT,POPULATION,CNTY_CITY_LOC,SPECIAL_COND,BEAT_TYPE,CHP_BEAT_TYPE,CITY_DIVISION_LAPD,CHP_BEAT_CLASS,BEAT_NUMBER,PRIMARY_RD,SECONDARY_RD,DISTANCE,DIRECTION,INTERSECTION,WEATHER_1,WEATHER_2,STATE_HWY_IND,CALTRANS_COUNTY,CALTRANS_DISTRICT,STATE_ROUTE,ROUTE_SUFFIX,POSTMILE_PREFIX,POSTMILE,LOCATION_TYPE,RAMP_INTERSECTION,SIDE_OF_HWY,TOW_AWAY,COLLISION_SEVERITY,NUMBER_KILLED,NUMBER_INJURED,PARTY_COUNT,PRIMARY_COLL_FACTOR,PCF_CODE_OF_VIOL,PCF_VIOL_CATEGORY,PCF_VIOLATION,PCF_VIOL_SUBSECTION,HIT_AND_RUN,TYPE_OF_COLLISION,MVIW,PED_ACTION,ROAD_SURFACE,ROAD_COND_1,ROAD_COND_2,LIGHTING,CONTROL_DEVICE,CHP_ROAD_TYPE,PEDESTRIAN_ACCIDENT,BICYCLE_ACCIDENT,MOTORCYCLE_ACCIDENT,TRUCK_ACCIDENT,NOT_PRIVATE_PROPERTY,ALCOHOL_INVOLVED,STWD_VEHTYPE_AT_FAULT,CHP_VEHTYPE_AT_FAULT,COUNT_SEVERE_INJ,COUNT_VISIBLE_INJ,COUNT_COMPLAINT_PAIN,COUNT_PED_KILLED,COUNT_PED_INJURED,COUNT_BICYCLIST_KILLED,COUNT_BICYCLIST_INJURED,COUNT_MC_KILLED,COUNT_MC_INJURED,PRIMARY_RAMP,SECONDARY_RAMP,LATITUDE,LONGITUDE,COUNTY,CITY,POINT_X,POINT_Y
91292331,2020,2020-08-25,9525,2020-08-24,1645,020907,NA,1,2,9,1900,0,2,4,NA,2,022,ARROW HIGHWAY (17000 BLOCK),LARK ELLEN AVE,50,E,N,A,-,N,NA,NA,NA,NA,NA,NA,NA,NA,NA,Y,4,0,2,3,A,-,03,22350,NA,N,C,C,A,A,H,-,A,A,0,NA,NA,NA,NA,Y,NA,A,01,0,0,2,0,0,0,0,0,0,-,-,34.10712814331055,-117.91629791259766,LOS ANGELES,UNINCORPORATED,-117.9169692993164,34.10689163208008
91292334,2020,2020-08-25,9530,2020-08-13,1719,021689,NA,4,2,6,1972,0,1,1,NA,2,400,I-405 S/B (SAN DIEGO FREEWAY),CRENSHAW BLVD.,300,N,N,A,-,Y,NA,NA,405,NA,NA,NA,NA,NA,S,N,3,0,1,2,A,-,03,22350,NA,N,B,C,A,A,H,-,A,D,0,NA,NA,Y,NA,Y,NA,C,02,0,1,0,0,0,0,0,0,1,-,-,33.86574935913086,-118.33071136474608,LOS ANGELES,TORRANCE,-118.33070373535156,33.86575698852539
9129234,2020,2020-08-07,1900,2020-06-11,1130,475312,0812,4,5,4,1960,0,0,0,NA,0,81D,EUCLA AV,WEST ARROW HWY,210,NA,N,A,-,N,NA,NA,NA,NA,NA,NA,NA,NA,NA,N,4,0,2,2,A,-,08,22107,NA,N,C,E,A,A,H,-,A,D,0,NA,NA,NA,NA,Y,NA,-,NA,0,0,2,0,0,0,0,0,0,-,-,NA,NA,LOS ANGELES,SAN DIMAS,-117.81645965576172,34.103458404541016
91292375,2020,2020-08-25,9540,2020-08-15,1845,021179,NA,6,2,6,1985,0,1,3,NA,1,144,SR-14 N/B (AVF) TO PLACERITA CANYON RD,PLACERITA CANYON RD,325,S,N,A,-,Y,NA,NA,14,NA,NA,NA,R,NA,N,Y,3,0,2,1,A,-,01,23152,A,F,E,I,A,A,H,-,A,D,0,NA,NA,NA,NA,Y,Y,D,22,0,2,0,0,0,0,0,0,0,-,-,34.37636947631836,-118.49304962158205,LOS ANGELES,SANTA CLARITA,-118.49304962158205,34.37636947631836
91292406,2020,2020-08-25,9535,2020-08-15,1800,022335,NA,6,2,9,1900,0,2,4,NA,2,014,CESAR E CHAVEZ AVE,ALMA AVENUE,0,NA,Y,A,-,N,NA,NA,NA,NA,NA,NA,NA,NA,NA,N,4,0,3,2,A,-,09,21802,A,N,D,C,A,A,H,-,A,A,0,NA,NA,NA,NA,Y,NA,A,01,0,0,3,0,0,0,0,0,0,-,-,34.04051971435547,-118.1913833618164,LOS ANGELES,UNINCORPORATED,-118.19140625,34.04050064086914
91292407,2020,2020-08-25,9430,2020-08-16,1655,021565,NA,7,2,9,1900,0,1,1,NA,2,051,I-5 S/B,GORMAN SCHOOL RD,4555,S,N,A,-,Y,NA,NA,5,NA,NA,NA,NA,NA,S,Y,2,0,3,1,A,-,08,22107,NA,N,F,I,A,A,H,-,A,D,0,NA,NA,NA,NA,Y,NA,A,07,2,1,0,0,0,0,0,0,0,-,-,34.792999267578125,-118.83824920654295,LOS ANGELES,UNINCORPORATED,-118.83822631835938,34.793128967285156
91292413,2020,2020-08-25,9545,2020-08-15,1609,021340,NA,6,2,9,1900,0,3,5,NA,2,004,PALMDALE BOULEVARD,105TH STREET EAST,0,NA,Y,B,-,N,NA,NA,NA,NA,NA,NA,NA,NA,NA,Y,4,0,1,2,D,-,00,NA,NA,N,B,C,A,A,H,-,A,D,0,NA,NA,NA,NA,Y,NA,-,-,0,0,1,0,0,0,0,0,0,-,-,34.579891204833984,-117.94281768798828,LOS ANGELES,UNINCORPORATED,-117.9428482055664,34.57991027832031
91292426,2020,2020-08-25,9545,2020-08-15,1440,021685,NA,6,2,6,1950,0,1,3,NA,2,021,SR-14 S/B FROM PALMDALE BLVD,PALMDALE BLVD,330,N,N,C,-,Y,NA,NA,14,NA,NA,NA,R,NA,S,Y,4,0,1,1,A,-,03,22350,NA,N,F,A,A,B,H,-,A,D,0,NA,NA,NA,NA,Y,NA,A,01,0,0,1,0,0,0,0,0,0,-,-,34.582271575927734,-118.13343811035156,LOS ANGELES,PALMDALE,-118.13343811035156,34.582271575927734
91292428,2020,2020-08-25,9535,2020-08-15,1820,022418,NA,6,2,5,1943,0,1,1,NA,2,105,I-105 (CENTURY FREEWAY) W/B,INTERSTATE 710 (LONG BEACH FREEWAY),1200,W,N,A,-,Y,NA,NA,105,NA,NA,NA,NA,NA,W,Y,4,0,3,5,A,-,03,22350,NA,N,B,C,A,A,H,-,A,D,0,NA,NA,NA,NA,Y,NA,A,07,0,0,3,0,0,0,0,0,0,-,-,33.91429901123047,-118.18393707275392,LOS ANGELES,LYNWOOD,-118.18392944335938,33.91434097290039
91292477,2020,2020-08-25,9550,2020-08-17,1800,020974,NA,1,2,9,1900,0,1,3,NA,2,600,SR-60 W/B,7TH AVENUE,150,E,N,A,-,Y,NA,NA,60,NA,NA,NA,NA,NA,W,Y,4,0,2,2,A,-,08,22107,NA,N,C,C,A,A,H,-,A,D,0,NA,NA,NA,NA,Y,NA,A,01,0,0,2,0,0,0,0,0,0,-,-,34.01906967163086,-117.9876708984375,LOS ANGELES,UNINCORPORATED,-117.98762512207033,34.01911163330078
91292509,2020,2020-08-25,9535,2020-08-16,1855,022342,NA,7,2,9,1900,0,1,3,NA,2,621,SR-60 (POMONA FREEWAY) W/B,ROSEMEAD BLVD,200,E,N,A,-,Y,NA,NA,60,NA,NA,NA,NA,NA,W,N,3,0,1,2,A,-,07,21658,A,M,B,C,A,A,D,-,B,D,0,NA,NA,NA,NA,Y,NA,-,99,0,1,0,0,0,0,0,0,0,-,-,34.04132843017578,-118.06333923339844,LOS ANGELES,UNINCORPORATED,-118.06333923339844,34.04139709472656
91292529,2020,2020-08-26,9550,2020-08-13,2035,022144,NA,4,2,9,1900,0,3,5,NA,2,001,ROCKNE AVENUE,WHITTIER BOULEVARD,60,S,N,A,-,N,NA,NA,NA,NA,NA,NA,NA,NA,NA,Y,4,0,1,2,A,-,08,22107,NA,N,B,E,A,A,H,-,C,D,0,NA,NA,NA,NA,Y,NA,A,01,0,0,1,0,0,0,0,0,0,-,-,33.990840911865234,-118.06582641601564,LOS ANGELES,UNINCORPORATED,-118.0656967163086,33.990882873535156
91292534,2020,2020-08-26,9550,2020-08-14,1545,021656,NA,5,2,6,1949,0,1,1,NA,2,501,INTERSTATE 5 N/B (SANTA ANA FREEWAY),ROSECRANS AVENUE,100,S,N,A,-,Y,NA,NA,5,NA,NA,NA,NA,NA,N,Y,4,0,1,2,A,-,03,22350,NA,N,C,C,A,A,H,-,A,D,0,NA,NA,NA,NA,Y,NA,A,07,0,0,1,0,0,0,0,0,0,-,-,33.90201187133789,-118.06137084960938,LOS ANGELES,NORWALK,-118.06121826171876,33.9022102355957
91292539,2020,2020-08-26,9565,2020-08-14,1555,021706,NA,5,2,7,1942,0,1,1,NA,2,083,I-10 E/B (SANTA MONICA FREEWAY),MOTOR AVE,200,E,N,A,-,Y,NA,NA,10,NA,NA,NA,NA,NA,E,N,4,0,1,2,A,-,03,22350,NA,N,C,C,A,A,H,-,A,D,0,NA,NA,NA,NA,Y,NA,A,08,0,0,1,0,0,0,0,0,0,-,-,34.030330657958984,-118.41036224365234,LOS ANGELES,LOS ANGELES,-118.4103546142578,34.03036117553711
91292541,2020,2020-08-26,9565,2020-08-15,2145,022056,NA,6,2,7,1942,0,1,1,NA,2,064,I-405 N/B,GETTY CENTER DRIVE,400,S,N,A,-,Y,NA,NA,405,NA,NA,NA,NA,NA,N,N,4,0,1,2,A,-,07,21658,A,N,B,C,A,A,H,-,D,D,0,NA,NA,NA,NA,Y,NA,A,01,0,0,1,0,0,0,0,0,0,-,-,34.087371826171875,-118.47496795654295,LOS ANGELES,LOS ANGELES,-118.47502136230467,34.087364196777344
91292563,2020,2020-08-26,9565,2020-08-16,2150,022097,NA,7,2,7,1942,0,1,1,NA,2,082,I-10 W/B,BUNDY DR,250,E,N,A,-,Y,NA,NA,10,NA,NA,NA,NA,NA,W,Y,3,0,1,1,A,-,08,22107,NA,N,E,I,A,A,H,-,C,D,0,NA,NA,NA,NA,Y,NA,A,01,0,1,0,0,0,0,0,0,0,-,-,34.02867126464844,-118.44857025146484,LOS ANGELES,LOS ANGELES,-118.44853973388672,34.02854919433594
91292566,2020,2020-08-26,9565,2020-08-16,1135,021759,NA,7,1,9,1900,0,3,5,NA,2,002,CENTURY BLVD,NORMANDIE AVE,3,E,N,A,-,N,NA,NA,NA,NA,NA,NA,NA,NA,NA,Y,3,0,1,3,A,-,08,22107,NA,F,D,C,A,A,H,-,A,A,0,NA,NA,NA,NA,Y,NA,A,01,0,1,0,0,0,0,0,0,0,-,-,33.945518493652344,-118.30010223388672,LOS ANGELES,UNINCORPORATED,-118.3002700805664,33.945491790771484
91292575,2020,2020-08-26,9565,2020-08-16,1330,022206,NA,7,1,9,1900,0,1,1,NA,2,063,I-405 N/B (SAN DIEGO FREEWAY),CONSTITUTION AVENUE,1050,S,N,A,-,Y,NA,NA,405,NA,NA,NA,NA,NA,N,Y,4,0,2,2,A,-,08,22107,NA,N,C,C,A,A,G,-,A,D,0,NA,NA,NA,NA,Y,NA,A,01,0,0,2,0,0,0,0,0,0,-,-,34.05792999267578,-118.453857421875,LOS ANGELES,UNINCORPORATED,-118.45381927490234,34.05796432495117
91292587,2020,2020-08-26,9580,2020-08-21,0410,020404,NA,5,3,9,1900,0,2,4,NA,1,127,LAS VIRGENES CANYON RD,CRAGS RD,515,N,N,A,-,N,NA,NA,NA,NA,NA,NA,NA,NA,NA,Y,3,0,1,1,A,-,01,23152,A,N,E,J,A,A,H,-,D,D,0,NA,NA,NA,NA,Y,Y,A,07,0,1,0,0,0,0,0,0,0,-,-,34.09756088256836,-118.71186065673828,LOS ANGELES,UNINCORPORATED,-118.711771,34.09756
91292592,2020,2020-08-26,9575,2020-08-14,1940,020763,NA,5,2,6,1953,0,1,1,NA,2,080,SR-710 (LONG BEACH FWY) TO ST. JOHN AVE,DEL MAR BLVD.,500,N,N,A,-,Y,NA,NA,710,NA,NA,NA,R,NA,NA,Y,3,0,1,1,A,-,01,23152,A,N,E,I,A,A,H,-,C,D,0,NA,NA,NA,NA,Y,Y,A,01,0,1,0,0,0,0,0,0,0,-,-,34.14265823364258,-118.15547943115234,LOS ANGELES,PASADENA,-118.15547943115234,34.14265823364258
91292632,2020,2020-08-26,9565,2020-08-16,0539,021648,NA,7,3,7,1942,0,1,1,NA,2,064,I-405 N/B,MORAGA AVE,170,N,N,A,-,Y,NA,NA,405,NA,NA,NA,NA,NA,N,Y,3,0,1,1,A,-,01,23152,A,N,E,I,A,A,H,-,B,D,0,NA,NA,NA,NA,Y,Y,A,01,0,1,0,0,0,0,0,0,0,-,-,34.078609466552734,-118.47110748291016,LOS ANGELES,LOS ANGELES,-118.47111511230467,34.0786018371582
91292636,2020,2020-08-26,9550,2020-08-15,2300,022426,NA,6,3,9,1900,0,2,4,NA,1,021,CARMENITA ROAD,SUNDANCE AVENUE,0,NA,Y,A,-,N,NA,NA,NA,NA,NA,NA,NA,NA,NA,N,4,0,2,2,A,-,09,21802,A,N,D,C,A,A,H,-,C,D,0,NA,NA,NA,NA,Y,NA,A,01,0,0,2,0,0,0,0,0,0,-,-,33.93492889404297,-118.04647064208984,LOS ANGELES,UNINCORPORATED,-118.04659271240234,33.93489074707031
91292658,2020,2020-08-26,9550,2020-08-20,1837,022164,NA,4,2,9,1900,0,2,4,NA,1,022,TELEGRAPH ROAD WESTBOUND,VALLEY VIEW AVENUE,225,W,N,A,-,N,NA,NA,NA,NA,NA,NA,NA,NA,NA,N,2,0,1,2,A,-,11,21954,A,N,G,B,D,A,H,-,A,D,0,Y,NA,NA,NA,Y,NA,N,60,1,0,0,0,1,0,0,0,0,-,-,33.928680419921875,-118.02963256835938,LOS ANGELES,UNINCORPORATED,-118.02959442138672,33.9284782409668
91292672,2020,2020-08-26,9550,2020-08-14,1715,021656,NA,5,2,4,1936,0,1,1,NA,2,501,INTERSTATE 5 N/B (SANTA ANA FREEWAY),VALLEY VIEW AVENUE,1500,S,N,A,-,Y,NA,NA,5,NA,NA,NA,NA,NA,N,N,4,0,1,2,A,-,03,22350,NA,N,C,C,A,A,H,-,A,D,0,NA,NA,NA,NA,Y,NA,D,22,0,0,1,0,0,0,0,0,0,-,-,33.882938385009766,-118.02632904052734,LOS ANGELES,LA MIRADA,-118.02639770507813,33.8828125
91292681,2020,2020-08-26,9580,2020-08-25,0630,020983,NA,2,1,7,1942,0,1,2,NA,2,103,US-101 S/B (VENTURA FREEWAY),BALBOA BLVD,100,S,N,A,-,Y,NA,NA,101,NA,NA,NA,NA,NA,S,Y,4,0,1,1,C,-,18,NA,NA,N,E,J,A,A,H,-,A,D,0,NA,NA,NA,NA,Y,NA,-,-,0,0,1,0,0,0,0,0,0,-,-,34.168739318847656,-118.49825286865234,LOS ANGELES,LOS ANGELES,-118.49828338623048,34.16868591308594
91292706,2020,2020-08-26,9565,2020-08-14,1415,021892,NA,5,2,7,1942,0,1,1,NA,2,061,I-405 N/B,HOWARD HUGHES PKY,500,N,N,A,-,Y,NA,NA,405,NA,NA,NA,NA,NA,N,Y,4,0,1,4,A,-,03,22350,NA,N,C,C,A,A,H,-,A,D,0,NA,NA,NA,NA,Y,NA,D,22,0,0,1,0,0,0,0,0,0,-,-,33.97697067260742,-118.38775634765624,LOS ANGELES,LOS ANGELES,-118.38775634765624,33.97697067260742
91292715,2020,2020-08-26,9530,2020-08-19,0611,018887,NA,3,1,9,1900,0,1,3,NA,2,310,SR-91 W/B (ARTESIA FREEWAY),SUSANA RD.,100,W,N,A,-,Y,NA,NA,91,NA,NA,NA,NA,NA,W,Y,3,0,2,2,A,-,03,22350,NA,N,C,C,A,A,H,-,A,D,0,NA,NA,NA,NA,Y,NA,A,01,0,1,1,0,0,0,0,0,0,-,-,33.873600006103516,-118.2072982788086,LOS ANGELES,UNINCORPORATED,-118.2072982788086,33.87361145019531
91292729,2020,2020-08-26,9530,2020-08-19,1825,022109,NA,3,2,9,1900,0,3,5,NA,2,002,134TH STREET (120 BLOCK),BROADWAY,528,E,N,A,-,N,NA,NA,NA,NA,NA,NA,NA,NA,NA,N,4,0,1,1,A,-,08,22107,NA,N,E,I,A,A,H,-,A,D,0,NA,NA,NA,NA,Y,NA,A,01,0,0,1,0,0,0,0,0,0,-,-,33.91041946411133,-118.27564239501952,LOS ANGELES,UNINCORPORATED,-118.27666473388672,33.910423278808594
91292752,2020,2020-08-26,9590,2020-08-15,1530,021667,NA,6,2,7,1942,0,1,1,NA,2,085,I-5 S/B (GOLDEN STATE FREEWAY),FLETCHER DRIVE,1000,N,N,A,-,Y,NA,NA,5,NA,NA,NA,NA,NA,S,N,4,0,2,2,A,-,03,22350,NA,N,C,C,A,A,H,-,A,D,0,NA,NA,NA,NA,Y,NA,A,01,0,0,2,0,0,0,0,0,0,-,-,34.10808181762695,-118.25875854492188,LOS ANGELES,LOS ANGELES,-118.2587661743164,34.10807418823242
91292758,2020,2020-08-26,9530,2020-08-18,1850,021310,NA,2,2,9,1900,0,3,5,NA,2,001,FLORENCE AVE (2600 BLOCK),SEVILLE AVE.,60,W,N,A,-,N,NA,NA,NA,NA,NA,NA,NA,NA,NA,N,3,0,1,2,A,-,11,21954,A,N,G,B,E,A,H,-,B,D,0,Y,NA,NA,NA,Y,NA,N,60,0,1,0,0,1,0,0,0,0,-,-,33.97385025024414,-118.22274780273438,LOS ANGELES,UNINCORPORATED,-118.22261810302734,33.973941802978516
91292811,2020,2020-08-26,9580,2020-08-22,2330,022080,NA,6,3,7,1942,0,1,1,NA,2,404,I-405 N/B (SAN DIEGO FWY),SEPULVEDA BLVD,500,S,N,A,-,Y,NA,NA,405,NA,NA,NA,NA,NA,N,Y,4,0,4,3,A,-,01,23152,A,N,C,C,A,A,H,-,D,D,0,NA,NA,NA,Y,Y,Y,A,01,0,0,4,0,0,0,0,0,0,-,-,34.14698028564453,-118.46996307373048,LOS ANGELES,LOS ANGELES,-118.47000122070313,34.147003173828125
91292816,2020,2020-08-26,9530,2020-08-17,1640,022377,NA,1,2,7,1942,0,1,1,NA,2,120,I-110 S/B (HARBOR FREEWAY),LOMITA BLVD.,1100,S,N,A,-,Y,NA,NA,110,NA,NA,NA,NA,NA,S,Y,3,0,3,4,D,-,00,NA,NA,N,B,C,A,A,H,-,A,D,0,NA,NA,NA,NA,Y,NA,-,-,0,1,2,0,0,0,0,0,0,-,-,33.79473876953125,-118.28468322753906,LOS ANGELES,LOS ANGELES,-118.28459167480467,33.7947998046875
91292823,2020,2020-08-26,9535,2020-08-15,2246,022263,NA,6,3,9,1900,0,3,5,NA,2,002,HILLVIEW AVE (400 BLOCK),EAGLE ST,170,N,N,A,-,N,NA,NA,NA,NA,NA,NA,NA,NA,NA,N,3,0,1,4,A,-,06,21750,NA,N,B,C,A,A,H,-,C,D,0,NA,NA,NA,NA,Y,NA,A,01,0,1,0,0,0,0,0,0,0,-,-,34.02756881713867,-118.15296173095705,LOS ANGELES,UNINCORPORATED,-118.153076171875,34.02717208862305
91292826,2020,2020-08-26,9550,2020-08-21,0940,019518,NA,5,1,5,1919,0,1,1,NA,2,652,I-605 SB TO SR-91 WB,SR-91,90,N,N,A,-,Y,NA,NA,605,NA,NA,NA,R,NA,S,Y,4,0,1,1,A,-,08,22107,NA,N,E,I,A,A,H,-,A,D,0,NA,NA,NA,NA,Y,NA,A,01,0,0,1,0,0,0,0,0,0,-,-,33.876800537109375,-118.10440063476564,LOS ANGELES,CERRITOS,-118.10440063476564,33.876800537109375
91292827,2020,2020-08-26,9535,2020-08-15,1510,022335,NA,6,2,9,1900,0,3,5,NA,2,001,FISHER STREET (4500 BLOCK),MCDONNELL AVE,152,W,N,A,-,N,NA,NA,NA,NA,NA,NA,NA,NA,NA,Y,2,0,1,2,A,-,09,21804,A,N,D,C,A,A,H,-,A,D,0,NA,NA,Y,NA,Y,NA,A,01,1,0,0,0,0,0,0,0,1,-,-,34.04328918457031,-118.16761779785156,LOS ANGELES,UNINCORPORATED,-118.16756439208984,34.04331588745117
91292829,2020,2020-08-26,9575,2020-08-11,0245,022429,NA,2,3,7,1942,0,1,1,NA,2,053,I-5 N/B (GOLDEN STATE FREEWAY),OSBORNE STREET,850,S,N,A,-,Y,NA,NA,5,NA,NA,NA,NA,NA,N,Y,3,0,1,2,A,-,03,22350,NA,N,C,C,A,A,C,-,D,D,0,NA,NA,NA,Y,Y,Y,G,25,0,1,0,0,0,0,0,0,0,-,-,34.243011474609375,-118.42034149169922,LOS ANGELES,LOS ANGELES,-118.42041015625,34.24293518066406
91292839,2020,2020-08-26,9590,2020-08-16,2012,022428,NA,7,2,7,1942,0,1,1,NA,2,053,I-110 S/B (HAF),PICO BLVD.,850,S,N,A,-,Y,NA,NA,110,NA,NA,NA,NA,NA,S,Y,3,0,1,1,A,-,08,22107,NA,N,E,I,A,A,H,-,C,D,0,NA,NA,NA,NA,Y,NA,A,01,0,1,0,0,0,0,0,0,0,-,-,34.0406608581543,-118.27407073974608,LOS ANGELES,LOS ANGELES,-118.27375793457033,34.04060363769531
91292851,2020,2020-08-26,9550,2020-08-21,2355,021532,NA,5,3,3,1964,0,1,1,NA,2,650,INTERSTATE 605 SOUTHBOUND,TELEGRAPH ROAD,300,N,N,A,-,Y,NA,NA,605,NA,NA,NA,NA,NA,S,N,4,0,1,2,A,-,03,22350,NA,N,C,C,A,A,D,-,C,A,0,NA,NA,NA,NA,Y,NA,A,01,0,0,1,0,0,0,0,0,0,-,-,33.95637130737305,-118.0881805419922,LOS ANGELES,SANTA FE SPRINGS,-118.08818817138672,33.95637130737305
91292869,2020,2020-08-26,9540,2020-08-17,1430,021374,NA,1,2,9,1900,0,1,1,NA,2,509,I-5 S/B (GOLDEN STATE FREEWAY),TEMPLIN HWY,5280,S,N,B,-,Y,NA,NA,5,NA,NA,NA,NA,NA,S,Y,4,0,1,1,A,-,03,22350,NA,N,E,J,A,A,H,-,A,D,0,NA,NA,NA,NA,Y,NA,A,07,0,0,1,0,0,0,0,0,0,-,-,34.55883026123047,-118.67791748046876,LOS ANGELES,UNINCORPORATED,-118.67786407470705,34.55891036987305
91292881,2020,2020-08-26,9545,2020-08-16,2010,021685,NA,7,2,9,1900,0,3,5,NA,1,006,AVENUE L-12,50TH ST  W,30,E,N,A,-,N,NA,NA,NA,NA,NA,NA,NA,NA,NA,Y,4,0,1,1,A,-,08,22107,NA,N,E,I,A,A,H,-,C,D,0,NA,NA,NA,NA,Y,NA,A,01,0,0,1,0,0,0,0,0,0,-,-,34.64931869506836,-118.2183074951172,LOS ANGELES,UNINCORPORATED,-118.218427,34.649233
91292897,2020,2020-08-26,9530,2020-08-19,1555,022438,NA,3,2,9,1900,0,3,5,NA,2,006,DEL AMO BLVD.,HAMILTON AVE.,0,NA,Y,A,-,N,NA,NA,NA,NA,NA,NA,NA,NA,NA,Y,4,0,2,2,A,-,01,23152,A,N,D,C,A,A,H,-,A,A,0,NA,NA,NA,NA,Y,Y,A,01,0,0,2,0,0,0,0,0,0,-,-,33.84627914428711,-118.28607940673828,LOS ANGELES,UNINCORPORATED,-118.28604888916016,33.84624099731445
91292902,2020,2020-08-26,9525,2020-08-21,2125,021443,NA,5,2,5,1906,0,1,1,NA,2,103,I-10 W/B (SAN BERNARDINO FWY),ATHOL STREET,500,E,N,A,-,Y,NA,NA,10,NA,NA,NA,NA,NA,W,Y,4,0,2,2,A,-,07,21658,A,N,B,C,A,A,H,-,C,D,0,NA,NA,NA,NA,Y,NA,A,01,0,0,2,0,0,0,0,0,0,-,-,34.06652069091797,-117.99124908447266,LOS ANGELES,BALDWIN PARK,-117.9912338256836,34.066368103027344
91292906,2020,2020-08-26,9545,2020-08-16,0220,021642,NA,7,3,9,1900,0,3,5,NA,2,003,ANTELOPE WOODS RD,WISCONSIN ST,140,E,N,A,-,N,NA,NA,NA,NA,NA,NA,NA,NA,NA,Y,2,0,1,1,A,-,03,22350,NA,N,E,I,A,A,H,-,D,A,0,NA,NA,NA,NA,Y,NA,A,01,1,0,0,0,0,0,0,0,0,-,-,34.4922981262207,-118.18438720703124,LOS ANGELES,UNINCORPORATED,-118.18505859375,34.49243927001953
91292916,2020,2020-10-01,9525,2020-07-29,1255,015445,NA,3,1,6,1975,0,1,1,NA,2,105,I-10 W/B (SAN BERNARDINO FWY),LARK ELLEN AVE.,1040,W,N,A,-,Y,NA,NA,10,NA,NA,NA,NA,NA,W,Y,1,1,1,2,A,-,01,23152,F,N,C,C,A,A,H,-,A,D,0,NA,NA,NA,Y,Y,NA,A,01,0,0,1,0,0,0,0,0,0,-,-,34.072410583496094,-117.9193115234375,LOS ANGELES,WEST COVINA,-117.9193115234375,34.07233810424805
91292936,2020,2020-08-26,9535,2020-08-16,1225,022319,NA,7,1,9,1900,0,2,4,NA,2,022,OLYMPIC BLVD.,SOUTH FORD BLVD.,0,NA,Y,A,-,N,NA,NA,NA,NA,NA,NA,NA,NA,NA,Y,4,0,1,2,A,-,12,21453,A,N,D,C,A,A,H,-,A,A,0,NA,NA,NA,NA,Y,NA,A,01,0,0,1,0,0,0,0,0,0,-,-,34.01897048950195,-118.17236328125,LOS ANGELES,UNINCORPORATED,-118.17240142822266,34.0189208984375
91292944,2020,2020-08-26,9535,2020-08-16,1405,022335,NA,7,2,5,1901,0,1,1,NA,2,420,I-10 (SAN BERNARDINO FREEWAY) E/B,ATLANTIC BLVD,400,E,N,A,-,Y,NA,NA,10,NA,NA,NA,NA,NA,E,Y,3,0,1,2,A,-,04,21703,NA,N,C,C,A,A,H,-,A,D,0,NA,NA,NA,NA,Y,NA,A,01,0,1,0,0,0,0,0,0,0,-,-,34.07126998901367,-118.13298797607422,LOS ANGELES,ALHAMBRA,-118.13298797607422,34.071327209472656
91292954,2020,2020-08-26,9590,2020-08-20,1605,021622,NA,4,2,7,1942,0,1,2,NA,2,043,US-101 S/B (SANTA ANA FREEWAY),7TH STREET,500,N,N,A,-,Y,NA,NA,101,NA,NA,NA,NA,NA,S,Y,3,0,1,2,A,-,03,22350,NA,N,C,C,A,A,H,-,A,D,0,NA,NA,NA,NA,Y,NA,A,07,0,1,0,0,0,0,0,0,0,-,-,34.03567886352539,-118.22178649902344,LOS ANGELES,LOS ANGELES,-118.22177886962892,34.035682678222656
91292955,2020,2020-08-26,9535,2020-08-16,2140,022269,NA,7,2,5,1906,0,1,1,NA,2,651,I-605 (SAN GABRIEL RIVER) S/B,VALLEY BLVD.,1000,N,N,A,-,Y,NA,NA,605,NA,NA,NA,NA,NA,S,Y,3,0,3,3,A,-,03,22350,NA,N,C,A,A,A,H,-,C,D,0,NA,NA,NA,NA,Y,NA,A,01,0,1,2,0,0,0,0,0,0,-,-,34.05712890625,-118.00274658203124,LOS ANGELES,BALDWIN PARK,-118.00282287597656,34.05717086791992
91292969,2020,2020-08-26,9535,2020-08-16,1520,022335,NA,7,2,5,1948,0,1,1,NA,2,421,I-10 (SAN BERNARDINO FREEWAY) W/B,I-710,650,E,N,A,-,Y,NA,NA,10,NA,NA,NA,NA,NA,W,N,4,0,1,2,A,-,07,21658,A,N,B,C,A,A,H,-,A,D,0,NA,NA,NA,NA,Y,NA,D,22,0,0,1,0,0,0,0,0,0,-,-,34.06201934814453,-118.16294097900392,LOS ANGELES,MONTEREY PARK,-118.16297149658205,34.06206512451172