CASE_ID,ACCIDENT_YEAR,PROC_DATE,JURIS,COLLISION_DATE,COLLISION_TIME,OFFICER_ID,REPORTING_DISTRICT,DAY_OF_WEEK,CHP_SHIFT,POPULATION,CNTY_CITY_LOC,SPECIAL_COND,BEAT_TYPE,CHP_BEAT_TYPE,CITY_DIVISION_LAPD,CHP_BEAT_CLASS,BEAT_NUMBER,PRIMARY_RD,SECONDARY_RD,DISTANCE,DIRECTION,INTERSECTION,WEATHER_1,WEATHER_2,STATE_HWY_IND,CALTRANS_COUNTY,CALTRANS_DISTRICT,STATE_ROUTE,ROUTE_SUFFIX,POSTMILE_PREFIX,POSTMILE,LOCATION_TYPE,RAMP_INTERSECTION,SIDE_OF_HWY,TOW_AWAY,COLLISION_SEVERITY,NUMBER_KILLED,NUMBER_INJURED,PARTY_COUNT,PRIMARY_COLL_FACTOR,PCF_CODE_OF_VIOL,PCF_VIOL_CATEGORY,PCF_VIOLATION,PCF_VIOL_SUBSECTION,HIT_AND_RUN,TYPE_OF_COLLISION,MVIW,PED_ACTION,ROAD_SURFACE,ROAD_COND_1,ROAD_COND_2,LIGHTING,CONTROL_DEVICE,CHP_ROAD_TYPE,PEDESTRIAN_ACCIDENT,BICYCLE_ACCIDENT,MOTORCYCLE_ACCIDENT,TRUCK_ACCIDENT,NOT_PRIVATE_PROPERTY,ALCOHOL_INVOLVED,STWD_VEHTYPE_AT_FAULT,CHP_VEHTYPE_AT_FAULT,COUNT_SEVERE_INJ,COUNT_VISIBLE_INJ,COUNT_COMPLAINT_PAIN,COUNT_PED_KILLED,COUNT_PED_INJURED,COUNT_BICYCLIST_KILLED,COUNT_BICYCLIST_INJURED,COUNT_MC_KILLED,COUNT_MC_INJURED,PRIMARY_RAMP,SECONDARY_RAMP,LATITUDE,LONGITUDE,COUNTY,CITY,POINT_X,POINT_Y
91305171,2020,2020-09-15,9580,2020-09-11,1950,019679,NA,5,2,7,1942,0,1,S,NA,2,580,I-405 N/B (SAN DIEGO FWY),ROSCOE BLVD,528,N,N,A,-,Y,NA,NA,405,NA,NA,NA,NA,NA,N,Y,4,0,1,3,A,-,07,21658,A,N,B,C,A,A,H,-,D,D,0,NA,NA,NA,NA,Y,NA,A,01,0,0,1,0,0,0,0,0,0,-,-,34.22650146484375,-118.472900390625,LOS ANGELES,LOS ANGELES,-118.47303771972656,34.22650146484375
91305182,2020,2021-01-27,9580,2020-09-14,1658,021852,NA,1,2,7,1942,0,1,1,NA,2,404,I-405 N/B (SAN DIEGO FWY),VENTURA BLVD,100,S,N,A,-,Y,NA,NA,405,NA,NA,NA,NA,NA,N,Y,4,0,1,2,A,-,06,21755,NA,N,C,C,A,A,H,-,A,D,0,NA,NA,Y,NA,Y,NA,C,02,0,0,1,0,0,0,0,0,1,-,-,34.15399169921875,-118.46800994873048,LOS ANGELES,LOS ANGELES,-118.46798706054688,34.15399169921875
91305224,2020,2020-09-15,9590,2020-09-01,1705,021492,NA,2,2,7,1942,0,1,1,NA,2,013,I-110 S/B (ARROYO SECO PKW),AVE 43,200,N,N,A,-,Y,NA,NA,110,NA,NA,NA,NA,NA,S,Y,4,0,2,4,A,-,07,21658,A,N,D,C,A,A,H,-,A,D,0,NA,NA,NA,NA,Y,NA,A,07,0,0,2,0,0,0,0,0,0,-,-,34.093929290771484,-118.20635986328124,LOS ANGELES,LOS ANGELES,-118.20631408691406,34.09392166137695
91305229,2020,2020-09-15,9535,2020-09-04,1018,022100,NA,5,1,6,1922,0,1,1,NA,2,401,I-10 (SAN BERNARDINO FREEWAY) W/B,I-605,895,W,N,A,-,Y,NA,NA,10,NA,NA,NA,NA,NA,W,N,4,0,1,2,A,-,07,21658,A,N,B,C,A,A,H,-,A,D,0,NA,NA,NA,Y,Y,NA,G,25,0,0,1,0,0,0,0,0,0,-,-,34.064788818359375,-118.00340270996094,LOS ANGELES,EL MONTE,-118.0033950805664,34.06475067138672
91305254,2020,2020-09-15,9525,2020-09-14,1744,020989,NA,1,2,9,1900,0,2,4,NA,2,023,LARK ELLEN AVE,PAYSON ST,0,NA,Y,A,-,N,NA,NA,NA,NA,NA,NA,NA,NA,NA,Y,3,0,2,2,A,-,09,21802,A,N,D,C,A,A,H,-,A,A,0,NA,NA,NA,NA,Y,NA,A,01,0,1,1,0,0,0,0,0,0,-,-,34.112918853759766,-117.91642761230467,LOS ANGELES,UNINCORPORATED,-117.91642761230467,34.112850189208984
91305267,2020,2020-09-15,9535,2020-09-06,2125,022414,NA,7,2,9,1900,0,1,1,NA,2,071,I-710 (LONG BEACH FREEWAY) S/B,OLYMPIC BLVD.,547,S,N,A,-,Y,NA,NA,710,NA,NA,NA,NA,NA,S,Y,4,0,1,2,A,-,03,22350,NA,N,C,C,A,A,H,-,C,D,0,NA,NA,NA,NA,Y,NA,A,01,0,0,1,0,0,0,0,0,0,-,-,34.01729965209961,-118.17363739013672,LOS ANGELES,UNINCORPORATED,-118.17352294921876,34.01730728149414
91305292,2020,2020-09-15,9530,2020-09-03,2020,022453,NA,4,2,9,1900,0,3,5,NA,2,002,ROSECRANS AVE.,MAIN ST.,0,NA,Y,A,-,N,NA,NA,NA,NA,NA,NA,NA,NA,NA,Y,4,0,2,2,A,-,01,23152,A,N,D,C,A,A,H,-,C,A,0,NA,NA,NA,NA,Y,Y,A,01,0,0,2,0,0,0,0,0,0,-,-,33.90190124511719,-118.2739028930664,LOS ANGELES,UNINCORPORATED,-118.27407836914064,33.90195083618164
91305306,2020,2020-09-15,9550,2020-09-11,1500,020861,NA,5,2,6,1949,0,1,1,NA,2,501,I-5 N/B (SANTA ANA FREEWAY),BLOOMFIELD AVENUE,200,N,N,A,-,Y,NA,NA,5,NA,NA,NA,NA,NA,N,N,4,0,1,3,A,-,03,22350,NA,N,C,C,A,A,D,-,A,D,0,NA,NA,NA,NA,Y,NA,A,07,0,0,1,0,0,0,0,0,0,-,-,33.905311584472656,-118.06522369384766,LOS ANGELES,NORWALK,-118.06521606445313,33.905311584472656
91305333,2020,2020-09-15,9535,2020-09-08,0705,016642,NA,2,1,3,1914,0,1,1,NA,2,500,I-5 N/B (SANTA ANA FREEWAY),I-710 N/B (LONG BEACH FREEWAY),71,S,N,B,-,Y,NA,NA,5,NA,NA,NA,NA,NA,N,Y,4,0,1,3,A,-,07,21658,A,N,B,C,A,A,H,-,A,D,0,NA,NA,NA,Y,Y,NA,A,01,0,0,1,0,0,0,0,0,0,-,-,34.015689849853516,-118.171630859375,LOS ANGELES,COMMERCE,-118.17159271240234,34.015769958496094
91305506,2020,2020-09-16,9590,2020-09-05,2200,022313,NA,6,3,7,1942,0,1,1,NA,2,052,I-110 NB (HARBOR FREEWAY),W 30TH ST,200,S,N,A,-,Y,NA,NA,110,NA,NA,NA,NA,NA,N,Y,4,0,6,2,A,-,03,22350,NA,N,C,C,A,A,H,-,C,D,0,NA,NA,NA,NA,Y,NA,A,01,0,0,6,0,0,0,0,0,0,-,-,34.024051666259766,-118.27626800537108,LOS ANGELES,LOS ANGELES,-118.27635955810548,34.02409744262695
91305527,2020,2020-09-29,9565,2020-09-06,2358,022437,NA,7,3,9,1900,0,2,4,NA,2,043,INGLEWOOD AVENUE,104TH STREET,476,N,N,A,-,N,NA,NA,NA,NA,NA,NA,NA,NA,NA,N,4,0,1,2,A,-,01,23152,A,N,D,C,A,A,H,-,C,D,0,NA,NA,NA,NA,Y,Y,A,01,0,0,1,0,0,0,0,0,0,-,-,33.94316864013672,-118.36142730712892,LOS ANGELES,UNINCORPORATED,-118.3613510131836,33.9431037902832
91305536,2020,2020-09-16,9575,2020-09-05,1750,021784,NA,6,2,6,1953,0,1,1,NA,2,063,I-210 W/B (FOOTHILL FREEWAY),ORANGE GROVE BLVD.,845,W,N,A,-,Y,NA,NA,210,NA,NA,NA,NA,NA,W,Y,4,0,2,2,A,-,03,22350,NA,N,C,C,A,A,H,-,A,D,0,NA,NA,NA,NA,Y,NA,A,01,0,0,2,0,0,0,0,0,0,-,-,34.15665054321289,-118.15799713134766,LOS ANGELES,PASADENA,-118.157958984375,34.15666198730469
91305603,2020,2020-09-16,9565,2020-09-05,0410,022251,NA,6,3,4,1918,0,1,1,NA,2,061,I-405 S/B (SAN DIEGO FREEWAY),CULVER BLVD.,500,N,N,A,-,Y,NA,NA,405,NA,NA,NA,NA,NA,S,Y,4,0,1,2,A,-,03,22350,NA,N,C,C,A,A,H,-,C,D,0,NA,NA,NA,NA,Y,NA,A,01,0,0,1,0,0,0,0,0,0,-,-,34.00477981567383,-118.41269683837892,LOS ANGELES,CULVER CITY,-118.41270446777344,34.00477600097656
91305609,2020,2020-09-16,9590,2020-09-05,0003,022313,NA,6,3,7,1942,0,1,1,NA,2,050,I-110 N/B (HARBOR FREEWAY),W 67TH ST,400,S,N,A,-,Y,NA,NA,110,NA,NA,NA,NA,NA,N,N,4,0,1,3,A,-,07,21658,A,M,B,C,A,A,H,-,C,D,0,NA,NA,NA,NA,Y,NA,-,99,0,0,1,0,0,0,0,0,0,-,-,33.97840881347656,-118.28069305419922,LOS ANGELES,LOS ANGELES,-118.28072357177734,33.97840881347656
91305618,2020,2020-09-16,9565,2020-09-06,0350,021453,NA,7,3,5,1965,0,1,3,NA,2,080,I-10 E/B (SANTA MONICA FWY),4TH ST.,10,W,N,A,-,Y,NA,NA,NA,NA,NA,NA,NA,NA,NA,Y,4,0,1,1,A,-,08,22107,NA,N,E,I,A,A,H,-,C,D,0,NA,NA,NA,NA,Y,Y,A,01,0,0,1,0,0,0,0,0,0,-,-,34.01251983642578,-118.49082946777344,LOS ANGELES,SANTA MONICA,-118.49051666259766,34.01245880126953
91305620,2020,2020-09-16,9535,2020-09-04,1150,022496,NA,5,1,9,1900,0,2,4,NA,2,022,OLYMPIC BLVD (6200 BLOCK),WESTSIDE DR,100,E,N,A,-,N,NA,NA,NA,NA,NA,NA,NA,NA,NA,Y,3,0,1,3,A,-,08,22107,NA,N,B,C,A,A,H,-,A,D,0,NA,NA,NA,Y,Y,Y,A,08,0,1,0,0,0,0,0,0,0,-,-,34.01239013671875,-118.13719940185548,LOS ANGELES,UNINCORPORATED,-118.13717651367188,34.01243209838867
91305624,2020,2020-09-16,9590,2020-09-06,2000,022417,NA,7,2,7,1942,0,1,2,NA,2,071,US-101 S/B (HOF),BENTON WAY,1000,N,N,A,-,Y,NA,NA,101,NA,NA,NA,NA,NA,S,Y,4,0,3,5,A,-,03,22350,NA,F,C,C,A,A,H,-,C,D,0,NA,NA,NA,NA,Y,NA,A,01,0,0,3,0,0,0,0,0,0,-,-,34.075199127197266,-118.27490234375,LOS ANGELES,LOS ANGELES,-118.2748794555664,34.075260162353516
91305662,2020,2020-09-16,9590,2020-09-05,1405,022431,NA,6,2,7,1942,0,1,1,NA,2,053,I-110 S/B (HAF) TO I-10 W/B (SMF),VENICE BLVD.,195,S,N,A,-,Y,NA,NA,110,NA,NA,NA,R,NA,S,Y,3,0,1,2,A,-,07,21658,A,F,B,C,A,A,H,-,A,D,0,NA,NA,Y,NA,Y,Y,C,02,0,1,0,0,0,0,0,0,1,-,-,34.0389518737793,-118.27500152587892,LOS ANGELES,LOS ANGELES,-118.27500152587892,34.0389518737793
91305708,2020,2020-09-16,9565,2020-09-04,1613,016074,NA,5,2,7,1942,0,1,1,NA,2,064,N/B I-405 FROM SKIRBALL CENTER DR,MULHOLLAND DR,800,S,N,A,-,Y,NA,NA,405,NA,NA,NA,R,NA,NA,Y,4,0,1,2,A,-,03,22350,NA,N,C,C,A,A,H,-,A,A,0,NA,NA,NA,NA,Y,NA,A,01,0,0,1,0,0,0,0,0,0,-,-,34.124908447265625,-118.47617340087892,LOS ANGELES,LOS ANGELES,-118.47617340087892,34.124908447265625
91305729,2020,2020-09-16,9565,2020-09-06,1150,021512,NA,7,1,9,1900,0,3,5,NA,2,003,LA BREA AVE,OVERHILL ST. / STOCKER ST.,0,NA,Y,A,-,N,NA,NA,NA,NA,NA,NA,NA,NA,NA,N,4,0,1,2,D,-,00,NA,NA,N,D,C,A,A,H,-,A,B,0,NA,NA,NA,NA,Y,NA,-,-,0,0,1,0,0,0,0,0,0,-,-,33.99711990356445,-118.35800170898438,LOS ANGELES,UNINCORPORATED,-118.357923,33.997093
91305785,2020,2020-09-16,9575,2020-09-09,2105,020918,NA,3,2,9,1900,0,3,5,NA,2,003,KAGEL CANYON RD. (11000 BLOCK),BLUE SAGE DR.,289,N,N,A,-,N,NA,NA,NA,NA,NA,NA,NA,NA,NA,Y,3,0,4,1,A,-,01,23152,A,N,E,I,A,A,H,-,A,D,0,NA,NA,NA,NA,Y,Y,A,01,0,2,2,0,0,0,0,0,0,-,-,34.296669006347656,-118.37635803222656,LOS ANGELES,UNINCORPORATED,-118.37723541259766,34.2938232421875
91305812,2020,2020-09-16,9430,2020-09-10,0728,021504,NA,4,1,9,1900,0,1,1,NA,2,051,I-5 NORTHBOUND,SR-138,4750,N,N,B,-,Y,NA,NA,5,NA,NA,NA,NA,NA,N,Y,4,0,1,1,A,-,08,22107,NA,N,E,I,A,A,H,-,A,D,0,NA,NA,NA,Y,Y,NA,F,26,0,0,1,0,0,0,0,0,0,-,-,34.77920913696289,-118.81420135498048,LOS ANGELES,UNINCORPORATED,-118.8143310546875,34.778995513916016
91305827,2020,2020-09-16,9550,2020-09-06,0105,021578,NA,7,3,3,1964,0,1,1,NA,2,651,I-605 N/B,CECILIA ST.,200,N,N,A,-,Y,NA,NA,NA,NA,NA,NA,NA,NA,NA,Y,4,0,1,2,A,-,01,23152,A,N,C,C,A,A,H,-,C,D,0,NA,NA,NA,NA,Y,Y,A,01,0,0,1,0,0,0,0,0,0,-,-,33.933170318603516,-118.10064697265624,LOS ANGELES,SANTA FE SPRINGS,-118.1010284423828,33.9325065612793
91305828,2020,2020-09-16,9590,2020-09-11,0600,015982,NA,5,1,7,1942,0,1,1,NA,2,052,I-110 N/B (HARBOR FREEWAY),28TH ST,100,N,N,A,-,Y,NA,NA,110,NA,NA,NA,NA,NA,N,Y,4,0,4,5,A,-,03,22350,NA,N,C,C,A,A,H,-,D,D,0,NA,NA,NA,NA,Y,NA,A,01,0,0,4,0,0,0,0,0,0,-,-,34.026039123535156,-118.2751007080078,LOS ANGELES,LOS ANGELES,-118.2751693725586,34.026084899902344
91305829,2020,2020-09-16,9580,2020-09-13,0840,017371,NA,7,1,7,1942,0,1,3,NA,2,117,SR-118 W/B (RONALD REAGAN FWY.),BALBOA BLVD,16,W,N,F,-,Y,NA,NA,118,NA,NA,NA,NA,NA,W,Y,4,0,1,1,C,-,18,NA,NA,N,E,I,A,A,H,-,A,D,0,NA,NA,NA,NA,Y,NA,-,-,0,0,1,0,0,0,0,0,0,-,-,34.2784309387207,-118.50238037109376,LOS ANGELES,LOS ANGELES,-118.50237274169922,34.278175354003906
91305843,2020,2020-09-16,9545,2020-09-14,0059,021360,NA,1,3,9,1900,0,1,3,NA,2,031,SR-14 S/B TO SIERRA HIGHWAY,SIERRA HWY,37,W,N,A,-,Y,NA,NA,14,NA,NA,NA,R,NA,S,Y,3,0,1,1,A,-,03,22350,NA,N,E,I,A,A,H,-,C,D,0,NA,NA,Y,NA,Y,NA,C,02,0,1,0,0,0,0,0,0,1,-,-,34.511348724365234,-118.1097412109375,LOS ANGELES,UNINCORPORATED,-118.1097412109375,34.511348724365234
91305844,2020,2020-09-16,9575,2020-09-06,0240,022110,NA,7,3,5,1902,0,1,1,NA,2,065,I-210 E/B (FOOTHILL FREEWAY),SANTA ANITA AVENUE,1320,W,N,A,-,Y,NA,NA,210,NA,NA,NA,NA,NA,E,Y,4,0,1,1,A,-,01,23152,A,N,E,I,A,A,H,-,D,D,0,NA,NA,NA,NA,Y,Y,A,01,0,0,1,0,0,0,0,0,0,-,-,34.14815139770508,-118.03595733642578,LOS ANGELES,ARCADIA,-118.03594970703124,34.14822769165039
91305862,2020,2020-09-16,9525,2020-09-04,2050,022455,NA,5,2,6,1955,0,1,3,NA,2,072,SR-71 N/B (CHINO VALLEY FWY),RIO RANCHO RD.,400,N,N,A,-,Y,NA,NA,71,NA,NA,NA,NA,NA,N,Y,3,0,1,1,A,-,07,21658,A,N,F,A,A,A,H,-,D,D,0,NA,NA,NA,NA,Y,NA,A,01,0,1,0,0,0,0,0,0,0,-,-,34.03276824951172,-117.75910949707033,LOS ANGELES,POMONA,-117.75911712646484,34.03276062011719
91305865,2020,2020-09-16,9590,2020-08-09,0150,022173,NA,7,3,7,1942,0,1,1,NA,2,052,I-110 N/B (HAF),EXPOSITION BLVD,130,N,N,A,-,Y,NA,NA,110,NA,NA,NA,NA,NA,N,Y,4,0,2,2,A,-,03,22350,NA,N,C,C,A,A,H,-,C,D,0,NA,NA,NA,NA,Y,Y,D,22,0,0,2,0,0,0,0,0,0,-,-,34.01911926269531,-118.27911376953124,LOS ANGELES,LOS ANGELES,-118.27919769287108,34.0191764831543
91305866,2020,2020-09-16,9540,2020-09-07,0158,021882,NA,1,3,9,1900,0,1,1,NA,2,507,I-5 S/B,CALGROVE BLVD,0.3,N,N,A,-,Y,NA,NA,5,NA,NA,NA,NA,NA,S,Y,2,0,2,1,A,-,08,22107,NA,N,E,I,A,A,H,-,A,D,0,NA,NA,NA,NA,Y,NA,A,01,1,1,0,0,0,0,0,0,0,-,-,34.367191314697266,-118.55814361572266,LOS ANGELES,UNINCORPORATED,-118.55811309814452,34.36721420288086
91305877,2020,2020-09-16,9580,2020-09-15,1835,019573,NA,2,2,9,1900,0,3,5,NA,1,010,DECKER CANYON ROAD,FOOSE RD,845,S,N,A,-,N,NA,NA,NA,NA,NA,NA,NA,NA,NA,Y,2,0,1,1,A,-,08,22107,NA,N,F,I,A,A,H,-,B,D,0,NA,NA,Y,NA,Y,NA,C,02,1,0,0,0,0,0,0,0,1,-,-,34.07279968261719,-118.88839721679688,LOS ANGELES,UNINCORPORATED,-118.88829040527344,34.07269287109375
91305883,2020,2020-09-16,9590,2020-08-09,0149,022173,NA,7,3,7,1942,0,1,1,NA,2,052,I-110 N/B (HAF),EXPOSITION BLVD,105,N,N,A,-,Y,NA,NA,110,NA,NA,NA,NA,NA,N,Y,2,0,2,3,A,-,01,23152,A,N,C,C,E,A,H,-,C,D,0,Y,NA,NA,NA,Y,Y,A,01,1,1,0,0,1,0,0,0,0,-,-,34.02008819580078,-118.27847290039064,LOS ANGELES,LOS ANGELES,-118.27857971191406,34.02015686035156
91305917,2020,2020-09-16,9590,2020-09-05,1314,021346,NA,6,1,7,1942,0,1,1,NA,2,085,I-5 S/B (GOLDEN STATE FREEWAY),FLETCHER DRIVE,300,N,N,A,-,Y,NA,NA,5,NA,NA,NA,NA,NA,S,Y,4,0,1,4,A,-,03,22350,NA,N,C,C,A,A,H,-,A,D,0,NA,NA,NA,Y,Y,NA,F,55,0,0,1,0,0,0,0,0,0,-,-,34.10708999633789,-118.25672912597656,LOS ANGELES,LOS ANGELES,-118.25673675537108,34.10707092285156
91305926,2020,2020-09-16,9565,2020-09-06,0044,022153,NA,7,3,7,1942,0,1,1,NA,2,064,I-405 N/B (SAN DIEGO FREEWAY),SKIRBALL CENTER DRIVE,800,S,N,A,-,Y,NA,NA,405,NA,NA,NA,NA,NA,N,Y,4,0,2,2,A,-,03,22350,NA,N,C,C,A,A,H,-,C,D,0,NA,NA,NA,NA,Y,Y,A,01,0,0,2,0,0,0,0,0,0,-,-,34.12070083618164,-118.47997283935548,LOS ANGELES,LOS ANGELES,-118.47997283935548,34.120704650878906
91305970,2020,2020-09-16,9550,2020-09-11,0910,018854,NA,5,1,9,1900,0,1,1,NA,2,650,I-605 S/B,TELEGRAPH ROAD,2640,N,N,A,-,Y,NA,NA,605,NA,NA,NA,NA,NA,S,Y,4,0,1,2,A,-,03,22350,NA,N,C,C,A,A,H,-,A,D,0,NA,NA,NA,NA,Y,NA,A,08,0,0,1,0,0,0,0,0,0,-,-,33.9992790222168,-118.06790924072266,LOS ANGELES,UNINCORPORATED,-118.06790924072266,33.9992790222168
91306004,2020,2020-09-16,9525,2020-09-10,1750,022455,NA,4,2,9,1900,0,3,5,NA,2,003,RICHBURN AVE.,RORIMER ST.,400,N,N,A,-,N,NA,NA,NA,NA,NA,NA,NA,NA,NA,Y,4,0,1,3,A,-,06,21750,NA,N,D,C,A,A,H,-,A,D,0,NA,NA,NA,NA,Y,NA,A,01,0,0,1,0,0,0,0,0,0,-,-,34.00822830200195,-117.89444732666016,LOS ANGELES,UNINCORPORATED,-117.89445495605467,34.00776672363281
91306014,2020,2020-09-16,9525,2020-09-14,1745,020370,NA,1,2,6,1955,0,1,3,NA,2,603,SR-60 W/B (POMONA FWY),PHILLIPS RANCH RD.,1000,W,N,A,-,Y,NA,NA,60,NA,NA,NA,NA,NA,W,Y,4,0,1,2,A,-,07,21658,A,F,B,C,A,A,H,-,A,D,0,NA,NA,NA,NA,Y,NA,A,07,0,0,1,0,0,0,0,0,0,-,-,34.02592849731445,-117.77704620361328,LOS ANGELES,POMONA,-117.77704620361328,34.025943756103516
91306034,2020,2020-09-16,9525,2020-09-09,1925,022455,NA,3,2,9,1900,0,3,5,NA,2,003,GRAND AVE,CAMERON AVE,200,S,N,A,-,N,NA,NA,NA,NA,NA,NA,NA,NA,NA,N,3,0,1,2,A,-,11,21956,NA,N,G,B,D,A,H,-,D,D,0,Y,NA,NA,NA,Y,NA,N,60,0,1,0,0,1,0,0,0,0,-,-,34.060848236083984,-117.868896484375,LOS ANGELES,UNINCORPORATED,-117.8688735961914,34.0609245300293
91306049,2020,2020-09-16,9535,2020-09-05,2115,022335,NA,6,2,9,1900,0,2,4,NA,2,022,OLYMPIC BLVD. (4100 BLOCK),GAGE AVE,173,E,N,A,-,N,NA,NA,NA,NA,NA,NA,NA,NA,NA,Y,4,0,1,3,A,-,01,23152,A,N,B,E,A,A,H,-,C,D,0,NA,NA,NA,NA,Y,Y,A,01,0,0,1,0,0,0,0,0,0,-,-,34.018978118896484,-118.18433380126952,LOS ANGELES,UNINCORPORATED,-118.18437957763672,34.01890182495117
91306050,2020,2020-09-16,9535,2020-09-06,0640,022100,NA,7,1,1,1932,0,1,1,NA,2,651,I-605 (SAN GABRIEL RIVER FREEWAY) S/B,SAN JOSE CREEK,2200,N,N,A,-,Y,NA,NA,605,NA,NA,NA,NA,NA,S,Y,3,0,1,1,A,-,08,22107,NA,N,E,I,A,A,H,-,A,D,0,NA,NA,NA,NA,Y,NA,A,01,0,1,0,0,0,0,0,0,0,-,-,34.04100036621094,-118.01519775390624,LOS ANGELES,INDUSTRY,-118.01519775390624,34.04098892211914
91306055,2020,2020-09-16,9535,2020-09-05,1727,022335,NA,6,2,9,1900,0,3,5,NA,2,002,E 6TH STREET,S ARIZONA AVENUE,0,NA,Y,A,-,N,NA,NA,NA,NA,NA,NA,NA,NA,NA,N,3,0,3,2,A,-,12,21453,A,N,D,C,A,A,H,-,A,A,0,NA,NA,NA,NA,Y,NA,A,01,0,1,2,0,0,0,0,0,0,-,-,34.02693176269531,-118.16549682617188,LOS ANGELES,UNINCORPORATED,-118.16551971435548,34.02690887451172
91306074,2020,2020-09-16,9535,2020-09-06,1825,022335,NA,7,2,9,1900,0,3,5,NA,2,001,ROWAN AVENUE,FLORAL DRIVE,0,NA,Y,A,-,N,NA,NA,NA,NA,NA,NA,NA,NA,NA,N,3,0,1,2,A,-,16,24002,A,N,D,C,A,A,H,-,A,D,0,NA,NA,NA,NA,Y,NA,B,08,0,1,0,0,0,0,0,0,0,-,-,34.04325866699219,-118.18711090087892,LOS ANGELES,UNINCORPORATED,-118.18707275390624,34.04317855834961
9130608,2020,2020-11-05,1953,2020-06-30,2052,9226,PASAD,2,5,6,1953,0,0,0,NA,0,002,ORANGE GROVE BL,LAKE AV,0,NA,Y,A,-,N,NA,NA,NA,NA,NA,NA,NA,NA,NA,Y,4,0,2,2,A,-,09,21801,A,N,A,C,A,A,H,-,C,A,0,NA,NA,NA,NA,Y,NA,A,01,0,0,2,0,0,0,0,0,0,-,-,NA,NA,LOS ANGELES,PASADENA,-118.1324462890625,34.15776824951172
9130609,2020,2020-11-05,1953,2020-06-25,1858,3301,1953,4,5,6,1953,0,0,0,NA,0,005,FAIR OAKS AV,WALNUT ST,0,NA,Y,A,-,N,NA,NA,NA,NA,NA,NA,NA,NA,NA,N,3,0,1,2,A,-,09,21801,A,F,D,G,A,A,H,-,B,A,0,NA,Y,NA,NA,Y,Y,A,01,0,1,0,0,0,0,1,0,0,-,-,NA,NA,LOS ANGELES,PASADENA,-118.15052032470705,34.149600982666016
9130610,2020,2020-11-05,1900,2020-06-30,1210,652863,1900,2,5,3,1994,0,0,0,NA,0,NPD,CANWOOD ST,KANAN RD,7,E,N,A,-,N,NA,NA,NA,NA,NA,NA,NA,NA,NA,Y,4,0,1,2,A,-,03,22350,NA,N,C,C,A,A,H,-,A,A,0,NA,NA,NA,NA,Y,NA,A,07,0,0,1,0,0,0,0,0,0,-,-,34.14902114868164,-118.76006317138672,LOS ANGELES,AGOURA HILLS,-118.76105499267578,34.14698028564453
91306102,2020,2020-09-17,9525,2020-09-11,1200,019121,NA,5,1,9,1900,0,3,5,NA,2,004,EVANWOOD AVENUE (800 BLOCK),AMAR ROAD,19,S,N,B,-,N,NA,NA,NA,NA,NA,NA,NA,NA,NA,N,4,0,1,2,A,-,21,22106,NA,F,B,C,A,A,H,-,A,A,0,NA,NA,NA,NA,Y,NA,A,07,0,0,1,0,0,0,0,0,0,-,-,34.043121337890625,-117.96041107177734,LOS ANGELES,UNINCORPORATED,-117.96036529541016,34.04322052001953
91306110,2020,2020-09-17,9525,2020-09-13,2245,021967,NA,7,3,9,1900,0,2,4,NA,2,045,VALLEY BLVD (17000 BLOCK),ALDERTON AVE,50,E,N,A,-,N,NA,NA,NA,NA,NA,NA,NA,NA,NA,Y,4,0,1,2,A,-,07,21658,A,N,B,C,A,A,H,-,C,A,0,NA,NA,NA,NA,Y,NA,A,01,0,0,1,0,0,0,0,0,0,-,-,34.007110595703125,-117.91251373291016,LOS ANGELES,UNINCORPORATED,-117.91256713867188,34.00697326660156
91306138,2020,2020-09-17,9590,2020-09-05,1745,022428,NA,6,2,7,1942,0,1,1,NA,2,065,I-10 W/B (HARBOR FREEWAY),TRINITY STREET,130,E,N,A,-,Y,NA,NA,10,NA,NA,NA,NA,NA,W,Y,4,0,1,1,A,-,08,22107,NA,F,E,I,A,A,H,-,A,D,0,NA,NA,NA,NA,Y,NA,A,01,0,0,1,0,0,0,0,0,0,-,-,34.03023910522461,-118.2573013305664,LOS ANGELES,LOS ANGELES,-118.25726318359376,34.03031539916992
91306139,2020,2020-09-17,9590,2020-09-03,2120,021667,NA,4,2,7,1942,0,1,1,NA,2,080,I-5 N/B (GOLDEN STATE FREEWAY),N. STATE STREET,200,N,N,A,-,Y,NA,NA,5,NA,NA,NA,NA,NA,N,Y,4,0,1,2,A,-,03,22350,NA,N,C,C,A,A,C,-,C,D,0,NA,NA,NA,NA,Y,NA,D,22,0,0,1,0,0,0,0,0,0,-,-,34.053070068359375,-118.21401977539064,LOS ANGELES,LOS ANGELES,-118.21401214599608,34.053070068359375