CASE_ID,ACCIDENT_YEAR,PROC_DATE,JURIS,COLLISION_DATE,COLLISION_TIME,OFFICER_ID,REPORTING_DISTRICT,DAY_OF_WEEK,CHP_SHIFT,POPULATION,CNTY_CITY_LOC,SPECIAL_COND,BEAT_TYPE,CHP_BEAT_TYPE,CITY_DIVISION_LAPD,CHP_BEAT_CLASS,BEAT_NUMBER,PRIMARY_RD,SECONDARY_RD,DISTANCE,DIRECTION,INTERSECTION,WEATHER_1,WEATHER_2,STATE_HWY_IND,CALTRANS_COUNTY,CALTRANS_DISTRICT,STATE_ROUTE,ROUTE_SUFFIX,POSTMILE_PREFIX,POSTMILE,LOCATION_TYPE,RAMP_INTERSECTION,SIDE_OF_HWY,TOW_AWAY,COLLISION_SEVERITY,NUMBER_KILLED,NUMBER_INJURED,PARTY_COUNT,PRIMARY_COLL_FACTOR,PCF_CODE_OF_VIOL,PCF_VIOL_CATEGORY,PCF_VIOLATION,PCF_VIOL_SUBSECTION,HIT_AND_RUN,TYPE_OF_COLLISION,MVIW,PED_ACTION,ROAD_SURFACE,ROAD_COND_1,ROAD_COND_2,LIGHTING,CONTROL_DEVICE,CHP_ROAD_TYPE,PEDESTRIAN_ACCIDENT,BICYCLE_ACCIDENT,MOTORCYCLE_ACCIDENT,TRUCK_ACCIDENT,NOT_PRIVATE_PROPERTY,ALCOHOL_INVOLVED,STWD_VEHTYPE_AT_FAULT,CHP_VEHTYPE_AT_FAULT,COUNT_SEVERE_INJ,COUNT_VISIBLE_INJ,COUNT_COMPLAINT_PAIN,COUNT_PED_KILLED,COUNT_PED_INJURED,COUNT_BICYCLIST_KILLED,COUNT_BICYCLIST_INJURED,COUNT_MC_KILLED,COUNT_MC_INJURED,PRIMARY_RAMP,SECONDARY_RAMP,LATITUDE,LONGITUDE,COUNTY,CITY,POINT_X,POINT_Y
91317858,2020,2020-10-05,9535,2020-09-25,1445,022335,NA,5,2,9,1900,0,2,4,NA,2,011,FLORAL DRIVE,EASTERN AVE,0,NA,Y,A,-,N,NA,NA,NA,NA,NA,NA,NA,NA,NA,N,4,0,1,2,A,-,09,21801,A,F,D,C,A,A,H,-,A,A,0,NA,NA,NA,NA,Y,NA,-,99,0,0,1,0,0,0,0,0,0,-,-,34.04420852661133,-118.17359161376952,LOS ANGELES,UNINCORPORATED,-118.1736297607422,34.04418182373047
91317865,2020,2020-10-05,9550,2020-09-23,1741,017511,NA,3,2,9,1900,0,3,5,NA,2,005,GALLIO AVE,AGUIRO ST,0,NA,Y,A,-,N,NA,NA,NA,NA,NA,NA,NA,NA,NA,Y,3,0,1,2,A,-,12,22450,A,N,D,C,A,A,H,-,A,A,0,NA,NA,NA,NA,Y,NA,A,07,0,1,0,0,0,0,0,0,0,-,-,33.972801208496094,-117.9025421142578,LOS ANGELES,UNINCORPORATED,-117.90251922607422,33.972808837890625
91317879,2020,2020-10-05,9525,2020-10-02,1430,021224,NA,5,2,6,1975,0,1,1,NA,2,106,I-10 E/B (SAN BERNARDINO FWY),AZUSA AVE,100,E,N,A,-,Y,NA,NA,10,NA,NA,NA,NA,NA,E,N,4,0,1,2,A,-,03,22350,NA,N,C,C,A,A,H,-,A,D,0,NA,NA,NA,NA,Y,NA,A,01,0,0,1,0,0,0,0,0,0,-,-,34.07202911376953,-117.90711975097656,LOS ANGELES,WEST COVINA,-117.90711975097656,34.072052001953125
91317887,2020,2020-10-05,9535,2020-09-25,1530,022335,NA,5,2,9,1900,0,2,4,NA,2,022,OLYMPIC BOULEVARD,BONNIE BEACH PLACE,0,NA,Y,A,-,N,NA,NA,NA,NA,NA,NA,NA,NA,NA,N,4,0,2,2,A,-,09,21801,A,N,A,C,A,A,H,-,A,D,0,NA,NA,NA,NA,Y,NA,A,07,0,0,2,0,0,0,0,0,0,-,-,34.01884078979492,-118.1813507080078,LOS ANGELES,UNINCORPORATED,-118.18132019042967,34.0189094543457
91317889,2020,2020-10-05,9525,2020-09-27,1604,021224,NA,7,2,9,1900,0,3,5,NA,2,005,MOUNT BALDY RD.,FIRST TUNNEL,235,S,N,A,-,N,NA,NA,NA,NA,NA,NA,NA,NA,NA,Y,2,0,1,2,A,-,03,22350,NA,N,B,C,A,A,H,-,A,D,0,NA,NA,Y,NA,Y,NA,C,02,1,0,0,0,0,0,0,0,1,-,-,34.19990158081055,-117.67585754394533,LOS ANGELES,UNINCORPORATED,NA,NA
91317899,2020,2020-10-05,9525,2020-09-28,1755,020989,NA,1,2,9,1900,0,3,5,NA,2,005,MT. BALDY RD.,SHINN RD,2112,N,N,A,-,N,NA,NA,NA,NA,NA,NA,NA,NA,NA,Y,3,0,1,2,A,-,09,21804,A,N,C,C,A,A,H,-,A,A,0,NA,NA,Y,NA,Y,NA,A,01,0,1,0,0,0,0,0,0,1,-,-,34.18156051635742,-117.67771911621094,LOS ANGELES,UNINCORPORATED,-117.67756652832033,34.18072509765625
91317927,2020,2020-10-05,9525,2020-09-29,1634,021224,NA,2,2,9,1900,0,1,1,NA,2,105,I-10 W/B (SAN BERNARDINO FWY),HOLT AVE,1584,E,N,A,-,Y,NA,NA,10,NA,NA,NA,NA,NA,W,Y,4,0,1,4,A,-,03,22350,NA,N,C,C,A,A,D,E,A,D,0,NA,NA,NA,NA,Y,NA,A,08,0,0,1,0,0,0,0,0,0,-,-,34.068359375,-117.860107421875,LOS ANGELES,UNINCORPORATED,-117.860107421875,34.06838607788086
91317936,2020,2020-10-05,9525,2020-09-30,0117,020632,NA,3,3,9,1900,0,1,1,NA,2,108,I-10 E/B (SAN BERNARDINO FWY),VIA VERDE AVE,1056,E,N,A,-,Y,NA,NA,10,NA,NA,NA,NA,NA,E,Y,3,0,2,2,A,-,07,21658,A,N,C,C,A,A,D,E,D,D,0,NA,NA,NA,NA,Y,NA,A,01,0,1,1,0,0,0,0,0,0,-,-,34.06526184082031,-117.83001708984376,LOS ANGELES,UNINCORPORATED,-117.82998657226564,34.06531524658203
91317943,2020,2020-10-05,9535,2020-09-29,1700,022414,NA,2,2,9,1900,0,2,4,NA,2,022,OLYMPIC BLVD.,ARIZONA AVE.,0,NA,Y,A,-,N,NA,NA,NA,NA,NA,NA,NA,NA,NA,N,3,0,1,2,A,-,09,21801,A,N,D,G,A,A,H,-,A,A,0,NA,Y,NA,NA,Y,NA,A,01,0,1,0,0,0,0,1,0,0,-,-,34.0184211730957,-118.16837310791016,LOS ANGELES,UNINCORPORATED,-118.16831970214844,34.01836013793945
91317962,2020,2020-10-05,9590,2020-09-21,2000,022417,NA,1,2,7,1942,0,1,1,NA,2,063,I-10 W/B (SMF),FIGUEROA STREET,1000,W,N,A,-,Y,NA,NA,10,NA,NA,NA,NA,NA,W,Y,4,0,2,2,A,-,07,21658,A,N,B,C,A,A,H,-,A,D,0,NA,NA,NA,NA,Y,NA,A,01,0,0,2,0,0,0,0,0,0,-,-,34.03810119628906,-118.27940368652344,LOS ANGELES,LOS ANGELES,-118.27940368652344,34.03813552856445
91317965,2020,2020-10-05,9590,2020-09-18,1615,022401,NA,5,2,7,1942,0,1,2,NA,2,070,US-101 N/B (SAF) TO I-110 (HAF),GRAND AVENUE,60,N,N,A,-,Y,NA,NA,101,NA,NA,NA,R,NA,N,Y,4,0,1,1,A,-,03,22350,NA,N,F,A,A,A,H,-,A,D,0,NA,NA,Y,NA,Y,NA,C,02,0,0,1,0,0,0,0,0,1,-,-,34.05944061279297,-118.24555206298828,LOS ANGELES,LOS ANGELES,-118.24555206298828,34.05944061279297
91317981,2020,2020-10-06,9550,2020-09-29,1720,020974,NA,2,2,3,1964,0,1,1,NA,2,650,I-605 N/B,TELEGRAPH ROAD,1500,N,N,A,-,Y,NA,NA,605,NA,NA,NA,NA,NA,N,Y,4,0,1,2,A,-,03,22350,NA,N,C,C,A,A,H,-,A,D,0,NA,NA,NA,NA,Y,NA,A,01,0,0,1,0,0,0,0,0,0,-,-,33.953590393066406,-118.0896224975586,LOS ANGELES,SANTA FE SPRINGS,-118.08956146240234,33.953556060791016
91318003,2020,2020-10-06,9540,2020-09-26,1745,021179,NA,6,2,9,1900,0,2,4,NA,2,012,PICO CANYON ROAD,CONSTITUTION AVENUE,0,NA,Y,A,-,N,NA,NA,NA,NA,NA,NA,NA,NA,NA,Y,2,0,4,2,A,-,17,21451,A,N,D,C,A,A,H,-,A,D,0,NA,NA,NA,NA,Y,NA,A,07,1,2,1,0,0,0,0,0,0,-,-,34.38180923461914,-118.57552337646484,LOS ANGELES,UNINCORPORATED,-118.57550048828124,34.38188934326172
91318013,2020,2020-10-06,9590,2020-09-24,1742,021492,NA,4,2,7,1942,0,1,1,NA,2,082,I-5 N/B (GOLDEN STATE FREEWAY),BROADWAY,100,N,N,A,-,Y,NA,NA,5,NA,NA,NA,NA,NA,N,N,4,0,1,3,A,-,07,21658,A,M,B,C,A,A,H,-,A,D,0,NA,NA,NA,NA,Y,NA,-,99,0,0,1,0,0,0,0,0,0,-,-,34.07332992553711,-118.21923065185548,LOS ANGELES,LOS ANGELES,-118.21922302246094,34.07332992553711
91318018,2020,2020-10-06,9540,2020-10-04,1150,019721,NA,7,1,9,1900,0,1,3,NA,1,138,SR-138 (LANCASTER FREEWAY),WEST FORK RD.,25,W,N,A,-,Y,NA,NA,138,NA,NA,NA,NA,NA,NA,Y,4,0,1,4,A,-,03,22350,NA,N,C,C,A,A,H,-,A,D,0,NA,NA,NA,NA,Y,NA,A,07,0,0,1,0,0,0,0,0,0,-,-,34.772220611572266,-118.7597885131836,LOS ANGELES,UNINCORPORATED,-118.75987243652344,34.77201843261719
91318035,2020,2020-10-06,9525,2020-09-27,0730,020552,NA,7,1,1,1932,0,1,3,NA,2,601,SR-60 W/B (POMONA FWY),LEMON AVE,400,W,N,A,-,N,NA,NA,60,NA,NA,NA,NA,NA,W,Y,4,0,1,1,A,-,08,22107,NA,N,E,I,A,A,H,-,A,D,0,NA,NA,NA,NA,Y,NA,A,07,0,0,1,0,0,0,0,0,0,-,-,33.99872970581055,-117.85643005371094,LOS ANGELES,INDUSTRY,-117.85641479492188,33.99863052368164
91318038,2020,2020-10-06,9525,2020-09-27,1630,021505,NA,7,2,5,1906,0,1,1,NA,2,103,I-10 WB TO FRANCISQUITO AVE,GARVEY AVE,20,S,N,A,-,Y,NA,NA,10,NA,NA,NA,R,NA,W,Y,3,0,1,1,A,-,03,22350,NA,N,E,I,A,A,H,-,A,D,0,NA,NA,NA,NA,Y,NA,A,01,0,1,0,0,0,0,0,0,0,-,-,34.069480895996094,-117.97115325927734,LOS ANGELES,BALDWIN PARK,-117.97115325927734,34.069480895996094
91318040,2020,2020-10-06,9530,2020-09-26,2335,021059,NA,6,3,5,1977,0,1,1,NA,2,410,I-405 S/B (SAN DIEGO FREEWAY),DEL AMO BLVD.,1000,N,N,A,-,Y,NA,NA,405,NA,NA,NA,NA,NA,S,Y,3,0,1,1,A,-,08,22107,NA,N,E,I,A,A,H,-,C,D,0,NA,NA,NA,NA,Y,NA,A,01,0,1,0,0,0,0,0,0,0,-,-,33.8496208190918,-118.27528381347656,LOS ANGELES,CARSON,-118.27531433105467,33.849571228027344
91318042,2020,2020-10-06,9580,2020-09-27,2113,022015,NA,7,2,7,1942,0,1,1,NA,2,405,I-405 S/B TO US-101 N/B,HASKELL AVE,900,E,N,A,-,Y,NA,NA,405,NA,NA,NA,R,NA,S,Y,4,0,2,2,A,-,03,22350,NA,N,C,C,A,A,H,-,D,D,0,NA,NA,NA,NA,Y,NA,A,07,0,0,2,0,0,0,0,0,0,-,-,34.163021087646484,-118.4709930419922,LOS ANGELES,LOS ANGELES,-118.4709930419922,34.163021087646484
91318049,2020,2020-10-06,9565,2020-09-24,0745,016943,NA,4,1,9,1900,0,3,5,NA,2,006,SEPULVEDA BLVD,OHIO AVE.,950,N,N,A,-,N,NA,NA,NA,NA,NA,NA,NA,NA,NA,Y,2,0,1,3,A,-,08,22107,NA,N,C,E,A,A,H,-,A,D,0,NA,NA,NA,NA,Y,NA,A,01,1,0,0,0,0,0,0,0,0,-,-,34.052711486816406,-118.44847106933594,LOS ANGELES,UNINCORPORATED,-118.4484634399414,34.05250549316406
91318054,2020,2020-10-06,9530,2020-09-27,1530,022453,NA,7,2,9,1900,0,3,5,NA,2,001,BELL AVENUE (7600 BLOCK),76TH PLACE,185,S,N,A,-,N,NA,NA,NA,NA,NA,NA,NA,NA,NA,N,4,0,1,2,A,-,09,21804,A,M,D,C,A,A,H,-,A,D,0,NA,NA,NA,NA,Y,NA,A,01,0,0,1,0,0,0,0,0,0,-,-,33.9704704284668,-118.23887634277344,LOS ANGELES,UNINCORPORATED,-118.23893737792967,33.97049331665039
91318057,2020,2020-10-06,9530,2020-09-24,1020,021610,NA,4,1,9,1900,0,3,5,NA,2,002,WILMINGTON AVE.,122ND ST.,0,NA,Y,A,-,N,NA,NA,NA,NA,NA,NA,NA,NA,NA,Y,3,0,3,3,A,-,09,21802,A,N,D,C,A,A,H,-,A,D,0,NA,NA,NA,NA,Y,NA,A,01,0,2,1,0,0,0,0,0,0,-,-,33.55181121826172,-118.1420669555664,LOS ANGELES,UNINCORPORATED,-118.23915100097656,33.92168045043945
91318080,2020,2020-10-06,9550,2020-09-27,1020,019939,NA,7,1,6,1949,0,1,1,NA,2,500,INTERSTATE 5 (SANTA ANA FREEWAY) N/B,IMPERIAL HIGHWAY,500,N,N,A,-,Y,NA,NA,5,NA,NA,NA,NA,NA,N,N,4,0,1,4,A,-,03,22350,NA,N,C,C,A,A,H,-,A,D,0,NA,NA,NA,NA,Y,NA,A,01,0,0,1,0,0,0,0,0,0,-,-,33.918479919433594,-118.08061981201172,LOS ANGELES,NORWALK,-118.08069610595705,33.91843032836914
91318089,2020,2020-10-06,9550,2020-09-26,0220,022474,NA,6,3,3,1964,0,1,1,NA,2,501,INTERSTATE 5 (SANTA ANA FREEWAY),VALLEY VIEW AVENUE,25,N,N,A,-,Y,NA,NA,5,NA,NA,NA,NA,NA,NA,Y,4,0,1,2,A,-,03,22350,NA,N,C,C,A,A,H,-,C,D,0,NA,NA,Y,NA,Y,NA,A,01,0,0,1,0,0,0,0,0,0,-,-,33.88454818725586,-118.0290985107422,LOS ANGELES,SANTA FE SPRINGS,-118.02921295166016,33.88433837890625
91318091,2020,2020-10-06,9550,2020-09-27,0950,019939,NA,7,1,6,1920,0,1,1,NA,2,500,INTERSTATE 5 (SANTA ANA FREEWAY) N/.B,PIONEER BOULEVARD,900,N,N,A,-,Y,NA,NA,NA,NA,NA,NA,NA,NA,NA,Y,4,0,1,3,A,-,03,22350,NA,N,C,C,A,A,H,-,A,D,0,NA,NA,NA,NA,Y,NA,A,01,0,0,1,0,0,0,0,0,0,-,-,33.92247009277344,-118.08377838134766,LOS ANGELES,DOWNEY,NA,NA
91318093,2020,2020-10-06,9530,2020-09-26,0855,022120,NA,6,1,5,1943,0,1,1,NA,2,200,I-105 W/B (GLENN ANDERSON FWY),BULLIS RD.,285,E,N,A,-,Y,NA,NA,NA,NA,NA,NA,NA,NA,NA,Y,4,0,1,1,A,-,08,22107,NA,N,E,I,A,A,H,-,A,D,0,NA,NA,NA,NA,Y,NA,A,01,0,0,1,0,0,0,0,0,0,-,-,33.20294189453125,-118.20294189453124,LOS ANGELES,LYNWOOD,-118.20118713378906,33.921207427978516
91318097,2020,2020-10-06,9530,2020-09-25,1523,022302,NA,5,2,7,1942,0,1,1,NA,2,120,I-110 N/B TO PACIFIC COAST HIGHWAY,PACIFIC COAST HWY.,290,S,N,A,-,Y,NA,NA,110,NA,NA,NA,R,NA,N,Y,3,0,1,1,A,-,03,22350,NA,N,E,I,A,A,H,-,A,D,0,NA,NA,NA,NA,Y,Y,A,01,0,1,0,0,0,0,0,0,0,-,-,33.789581298828125,-118.28102111816406,LOS ANGELES,LOS ANGELES,-118.28102111816406,33.789581298828125
9131810,2020,2020-10-08,1967,2020-07-24,1356,150,NA,5,5,2,1967,0,0,0,NA,0,SOUTH,TEMPLE AV,HILL,127,S,N,A,-,N,NA,NA,NA,NA,NA,NA,NA,NA,NA,N,3,0,1,2,A,-,05,21202,A,N,H,G,A,A,H,-,A,D,0,NA,Y,NA,NA,Y,NA,L,04,0,1,0,0,0,0,1,0,0,-,-,NA,NA,LOS ANGELES,SIGNAL HILL,-118.158935546875,33.7967529296875
91318112,2020,2020-10-06,9590,2020-09-19,1820,022404,NA,6,2,7,1942,0,1,1,NA,2,083,I-5 S/B (GOLDEN STATE FREEWAY),NEWELL ST,1300,S,N,A,-,Y,NA,NA,5,NA,NA,NA,NA,NA,S,N,3,0,1,2,A,-,07,21658,A,F,B,C,A,A,H,-,A,D,0,NA,NA,Y,NA,Y,NA,-,99,0,1,0,0,0,0,0,0,1,-,-,34.09619903564453,-118.24462890625,LOS ANGELES,LOS ANGELES,-118.24465942382813,34.09617233276367
91318135,2020,2020-10-06,9530,2020-08-06,2345,020726,NA,4,3,7,1941,0,1,1,NA,2,073,I-710 S/B (LONG BEACH FREEWAY),ANAHEIM ST.,20,S,N,A,-,Y,NA,NA,710,NA,NA,NA,NA,NA,S,Y,3,0,1,2,A,-,03,22350,NA,F,C,C,A,A,H,-,C,D,0,NA,NA,NA,NA,Y,Y,A,01,0,1,0,0,0,0,0,0,0,-,-,33.782501220703125,-118.20760345458984,LOS ANGELES,LONG BEACH,-118.20779418945313,33.782508850097656
91318139,2020,2020-10-06,9565,2020-09-24,0950,019872,NA,4,1,4,1918,0,1,1,NA,2,061,I-405 N/B,JEFFERSON BLVD,50,N,N,A,-,Y,NA,NA,405,NA,NA,NA,NA,NA,N,Y,3,0,1,3,A,-,03,22350,NA,N,C,C,A,A,H,-,A,D,0,NA,NA,NA,NA,Y,NA,D,22,0,1,0,0,0,0,0,0,0,-,-,33.98802185058594,-118.3991928100586,LOS ANGELES,CULVER CITY,-118.3991928100586,33.988014221191406
91318140,2020,2020-10-06,9530,2020-09-26,1635,022454,NA,6,2,9,1900,0,3,5,NA,2,001,COMPTON AVE.,76TH ST.,0,NA,Y,A,-,N,NA,NA,NA,NA,NA,NA,NA,NA,NA,N,4,0,1,2,A,-,12,22450,A,M,D,C,A,A,H,-,A,A,0,NA,NA,NA,NA,Y,NA,-,99,0,0,1,0,0,0,0,0,0,-,-,33.971168518066406,-118.24771118164064,LOS ANGELES,UNINCORPORATED,-118.24768829345705,33.97174072265625
91318158,2020,2020-10-06,9565,2020-09-24,2140,021658,NA,4,2,7,1942,0,1,1,NA,2,082,I-10 E/B (SANTA MONICA FWY.),MANNING AVE.,500,W,N,A,-,Y,NA,NA,10,NA,NA,NA,NA,NA,E,Y,3,0,1,1,A,-,08,22107,NA,N,E,I,A,A,H,-,D,D,0,NA,NA,NA,NA,Y,NA,A,01,0,1,0,0,0,0,0,0,0,-,-,34.02988815307617,-118.4073486328125,LOS ANGELES,LOS ANGELES,-118.4073486328125,34.02993392944336
91318164,2020,2020-10-06,9550,2020-09-24,1933,020551,NA,4,2,9,1900,0,2,4,NA,1,021,CARMENITA ROAD,MEYER ROAD,40,S,N,A,-,N,NA,NA,NA,NA,NA,NA,NA,NA,NA,N,2,0,1,2,A,-,11,21954,A,N,G,B,D,A,H,-,C,D,0,Y,NA,NA,NA,Y,NA,N,60,1,0,0,0,1,0,0,0,0,-,-,33.9251708984375,-118.04663848876952,LOS ANGELES,UNINCORPORATED,-118.04659271240234,33.92549133300781
91318177,2020,2020-10-06,9550,2020-09-28,2055,020688,NA,1,2,1,1932,0,1,3,NA,2,602,STATE ROUTE 60 E/B TO FAIRWAY DR.,FAIRWAY DRIVE,300,W,N,A,-,Y,NA,NA,60,NA,NA,NA,R,NA,E,N,3,0,1,2,A,-,11,21954,A,N,G,B,E,A,H,-,C,D,0,Y,NA,NA,NA,Y,NA,N,60,0,1,0,0,1,0,0,0,0,-,-,33.995460510253906,-117.87159729003906,LOS ANGELES,INDUSTRY,-117.87159729003906,33.995460510253906
91318191,2020,2020-10-06,9590,2020-09-25,1930,022431,NA,5,2,7,1942,0,1,1,NA,2,052,I-110 N/B (HARBOR FREEWAY),28TH STREET,50,N,N,A,-,Y,NA,NA,110,NA,NA,NA,NA,NA,N,Y,4,0,2,2,A,-,07,21658,A,M,C,C,A,A,H,-,C,D,0,NA,NA,NA,NA,Y,Y,-,99,0,0,2,0,0,0,0,0,0,-,-,34.02595901489258,-118.275146484375,LOS ANGELES,LOS ANGELES,-118.27522277832033,34.026004791259766
91318206,2020,2020-10-06,9540,2020-09-21,1215,014339,NA,1,1,9,1900,0,3,5,NA,2,300,QUINCY ST. (2700 BLOCK),CAMBRIDGE AVE,154,E,N,A,-,N,NA,NA,NA,NA,NA,NA,NA,NA,NA,Y,4,0,1,2,A,-,08,22107,NA,N,B,C,A,A,H,-,A,D,0,NA,NA,NA,NA,Y,NA,A,07,0,0,1,0,0,0,0,0,0,-,-,34.4529914855957,-118.61920166015624,LOS ANGELES,UNINCORPORATED,-118.61923217773438,34.45289993286133
91318208,2020,2020-10-06,9590,2020-09-25,0745,016230,NA,5,1,7,1942,0,1,1,NA,2,040,I-5 NB SAF,LORENA STREET,150,N,N,A,-,Y,NA,NA,5,NA,NA,NA,NA,NA,N,N,4,0,1,2,A,-,03,22350,NA,N,C,C,A,A,H,-,A,D,0,NA,NA,NA,NA,Y,NA,D,22,0,0,1,0,0,0,0,0,0,-,-,34.02473068237305,-118.20361328125,LOS ANGELES,LOS ANGELES,-118.20362854003906,34.02468490600586
91318216,2020,2020-10-06,9535,2020-09-26,2130,022250,NA,6,2,4,1907,0,1,1,NA,2,072,I-710 (LONG BEACH FREEWAY) N/B,SLAUSON AVE,600,S,N,A,-,Y,NA,NA,710,NA,NA,NA,NA,NA,N,Y,2,0,1,1,A,-,01,23152,A,N,E,I,A,A,H,-,C,D,0,NA,NA,NA,NA,Y,Y,A,01,1,0,0,0,0,0,0,0,0,-,-,33.98487091064453,-118.16812133789064,LOS ANGELES,BELL,-118.16866302490234,33.98466491699219
9131822,2020,2020-10-05,1942,2020-07-15,1905,40388,1999,3,5,7,1942,0,0,0,NA,0,19A75,WOODMAN AV,ROSCOE BL,293,S,N,A,-,N,NA,NA,NA,NA,NA,NA,NA,NA,NA,Y,2,0,1,2,A,-,09,21804,A,N,D,C,A,A,H,-,A,A,0,NA,NA,Y,NA,Y,NA,A,01,1,0,0,0,0,0,0,0,1,-,-,NA,NA,LOS ANGELES,LOS ANGELES,-118.43268585205078,34.220882415771484
9131823,2020,2020-10-07,1942,2020-07-06,0420,44333,1761,1,5,7,1942,0,0,0,Q,0,17A23,CANOGA AV,PLUMMER,57,N,N,A,-,N,NA,NA,NA,NA,NA,NA,NA,NA,NA,Y,4,0,2,1,A,-,-,NA,NA,N,A,I,A,A,H,-,C,D,0,NA,NA,NA,NA,Y,NA,A,01,0,0,2,0,0,0,0,0,0,-,-,NA,NA,LOS ANGELES,LOS ANGELES,-118.59764099121094,34.24287414550781
91318232,2020,2020-10-06,9530,2020-09-11,1645,022377,NA,5,2,7,1942,0,1,1,NA,2,120,I-110 S/B (HARBOR FREEWAY),OFARRELL STREET,510,N,N,A,-,Y,NA,NA,110,NA,NA,NA,NA,NA,S,Y,3,0,2,2,A,-,03,22350,NA,F,D,C,A,A,H,-,A,D,0,NA,NA,NA,NA,Y,NA,A,01,0,1,1,0,0,0,0,0,0,-,-,33.74742126464844,-118.29151153564452,LOS ANGELES,LOS ANGELES,-118.29151153564452,33.7474250793457
91318265,2020,2020-10-06,9590,2020-09-25,1237,015985,NA,5,1,7,1942,0,1,1,NA,2,085,I-5 S/B (GSF) TO GLENDALE BLVD.,HYPERION AVENUE,450,N,N,A,-,Y,NA,NA,5,NA,NA,NA,R,NA,S,Y,2,0,1,1,A,-,03,22350,NA,N,E,I,A,A,H,-,A,D,0,NA,NA,Y,NA,Y,NA,C,02,1,0,0,0,0,0,0,0,1,-,-,34.113399505615234,-118.26789855957033,LOS ANGELES,LOS ANGELES,-118.26789855957033,34.113399505615234
91318288,2020,2020-10-06,9530,2020-09-26,1850,022454,NA,6,2,9,1900,0,3,5,NA,2,001,SLAUSON AVE. (1100 BLOCK),CENTRAL AVE.,26,E,N,A,-,N,NA,NA,NA,NA,NA,NA,NA,NA,NA,Y,4,0,1,3,A,-,01,23152,A,M,B,C,A,A,H,-,C,A,0,NA,NA,NA,NA,Y,Y,A,01,0,0,1,0,0,0,0,0,0,-,-,33.98933029174805,-118.25627136230467,LOS ANGELES,UNINCORPORATED,-118.25637817382813,33.989341735839844
9131829,2020,2020-10-08,1941,2020-07-12,1816,11524,NA,7,5,7,1941,0,0,0,NA,0,NA,HARDING ST,WALNUT AV,0,NA,Y,A,-,N,NA,NA,NA,NA,NA,NA,NA,NA,NA,N,3,0,1,2,A,-,09,21801,A,F,D,G,A,A,H,-,A,D,0,NA,Y,NA,NA,Y,NA,A,NA,0,1,0,0,0,0,1,0,0,-,-,NA,NA,LOS ANGELES,LONG BEACH,-118.17352294921876,33.86737060546875
9131830,2020,2020-10-07,1941,2020-07-12,1800,11560,NA,7,5,7,1941,0,0,0,NA,0,NA,EAST 2ND ST,BAY SHORE AV,0,NA,Y,A,-,N,NA,NA,NA,NA,NA,NA,NA,NA,NA,N,2,0,1,2,D,-,00,NA,NA,N,B,G,A,A,H,-,A,A,0,NA,Y,NA,NA,Y,NA,-,-,1,0,0,0,0,0,1,0,0,-,-,NA,NA,LOS ANGELES,LONG BEACH,-118.13018798828124,33.75828170776367
9131831,2020,2020-10-05,1941,2020-07-13,1329,11530,NA,1,5,7,1941,0,0,0,NA,0,NA,ATLANTIC AV,WILLOW ST,0,NA,Y,A,-,N,NA,NA,NA,NA,NA,NA,NA,NA,NA,Y,4,0,1,2,A,-,12,21453,A,N,F,C,A,A,H,-,A,A,0,NA,NA,NA,NA,Y,NA,A,NA,0,0,1,0,0,0,0,0,0,-,-,NA,NA,LOS ANGELES,LONG BEACH,-118.18502807617188,33.804481506347656
91318318,2020,2020-10-06,9590,2020-09-27,2300,018529,NA,7,3,7,1942,0,1,1,NA,2,062,I-10 E/B COLLECTOR,VERMONT AVE.,150,W,N,B,-,Y,NA,NA,10,NA,NA,NA,NA,NA,E,N,4,0,1,2,A,-,03,22350,NA,F,C,C,A,A,H,-,C,D,0,NA,NA,NA,NA,Y,NA,A,01,0,0,1,0,0,0,0,0,0,-,-,34.03670883178711,-118.29222869873048,LOS ANGELES,LOS ANGELES,-118.29222869873048,34.03684616088867
9131832,2020,2020-10-05,1941,2020-07-12,1801,11358,NA,7,5,7,1941,0,0,0,NA,0,NA,3RD ST,FALCON AV,0,NA,Y,A,-,N,NA,NA,NA,NA,NA,NA,NA,NA,NA,N,3,0,1,2,A,-,05,21202,A,N,H,G,A,A,H,-,A,D,0,NA,Y,NA,NA,Y,NA,L,NA,0,1,0,0,0,0,1,0,0,-,-,NA,NA,LOS ANGELES,LONG BEACH,-118.17295837402344,33.76966857910156
91318321,2020,2020-10-15,9550,2020-09-24,0535,019939,NA,4,3,5,1919,0,1,3,NA,2,092,STATE ROUTE 91 WESTBOUND,SHOEMAKER AVENUE,765,W,N,A,-,Y,NA,NA,91,NA,NA,NA,NA,NA,W,Y,4,0,1,2,A,-,08,22107,NA,N,C,E,A,A,H,-,C,D,0,NA,NA,NA,Y,Y,NA,G,25,0,0,1,0,0,0,0,0,0,-,-,33.871150970458984,-118.0568389892578,LOS ANGELES,CERRITOS,-118.05695343017578,33.8709831237793
9131833,2020,2020-10-05,1941,2020-07-12,1603,11533,NA,7,5,7,1941,0,0,0,NA,0,NA,ANAHEIM ST,HOFFMAN AV,0,NA,Y,A,-,N,NA,NA,NA,NA,NA,NA,NA,NA,NA,N,4,0,1,2,A,-,05,21650,1,N,D,G,A,A,H,-,A,C,0,NA,Y,NA,NA,Y,NA,-,NA,0,0,1,0,0,0,1,0,0,-,-,NA,NA,LOS ANGELES,LONG BEACH,-118.1736297607422,33.78261184692383