CASE_ID,ACCIDENT_YEAR,PROC_DATE,JURIS,COLLISION_DATE,COLLISION_TIME,OFFICER_ID,REPORTING_DISTRICT,DAY_OF_WEEK,CHP_SHIFT,POPULATION,CNTY_CITY_LOC,SPECIAL_COND,BEAT_TYPE,CHP_BEAT_TYPE,CITY_DIVISION_LAPD,CHP_BEAT_CLASS,BEAT_NUMBER,PRIMARY_RD,SECONDARY_RD,DISTANCE,DIRECTION,INTERSECTION,WEATHER_1,WEATHER_2,STATE_HWY_IND,CALTRANS_COUNTY,CALTRANS_DISTRICT,STATE_ROUTE,ROUTE_SUFFIX,POSTMILE_PREFIX,POSTMILE,LOCATION_TYPE,RAMP_INTERSECTION,SIDE_OF_HWY,TOW_AWAY,COLLISION_SEVERITY,NUMBER_KILLED,NUMBER_INJURED,PARTY_COUNT,PRIMARY_COLL_FACTOR,PCF_CODE_OF_VIOL,PCF_VIOL_CATEGORY,PCF_VIOLATION,PCF_VIOL_SUBSECTION,HIT_AND_RUN,TYPE_OF_COLLISION,MVIW,PED_ACTION,ROAD_SURFACE,ROAD_COND_1,ROAD_COND_2,LIGHTING,CONTROL_DEVICE,CHP_ROAD_TYPE,PEDESTRIAN_ACCIDENT,BICYCLE_ACCIDENT,MOTORCYCLE_ACCIDENT,TRUCK_ACCIDENT,NOT_PRIVATE_PROPERTY,ALCOHOL_INVOLVED,STWD_VEHTYPE_AT_FAULT,CHP_VEHTYPE_AT_FAULT,COUNT_SEVERE_INJ,COUNT_VISIBLE_INJ,COUNT_COMPLAINT_PAIN,COUNT_PED_KILLED,COUNT_PED_INJURED,COUNT_BICYCLIST_KILLED,COUNT_BICYCLIST_INJURED,COUNT_MC_KILLED,COUNT_MC_INJURED,PRIMARY_RAMP,SECONDARY_RAMP,LATITUDE,LONGITUDE,COUNTY,CITY,POINT_X,POINT_Y
91319216,2020,2020-10-07,9580,2020-09-27,0655,019952,NA,7,1,7,1942,0,1,2,NA,2,104,US-101 N/B (VENTURA FREEWAY),DE SOTO AVE,1320,S,N,B,-,Y,NA,NA,101,NA,NA,NA,NA,NA,N,Y,4,0,1,1,A,-,01,23152,A,N,B,J,A,A,H,-,A,D,0,NA,NA,NA,NA,Y,Y,A,01,0,0,1,0,0,0,0,0,0,-,-,34.1682014465332,-118.58319854736328,LOS ANGELES,LOS ANGELES,-118.58319854736328,34.16820526123047
91319222,2020,2020-10-07,9530,2020-09-29,1706,021310,NA,2,2,9,1900,0,3,5,NA,2,005,147TH ST (BLOCK#3100),CRENSHAW BLVD.,275,W,N,A,-,N,NA,NA,NA,NA,NA,NA,NA,NA,NA,Y,4,0,2,2,A,-,09,21804,A,N,D,C,A,A,H,-,A,D,0,NA,NA,NA,NA,Y,NA,A,01,0,0,2,0,0,0,0,0,0,-,-,33.89830017089844,-118.32756805419922,LOS ANGELES,UNINCORPORATED,-118.32744598388672,33.89828872680664
91319227,2020,2020-10-07,9575,2020-09-30,1340,021744,NA,3,1,9,1900,0,2,4,NA,2,025,LAKE AVENUE,ALTADENA DRIVE,0,NA,Y,A,-,N,NA,NA,NA,NA,NA,NA,NA,NA,NA,Y,3,0,1,2,A,-,12,21453,A,N,D,C,A,A,H,-,A,A,0,NA,NA,NA,NA,Y,NA,A,01,0,1,0,0,0,0,0,0,0,-,-,34.19028854370117,-118.13133239746094,LOS ANGELES,UNINCORPORATED,-118.13130950927734,34.190208435058594
91319231,2020,2020-10-07,9535,2020-09-28,1618,022286,NA,1,2,9,1900,0,1,3,NA,2,600,SR-60 (POMONA FREEWAY) E/B,I-710 (LONG BEACH FREEWAY) S/B,1100,W,N,A,-,Y,NA,NA,60,NA,NA,NA,NA,NA,E,Y,4,0,2,3,A,-,08,22107,NA,M,B,C,A,A,H,-,A,D,0,NA,NA,NA,NA,Y,NA,-,99,0,0,2,0,0,0,0,0,0,-,-,34.0347900390625,-118.17376708984376,LOS ANGELES,UNINCORPORATED,-118.17378997802734,34.034908294677734
91319239,2020,2020-10-07,9545,2020-09-27,1105,020244,NA,7,1,9,1900,0,3,5,NA,2,001,AVENUE J,70TH ST  E,1545,W,N,A,-,N,NA,NA,NA,NA,NA,NA,NA,NA,NA,Y,3,0,3,1,A,-,08,22107,NA,N,F,A,A,A,H,-,A,D,0,NA,NA,NA,NA,Y,NA,A,01,0,3,0,0,0,0,0,0,0,-,-,34.69004821777344,-118.01029205322266,LOS ANGELES,UNINCORPORATED,-118.01055145263672,34.68999481201172
91319289,2020,2020-10-07,9545,2020-09-27,2335,021640,NA,7,3,6,1992,0,1,3,NA,2,011,SR-14 N/B,AVENUE M,2000,N,N,A,-,Y,NA,NA,14,NA,NA,NA,NA,NA,N,Y,3,0,1,2,A,-,01,23152,A,N,C,C,A,A,H,-,D,D,0,NA,NA,NA,NA,Y,Y,A,01,0,1,0,0,0,0,0,0,0,-,-,34.651371002197266,-118.15309143066406,LOS ANGELES,LANCASTER,-118.15312957763672,34.651371002197266
91319293,2020,2020-10-07,9535,2020-09-25,1725,022418,NA,5,2,5,1901,0,1,1,NA,2,421,I-10 (SAN BERNARDINO FREEWAY) W/B,ALMANSOR STREET OVERPASS,100,E,N,A,-,Y,NA,NA,10,NA,NA,NA,NA,NA,W,Y,3,0,3,2,A,-,03,22350,NA,N,C,E,A,A,H,-,A,D,0,NA,NA,NA,NA,Y,NA,A,01,0,2,1,0,0,0,0,0,0,-,-,34.07194900512695,-118.11688232421876,LOS ANGELES,ALHAMBRA,-118.11688232421876,34.07188034057617
91319297,2020,2020-10-07,9530,2020-09-01,2305,021273,NA,2,3,7,1941,0,1,1,NA,2,071,I-710 N/B (LONG BEACH FREEWAY),ARTESIA BLVD.,1500,S,N,A,-,Y,NA,NA,710,NA,NA,NA,NA,NA,N,Y,3,0,1,4,A,-,07,21658,A,N,C,C,A,A,H,-,D,D,0,NA,NA,NA,Y,Y,NA,-,-,0,1,0,0,0,0,0,0,0,-,-,33.868160247802734,-118.19567108154295,LOS ANGELES,LONG BEACH,-118.19571685791016,33.86819076538086
91319306,2020,2020-10-07,9580,2020-10-07,0655,019544,NA,3,1,7,1942,0,1,1,NA,2,405,I-405 S/B (SAN DIEGO FWY),VICTORY BLVD,2640,N,N,A,-,Y,NA,NA,405,NA,NA,NA,NA,NA,S,N,4,0,1,2,A,-,03,22350,NA,N,C,C,A,A,H,-,A,D,0,NA,NA,NA,NA,Y,NA,D,22,0,0,1,0,0,0,0,0,0,-,-,34.19192886352539,-118.47429656982422,LOS ANGELES,LOS ANGELES,-118.4743881225586,34.19192886352539
91319322,2020,2020-10-19,9580,2020-10-04,0710,019319,NA,7,1,7,1942,0,1,1,NA,2,406,I-405 N/B (SAN DIEGO FWY),SR-118 (RONALD REAGON FRWY),60,S,N,A,-,Y,NA,NA,405,NA,NA,NA,NA,NA,N,Y,3,0,2,2,A,-,03,22350,NA,N,C,C,A,A,H,-,A,D,0,NA,NA,NA,NA,Y,NA,A,01,0,2,0,0,0,0,0,0,0,-,-,34.26557159423828,-118.47207641601564,LOS ANGELES,LOS ANGELES,-118.47206115722656,34.26557159423828
91319324,2020,2021-03-10,9545,2020-09-26,1725,021685,NA,6,2,9,1900,0,1,3,NA,1,012,SR-138,185TH ST  W,100,W,N,A,-,Y,NA,NA,138,NA,NA,NA,NA,NA,NA,Y,2,0,1,2,A,-,08,22107,NA,N,B,C,A,A,H,-,A,D,0,NA,NA,NA,NA,Y,NA,D,22,1,0,0,0,0,0,0,0,0,-,-,34.77484130859375,-118.45813751220705,LOS ANGELES,UNINCORPORATED,-118.45813751220705,34.77482986450195
91319347,2020,2020-10-07,9530,2020-10-01,1805,020523,NA,4,2,9,1900,0,3,5,NA,2,003,WHITE AVE. (15100 BLOCK),COMPTON BLVD.,200,S,N,A,-,N,NA,NA,NA,NA,NA,NA,NA,NA,NA,N,4,0,1,2,A,-,09,21804,A,N,D,G,A,A,H,-,A,D,0,NA,Y,NA,NA,Y,NA,L,04,0,0,1,0,0,0,1,0,0,-,-,33.895599365234375,-118.19550323486328,LOS ANGELES,UNINCORPORATED,-118.19558715820313,33.895591735839844
91319350,2020,2020-10-07,9590,2020-09-26,0035,022173,NA,6,3,7,1942,0,1,1,NA,2,060,I-10 E/B (SMF)  TO I-110 N/B (HAF),PICO BLVD,500,W,N,A,-,Y,NA,NA,NA,NA,NA,NA,NA,NA,NA,Y,4,0,1,1,C,-,18,NA,NA,N,E,J,A,A,H,-,C,D,0,NA,NA,Y,NA,Y,NA,-,-,0,0,1,0,0,0,0,0,1,-,-,34.04127883911133,-118.27317810058594,LOS ANGELES,LOS ANGELES,-118.45541381835938,34.02767562866211
91319356,2020,2020-10-07,9525,2020-09-26,1730,021342,NA,6,2,4,1938,0,1,1,NA,2,208,SR-210 E/B (FOOTHILL FWY),EMERALD AVE,215,W,N,A,-,Y,NA,NA,210,NA,NA,NA,NA,NA,E,Y,3,0,1,2,A,-,07,21658,A,N,C,C,A,A,H,-,A,D,0,NA,NA,Y,NA,Y,NA,A,07,0,1,0,0,0,0,0,0,1,-,-,34.119529724121094,-117.76895904541016,LOS ANGELES,LA VERNE,-117.76895904541016,34.11946105957031
91319360,2020,2020-10-07,9535,2020-09-25,0635,021795,NA,5,1,5,1969,0,1,1,NA,2,075,I-710 (LONG BEACH FREEWAY) S/B,LOS ANGELES RIVER,150,S,N,B,-,Y,NA,NA,710,NA,NA,NA,NA,NA,S,Y,3,0,1,3,A,-,07,21658,A,N,F,I,A,A,H,-,A,D,0,NA,NA,Y,NA,Y,NA,A,01,0,1,0,0,0,0,0,0,1,-,-,33.93486022949219,-118.17639923095705,LOS ANGELES,SOUTH GATE,-118.1764678955078,33.93494415283203
91319373,2020,2020-10-07,9590,2020-09-27,1335,022360,NA,7,1,7,1942,0,1,1,NA,2,081,I-5 S/B GOLDEN STATE FREEWAY,WHITTIER BLVD.,230,N,N,A,-,Y,NA,NA,5,NA,NA,NA,NA,NA,S,Y,4,0,2,3,A,-,03,22350,NA,N,C,C,A,A,H,-,A,D,0,NA,NA,NA,NA,Y,NA,A,01,0,0,2,0,0,0,0,0,0,-,-,34.03736877441406,-118.22023010253906,LOS ANGELES,LOS ANGELES,-118.2202606201172,34.037384033203125
91319397,2020,2020-10-07,9590,2020-09-27,1325,022493,NA,7,1,7,1942,0,1,1,NA,2,052,I-110 N/B (HAF) TO US-101 N/B (HOF),TEMPLE ST,500,S,N,A,-,Y,NA,NA,110,NA,NA,NA,R,NA,N,N,4,0,4,3,A,-,03,22350,NA,N,C,C,A,A,H,-,A,D,0,NA,NA,NA,NA,Y,NA,A,01,0,0,4,0,0,0,0,0,0,-,-,34.0601806640625,-118.25135040283205,LOS ANGELES,LOS ANGELES,-118.25135040283205,34.0601806640625
91319411,2020,2020-10-07,9530,2020-10-01,1930,022122,NA,4,2,7,1942,0,1,1,NA,2,200,I-105 EASTBOUND TO CENTRAL AVE,CENTRAL AVE.,17,W,N,A,-,Y,NA,NA,105,NA,NA,NA,R,NA,E,N,4,0,1,2,A,-,03,22350,NA,N,C,C,A,A,H,-,C,A,0,NA,NA,NA,NA,Y,NA,A,01,0,0,1,0,0,0,0,0,0,-,-,33.927398681640625,-118.25449371337892,LOS ANGELES,LOS ANGELES,-118.25449371337892,33.927398681640625
91319473,2020,2020-10-07,9540,2020-09-27,0130,021882,NA,7,3,9,1900,0,1,1,NA,2,507,I-5 S/B,LAKE HUGES ROAD,528,N,N,A,-,Y,NA,NA,5,NA,NA,NA,NA,NA,S,Y,3,0,1,2,A,-,03,22350,NA,N,E,C,A,A,H,-,D,B,0,NA,NA,NA,NA,Y,NA,A,01,0,1,0,0,0,0,0,0,0,-,-,34.50022888183594,-118.62687683105467,LOS ANGELES,UNINCORPORATED,-118.626953125,34.50019836425781
91319501,2020,2020-10-07,9525,2020-10-06,1200,018366,NA,2,1,6,1955,0,1,3,NA,2,072,SR-71 N/B (CHINO VALLEY FWY),OLD POMONA RD.,300,S,N,A,-,Y,NA,NA,71,NA,NA,NA,NA,NA,N,N,4,0,1,2,C,-,18,NA,NA,N,H,C,A,A,H,-,A,D,0,NA,NA,NA,Y,Y,NA,-,-,0,0,1,0,0,0,0,0,0,-,-,34.03498077392578,-117.7614517211914,LOS ANGELES,POMONA,-117.7614517211914,34.03497314453125
91319507,2020,2020-10-07,9545,2020-09-28,1130,021814,NA,1,1,6,1992,0,1,3,NA,2,011,SR-14 S/B,AVENUE H,2640,S,N,A,-,Y,NA,NA,14,NA,NA,NA,NA,NA,S,Y,3,0,2,2,A,-,03,22350,NA,N,C,C,A,A,H,-,A,D,0,NA,NA,NA,NA,Y,NA,A,01,0,1,1,0,0,0,0,0,0,-,-,34.711761474609375,-118.17035675048828,LOS ANGELES,LANCASTER,-118.17032623291016,34.711761474609375
91319528,2020,2020-10-07,9545,2020-09-25,1235,019426,NA,5,1,9,1900,0,3,5,NA,1,006,50TH ST  W,AVE M-4,0,NA,Y,A,-,N,NA,NA,NA,NA,NA,NA,NA,NA,NA,N,4,0,1,2,A,-,12,21453,A,N,D,C,A,A,H,-,A,A,0,NA,NA,NA,NA,Y,NA,A,07,0,0,1,0,0,0,0,0,0,-,-,34.64181900024414,-118.21851348876952,LOS ANGELES,UNINCORPORATED,-118.21852111816406,34.641788482666016
91319545,2020,2020-10-07,9550,2020-10-02,1255,022450,NA,5,1,9,1900,0,3,5,NA,2,002,BURGESS AVE,IMPERIAL HIGHWAY,0,NA,Y,A,-,N,NA,NA,NA,NA,NA,NA,NA,NA,NA,N,4,0,1,2,A,-,09,21802,A,N,B,C,A,A,H,-,A,D,0,NA,NA,NA,NA,Y,NA,A,01,0,0,1,0,0,0,0,0,0,-,-,33.917171478271484,-118.02384948730467,LOS ANGELES,UNINCORPORATED,-118.02385711669922,33.91728973388672
91319562,2020,2020-10-07,9535,2020-09-28,1330,022025,NA,1,1,5,1901,0,1,1,NA,2,421,I-10 (SBF) W/B FROM NEW AVE S/B,NEW AVE,132,W,N,A,-,Y,NA,NA,10,NA,NA,NA,R,NA,W,Y,3,0,1,2,A,-,09,21803,A,N,D,C,A,A,H,-,A,A,0,NA,NA,NA,NA,Y,NA,A,01,0,1,0,0,0,0,0,0,0,-,-,34.072120666503906,-118.10874938964844,LOS ANGELES,ALHAMBRA,-118.10874938964844,34.072120666503906
91319564,2020,2020-10-07,9545,2020-09-28,1815,015589,NA,1,2,9,1900,0,3,5,NA,2,001,SIERRA HWY,AVENUE A,15,S,N,A,-,N,NA,NA,NA,NA,NA,NA,NA,NA,NA,Y,4,0,1,2,A,-,01,23152,A,N,D,C,A,A,H,-,D,D,0,NA,NA,NA,NA,Y,Y,D,22,0,0,1,0,0,0,0,0,0,-,-,34.82065963745117,-118.15611267089844,LOS ANGELES,UNINCORPORATED,-118.15607452392578,34.820640563964844
91319566,2020,2020-10-07,9525,2020-09-30,1840,021355,NA,3,2,6,1955,0,1,1,NA,2,108,I-10 E/B TO SR-71 S/B,S. CAMPUS DR.,1056,W,N,A,-,Y,NA,NA,10,NA,NA,NA,R,NA,E,Y,4,0,1,3,A,-,03,22350,NA,N,C,C,A,A,H,-,C,D,0,NA,NA,NA,NA,Y,Y,A,01,0,0,1,0,0,0,0,0,0,-,-,34.065650939941406,-117.8017578125,LOS ANGELES,POMONA,-117.8017578125,34.065650939941406
91319567,2020,2020-10-07,9550,2020-09-29,1130,017719,NA,2,1,9,1900,0,2,4,NA,1,051,FULLERTON ROAD,SUNRISE DRIVE,550,S,N,A,-,N,NA,NA,NA,NA,NA,NA,NA,NA,NA,Y,3,0,2,2,A,-,08,22107,NA,N,E,I,A,A,H,-,A,D,0,NA,NA,NA,NA,Y,NA,A,07,0,1,1,0,0,0,0,0,0,-,-,33.97026062011719,-117.91319274902344,LOS ANGELES,UNINCORPORATED,-117.912841796875,33.97040939331055
91319573,2020,2020-10-07,9535,2020-09-25,2305,022263,NA,5,3,5,1947,0,1,3,NA,2,621,SR-60 (POMONA FREEWAY) W/B,MARKLAND DR,300,W,N,A,-,Y,NA,NA,60,NA,NA,NA,NA,NA,W,Y,4,0,1,2,A,-,01,23152,A,M,C,C,A,A,D,-,C,D,0,NA,NA,NA,NA,Y,Y,A,01,0,0,1,0,0,0,0,0,0,-,-,34.033329010009766,-118.12059783935548,LOS ANGELES,MONTEBELLO,-118.12059783935548,34.03334045410156
91319574,2020,2020-10-07,9550,2020-09-29,2040,021100,NA,2,2,9,1900,0,3,5,NA,2,004,COLIMA ROAD,LARKVANE ROAD,0,NA,Y,A,-,N,NA,NA,NA,NA,NA,NA,NA,NA,NA,Y,3,0,1,2,A,-,09,21453,C,N,D,C,A,A,H,-,C,A,0,NA,NA,NA,NA,Y,NA,A,07,0,1,0,0,0,0,0,0,0,-,-,33.988590240478516,-117.9096908569336,LOS ANGELES,UNINCORPORATED,-117.90969848632813,33.98860168457031
91319576,2020,2020-10-07,9590,2020-09-27,0845,021606,NA,7,1,7,1942,0,1,2,NA,2,072,US-101 N/B (HOLLYWOOD FREEWAY),HOLLYWOOD BLVD.,100,N,N,B,-,Y,NA,NA,101,NA,NA,NA,NA,NA,N,Y,3,0,1,2,A,-,07,21658,A,N,B,C,A,A,H,-,A,D,0,NA,NA,NA,NA,Y,NA,A,01,0,1,0,0,0,0,0,0,0,-,-,34.101871490478516,-118.31661224365234,LOS ANGELES,LOS ANGELES,-118.31661987304688,34.101863861083984
91319651,2020,2020-10-07,9525,2020-09-28,1900,020989,NA,1,2,4,1913,0,1,1,NA,2,210,SR-210 E/B TO BASELINE RD,MONTE VISTA AVE,1056,E,N,A,-,Y,NA,NA,210,NA,NA,NA,R,NA,E,Y,4,0,5,2,A,-,01,23152,A,N,A,C,A,A,H,-,B,D,0,NA,NA,NA,NA,Y,Y,A,01,0,0,5,0,0,0,0,0,0,-,-,34.12057113647461,-117.6955795288086,LOS ANGELES,CLAREMONT,-117.6955795288086,34.12057113647461
91319662,2020,2020-10-07,9535,2020-09-29,1148,016642,NA,2,1,9,1900,0,1,3,NA,2,601,SR-60 W/B (POMONA FREEWAY),SUNOL DRIVE,250,W,N,A,-,Y,NA,NA,60,NA,NA,NA,NA,NA,W,Y,4,0,1,4,A,-,07,21658,A,N,B,C,A,A,H,-,A,D,0,NA,NA,NA,Y,Y,NA,A,07,0,0,1,0,0,0,0,0,0,-,-,34.033851623535156,-118.18019104003906,LOS ANGELES,UNINCORPORATED,-118.18016052246094,34.033790588378906
91319664,2020,2020-10-07,9550,2020-08-30,0035,022403,NA,7,3,6,1949,0,1,1,NA,2,651,INTERSTATE 605 S/B,ALONDRA BOULEVARD,2100,N,N,A,-,Y,NA,NA,605,NA,NA,NA,NA,NA,S,Y,4,0,1,3,A,-,03,22350,NA,N,D,C,A,A,H,-,C,D,0,NA,NA,NA,NA,Y,NA,A,01,0,0,1,0,0,0,0,0,0,-,-,33.89373016357422,-118.10484313964844,LOS ANGELES,NORWALK,-118.10494232177734,33.89372253417969
91319684,2020,2020-10-07,9550,2020-09-27,1815,021742,NA,7,2,5,1919,0,1,3,NA,2,091,SR-91 WESTBOUND,THE NORWALK BOULEVARD UNDERCROSSING,1260,W,N,A,-,Y,NA,NA,91,NA,NA,NA,NA,NA,W,Y,4,0,1,1,A,-,01,23152,A,N,E,I,A,A,H,-,B,D,0,NA,NA,NA,NA,Y,Y,A,01,0,0,1,0,0,0,0,0,0,-,-,33.87649154663086,-118.07698059082033,LOS ANGELES,CERRITOS,-118.07698059082033,33.8764762878418
91319734,2020,2020-10-07,9550,2020-10-03,2003,020709,NA,6,2,6,1920,0,1,1,NA,2,500,I-5 N/B,LAKEWOOD BOULEVARD,1000,N,N,A,-,Y,NA,NA,5,NA,NA,NA,NA,NA,N,N,4,0,2,2,A,-,07,21658,A,F,B,C,A,A,H,-,C,D,0,NA,NA,NA,NA,Y,NA,-,99,0,0,2,0,0,0,0,0,0,-,-,33.959800720214844,-118.11418914794922,LOS ANGELES,DOWNEY,-118.11422729492188,33.95974349975586
91319748,2020,2020-10-08,9550,2020-10-04,1600,021742,NA,7,2,5,1919,0,1,3,NA,2,091,SR-91 W/B TO I-605,THE GRIDLEY ROAD OVERCROSSING,400,W,N,A,-,Y,NA,NA,91,NA,NA,NA,R,NA,W,Y,4,0,1,3,A,-,03,22350,NA,N,C,C,A,A,H,-,A,D,0,NA,NA,NA,Y,Y,NA,A,07,0,0,1,0,0,0,0,0,0,-,-,33.876590728759766,-118.09291839599608,LOS ANGELES,CERRITOS,-118.09291839599608,33.876590728759766
91319758,2020,2020-10-08,9525,2020-09-26,1525,022455,NA,6,2,9,1900,0,1,1,NA,2,106,I-10 E/B (SAN BERNARDINO FWY),HOLT AVE,1000,E,N,A,-,Y,NA,NA,10,NA,NA,NA,NA,NA,E,Y,3,0,4,4,A,-,03,22350,NA,N,C,C,A,A,D,E,A,D,0,NA,NA,NA,NA,Y,NA,A,01,0,2,2,0,0,0,0,0,0,-,-,34.068519592285156,-117.86125946044922,LOS ANGELES,UNINCORPORATED,-117.86125183105467,34.06853485107422
91319762,2020,2020-10-08,9525,2020-09-25,0220,022009,NA,5,3,6,1975,0,1,1,NA,2,106,I-10 E/B (SAN BERNARDINO FWY),BARRANCA ST.,528,W,N,A,-,Y,NA,NA,10,NA,NA,NA,NA,NA,E,Y,4,0,1,2,A,-,01,23152,A,N,C,C,A,A,D,E,C,D,0,NA,NA,NA,NA,Y,Y,D,22,0,0,1,0,0,0,0,0,0,-,-,34.07175064086914,-117.88327026367188,LOS ANGELES,WEST COVINA,-117.88327026367188,34.07183837890625
91319764,2020,2020-10-08,9550,2020-10-04,1330,022048,NA,7,1,9,1900,0,2,4,NA,1,013,NORWALK BOULEVARD,WASHINGTON BOULEVARD,60,N,N,A,-,N,NA,NA,NA,NA,NA,NA,NA,NA,NA,Y,4,0,1,2,A,-,01,23152,A,N,C,C,A,A,H,-,A,A,0,NA,NA,NA,NA,Y,Y,A,07,0,0,1,0,0,0,0,0,0,-,-,33.972808837890625,-118.07415771484376,LOS ANGELES,UNINCORPORATED,-118.07407379150392,33.97264862060547
91319810,2020,2020-10-08,9525,2020-09-30,1730,022455,NA,3,2,5,1906,0,1,1,NA,2,103,I-10 W/B (SAN BERNARDINO FWY),FRANCISQUITO AVE,2000,E,N,A,-,Y,NA,NA,10,NA,NA,NA,NA,NA,W,N,4,0,2,2,A,-,03,22350,NA,N,C,C,A,A,H,-,A,D,0,NA,NA,NA,NA,Y,NA,A,01,0,0,2,0,0,0,0,0,0,-,-,34.0696907043457,-117.9661102294922,LOS ANGELES,BALDWIN PARK,-117.9661102294922,34.06968307495117
91319831,2020,2020-10-08,9540,2020-09-26,1540,021447,NA,6,2,6,1985,0,1,3,NA,1,142,SR14 NB(ANTELOPE VALLEY FWY) TO NEWHALL,NEWHALL AVE,50,N,N,A,-,Y,NA,NA,14,NA,NA,NA,R,NA,N,Y,4,0,1,1,A,-,03,22350,NA,N,E,I,A,A,H,-,A,D,0,NA,NA,NA,NA,Y,NA,A,07,0,0,1,0,0,0,0,0,0,-,-,34.36492156982422,-118.50222778320313,LOS ANGELES,SANTA CLARITA,-118.50222778320313,34.36492156982422
91319837,2020,2020-10-08,9590,2020-09-20,1315,022102,NA,7,1,7,1942,0,1,1,NA,2,060,I-10 E/B (SMF) TO CRENSHAW BLVD.,CRENSHAW BLVD.,30,W,N,A,-,Y,NA,NA,10,NA,NA,NA,R,NA,E,N,4,0,1,2,A,-,03,22350,NA,N,C,C,A,A,H,-,A,D,0,NA,NA,NA,NA,Y,NA,A,01,0,0,1,0,0,0,0,0,0,-,-,34.03464126586914,-118.334228515625,LOS ANGELES,LOS ANGELES,-118.334228515625,34.03464126586914
91319846,2020,2020-10-08,9535,2020-04-30,1425,022330,NA,4,2,9,1900,0,2,4,NA,2,011,WORTH STREET,EASTERN AVENUE,0,NA,Y,A,-,N,NA,NA,NA,NA,NA,NA,NA,NA,NA,Y,1,1,1,2,A,-,12,22450,A,N,D,C,A,A,H,-,A,D,0,NA,NA,NA,NA,Y,NA,A,07,0,0,1,0,0,0,0,0,0,-,-,34.06224060058594,-118.17906188964844,LOS ANGELES,UNINCORPORATED,-118.1790771484375,34.06227111816406
91319856,2020,2020-10-08,9540,2020-10-01,0615,018037,NA,4,1,6,1985,0,1,3,NA,1,143,SR-14 S/B (ANTELOPE VALLEY FREEWAY),LOS PINETOS RD. U/C,1921,N,N,A,-,Y,NA,NA,14,NA,NA,NA,NA,NA,S,Y,3,0,1,2,A,-,03,22350,NA,N,C,C,A,A,H,-,A,D,0,NA,NA,Y,NA,Y,NA,C,02,0,1,0,0,0,0,0,0,1,-,-,34.35504150390625,-118.50598907470705,LOS ANGELES,SANTA CLARITA,-118.50603485107422,34.35502624511719
91319863,2020,2020-10-08,9540,2020-09-26,2055,021447,NA,6,2,9,1900,0,1,3,NA,2,146,SR-14 N/B (ANTELOPE VALLEY FWY),SOLEDAD CANYON RD,3900,N,N,A,-,Y,NA,NA,NA,NA,NA,NA,NA,NA,NA,Y,4,0,3,4,A,-,03,22350,NA,N,C,C,A,A,H,-,D,D,0,NA,NA,NA,NA,Y,NA,A,01,0,0,3,0,0,0,0,0,0,-,-,33.43693161010742,-118.37339782714844,LOS ANGELES,UNINCORPORATED,-118.37337493896484,34.43695068359375
91319871,2020,2020-10-08,9525,2020-10-07,0400,018505,NA,3,3,4,1960,0,1,3,NA,2,572,SR-57 N/B (ORANGE FWY),I-10 W/B (SAN BERNARDINO FWY),1584,N,N,A,-,Y,NA,NA,57,NA,NA,NA,NA,NA,N,Y,3,0,1,2,A,-,03,22350,NA,N,C,C,A,A,H,-,D,D,0,NA,NA,NA,Y,Y,NA,A,01,0,1,0,0,0,0,0,0,0,-,-,34.07057189941406,-117.80809783935548,LOS ANGELES,SAN DIMAS,-117.80809783935548,34.07057189941406
91319879,2020,2020-10-08,9550,2020-09-29,1315,022434,NA,2,1,9,1900,0,1,3,NA,2,092,SR-91 W/B,183RD. ST.,100,E,N,A,-,Y,NA,NA,NA,NA,NA,NA,NA,NA,NA,Y,4,0,1,3,A,-,07,21658,A,N,B,C,A,A,H,-,A,D,0,NA,NA,NA,Y,Y,NA,-,-,0,0,1,0,0,0,0,0,0,-,-,33.866241455078125,-118.04974365234376,LOS ANGELES,UNINCORPORATED,NA,NA
91319897,2020,2020-10-08,9550,2020-10-02,1925,022037,NA,5,2,6,1949,0,1,1,NA,2,651,INTERSTATE 605 (SAN GABRIEL RIVER FREEW,ALONDRA BOULEVARD,1100,N,N,A,-,Y,NA,NA,605,NA,NA,NA,NA,NA,NA,Y,4,0,1,3,A,-,03,22350,NA,N,C,C,A,A,H,-,C,D,0,NA,NA,NA,NA,Y,NA,A,01,0,0,1,0,0,0,0,0,0,-,-,33.89088821411133,-118.10482788085938,LOS ANGELES,NORWALK,-118.10476684570313,33.89089584350586
91319976,2020,2020-10-08,9540,2020-10-07,0740,018037,NA,3,1,6,1985,0,1,3,NA,1,145,SR-14 S/B (ANTELOPE VALLEY FREEWAY),SAND CANYON RD. O/C,2311,S,N,A,-,Y,NA,NA,14,NA,NA,NA,NA,NA,S,Y,4,0,1,2,A,-,03,22350,NA,N,C,C,A,A,H,-,A,D,0,NA,NA,NA,NA,Y,NA,A,07,0,0,1,0,0,0,0,0,0,-,-,34.422088623046875,-118.43051147460938,LOS ANGELES,SANTA CLARITA,-118.43051910400392,34.422119140625