CASE_ID,ACCIDENT_YEAR,PROC_DATE,JURIS,COLLISION_DATE,COLLISION_TIME,OFFICER_ID,REPORTING_DISTRICT,DAY_OF_WEEK,CHP_SHIFT,POPULATION,CNTY_CITY_LOC,SPECIAL_COND,BEAT_TYPE,CHP_BEAT_TYPE,CITY_DIVISION_LAPD,CHP_BEAT_CLASS,BEAT_NUMBER,PRIMARY_RD,SECONDARY_RD,DISTANCE,DIRECTION,INTERSECTION,WEATHER_1,WEATHER_2,STATE_HWY_IND,CALTRANS_COUNTY,CALTRANS_DISTRICT,STATE_ROUTE,ROUTE_SUFFIX,POSTMILE_PREFIX,POSTMILE,LOCATION_TYPE,RAMP_INTERSECTION,SIDE_OF_HWY,TOW_AWAY,COLLISION_SEVERITY,NUMBER_KILLED,NUMBER_INJURED,PARTY_COUNT,PRIMARY_COLL_FACTOR,PCF_CODE_OF_VIOL,PCF_VIOL_CATEGORY,PCF_VIOLATION,PCF_VIOL_SUBSECTION,HIT_AND_RUN,TYPE_OF_COLLISION,MVIW,PED_ACTION,ROAD_SURFACE,ROAD_COND_1,ROAD_COND_2,LIGHTING,CONTROL_DEVICE,CHP_ROAD_TYPE,PEDESTRIAN_ACCIDENT,BICYCLE_ACCIDENT,MOTORCYCLE_ACCIDENT,TRUCK_ACCIDENT,NOT_PRIVATE_PROPERTY,ALCOHOL_INVOLVED,STWD_VEHTYPE_AT_FAULT,CHP_VEHTYPE_AT_FAULT,COUNT_SEVERE_INJ,COUNT_VISIBLE_INJ,COUNT_COMPLAINT_PAIN,COUNT_PED_KILLED,COUNT_PED_INJURED,COUNT_BICYCLIST_KILLED,COUNT_BICYCLIST_INJURED,COUNT_MC_KILLED,COUNT_MC_INJURED,PRIMARY_RAMP,SECONDARY_RAMP,LATITUDE,LONGITUDE,COUNTY,CITY,POINT_X,POINT_Y
9132441,2020,2020-10-02,1920,2020-07-07,1149,12609,1920,2,5,6,1920,0,0,0,NA,0,006,IMPERIAL HWY,BROOKSHIRE AV,36,W,N,A,-,N,NA,NA,NA,NA,NA,NA,NA,NA,NA,N,4,0,2,2,D,-,00,NA,NA,M,C,C,A,A,H,-,A,A,0,NA,NA,NA,NA,Y,NA,-,-,0,0,2,0,0,0,0,0,0,-,-,NA,NA,LOS ANGELES,DOWNEY,-118.14395904541016,33.91990280151367
91324411,2020,2020-10-15,9530,2020-10-09,0135,021842,NA,5,3,7,1942,0,1,1,NA,2,200,I-105 E/B (GLENN ANDERSON FWY),SAN PEDRO ST.,100,E,N,A,-,Y,NA,NA,105,NA,NA,NA,NA,NA,E,Y,2,0,2,2,A,-,01,23152,A,N,C,C,A,A,H,-,D,D,0,NA,NA,NA,NA,Y,Y,A,01,1,1,0,0,0,0,0,0,0,-,-,33.927249908447266,-118.26914978027344,LOS ANGELES,LOS ANGELES,-118.26914978027344,33.927310943603516
91324422,2020,2020-10-15,9550,2020-10-13,1350,022048,NA,2,1,6,1920,0,1,1,NA,2,651,I-605 N/B TO I-5,FLORENCE AVENUE,1320,S,N,A,-,Y,NA,NA,605,NA,NA,NA,R,NA,N,Y,4,0,2,3,A,-,03,22350,NA,N,C,C,A,A,H,-,A,D,0,NA,NA,NA,NA,Y,NA,A,01,0,0,2,0,0,0,0,0,0,-,-,33.934078216552734,-118.09993743896484,LOS ANGELES,DOWNEY,-118.09993743896484,33.934078216552734
91324423,2020,2020-10-15,9525,2020-10-12,2320,018505,NA,1,3,6,1955,0,1,1,NA,2,109,I-10 W/B (SAN BERNARDINO FWY),TOWNE AVE,160,W,N,A,-,Y,NA,NA,10,NA,NA,NA,NA,NA,W,Y,4,0,1,2,A,-,07,21658,A,M,B,C,A,A,H,-,D,D,0,NA,NA,NA,NA,Y,NA,A,01,0,0,1,0,0,0,0,0,0,-,-,34.07823181152344,-117.74207305908205,LOS ANGELES,POMONA,-117.74203491210938,34.078147888183594
91324436,2020,2020-10-15,9530,2020-10-09,0130,021871,NA,5,3,7,1942,0,1,1,NA,2,200,I-105 E/B (GLENN ANDERSON FWY),SAN PEDRO ST.,20,W,N,A,-,Y,NA,NA,105,NA,NA,NA,NA,NA,E,Y,4,0,1,1,A,-,01,23152,A,N,E,I,A,A,H,-,D,D,0,NA,NA,NA,NA,Y,Y,A,01,0,0,1,0,0,0,0,0,0,-,-,33.927310943603516,-118.26953125,LOS ANGELES,LOS ANGELES,-118.26953125,33.92731475830078
91324441,2020,2020-10-15,9535,2020-10-06,1730,021772,NA,2,2,9,1900,0,1,3,NA,2,600,I-710 S/B FROM SR-60 E/B,SR-60,1584,S,N,A,-,Y,NA,NA,710,NA,NA,NA,R,NA,S,Y,4,0,2,4,A,-,03,22350,NA,N,C,C,A,A,H,-,A,D,0,NA,NA,NA,NA,Y,NA,A,01,0,0,2,0,0,0,0,0,0,-,-,34.03144073486328,-118.1713409423828,LOS ANGELES,UNINCORPORATED,-118.1713409423828,34.03144073486328
91324450,2020,2020-10-15,9530,2020-10-09,1915,022427,NA,5,2,9,1900,0,3,5,NA,2,001,HOOPER AVE. (7800 BLOCK),78TH ST.,30,N,N,A,-,N,NA,NA,NA,NA,NA,NA,NA,NA,NA,N,4,0,1,2,A,-,03,22350,NA,N,C,C,A,A,H,-,C,D,0,NA,NA,NA,NA,Y,NA,A,07,0,0,1,0,0,0,0,0,0,-,-,33.9681510925293,-118.25205230712892,LOS ANGELES,UNINCORPORATED,-118.25203704833984,33.96811294555664
91324457,2020,2020-10-16,9550,2020-10-14,1735,021742,NA,3,2,5,1976,0,2,4,NA,1,021,CARMENITA ROAD,LEFFINGWELL ROAD,75,N,N,A,-,Y,NA,NA,NA,NA,NA,NA,NA,NA,NA,N,4,0,1,2,A,-,03,22350,NA,N,C,C,A,A,H,-,B,A,0,NA,NA,NA,NA,Y,NA,D,22,0,0,1,0,0,0,0,0,0,-,-,33.91912841796875,-118.04669189453124,LOS ANGELES,WHITTIER,-118.04673004150392,33.918983459472656
91324479,2020,2020-10-15,9590,2020-10-05,2223,022313,NA,1,3,7,1942,0,1,2,NA,2,071,US-101 S/B (HOLLYWOOD FREEWAY),MISSION ROAD,900,N,N,A,-,Y,NA,NA,101,NA,NA,NA,NA,NA,S,N,4,0,2,2,A,-,03,22350,NA,M,C,C,A,A,H,-,C,D,0,NA,NA,NA,NA,Y,NA,-,99,0,0,2,0,0,0,0,0,0,-,-,34.053199768066406,-118.23008728027344,LOS ANGELES,LOS ANGELES,-118.23008728027344,34.05321502685547
91324488,2020,2020-10-15,9525,2020-10-10,0355,021838,NA,6,3,6,1955,0,1,3,NA,2,604,SR-60 E/B (POMONA FWY),PHILLIPS RANCH RD,1056,W,N,A,-,Y,NA,NA,60,NA,NA,NA,NA,NA,E,Y,3,0,1,2,C,-,18,NA,NA,N,D,C,A,A,H,-,D,D,0,NA,NA,NA,NA,Y,NA,-,-,0,1,0,0,0,0,0,0,0,-,-,34.02555847167969,-117.77674102783205,LOS ANGELES,POMONA,-117.77671813964844,34.025638580322266
91324495,2020,2020-10-15,9525,2020-10-10,0350,022009,NA,6,3,6,1955,0,1,3,NA,2,604,SR-60 E/B (POMONA FWY),PHILLIPS RANCH RD.,2112,W,N,A,-,Y,NA,NA,60,NA,NA,NA,NA,NA,E,Y,4,0,1,1,A,-,03,22350,NA,N,E,I,A,A,H,-,C,D,0,NA,NA,NA,NA,Y,Y,A,07,0,0,1,0,0,0,0,0,0,-,-,34.02581024169922,-117.77696990966795,LOS ANGELES,POMONA,-117.77699279785156,34.02570343017578
91324518,2020,2020-10-15,9565,2020-10-02,2318,022251,NA,5,3,9,1900,0,2,4,NA,2,021,VERMONT AVE. S/B,EL SEGUNDO BLVD.,0,NA,Y,A,-,N,NA,NA,NA,NA,NA,NA,NA,NA,NA,Y,3,0,1,3,A,-,12,21453,A,N,D,C,A,A,H,-,C,A,0,NA,NA,NA,NA,Y,Y,A,07,0,1,0,0,0,0,0,0,0,-,-,33.91651916503906,-118.29184722900392,LOS ANGELES,UNINCORPORATED,-118.29183959960938,33.916419982910156
91324536,2020,2020-10-15,9535,2020-10-06,2035,021381,NA,2,2,9,1900,0,3,5,NA,2,002,EAGLE ST.,KERN AVE.,0,NA,Y,A,-,N,NA,NA,NA,NA,NA,NA,NA,NA,NA,N,3,0,1,2,A,-,12,22450,A,N,G,B,B,A,H,-,C,A,0,Y,NA,NA,NA,Y,NA,A,01,0,1,0,0,1,0,0,0,0,-,-,34.02899932861328,-118.1636199951172,LOS ANGELES,UNINCORPORATED,-118.16371154785156,34.0289192199707
91324538,2020,2020-10-15,9590,2020-10-05,0035,021535,NA,1,3,7,1942,0,1,1,NA,2,060,I-10 E/B (SANTA MONICA FREEWAY),10TH AVE,210,W,N,A,-,Y,NA,NA,10,NA,NA,NA,NA,NA,E,Y,3,0,3,3,A,-,03,22350,NA,N,C,C,A,A,H,-,C,D,0,NA,NA,NA,NA,Y,NA,A,01,0,1,2,0,0,0,0,0,0,-,-,34.035221099853516,-118.3293228149414,LOS ANGELES,LOS ANGELES,-118.32931518554688,34.0351676940918
91324543,2020,2021-01-18,9590,2020-10-07,1400,021111,NA,3,2,7,1942,0,1,1,NA,2,063,I-10 W/B (SMF) TO I-110 S/B (HAF),I-110 (HAF),400,E,N,A,-,Y,NA,NA,10,NA,NA,NA,R,NA,W,N,4,0,4,2,D,-,00,NA,NA,N,C,C,A,A,H,-,A,D,0,NA,NA,NA,Y,Y,NA,-,-,0,0,4,0,0,0,0,0,0,-,-,34.0382194519043,-118.27265167236328,LOS ANGELES,LOS ANGELES,-118.27265167236328,34.0382194519043
91324555,2020,2020-10-15,9545,2020-10-10,1929,021340,NA,6,2,9,1900,0,1,3,NA,1,042,PEARBLOSSOM HIGHWAY (SR-138),80TH STREET EAST,500,E,N,A,-,Y,NA,NA,138,NA,NA,NA,NA,NA,NA,Y,4,0,2,1,C,-,18,NA,NA,N,H,H,A,A,H,-,D,D,0,NA,NA,NA,NA,Y,NA,-,-,0,0,2,0,0,0,0,0,0,-,-,34.521060943603516,-117.98634338378906,LOS ANGELES,UNINCORPORATED,-117.98634338378906,34.52108383178711
91324559,2020,2020-10-15,9530,2020-10-09,1723,021610,NA,5,2,6,1972,0,1,1,NA,2,410,I-405 S/B (SAN DIEGO FREEWAY),WESTERN AVE.,457,S,N,A,-,Y,NA,NA,NA,NA,NA,NA,NA,NA,NA,Y,4,0,2,7,A,-,07,21658,A,N,B,C,A,A,H,-,A,D,0,NA,NA,NA,NA,Y,NA,A,01,0,0,2,0,0,0,0,0,0,-,-,33.51350021362305,-118.18302154541016,LOS ANGELES,TORRANCE,-118.30917358398438,33.859771728515625
91324560,2020,2020-10-15,9590,2020-10-05,0032,021535,NA,1,3,7,1942,0,1,1,NA,2,060,I-10 E/B (SANTA MONICA FREEWAY),10TH AVENUE,250,W,N,A,-,Y,NA,NA,10,NA,NA,NA,NA,NA,E,Y,4,0,1,2,A,-,03,22350,NA,N,C,C,A,A,H,-,A,D,0,NA,NA,NA,NA,Y,NA,A,01,0,0,1,0,0,0,0,0,0,-,-,34.03522872924805,-118.32927703857422,LOS ANGELES,LOS ANGELES,-118.32927703857422,34.0351676940918
91324594,2020,2020-10-15,9535,2020-10-07,0637,022298,NA,3,1,9,1900,0,1,1,NA,2,501,I-5 S/B (SANTA ANA FREEWAY),OLYMPIC BOULEVARD,400,S,N,A,-,Y,NA,NA,5,NA,NA,NA,NA,NA,S,N,4,0,1,3,A,-,03,22350,NA,N,C,C,A,A,H,-,A,D,0,NA,NA,NA,NA,Y,NA,A,08,0,0,1,0,0,0,0,0,0,-,-,34.01813888549805,-118.17700958251952,LOS ANGELES,UNINCORPORATED,-118.17703247070313,34.018104553222656
91324604,2020,2020-10-15,9565,2020-09-30,1215,021759,NA,3,1,9,1900,0,3,5,NA,2,002,105TH ST,NORMANDIE AVE,175,W,N,A,-,N,NA,NA,NA,NA,NA,NA,NA,NA,NA,N,3,0,1,2,A,-,11,21955,NA,M,G,B,D,A,H,-,A,D,0,Y,NA,NA,NA,Y,NA,N,60,0,1,0,0,1,0,0,0,0,-,-,33.940948486328125,-118.3009796142578,LOS ANGELES,UNINCORPORATED,-118.30027770996094,33.941200256347656
91324606,2020,2020-10-15,9535,2020-10-05,1659,022246,NA,1,2,5,1948,0,1,3,NA,2,621,SR-60 (POMONA FREEWAY) W/B,GREENWOOD AVE,200,E,N,A,-,Y,NA,NA,60,NA,NA,NA,NA,NA,W,Y,3,0,1,1,A,-,03,22350,NA,N,E,I,A,A,H,-,A,D,0,NA,NA,NA,NA,Y,NA,A,07,0,1,0,0,0,0,0,0,0,-,-,34.03459930419922,-118.10690307617188,LOS ANGELES,MONTEREY PARK,-118.10689544677734,34.03458023071289
91324607,2020,2020-10-15,9545,2020-10-10,1550,021685,NA,6,2,9,1900,0,3,5,NA,2,001,AVENUE G,100TH ST  W,1056,E,N,A,-,N,NA,NA,NA,NA,NA,NA,NA,NA,NA,Y,4,0,1,1,A,-,08,22107,NA,N,F,A,A,A,H,-,A,D,0,NA,NA,NA,NA,Y,NA,A,01,0,0,1,0,0,0,0,0,0,-,-,34.73289108276367,-118.30225372314452,LOS ANGELES,UNINCORPORATED,-117.94855499267578,34.734161376953125
91324643,2020,2020-10-15,9535,2020-10-06,1500,022159,NA,2,2,9,1900,0,3,5,NA,2,002,VERONA ST.,MCDONNELL AVE,0,NA,Y,A,-,N,NA,NA,NA,NA,NA,NA,NA,NA,NA,N,3,0,1,2,A,-,09,21802,A,N,D,C,A,A,H,-,A,A,0,NA,NA,NA,NA,Y,Y,A,01,0,1,0,0,0,0,0,0,0,-,-,34.020851135253906,-118.16851043701172,LOS ANGELES,UNINCORPORATED,-118.16853332519533,34.02088165283203
91324652,2020,2020-10-15,9590,2020-10-05,1717,022384,NA,1,2,7,1942,0,1,1,NA,2,010,SR-110 N/B (ARROYO SECO PARKWAY0,PARK ROW DRIVE,830,N,N,A,-,Y,NA,NA,NA,NA,NA,NA,NA,NA,NA,Y,4,0,1,1,A,-,08,22107,NA,N,F,A,A,A,H,-,A,D,0,NA,NA,Y,NA,Y,NA,C,02,0,0,1,0,0,0,0,0,1,-,-,34.07781982421875,-118.22889709472656,LOS ANGELES,LOS ANGELES,NA,NA
91324668,2020,2020-10-15,9530,2020-10-11,1110,022120,NA,7,1,7,1942,0,1,1,NA,2,110,I-110 S/B (HARBOR FREEWAY),168TH PLACE,108,N,N,B,-,Y,NA,NA,110,NA,NA,NA,NA,NA,S,Y,3,0,1,1,C,-,18,NA,NA,N,E,I,A,A,H,-,A,D,0,NA,NA,NA,NA,Y,NA,-,-,0,1,0,0,0,0,0,0,0,-,-,33.877830505371094,-118.28547668457033,LOS ANGELES,LOS ANGELES,-118.28514099121094,33.877830505371094
9132468,2020,2020-10-05,1942,2020-07-18,0825,38357,0147,6,5,7,1942,0,0,0,A,0,1A29,S SAN PEDRO ST,EAST 4TH ST,60,S,N,A,-,N,NA,NA,NA,NA,NA,NA,NA,NA,NA,N,4,0,1,2,A,-,11,21955,NA,N,G,A,E,A,H,-,A,D,0,Y,NA,NA,NA,Y,NA,N,60,0,0,1,0,1,0,0,0,0,-,-,NA,NA,LOS ANGELES,LOS ANGELES,-118.24307250976564,34.04570007324219
9132472,2020,2020-10-05,1942,2020-07-18,2050,44018,0111,6,5,7,1942,0,0,0,A,0,1A1-W3,NORTH SPRING ST,CESAR CHAVEZ AV,0,NA,Y,A,-,N,NA,NA,NA,NA,NA,NA,NA,NA,NA,Y,4,0,2,2,-,-,-,NA,NA,N,D,C,A,A,H,-,C,A,0,NA,NA,NA,NA,Y,NA,A,01,0,0,2,0,0,0,0,0,0,-,-,NA,NA,LOS ANGELES,LOS ANGELES,-118.238731,34.058228
91324722,2020,2020-10-15,9525,2020-10-10,1345,021779,NA,6,1,5,1906,0,1,1,NA,2,651,I-605 S/B (SAN GABRIEL RIVER FWY),RAMONA BLVD,109,N,N,A,-,Y,NA,NA,605,NA,NA,NA,NA,NA,S,Y,3,0,1,1,A,-,08,22107,NA,N,E,I,A,A,H,-,A,D,0,NA,NA,NA,NA,Y,NA,A,07,0,1,0,0,0,0,0,0,0,-,-,34.07807922363281,-117.99828338623048,LOS ANGELES,BALDWIN PARK,-117.99817657470705,34.07807159423828
91324779,2020,2020-10-15,9565,2020-08-15,2013,021678,NA,6,2,5,1928,0,1,1,NA,2,012,I-105 E/B (CENTURY FREEWAY),VAN NESS AVE.,500,W,N,A,-,Y,NA,NA,105,NA,NA,NA,NA,NA,E,Y,3,0,3,3,A,-,01,23152,A,N,B,C,A,A,H,-,C,D,0,NA,NA,NA,NA,Y,Y,A,01,0,3,0,0,0,0,0,0,0,-,-,33.92531967163086,-118.319580078125,LOS ANGELES,HAWTHORNE,-118.319580078125,33.92528533935547
91324792,2020,2020-10-15,9535,2020-09-21,1520,022142,NA,1,2,6,1922,0,1,1,NA,2,401,SANTA ANITA AVE. TO I-10 W/B,SANTA ANITA AVE,85,W,N,A,-,Y,NA,NA,NA,NA,NA,NA,NA,NA,NA,Y,4,0,1,3,A,-,09,21800,A,N,D,C,A,A,H,-,A,D,0,NA,NA,NA,NA,Y,NA,A,01,0,0,1,0,0,0,0,0,0,-,-,34.06917190551758,-118.04255676269533,LOS ANGELES,EL MONTE,NA,NA
9132480,2020,2020-09-18,1942,2020-07-23,1240,34458,0225,4,5,7,1942,0,0,0,B,0,2A47,BEVERLY BL,N ALVARADO ST,20,W,N,A,-,N,NA,NA,NA,NA,NA,NA,NA,NA,NA,N,4,0,1,2,A,-,10,21952,NA,N,G,B,E,A,H,-,A,D,0,Y,NA,NA,NA,Y,NA,I,20,0,0,1,0,1,0,0,0,0,-,-,NA,NA,LOS ANGELES,LOS ANGELES,-118.27037811279295,34.06669616699219
91324807,2020,2020-10-16,9565,2020-06-28,1610,021706,NA,7,2,4,1918,0,1,1,NA,2,061,I-405 N/B (SAN DIEGO FREEWAY),CENTINELA AVE,20,N,N,A,-,Y,NA,NA,405,NA,NA,NA,NA,NA,N,Y,4,0,2,3,A,-,08,22107,NA,N,B,C,A,A,H,-,A,D,0,NA,NA,NA,NA,Y,NA,A,01,0,0,2,0,0,0,0,0,0,-,-,33.98067092895508,-118.39324951171876,LOS ANGELES,CULVER CITY,-118.3933334350586,33.9806022644043
91324849,2020,2020-10-16,9580,2020-10-09,2320,021592,NA,5,3,7,1942,0,1,2,NA,2,104,US-101 E/B (VENTURA FREEWAY),VALLEY CIRCLE BLVD,720,S,N,A,-,Y,NA,NA,NA,NA,NA,NA,NA,NA,NA,Y,2,0,1,2,A,-,11,21954,A,N,G,B,E,A,H,-,C,D,0,Y,NA,NA,NA,Y,NA,N,60,1,0,0,0,1,0,0,0,0,-,-,34.1604118347168,-118.63477325439452,LOS ANGELES,LOS ANGELES,-118.63958740234376,34.15873718261719
91324854,2020,2020-10-16,9565,2020-10-04,0730,022437,NA,7,1,9,1900,0,2,4,NA,2,022,NORMANDIE AVENUE,120TH STREET,0,NA,Y,A,-,N,NA,NA,NA,NA,NA,NA,NA,NA,NA,Y,3,0,1,2,A,-,12,21453,A,N,D,C,A,A,H,-,A,A,0,NA,NA,Y,NA,Y,NA,C,02,0,1,0,0,0,0,0,0,1,-,-,33.92396926879883,-118.30034637451172,LOS ANGELES,UNINCORPORATED,-118.30036163330078,33.9239616394043
91324856,2020,2020-10-16,9575,2020-10-02,1830,022448,NA,5,2,9,1900,0,3,5,NA,2,002,GRANDEUR AVE. (2400 BLOCK),FIGUEROA DR.,100,N,N,A,-,N,NA,NA,NA,NA,NA,NA,NA,NA,NA,N,3,0,1,2,A,-,08,22107,NA,N,C,E,A,A,H,-,C,D,0,NA,NA,Y,NA,Y,NA,C,03,0,1,0,0,0,0,0,0,1,-,-,34.187870025634766,-118.15637969970705,LOS ANGELES,UNINCORPORATED,-118.15673828125,34.187198638916016
91324864,2020,2020-10-16,9540,2020-10-08,1835,020462,NA,4,2,9,1900,0,3,5,NA,2,003,DEL VALLE RD,HASLEY CANYON RD,2112,W,N,A,-,N,NA,NA,NA,NA,NA,NA,NA,NA,NA,Y,3,0,1,1,A,-,08,22107,NA,N,E,I,A,A,H,-,D,D,0,NA,NA,Y,NA,Y,NA,C,02,0,1,0,0,0,0,0,0,1,-,-,34.45314025878906,-118.64634704589844,LOS ANGELES,UNINCORPORATED,-118.64593505859376,34.45357894897461
91324865,2020,2020-10-16,9590,2020-10-05,0900,022456,NA,1,1,7,1942,0,1,2,NA,2,072,US-101 NB (HOF) TO SANTA MONICA BL,SANTA MONICA BLVD.,400,S,N,A,-,Y,NA,NA,101,NA,NA,NA,R,NA,N,N,4,0,1,2,A,-,03,22350,NA,N,C,C,A,A,H,-,A,D,0,NA,NA,NA,NA,Y,NA,D,22,0,0,1,0,0,0,0,0,0,-,-,34.08946990966797,-118.3053970336914,LOS ANGELES,LOS ANGELES,-118.3053970336914,34.08946990966797
91324868,2020,2020-10-16,9590,2020-10-13,1450,021040,NA,2,2,7,1942,0,1,1,NA,2,083,I-5 S/B (GOLDEN STATE FREEWAY),RIVERSIDE DRIVE,300,S,N,A,-,Y,NA,NA,5,NA,NA,NA,NA,NA,S,N,4,0,1,2,A,-,03,22350,NA,N,C,C,A,A,H,-,A,D,0,NA,NA,NA,NA,Y,NA,A,01,0,0,1,0,0,0,0,0,0,-,-,34.09415817260742,-118.24273681640624,LOS ANGELES,LOS ANGELES,-118.2427215576172,34.094181060791016
9132487,2020,2020-09-17,1920,2020-06-15,0819,12609,1920,1,5,6,1920,0,0,0,NA,0,002,QUILL DR,MORNING AV,0,NA,Y,A,-,N,NA,NA,NA,NA,NA,NA,NA,NA,NA,Y,3,0,2,2,A,-,09,21801,A,N,D,C,A,A,H,-,A,D,0,NA,NA,NA,NA,Y,NA,A,01,0,1,1,0,0,0,0,0,0,-,-,NA,NA,LOS ANGELES,DOWNEY,-118.1516571044922,33.92776870727539
91324879,2020,2020-10-16,9530,2020-10-09,2205,021871,NA,5,3,7,1942,0,1,1,NA,2,120,I-110 S/B (HARBOR FREEWAY),GAFFEY ST.,200,N,N,A,-,Y,NA,NA,110,NA,NA,NA,NA,NA,S,Y,2,0,1,1,A,-,03,22350,NA,N,E,I,A,A,H,-,C,D,0,NA,NA,Y,NA,Y,NA,C,02,1,0,0,0,0,0,0,0,1,-,-,33.74723815917969,-118.29151153564452,LOS ANGELES,LOS ANGELES,-118.29160308837892,33.747344970703125
9132488,2020,2020-09-17,1920,2020-06-14,0700,13118,1920,7,5,6,1920,0,0,0,NA,0,003,FLORENCE AV,WILEY BURKE AV,0,NA,Y,A,-,N,NA,NA,NA,NA,NA,NA,NA,NA,NA,N,3,0,3,3,D,-,00,NA,NA,M,B,C,A,A,H,-,A,A,0,NA,NA,NA,NA,Y,NA,-,-,0,1,2,0,0,0,0,0,0,-,-,NA,NA,LOS ANGELES,DOWNEY,-118.137451171875,33.957061767578125
91324880,2020,2020-10-16,9525,2020-10-08,2258,021809,NA,4,3,1,1934,0,1,1,NA,2,203,I-210 W/B (FOOTHILL FWY),I-605 S/B (SAN GABRIEL RIVER FWY),1000,E,N,A,-,Y,NA,NA,210,NA,NA,NA,NA,NA,W,Y,4,0,2,2,A,-,07,21658,A,N,B,C,A,A,H,-,C,D,0,NA,NA,NA,NA,Y,NA,A,01,0,0,2,0,0,0,0,0,0,-,-,34.13331985473633,-117.95279693603516,LOS ANGELES,IRWINDALE,-117.95281982421876,34.13322830200195
9132489,2020,2020-09-17,1920,2020-06-11,1417,13305,1920,4,5,6,1920,0,0,0,NA,0,003,FIRESTONE BL,WILEY BURKE AV,0,NA,Y,A,-,N,NA,NA,NA,NA,NA,NA,NA,NA,NA,Y,3,0,2,2,-,-,-,NA,A,N,D,C,A,A,H,-,A,D,0,NA,NA,NA,NA,Y,NA,A,07,0,1,1,0,0,0,0,0,0,-,-,NA,NA,LOS ANGELES,DOWNEY,-118.14517974853516,33.94668197631836
91324890,2020,2020-10-16,9525,2020-10-10,1430,021080,NA,6,2,5,1990,0,1,3,NA,2,603,SR-60 W/B (POMONA FWY),GRAND AVE,2640,E,N,A,-,Y,NA,NA,60,NA,NA,NA,NA,NA,W,N,4,0,1,4,A,-,03,22350,NA,N,C,C,A,A,H,-,A,D,0,NA,NA,NA,NA,Y,NA,A,01,0,0,1,0,0,0,0,0,0,-,-,34.020450592041016,-117.81484222412108,LOS ANGELES,DIAMOND BAR,-117.81485748291016,34.020469665527344
9132490,2020,2020-09-17,1920,2020-06-13,1812,13500,1920,6,5,6,1920,0,0,0,NA,0,005,BROOKSHIRE AV,ELEVENTH  ST,0,NA,Y,A,-,N,NA,NA,NA,NA,NA,NA,NA,NA,NA,N,2,0,1,2,A,-,11,21954,A,N,G,B,D,A,H,-,A,D,0,Y,NA,NA,NA,Y,Y,N,60,1,0,0,0,1,0,0,0,0,-,-,NA,NA,LOS ANGELES,DOWNEY,-118.12232971191406,33.94926071166992
9132491,2020,2020-09-17,1942,2020-06-12,1237,13118,1920,5,5,7,1942,0,0,0,NA,0,006,BROOKSHIRE AV,CLETA ST,0,NA,Y,A,-,N,NA,NA,NA,NA,NA,NA,NA,NA,NA,N,4,0,3,2,A,-,09,21801,A,N,D,C,A,A,H,-,A,D,0,NA,NA,NA,NA,Y,NA,A,01,0,0,3,0,0,0,0,0,0,-,-,NA,NA,LOS ANGELES,LOS ANGELES,-118.1333465576172,33.933380126953125
91324913,2020,2020-10-16,9590,2020-10-01,0110,021317,NA,4,3,7,1942,0,1,1,NA,2,064,I-10 E/B (SMF) TO SANTA FE AVE,SANTA FE AVE,200,W,N,A,-,Y,NA,NA,10,NA,NA,NA,R,NA,E,Y,4,0,1,2,A,-,03,22350,NA,F,C,C,A,A,H,-,C,D,0,NA,NA,NA,NA,Y,NA,-,99,0,0,1,0,0,0,0,0,0,-,-,34.02743148803711,-118.23107147216795,LOS ANGELES,LOS ANGELES,-118.23107147216795,34.02743148803711
9132492,2020,2020-09-17,1920,2020-06-12,0001,13500,1920,5,5,6,1920,0,0,0,NA,0,003,FIRESTONE BL,OLD RIVER SCHOOL RD,12,E,N,A,-,N,NA,NA,NA,NA,NA,NA,NA,NA,NA,Y,4,0,2,2,A,-,01,23152,A,N,C,C,A,A,H,-,C,A,0,NA,NA,NA,NA,Y,Y,A,01,0,0,2,0,0,0,0,0,0,-,-,NA,NA,LOS ANGELES,DOWNEY,-118.14896392822266,33.94719314575195
91324921,2020,2020-10-16,9590,2020-09-26,2330,021762,NA,6,3,7,1942,0,1,2,NA,2,070,US-101 N/B (HOLLYWOOD FREEWAY),SILVER LAKE BLVD,200,S,N,A,-,Y,NA,NA,101,NA,NA,NA,NA,NA,N,Y,4,0,1,2,A,-,07,21658,A,F,B,C,A,A,H,-,D,D,0,NA,NA,NA,NA,Y,NA,A,01,0,0,1,0,0,0,0,0,0,-,-,34.07712173461914,-118.28093719482422,LOS ANGELES,LOS ANGELES,-118.28094482421876,34.07710647583008
91324922,2020,2020-10-16,9550,2020-10-10,0200,021578,NA,6,3,4,1936,0,1,1,NA,2,501,I-5 N/B,CAYOTE CREEK,100,S,N,A,-,Y,NA,NA,5,NA,NA,NA,NA,NA,N,Y,3,0,1,1,A,-,01,23152,A,N,E,I,A,A,H,-,D,D,0,NA,NA,NA,NA,Y,Y,A,01,0,1,0,0,0,0,0,0,0,-,-,33.877281188964844,-118.01619720458984,LOS ANGELES,LA MIRADA,-118.01617431640624,33.8773307800293