CASE_ID,ACCIDENT_YEAR,PROC_DATE,JURIS,COLLISION_DATE,COLLISION_TIME,OFFICER_ID,REPORTING_DISTRICT,DAY_OF_WEEK,CHP_SHIFT,POPULATION,CNTY_CITY_LOC,SPECIAL_COND,BEAT_TYPE,CHP_BEAT_TYPE,CITY_DIVISION_LAPD,CHP_BEAT_CLASS,BEAT_NUMBER,PRIMARY_RD,SECONDARY_RD,DISTANCE,DIRECTION,INTERSECTION,WEATHER_1,WEATHER_2,STATE_HWY_IND,CALTRANS_COUNTY,CALTRANS_DISTRICT,STATE_ROUTE,ROUTE_SUFFIX,POSTMILE_PREFIX,POSTMILE,LOCATION_TYPE,RAMP_INTERSECTION,SIDE_OF_HWY,TOW_AWAY,COLLISION_SEVERITY,NUMBER_KILLED,NUMBER_INJURED,PARTY_COUNT,PRIMARY_COLL_FACTOR,PCF_CODE_OF_VIOL,PCF_VIOL_CATEGORY,PCF_VIOLATION,PCF_VIOL_SUBSECTION,HIT_AND_RUN,TYPE_OF_COLLISION,MVIW,PED_ACTION,ROAD_SURFACE,ROAD_COND_1,ROAD_COND_2,LIGHTING,CONTROL_DEVICE,CHP_ROAD_TYPE,PEDESTRIAN_ACCIDENT,BICYCLE_ACCIDENT,MOTORCYCLE_ACCIDENT,TRUCK_ACCIDENT,NOT_PRIVATE_PROPERTY,ALCOHOL_INVOLVED,STWD_VEHTYPE_AT_FAULT,CHP_VEHTYPE_AT_FAULT,COUNT_SEVERE_INJ,COUNT_VISIBLE_INJ,COUNT_COMPLAINT_PAIN,COUNT_PED_KILLED,COUNT_PED_INJURED,COUNT_BICYCLIST_KILLED,COUNT_BICYCLIST_INJURED,COUNT_MC_KILLED,COUNT_MC_INJURED,PRIMARY_RAMP,SECONDARY_RAMP,LATITUDE,LONGITUDE,COUNTY,CITY,POINT_X,POINT_Y
91325494,2020,2020-10-16,9535,2020-10-06,2010,022159,NA,2,2,9,1900,0,2,4,NA,2,018,POMONA BLVD,ATLANTIC BLVD.,0,NA,Y,A,-,N,NA,NA,NA,NA,NA,NA,NA,NA,NA,N,3,0,1,2,A,-,05,21650,NA,N,B,G,A,A,H,-,C,A,0,NA,Y,NA,NA,Y,NA,L,04,0,1,0,0,0,0,1,0,0,-,-,34.03322982788086,-118.15293884277344,LOS ANGELES,UNINCORPORATED,-118.15274810791016,34.03337097167969
91325506,2020,2020-10-16,9535,2020-10-06,1554,022025,NA,2,2,9,1900,0,1,3,NA,2,620,SR-60 (POMONA FREEWAY) E/B,ROSEMEAD BLVD,2500,W,N,A,-,Y,NA,NA,60,NA,NA,NA,NA,NA,E,Y,4,0,2,3,A,-,03,22350,NA,N,C,C,A,A,H,-,A,D,0,NA,NA,NA,NA,Y,NA,D,22,0,0,2,0,0,0,0,0,0,-,-,34.04096984863281,-118.07279205322266,LOS ANGELES,UNINCORPORATED,-118.07279205322266,34.041011810302734
91325527,2020,2020-10-19,9525,2020-10-10,0855,022509,NA,6,1,4,1905,0,1,1,NA,2,203,I-210 W/B TO AZUSA AVE.,AZUSA AVE,1000,E,N,B,-,Y,NA,NA,210,NA,NA,NA,R,NA,W,Y,4,0,1,3,A,-,03,22350,NA,N,C,C,A,A,H,-,A,A,0,NA,NA,NA,NA,Y,NA,D,22,0,0,1,0,0,0,0,0,0,-,-,34.121089935302734,-117.90447235107422,LOS ANGELES,AZUSA,-117.90447235107422,34.121089935302734
91325533,2020,2020-10-19,9525,2020-10-11,0600,022509,NA,7,1,6,1955,0,1,1,NA,2,109,I-10 W/B (SAN BERNARDINO FWY),TOWNE AVE,2500,E,N,A,-,Y,NA,NA,10,NA,NA,NA,NA,NA,W,Y,3,0,1,2,A,-,03,22350,NA,N,C,C,A,A,D,E,B,D,0,NA,NA,NA,NA,Y,NA,A,01,0,1,0,0,0,0,0,0,0,-,-,34.081459045410156,-117.73370361328124,LOS ANGELES,POMONA,-117.73368072509766,34.08137130737305
91325535,2020,2020-10-19,9550,2020-10-06,1745,022144,NA,2,2,9,1900,0,2,4,NA,1,012,WASHINGTON BOULEVARD E/B,INTERSTATE 605,230,W,N,A,-,N,NA,NA,NA,NA,NA,NA,NA,NA,NA,Y,4,0,1,3,A,-,03,22350,NA,N,C,C,A,A,H,-,A,D,0,NA,NA,NA,NA,Y,NA,A,07,0,0,1,0,0,0,0,0,0,-,-,33.97444152832031,-118.08116912841795,LOS ANGELES,UNINCORPORATED,-118.08079528808594,33.97426223754883
91325551,2020,2020-10-19,9575,2020-10-09,2205,022435,NA,5,3,7,1942,0,1,1,NA,2,053,I-5 S/B (GOLDEN STATE FREEWAY),SHELDON ST,460,N,N,A,-,Y,NA,NA,5,NA,NA,NA,NA,NA,S,Y,3,0,1,1,A,-,03,22350,NA,N,E,I,A,A,H,-,D,D,0,NA,NA,NA,NA,Y,NA,A,01,0,1,0,0,0,0,0,0,0,-,-,34.23188018798828,-118.40583038330078,LOS ANGELES,LOS ANGELES,-118.40584564208984,34.23180389404297
91325575,2020,2020-10-19,9575,2020-10-12,1605,017722,NA,1,2,6,1953,0,1,1,NA,2,064,I-210 WESTBOUND FROM HILL AVE.,HILL AVE.,50,W,N,A,-,Y,NA,NA,210,NA,NA,NA,R,NA,W,N,4,0,1,1,A,-,08,22107,NA,N,E,I,A,A,H,-,A,D,0,NA,NA,NA,NA,Y,NA,A,07,0,0,1,0,0,0,0,0,0,-,-,34.15279006958008,-118.12168121337892,LOS ANGELES,PASADENA,-118.12168121337892,34.15279006958008
91325583,2020,2020-10-19,9575,2020-10-08,2240,022435,NA,4,3,7,1942,0,1,1,NA,2,060,I-210 E/B TO PAXTON ST,PAXTON ST,555,W,N,A,-,Y,NA,NA,210,NA,NA,NA,R,NA,E,Y,4,0,1,1,A,-,08,22107,NA,N,E,I,A,A,H,-,D,D,0,NA,NA,NA,NA,Y,NA,A,01,0,0,1,0,0,0,0,0,0,-,-,34.28861999511719,-118.40859222412108,LOS ANGELES,LOS ANGELES,-118.40859222412108,34.28861999511719
91325589,2020,2020-10-19,9575,2020-10-09,0740,020542,NA,5,1,6,1953,0,1,1,NA,2,080,E/B I-210 TO S/B SR-710,UNION ST.,600,N,N,A,-,Y,NA,NA,210,NA,NA,NA,R,NA,NA,Y,3,0,1,1,A,-,08,22107,NA,N,E,I,A,A,H,-,A,D,0,NA,NA,NA,NA,Y,NA,A,01,0,1,0,0,0,0,0,0,0,-,-,34.14768981933594,-118.15564727783205,LOS ANGELES,PASADENA,-118.15564727783205,34.14768981933594
91325599,2020,2020-10-19,9575,2020-10-13,1329,021302,NA,2,1,7,1942,0,1,3,NA,2,070,SR-118 W/B (RONALD REAGAN FREEWAY),SAN FERNANDO RD,1056,E,N,A,-,Y,NA,NA,118,NA,NA,NA,NA,NA,W,N,4,0,1,2,A,-,03,22350,NA,N,C,C,A,A,H,-,A,D,0,NA,NA,NA,NA,Y,NA,A,01,0,0,1,0,0,0,0,0,0,-,-,34.27439880371094,-118.42633056640624,LOS ANGELES,LOS ANGELES,-118.42638397216795,34.27446365356445
91325609,2020,2020-10-19,9550,2020-10-14,1300,017719,NA,3,1,9,1900,0,2,4,NA,1,051,NOGALES STREET,STATE ROUTE 60 (POMONA FREEWAY),30,S,N,A,-,N,NA,NA,NA,NA,NA,NA,NA,NA,NA,N,4,0,1,2,A,-,07,21658,A,N,B,C,A,A,H,-,A,D,0,NA,NA,NA,Y,Y,NA,G,25,0,0,1,0,0,0,0,0,0,-,-,33.993770599365234,-117.88877105712892,LOS ANGELES,UNINCORPORATED,-117.8886489868164,33.99397659301758
91325610,2020,2020-10-19,9550,2020-10-09,1605,020551,NA,5,2,6,1920,0,1,1,NA,2,500,I-5 NORTHBOUND,I-605,1000,S,N,A,-,Y,NA,NA,5,NA,NA,NA,NA,NA,N,Y,3,0,1,2,A,-,07,21658,A,F,B,C,A,A,H,-,A,D,0,NA,NA,NA,NA,Y,NA,-,99,0,1,0,0,0,0,0,0,0,-,-,33.93650817871094,-118.09311676025392,LOS ANGELES,DOWNEY,-118.09333038330078,33.93636703491211
91325615,2020,2020-10-19,9590,2020-10-13,2055,021040,NA,2,2,7,1942,0,1,1,NA,2,084,I-5 N/B (GSF) FROM LOS FELIZ BLVD,LOS FELIZ BOULEVARD,50,S,N,A,-,Y,NA,NA,5,NA,NA,NA,R,NA,N,Y,4,0,1,2,A,-,03,22350,NA,N,C,C,A,A,H,-,C,D,0,NA,NA,NA,NA,Y,NA,A,01,0,0,1,0,0,0,0,0,0,-,-,34.120521545410156,-118.27082061767578,LOS ANGELES,LOS ANGELES,-118.27082061767578,34.120521545410156
91325657,2020,2020-10-19,9565,2020-10-08,1415,021524,NA,4,2,6,1933,0,1,1,NA,2,060,I-405 S/B (SAN DIEGO FREEWAY),HILLCREST BLVD,400,N,N,A,-,Y,NA,NA,405,NA,NA,NA,NA,NA,S,Y,4,0,1,3,A,-,03,22350,NA,N,C,C,A,A,H,-,A,D,0,NA,NA,NA,NA,Y,NA,A,01,0,0,1,0,0,0,0,0,0,-,-,33.95726013183594,-118.36961364746094,LOS ANGELES,INGLEWOOD,-118.36949157714844,33.95725631713867
91325660,2020,2020-10-19,9535,2020-10-08,1005,022225,NA,4,1,9,1900,0,1,1,NA,2,420,I-10 (SAN BERNARDINO FREEWAY) E/B,CAMPUS RD,400,E,N,A,-,Y,NA,NA,10,NA,NA,NA,NA,NA,E,Y,3,0,1,1,A,-,08,22107,NA,N,E,I,A,A,H,-,A,D,0,NA,NA,Y,NA,Y,NA,C,02,0,1,0,0,0,0,0,0,1,-,-,34.061561584472656,-118.17022705078124,LOS ANGELES,UNINCORPORATED,-118.17021942138672,34.061466217041016
91325665,2020,2020-10-19,9565,2020-10-11,2137,022117,NA,7,2,7,1942,0,1,1,NA,2,062,I-405 N/B (SAN DIEGO FREEWAY),EXPOSITION BLVD,500,S,N,A,-,Y,NA,NA,405,NA,NA,NA,NA,NA,N,N,4,0,1,3,A,-,07,21658,A,N,B,C,A,A,H,-,D,D,0,NA,NA,NA,NA,Y,NA,A,07,0,0,1,0,0,0,0,0,0,-,-,34.033668518066406,-118.436279296875,LOS ANGELES,LOS ANGELES,-118.43631744384766,34.033626556396484
91325710,2020,2020-10-19,9590,2020-10-16,0635,019303,NA,5,1,7,1942,0,1,1,NA,2,063,I-10 W/B (SMF) (COLLECTOR ROAD),BUDLONG AVE,200,E,N,A,-,Y,NA,NA,10,NA,NA,NA,NA,NA,W,Y,4,0,1,2,A,-,03,22350,NA,N,C,C,A,A,H,-,A,D,0,NA,NA,NA,NA,Y,NA,A,08,0,0,1,0,0,0,0,0,0,-,-,34.037330627441406,-118.2952117919922,LOS ANGELES,LOS ANGELES,-118.2952117919922,34.037105560302734
91325713,2020,2020-10-19,9590,2020-10-12,2223,021912,NA,1,3,7,1942,0,1,2,NA,2,071,US-101 S/B (HOLLYWOOD FREEWAY),GLENDALE BLVD.,500,S,N,A,-,Y,NA,NA,101,NA,NA,NA,NA,NA,S,Y,4,0,2,2,A,-,07,21658,A,N,B,C,A,A,H,-,C,D,0,NA,NA,NA,NA,Y,NA,A,07,0,0,2,0,0,0,0,0,0,-,-,34.06909942626953,-118.25975036621094,LOS ANGELES,LOS ANGELES,-118.25975036621094,34.0691032409668
91325714,2020,2020-10-19,9590,2020-10-15,1840,021111,NA,4,2,7,1942,0,1,1,NA,2,062,I-10 E/B (SANTA MONICA FREEWAY),I-110,750,W,N,A,-,Y,NA,NA,10,NA,NA,NA,NA,NA,E,Y,4,0,1,3,A,-,03,22350,NA,N,C,C,A,A,H,-,C,D,0,NA,NA,NA,NA,Y,NA,A,01,0,0,1,0,0,0,0,0,0,-,-,34.03805923461914,-118.2749481201172,LOS ANGELES,LOS ANGELES,-118.2749481201172,34.0380973815918
91325720,2020,2021-03-24,9590,2020-10-09,2315,021762,NA,5,3,7,1942,0,1,2,NA,2,071,US-101 S/B (SANTA ANA FREEWAY),LOS ANGELES RIVER,1500,N,N,A,-,Y,NA,NA,101,NA,NA,NA,NA,NA,S,N,4,0,1,2,A,-,03,22350,NA,N,C,C,A,A,H,-,D,D,0,NA,NA,NA,NA,Y,NA,A,01,0,0,1,0,0,0,0,0,0,-,-,34.053619384765625,-118.23388671875,LOS ANGELES,LOS ANGELES,-118.23388671875,34.05363464355469
91325762,2020,2020-10-19,9580,2020-10-16,0050,021291,NA,5,3,7,1942,0,1,1,NA,2,406,I-405 N/B (SAN DIEGO FWY),ROSCOE BLVD,750,S,N,A,-,Y,NA,NA,405,NA,NA,NA,NA,NA,N,Y,3,0,1,2,A,-,01,23152,A,N,B,C,A,A,H,-,C,D,0,NA,NA,NA,NA,Y,Y,A,01,0,1,0,0,0,0,0,0,0,-,-,34.21923065185547,-118.47310638427734,LOS ANGELES,LOS ANGELES,-118.47310638427734,34.21923065185547
91325769,2020,2020-10-19,9590,2020-10-07,1850,020618,NA,3,2,7,1942,0,1,1,NA,2,061,I-10 WB (SMF),WESTERN AVENUE,700,W,N,A,-,Y,NA,NA,10,NA,NA,NA,NA,NA,W,Y,3,0,5,2,A,-,03,22350,NA,N,C,C,A,A,H,-,D,D,0,NA,NA,NA,NA,Y,NA,A,01,0,2,3,0,0,0,0,0,0,-,-,34.037269592285156,-118.3114776611328,LOS ANGELES,LOS ANGELES,-118.3114776611328,34.037269592285156
91325773,2020,2020-10-19,9575,2020-09-17,1915,022490,NA,4,2,7,1942,0,1,1,NA,2,053,I-5 S/B (GOLDEN STATE FREEWAY),VAN NUYS BLVD.,500,S,N,A,-,Y,NA,NA,5,NA,NA,NA,NA,NA,S,N,4,0,1,2,A,-,07,21658,A,F,B,C,A,A,H,-,B,D,0,NA,NA,Y,NA,Y,NA,A,01,0,0,1,0,0,0,0,0,1,-,-,34.25257873535156,-118.43092346191406,LOS ANGELES,LOS ANGELES,-118.43090057373048,34.25259780883789
91325778,2020,2020-10-19,9580,2020-10-11,1200,020879,NA,7,1,9,1900,0,3,5,NA,1,020,PIUMA RD,LIVE OAK CIRCLE DR,0,NA,Y,A,-,N,NA,NA,NA,NA,NA,NA,NA,NA,NA,Y,3,0,1,2,A,-,09,21801,A,N,D,C,A,A,H,-,A,D,0,NA,NA,Y,NA,Y,NA,A,01,0,1,0,0,0,0,0,0,1,-,-,34.07872009277344,-118.69857025146484,LOS ANGELES,UNINCORPORATED,-118.69854736328124,34.07868957519531
91325780,2020,2020-10-19,9580,2020-10-16,0835,018185,NA,5,1,7,1942,0,1,1,NA,2,405,I-405 S/B (SAN DIEGO FWY),VANOWEN ST,100,S,N,A,-,Y,NA,NA,405,NA,NA,NA,NA,NA,S,N,4,0,1,2,A,-,03,22350,NA,M,C,C,A,A,H,-,A,D,0,NA,NA,NA,NA,Y,NA,-,99,0,0,1,0,0,0,0,0,0,-,-,34.19194030761719,-118.47382354736328,LOS ANGELES,LOS ANGELES,-118.4743881225586,34.191932678222656
91325783,2020,2020-10-19,9540,2020-10-11,1155,019721,NA,7,1,9,1900,0,3,5,NA,2,200,LITTLE TUJUNGA CANYON RD,BEAR DIVIDE,16896,E,N,A,-,Y,NA,NA,NA,NA,NA,NA,NA,NA,NA,Y,2,0,1,1,A,-,03,22350,NA,N,E,J,A,A,H,-,A,D,0,NA,NA,Y,NA,Y,NA,C,02,1,0,0,0,0,0,0,0,1,-,-,34.34368133544922,-118.35753631591795,LOS ANGELES,UNINCORPORATED,NA,NA
91325792,2020,2020-12-14,9565,2020-10-08,2050,021951,NA,4,2,4,1918,0,1,1,NA,2,061,I-405 N/B (SAN DIEGO FWY),BRADDOCK DR.,10,N,N,A,-,Y,NA,NA,405,NA,NA,NA,NA,NA,N,Y,3,0,1,1,A,-,01,23152,A,N,E,I,A,A,H,-,C,D,0,NA,NA,NA,NA,Y,Y,D,22,0,1,0,0,0,0,0,0,0,-,-,34.00033950805664,-118.4086685180664,LOS ANGELES,CULVER CITY,-118.40884399414064,34.000205993652344
91325794,2020,2020-10-19,9580,2020-10-14,0113,020791,NA,3,3,7,1942,0,1,2,NA,2,103,US-101 S/B (VENTURA FREEWAY),RESEDA BLVD,1200,N,N,A,-,Y,NA,NA,101,NA,NA,NA,NA,NA,S,Y,4,0,4,4,A,-,03,22350,NA,N,C,C,A,A,H,-,D,D,0,NA,NA,NA,NA,Y,NA,-,31,0,0,4,0,0,0,0,0,0,-,-,34.17325973510742,-118.54132080078124,LOS ANGELES,LOS ANGELES,-118.54132080078124,34.17326736450195
91325805,2020,2020-10-19,9535,2020-10-07,0450,022223,NA,3,3,4,1907,0,1,1,NA,2,073,I-710 (LONG BEACH FREEWAY) S/B,CLARA ST,800,S,N,A,-,Y,NA,NA,710,NA,NA,NA,NA,NA,S,Y,3,0,1,2,A,-,03,22350,NA,M,C,C,A,A,H,-,D,D,0,NA,NA,NA,NA,Y,NA,A,01,0,1,0,0,0,0,0,0,0,-,-,33.9623908996582,-118.169921875,LOS ANGELES,BELL,-118.16986846923828,33.96238327026367
91325815,2020,2020-10-19,9540,2020-10-12,2000,021124,NA,1,2,7,1942,0,1,1,NA,1,502,I-5 N/B (GSF) TO I-210 E/B (FF),SAN FERNANDO ROAD,410,S,N,A,-,Y,NA,NA,5,NA,NA,NA,R,NA,N,Y,3,0,1,1,A,-,08,22107,NA,N,E,I,A,A,H,-,C,D,0,NA,NA,NA,NA,Y,NA,A,01,0,1,0,0,0,0,0,0,0,-,-,34.313419342041016,-118.48793029785156,LOS ANGELES,LOS ANGELES,-118.48793029785156,34.313419342041016
91325839,2020,2020-10-19,9580,2020-10-16,0730,019319,NA,5,1,7,1942,0,1,2,NA,2,103,US-101 N/B (VENTURA FREEWAY),SEPULVEDA BLVD,1056,S,N,A,-,Y,NA,NA,101,NA,NA,NA,NA,NA,N,N,4,0,1,2,A,-,03,22350,NA,N,C,C,A,A,H,-,A,D,0,NA,NA,NA,NA,Y,NA,A,01,0,0,1,0,0,0,0,0,0,-,-,34.15959930419922,-118.46324157714844,LOS ANGELES,LOS ANGELES,-118.46324157714844,34.159507751464844
91325843,2020,2020-10-19,9580,2020-10-16,2115,020404,NA,5,2,9,1900,0,1,2,NA,2,107,US-101 S/B (VENTURA FREEWAY),LAS VIRGENES CANYON RD,2640,E,N,A,-,Y,NA,NA,101,NA,NA,NA,NA,NA,S,Y,4,0,1,2,A,-,03,22350,NA,F,C,C,A,A,H,-,D,D,0,NA,NA,NA,NA,Y,NA,-,99,0,0,1,0,0,0,0,0,0,-,-,34.150421142578125,-118.68807983398438,LOS ANGELES,UNINCORPORATED,-118.68807983398438,34.15047836303711
91325846,2020,2020-10-19,9550,2020-10-12,0320,020795,NA,1,3,9,1900,0,3,5,NA,2,002,COLIMA ROAD,LA MIRADA BOULEVARD,5,W,N,A,-,N,NA,NA,NA,NA,NA,NA,NA,NA,NA,Y,3,0,1,1,A,-,01,23152,A,N,E,C,A,A,H,-,C,A,0,NA,NA,NA,NA,Y,Y,A,01,0,1,0,0,0,0,0,0,0,-,-,33.564308166503906,-118.00700378417967,LOS ANGELES,UNINCORPORATED,-118.0124740600586,33.940711975097656
91325851,2020,2020-10-19,9580,2020-10-16,0810,022015,NA,5,1,7,1942,0,1,2,NA,2,101,US-101 S/B (VENTURA FREEWAY),TUJUNGA AVE,1848,N,N,A,-,Y,NA,NA,101,NA,NA,NA,NA,NA,S,Y,4,0,2,3,A,-,03,22350,NA,N,C,C,A,A,H,-,A,D,0,NA,NA,NA,NA,Y,NA,A,07,0,0,2,0,0,0,0,0,0,-,-,34.154441833496094,-118.38494110107422,LOS ANGELES,LOS ANGELES,-118.38494110107422,34.15436935424805
91325860,2020,2020-10-19,9535,2020-10-07,1545,021381,NA,3,2,9,1900,0,3,5,NA,2,001,MANDALAY AVE. (4200 E. BLOCK),MCGILVERY AVE.,465,W,N,A,-,N,NA,NA,NA,NA,NA,NA,NA,NA,NA,N,4,0,1,2,A,-,09,21804,A,N,B,C,A,A,H,-,A,D,0,NA,NA,NA,NA,Y,NA,A,01,0,0,1,0,0,0,0,0,0,-,-,34.05754852294922,-118.17530059814452,LOS ANGELES,UNINCORPORATED,-118.1753158569336,34.05754852294922
91325895,2020,2020-10-19,9530,2020-10-12,0135,021842,NA,1,3,7,1942,0,1,1,NA,2,120,I-110 S/B (HARBOR FREEWAY),CHANNEL ST.,750,N,N,A,-,Y,NA,NA,110,NA,NA,NA,NA,NA,S,Y,3,0,1,1,A,-,01,23152,A,N,E,I,A,A,H,-,C,D,0,NA,NA,NA,NA,Y,Y,A,01,0,1,0,0,0,0,0,0,0,-,-,33.755638122558594,-118.29103088378906,LOS ANGELES,LOS ANGELES,-118.29109954833984,33.755653381347656
91325896,2020,2020-10-19,9550,2020-10-09,0845,020531,NA,5,1,5,1976,0,1,1,NA,2,650,INTERSTATE 605 (SAN GABRIEL RIVER FREEW,OBREGON STREET,200,S,N,A,-,Y,NA,NA,605,NA,NA,NA,NA,NA,NA,Y,3,0,2,2,A,-,08,22107,NA,N,C,C,A,A,H,-,A,D,0,NA,NA,Y,NA,Y,NA,C,02,0,1,1,0,0,0,0,0,2,-,-,33.99803161621094,-118.06819152832033,LOS ANGELES,WHITTIER,-118.06824493408205,33.998043060302734
91325918,2020,2020-10-19,9580,2020-10-15,1145,016413,NA,4,1,7,1942,0,1,3,NA,2,170,SR-170 N/B (HOLLYWOOD FWY.),MAGNOLIA BLVD,700,N,N,A,-,Y,NA,NA,170,NA,NA,NA,NA,NA,N,Y,2,0,1,3,A,-,06,21750,A,N,B,C,A,A,D,-,A,A,0,NA,NA,Y,NA,Y,NA,C,02,1,0,0,0,0,0,0,0,1,-,-,34.167388916015625,-118.3835220336914,LOS ANGELES,LOS ANGELES,-118.38362121582033,34.1673469543457
91325952,2020,2020-10-19,9565,2020-09-19,2300,022219,NA,6,3,9,1900,0,2,4,NA,2,022,NORMANDIE AVENUE,97TH STREET,200,S,N,A,-,N,NA,NA,NA,NA,NA,NA,NA,NA,NA,Y,3,0,1,2,A,-,01,23152,A,N,D,C,A,A,H,-,C,D,0,NA,NA,NA,NA,Y,Y,A,01,0,1,0,0,0,0,0,0,0,-,-,33.947479248046875,-118.30023193359376,LOS ANGELES,UNINCORPORATED,-118.3002700805664,33.94719314575195
91325960,2020,2020-10-19,9530,2020-10-13,1045,013990,NA,2,1,9,1900,0,3,5,NA,2,004,LAUREL PARK RD (19200 BLOCK),VICTORIA ST.,2112,S,N,A,-,N,NA,NA,NA,NA,NA,NA,NA,NA,NA,Y,3,0,1,2,A,-,07,21658,A,N,B,C,A,A,H,-,A,D,0,NA,NA,NA,NA,Y,NA,A,01,0,1,0,0,0,0,0,0,0,-,-,33.85789108276367,-118.21978759765624,LOS ANGELES,UNINCORPORATED,-118.21952056884766,33.85868453979492
91325963,2020,2020-10-19,9580,2020-10-16,1405,022465,NA,5,2,7,1942,0,1,2,NA,2,103,US-101 S/B (VENTURA FREEWAY),BALBOA AVE,0,NA,N,A,-,Y,NA,NA,101,NA,NA,NA,NA,NA,S,N,3,0,3,4,A,-,03,22350,NA,N,C,C,A,A,H,-,A,D,0,NA,NA,NA,NA,Y,NA,E,22,0,3,0,0,0,0,0,0,0,-,-,34.16925811767578,-118.49916839599608,LOS ANGELES,LOS ANGELES,-118.49916839599608,34.16926574707031
91325981,2020,2020-10-19,9580,2020-10-18,2000,021236,NA,7,2,7,1942,0,1,2,NA,2,107,US-101 S/B (VENTURA FREEWAY),LOST HILLS RD,1000,N,N,A,-,Y,NA,NA,NA,NA,NA,NA,NA,NA,NA,Y,4,0,1,2,A,-,03,22350,NA,N,C,C,A,A,H,-,C,D,0,NA,NA,NA,NA,Y,NA,A,01,0,0,1,0,0,0,0,0,0,-,-,34.139739990234375,-118.71283721923828,LOS ANGELES,LOS ANGELES,-118.70664978027344,34.14204406738281
91326045,2020,2020-10-19,9590,2020-10-07,2150,021762,NA,3,2,7,1942,0,1,2,NA,2,073,US-101 S/B (HOLLYWOOD FREEWAY),PILGRIMAGE BRIDGE,900,N,N,A,-,Y,NA,NA,101,NA,NA,NA,NA,NA,S,Y,4,0,1,2,A,-,03,22350,NA,N,C,C,A,A,D,-,D,D,0,NA,NA,NA,NA,Y,NA,A,01,0,0,1,0,0,0,0,0,0,-,-,34.11833953857422,-118.33776092529295,LOS ANGELES,LOS ANGELES,-118.33779907226564,34.118324279785156
91326057,2020,2020-10-19,9590,2020-10-07,0820,021346,NA,3,1,7,1942,0,1,1,NA,2,010,SR-110 N/B (ARROYO SECO PARKWAY),TUNNEL 4,200,S,N,A,-,Y,NA,NA,110,NA,NA,NA,NA,NA,N,N,4,0,1,3,A,-,03,22350,NA,N,C,C,A,A,H,-,A,A,0,NA,NA,NA,NA,Y,NA,A,01,0,0,1,0,0,0,0,0,0,-,-,34.07775115966797,-118.22899627685548,LOS ANGELES,LOS ANGELES,-118.22898864746094,34.07773971557617
91326153,2020,2020-10-19,9590,2020-10-07,2053,020618,NA,3,2,7,1942,0,1,1,NA,2,063,I-10 WB (SMF),VERMONT AVENUE,300,W,N,A,-,Y,NA,NA,10,NA,NA,NA,NA,NA,W,Y,2,0,2,3,C,-,18,NA,NA,N,C,C,A,A,H,-,D,D,0,NA,NA,NA,NA,Y,NA,-,-,1,1,0,0,0,0,0,0,0,-,-,34.0369987487793,-118.29267120361328,LOS ANGELES,LOS ANGELES,-118.29267120361328,34.03707504272461
91326157,2020,2020-10-19,9550,2020-10-07,0810,021054,NA,3,1,9,1900,0,1,1,NA,2,650,INTERSTATE 605 (SAN GABRIEL RIVER FREEW,BEVERLY BOULEVARD,350,N,N,A,-,Y,NA,NA,605,NA,NA,NA,NA,NA,NA,Y,3,0,1,3,A,-,03,22350,NA,N,B,C,A,A,H,-,A,D,0,NA,NA,NA,NA,Y,NA,A,01,0,1,0,0,0,0,0,0,0,-,-,34.00510025024414,-118.06199645996094,LOS ANGELES,UNINCORPORATED,-118.0623016357422,34.00548553466797
91326188,2020,2020-10-19,9525,2020-10-07,0450,019890,NA,3,3,6,1955,0,1,3,NA,2,072,SR-71 N/B (CHINO VALLEY FWY),VALLEY BLVD.,3696,N,N,A,-,Y,NA,NA,71,NA,NA,NA,NA,NA,N,Y,4,0,1,3,A,-,03,22350,NA,N,C,C,A,A,H,-,D,D,0,NA,NA,NA,NA,Y,NA,J,48,0,0,1,0,0,0,0,0,0,-,-,34.06671142578125,-117.80326080322266,LOS ANGELES,POMONA,-117.8031997680664,34.06688690185547
91326193,2020,2020-10-19,9525,2020-10-11,0310,021393,NA,7,3,4,1913,0,1,1,NA,2,209,SR-210 W/B (FOOTHILL FWY),BASELINE RD.,2112,W,N,A,-,Y,NA,NA,210,NA,NA,NA,NA,NA,W,Y,4,0,1,2,A,-,07,21658,A,N,C,C,A,A,H,-,D,D,0,NA,NA,NA,NA,Y,NA,A,01,0,0,1,0,0,0,0,0,0,-,-,34.120140075683594,-117.70278167724608,LOS ANGELES,CLAREMONT,-117.70277404785156,34.12007141113281
91326218,2020,2021-03-10,9565,2020-02-16,0228,021808,NA,7,3,7,1942,0,1,1,NA,2,064,INTERSTATE 405 N/B (SAN DIEGO FREEWAY),BEL AIR CREST ROAD,131,N,N,A,-,Y,NA,NA,405,NA,NA,NA,NA,NA,N,Y,1,1,2,3,A,-,01,23152,A,N,A,C,A,A,H,-,C,D,0,NA,NA,NA,NA,Y,Y,D,22,0,1,1,0,0,0,0,0,0,-,-,34.112159729003906,-118.48207855224608,LOS ANGELES,LOS ANGELES,-118.48202514648438,34.11216354370117