CASE_ID,ACCIDENT_YEAR,PROC_DATE,JURIS,COLLISION_DATE,COLLISION_TIME,OFFICER_ID,REPORTING_DISTRICT,DAY_OF_WEEK,CHP_SHIFT,POPULATION,CNTY_CITY_LOC,SPECIAL_COND,BEAT_TYPE,CHP_BEAT_TYPE,CITY_DIVISION_LAPD,CHP_BEAT_CLASS,BEAT_NUMBER,PRIMARY_RD,SECONDARY_RD,DISTANCE,DIRECTION,INTERSECTION,WEATHER_1,WEATHER_2,STATE_HWY_IND,CALTRANS_COUNTY,CALTRANS_DISTRICT,STATE_ROUTE,ROUTE_SUFFIX,POSTMILE_PREFIX,POSTMILE,LOCATION_TYPE,RAMP_INTERSECTION,SIDE_OF_HWY,TOW_AWAY,COLLISION_SEVERITY,NUMBER_KILLED,NUMBER_INJURED,PARTY_COUNT,PRIMARY_COLL_FACTOR,PCF_CODE_OF_VIOL,PCF_VIOL_CATEGORY,PCF_VIOLATION,PCF_VIOL_SUBSECTION,HIT_AND_RUN,TYPE_OF_COLLISION,MVIW,PED_ACTION,ROAD_SURFACE,ROAD_COND_1,ROAD_COND_2,LIGHTING,CONTROL_DEVICE,CHP_ROAD_TYPE,PEDESTRIAN_ACCIDENT,BICYCLE_ACCIDENT,MOTORCYCLE_ACCIDENT,TRUCK_ACCIDENT,NOT_PRIVATE_PROPERTY,ALCOHOL_INVOLVED,STWD_VEHTYPE_AT_FAULT,CHP_VEHTYPE_AT_FAULT,COUNT_SEVERE_INJ,COUNT_VISIBLE_INJ,COUNT_COMPLAINT_PAIN,COUNT_PED_KILLED,COUNT_PED_INJURED,COUNT_BICYCLIST_KILLED,COUNT_BICYCLIST_INJURED,COUNT_MC_KILLED,COUNT_MC_INJURED,PRIMARY_RAMP,SECONDARY_RAMP,LATITUDE,LONGITUDE,COUNTY,CITY,POINT_X,POINT_Y
91329019,2020,2020-10-21,9525,2020-10-14,1504,021080,NA,3,2,9,1900,0,3,5,NA,2,004,DON JULIAN RD.,5TH AVE.,0,NA,Y,A,-,N,NA,NA,NA,NA,NA,NA,NA,NA,NA,N,4,0,1,2,A,-,09,21802,B,N,D,C,A,A,H,-,A,A,0,NA,NA,NA,NA,Y,NA,A,01,0,0,1,0,0,0,0,0,0,-,-,34.03396987915039,-117.9875030517578,LOS ANGELES,UNINCORPORATED,-117.98757934570313,34.03388977050781
91329049,2020,2020-10-22,9540,2020-10-14,1201,014339,NA,3,1,9,1900,0,2,4,NA,1,102,COMMERCE CENTER DR.,INDUSTRY DR.,0,NA,Y,A,-,N,NA,NA,NA,NA,NA,NA,NA,NA,NA,Y,3,0,3,2,A,-,12,21453,A,N,D,C,A,A,H,-,A,A,0,NA,NA,NA,NA,Y,NA,A,07,0,3,0,0,0,0,0,0,0,-,-,34.44955825805664,-118.62612915039064,LOS ANGELES,UNINCORPORATED,-118.62625122070313,34.44955062866211
91329071,2020,2020-10-22,9550,2020-10-09,0521,022426,NA,5,3,6,1920,0,1,1,NA,2,500,INTERSTATE 5 S/B,LEMORAN AVE PED O/C,620,N,N,A,-,Y,NA,NA,5,NA,NA,NA,NA,NA,S,Y,4,0,1,2,A,-,03,22350,NA,N,C,C,A,A,H,-,C,D,0,NA,NA,NA,NA,Y,NA,D,22,0,0,1,0,0,0,0,0,0,-,-,33.954368591308594,-118.10691833496094,LOS ANGELES,DOWNEY,-118.1069564819336,33.954322814941406
91329150,2020,2020-10-22,9530,2020-10-12,1705,020427,NA,1,2,9,1900,0,3,5,NA,2,005,CRENSHAW BLVD. (14900 BLOCK),MARINE AVE.,620,N,N,A,-,N,NA,NA,NA,NA,NA,NA,NA,NA,NA,N,4,0,2,2,A,-,03,22350,NA,F,C,C,A,A,H,-,A,D,0,NA,NA,NA,NA,Y,NA,A,01,0,0,2,0,0,0,0,0,0,-,-,33.89645004272461,-118.3266372680664,LOS ANGELES,UNINCORPORATED,-118.3265380859375,33.8963623046875
91329164,2020,2020-10-22,9565,2020-10-12,1650,022153,NA,1,2,9,1900,0,2,4,NA,2,021,VERMONT AVENUE S/B,108TH STREET,0,NA,Y,A,-,N,NA,NA,NA,NA,NA,NA,NA,NA,NA,Y,3,0,1,2,A,-,09,21801,A,N,D,C,A,A,H,-,A,A,0,NA,NA,NA,NA,Y,NA,A,01,0,1,0,0,0,0,0,0,0,-,-,33.938201904296875,-118.29158782958984,LOS ANGELES,UNINCORPORATED,-118.29193115234376,33.93819046020508
91329165,2020,2020-10-22,9540,2020-10-12,1720,019508,NA,1,2,9,1900,0,1,3,NA,1,139,SR-138 E/B,GORMAN POST RD,1584,E,N,A,-,N,NA,NA,138,NA,NA,NA,NA,NA,E,Y,2,0,1,1,A,-,08,22107,NA,N,E,I,A,A,H,-,A,D,0,NA,NA,NA,NA,Y,NA,A,07,1,0,0,0,0,0,0,0,0,-,-,34.77410125732422,-118.7692413330078,LOS ANGELES,UNINCORPORATED,-118.76923370361328,34.77415466308594
91329170,2020,2020-10-22,9540,2020-10-13,1727,019508,NA,2,2,9,1900,0,1,1,NA,2,509,I-5 S/B (GOLDEN STATE FREEWAY),CHP RD,3168,S,N,A,-,Y,NA,NA,5,NA,NA,NA,NA,NA,S,Y,3,0,1,3,C,-,18,NA,NA,N,B,C,A,A,H,-,A,D,0,NA,NA,NA,Y,Y,NA,-,-,0,1,0,0,0,0,0,0,0,-,-,34.54486083984375,-118.65515899658205,LOS ANGELES,UNINCORPORATED,-118.6551513671875,34.54487228393555
91329179,2020,2020-10-22,9565,2020-10-12,1811,022104,NA,1,2,5,1928,0,1,1,NA,2,060,I-405 S/B,MARINE AVE.,250,N,N,A,-,Y,NA,NA,405,NA,NA,NA,NA,NA,S,N,4,0,1,2,A,-,03,22350,NA,M,B,C,A,A,H,-,A,D,0,NA,NA,NA,NA,Y,NA,A,07,0,0,1,0,0,0,0,0,0,-,-,33.895111083984375,-118.36743927001952,LOS ANGELES,HAWTHORNE,-118.3674087524414,33.89515686035156
91329185,2020,2020-10-22,9565,2020-10-14,0610,014952,NA,3,1,9,1900,0,1,1,NA,2,060,I-405 N/B (SAN DIEGO FWY),CENTURY BL.,1055,S,N,A,-,Y,NA,NA,405,NA,NA,NA,NA,NA,N,Y,4,0,1,3,A,-,03,22350,NA,N,C,C,A,A,H,-,C,D,0,NA,NA,NA,NA,Y,NA,A,07,0,0,1,0,0,0,0,0,0,-,-,33.93962097167969,-118.36852264404295,LOS ANGELES,UNINCORPORATED,-118.36823272705078,33.93961715698242
9132919,2020,2020-09-01,1972,2020-07-25,1845,21088,NA,6,5,6,1972,0,0,0,NA,0,NA,HAWTHORNE BL,230TH ST,0,NA,Y,A,-,Y,LA,7,107,-,-,0.92,I,5,N,N,3,0,1,2,A,-,10,21950,NA,N,G,B,B,A,H,-,A,A,0,Y,NA,NA,NA,Y,NA,A,NA,0,1,0,0,1,0,0,0,0,-,-,NA,NA,LOS ANGELES,TORRANCE,-118.35099029541016,33.81843948364258
91329192,2020,2020-10-22,9590,2020-10-09,1450,022360,NA,5,2,7,1942,0,1,1,NA,2,010,SR-110 N/B (ARROYO SECO PARKWAY),AMADOR ST,885,S,N,A,-,Y,NA,NA,110,NA,NA,NA,NA,NA,N,N,4,0,2,2,A,-,01,23152,A,F,C,C,A,A,H,-,A,D,0,NA,NA,NA,NA,Y,Y,A,01,0,0,2,0,0,0,0,0,0,-,-,34.07271957397461,-118.23435974121094,LOS ANGELES,LOS ANGELES,-118.23432159423828,34.072689056396484
91329193,2020,2020-10-22,9565,2020-10-13,2030,022515,NA,2,2,5,1928,0,1,1,NA,2,060,I-405 SOUTHBOUND (SAN DIEGO FREEWAY),MARINE AVENUE,1300,N,N,A,-,Y,NA,NA,405,NA,NA,NA,NA,NA,S,Y,3,0,1,1,C,-,18,NA,NA,N,E,J,A,A,B,-,D,D,0,NA,NA,NA,NA,Y,NA,-,-,0,1,0,0,0,0,0,0,0,-,-,33.89793014526367,-118.37006378173828,LOS ANGELES,HAWTHORNE,-118.37006378173828,33.897926330566406
91329206,2020,2020-10-22,9590,2020-09-24,0214,021673,NA,4,3,7,1942,0,1,3,NA,2,095,SR-2 E/B (GLF),VERDUGO RD.,300,E,N,A,-,Y,NA,NA,2,NA,NA,NA,NA,NA,E,Y,3,0,1,1,A,-,07,21658,A,N,E,I,A,A,H,-,D,D,0,NA,NA,NA,NA,Y,NA,A,01,0,1,0,0,0,0,0,0,0,-,-,34.120609283447266,-118.23050689697266,LOS ANGELES,LOS ANGELES,-118.23041534423828,34.12051010131836
91329213,2020,2020-10-22,9540,2020-10-20,1535,020153,NA,2,2,6,1985,0,1,3,NA,1,144,SR-14 N/B (ANTELOPE VALLEY FWY.),NEWHALL AVE,320,N,N,A,-,Y,NA,NA,14,NA,NA,NA,NA,NA,N,Y,4,0,1,2,A,-,03,22350,NA,N,C,C,A,A,H,-,A,D,0,NA,NA,NA,NA,Y,NA,A,01,0,0,1,0,0,0,0,0,0,-,-,34.36582946777344,-118.50314331054688,LOS ANGELES,SANTA CLARITA,-118.50301361083984,34.36575698852539
91329216,2020,2020-10-22,9590,2020-10-09,2128,022088,NA,5,2,7,1942,0,1,2,NA,2,071,US-101 SOUTHBOUND (HOLLYWOOD FREEWAY),BENTON WAY,400,S,N,A,-,Y,NA,NA,101,NA,NA,NA,NA,NA,S,Y,4,0,3,3,A,-,03,22350,NA,N,C,C,A,A,H,-,C,D,0,NA,NA,NA,NA,Y,NA,A,01,0,0,3,0,0,0,0,0,0,-,-,34.07463073730469,-118.27303314208984,LOS ANGELES,LOS ANGELES,-118.27302551269533,34.074642181396484
91329231,2020,2020-10-22,9565,2020-10-13,1740,022099,NA,2,2,5,1928,0,1,1,NA,2,012,I-105 E/B (CENTURY FWY),YUKON AVE,250,W,N,A,-,Y,NA,NA,105,NA,NA,NA,NA,NA,E,N,4,0,1,2,A,-,03,22350,NA,F,C,C,A,A,H,-,A,D,0,NA,NA,NA,NA,Y,NA,A,01,0,0,1,0,0,0,0,0,0,-,-,33.925071716308594,-118.33621215820313,LOS ANGELES,HAWTHORNE,-118.33618927001952,33.92514419555664
91329256,2020,2020-10-22,9550,2020-10-15,1605,022167,NA,4,2,7,1941,0,1,3,NA,2,090,SR-91 W/B,PARAMOUNT BOULEVARD,100,E,N,A,-,Y,NA,NA,91,NA,NA,NA,NA,NA,W,N,4,0,1,2,A,-,03,22350,NA,N,C,C,A,A,H,-,A,D,0,NA,NA,NA,NA,Y,NA,A,01,0,0,1,0,0,0,0,0,0,-,-,33.876319885253906,-118.15946197509766,LOS ANGELES,LONG BEACH,-118.15943908691406,33.87620162963867
91329260,2020,2020-10-22,9580,2020-10-13,2325,021167,NA,2,3,7,1942,0,1,1,NA,2,406,I-405 N/B (SAN DIEGO FWY),LASSEN ST,625,S,N,A,-,Y,NA,NA,405,NA,NA,NA,NA,NA,N,Y,2,0,5,1,A,-,01,23152,A,N,E,I,A,A,H,-,D,D,0,NA,NA,NA,NA,Y,Y,A,01,5,0,0,0,0,0,0,0,0,-,-,34.24829864501953,-118.47222137451172,LOS ANGELES,LOS ANGELES,-118.47229766845705,34.248313903808594
91329291,2020,2020-10-22,9580,2020-10-14,1100,019544,NA,3,1,7,1942,0,1,1,NA,2,405,I-405 S/B (SAN DIEGO FWY),VENTURA BLVD,500,S,N,A,-,Y,NA,NA,405,NA,NA,NA,NA,NA,S,N,4,0,1,3,A,-,03,22350,NA,M,C,C,A,A,H,-,A,D,0,NA,NA,NA,NA,Y,NA,D,22,0,0,1,0,0,0,0,0,0,-,-,34.15195846557617,-118.46816253662108,LOS ANGELES,LOS ANGELES,-118.46820831298828,34.1519660949707
91329299,2020,2020-10-22,9565,2020-10-13,1320,022099,NA,2,1,9,1900,0,3,5,NA,2,002,107TH ST,VAN NESS AVE,30,E,N,A,-,N,NA,NA,NA,NA,NA,NA,NA,NA,NA,Y,4,0,1,2,A,-,08,22107,NA,N,B,E,A,A,H,-,A,D,0,NA,NA,NA,NA,Y,NA,A,01,0,0,1,0,0,0,0,0,0,-,-,33.93899154663086,-118.3173828125,LOS ANGELES,UNINCORPORATED,-118.3176727294922,33.939002990722656
91329323,2020,2020-10-22,9580,2020-10-20,1655,021999,NA,2,2,7,1942,0,1,2,NA,2,101,US-101 S/B (VENTURA FREEWAY),WHITSETT AVE,60,S,N,A,-,Y,NA,NA,101,NA,NA,NA,NA,NA,S,N,4,0,1,2,A,-,03,22350,NA,N,C,C,A,A,H,-,A,D,0,NA,NA,NA,NA,Y,NA,A,01,0,0,1,0,0,0,0,0,0,-,-,34.15665817260742,-118.40487670898438,LOS ANGELES,LOS ANGELES,-118.40487670898438,34.15660095214844
91329329,2020,2020-10-22,9530,2020-10-17,1718,022122,NA,6,2,9,1900,0,3,5,NA,2,002,COMPTON BLVD.,BROADWAY,0,NA,Y,A,-,N,NA,NA,NA,NA,NA,NA,NA,NA,NA,Y,3,0,2,2,A,-,12,21453,A,N,D,C,A,A,H,-,A,A,0,NA,NA,NA,NA,Y,NA,A,07,0,2,0,0,0,0,0,0,0,-,-,33.894859313964844,-118.27867126464844,LOS ANGELES,UNINCORPORATED,-118.27864837646484,33.89482116699219
91329330,2020,2020-10-22,9530,2020-10-17,2140,022084,NA,6,2,9,1900,0,3,5,NA,2,002,EL SEGUNDO BLVD.,MAIN ST.,0,NA,Y,A,-,N,NA,NA,NA,NA,NA,NA,NA,NA,NA,N,4,0,1,2,A,-,12,21453,A,N,D,C,A,A,H,-,C,A,0,NA,NA,NA,NA,Y,NA,-,-,0,0,1,0,0,0,0,0,0,-,-,33.916419982910156,-118.2739486694336,LOS ANGELES,UNINCORPORATED,-118.41594696044922,33.9163703918457
91329346,2020,2020-10-22,9550,2020-10-18,1943,022167,NA,7,2,3,1903,0,1,3,NA,2,091,SR-91 W/B,GRIDLEY ROAD,110,W,N,A,-,Y,NA,NA,91,NA,NA,NA,NA,NA,W,Y,3,0,1,2,A,-,03,22350,NA,N,C,C,A,A,H,-,D,D,0,NA,NA,NA,NA,Y,NA,A,01,0,1,0,0,0,0,0,0,0,-,-,33.87656021118164,-118.09200286865234,LOS ANGELES,ARTESIA,-118.09200286865234,33.87641525268555
91329353,2020,2020-10-22,9580,2020-10-16,2115,019876,NA,5,2,3,1989,0,1,2,NA,2,107,US-101 S/B (VENTURA FREEWAY),LAS VIRGENES RD,3696,S,N,A,-,Y,NA,NA,101,NA,NA,NA,NA,NA,S,N,4,0,1,2,A,-,17,23114,A,N,E,J,A,A,H,-,D,D,0,NA,NA,NA,Y,Y,NA,G,25,0,0,1,0,0,0,0,0,0,-,-,34.150611877441406,-118.68608856201172,LOS ANGELES,CALABASAS,-118.68609619140624,34.15065383911133
91329360,2020,2020-10-22,9580,2020-10-18,0135,022064,NA,7,3,7,1942,0,1,1,NA,2,406,I-405 N/B (SAN DIEGO FWY),SR-118 E/B (RONALD REAGAN FWY.),898,S,N,A,-,Y,NA,NA,405,NA,NA,NA,NA,NA,N,Y,3,0,1,1,A,-,01,23152,A,M,E,I,A,A,H,-,C,D,0,NA,NA,NA,NA,Y,Y,A,01,0,1,0,0,0,0,0,0,0,-,-,34.262969970703125,-118.47173309326172,LOS ANGELES,LOS ANGELES,-118.47208404541016,34.26297378540039
91329370,2020,2020-10-22,9530,2020-10-18,1220,022438,NA,7,1,7,1942,0,1,1,NA,2,200,I-110 N/B FROM I-105 W/B,108TH ST.,180,S,N,A,-,Y,NA,NA,110,NA,NA,NA,R,NA,N,Y,4,0,1,2,A,-,08,22107,NA,N,B,C,A,A,H,-,A,D,0,NA,NA,NA,NA,Y,NA,A,07,0,0,1,0,0,0,0,0,0,-,-,33.93796157836914,-118.27944946289064,LOS ANGELES,LOS ANGELES,-118.27944946289064,33.93796157836914
91329379,2020,2020-10-22,9530,2020-10-18,1900,021310,NA,7,2,7,1941,0,1,1,NA,2,071,I-710 N/B (LONG BEACH FREEWAY),LONG BEACH BLVD.,2112,N,N,A,-,Y,NA,NA,NA,NA,NA,NA,NA,NA,NA,Y,4,0,1,2,A,-,07,21658,A,N,B,C,A,A,H,-,C,D,0,NA,NA,NA,NA,Y,NA,-,-,0,0,1,0,0,0,0,0,0,-,-,33.8673210144043,-118.18614959716795,LOS ANGELES,LONG BEACH,-118.19609832763672,33.8675422668457
9132945,2020,2020-11-30,1972,2020-02-12,0754,14629,NA,3,5,6,1972,0,0,0,NA,0,NA,ZAMPERINI,PCH,0,NA,Y,A,-,Y,LA,7,1,-,-,15.408,I,5,N,N,4,0,1,2,A,-,10,21950,A,N,G,B,B,A,H,-,A,A,0,Y,NA,NA,NA,Y,NA,A,NA,0,0,1,0,1,0,0,0,0,-,-,NA,NA,LOS ANGELES,TORRANCE,-118.34287261962892,33.79969787597656
91329454,2020,2020-10-22,9565,2020-10-13,1642,021429,NA,2,2,9,1900,0,1,1,NA,2,063,I-405 N/B (SAN DIEGO FREEWAY),CONSTITUTION AVE,80,N,N,A,-,Y,NA,NA,405,NA,NA,NA,NA,NA,N,N,4,0,1,4,A,-,03,22350,NA,N,C,C,A,A,H,-,A,D,0,NA,NA,NA,NA,Y,NA,A,01,0,0,1,0,0,0,0,0,0,-,-,34.0589599609375,-118.45462036132813,LOS ANGELES,UNINCORPORATED,-118.45460510253906,34.0589714050293
91329475,2020,2020-10-22,9550,2020-10-12,1240,020014,NA,1,1,3,1964,0,1,1,NA,2,650,INTERSTATE 605 (SAN GABRIEL RIVER FREEW,TELEGRAPH ROAD,1200,N,N,A,-,Y,NA,NA,605,NA,NA,NA,NA,NA,NA,Y,3,0,1,4,A,-,03,22350,NA,N,C,C,A,A,H,-,A,D,0,NA,NA,NA,NA,Y,NA,A,07,0,1,0,0,0,0,0,0,0,-,-,33.95288848876953,-118.09018707275392,LOS ANGELES,SANTA FE SPRINGS,-118.09022521972656,33.952911376953125
91329486,2020,2020-10-22,9590,2020-10-14,0915,015575,NA,3,1,7,1942,0,1,1,NA,2,052,I-110 N/B (HARBOR FREEWAY),1ST STREET,185,S,N,A,-,Y,NA,NA,110,NA,NA,NA,NA,NA,N,N,4,0,1,2,A,-,07,21658,A,N,B,C,A,A,H,-,A,D,0,NA,NA,NA,NA,Y,NA,D,22,0,0,1,0,0,0,0,0,0,-,-,34.05855178833008,-118.25341033935548,LOS ANGELES,LOS ANGELES,-118.25342559814452,34.058563232421875
91329497,2020,2020-10-22,9525,2020-10-16,1055,021074,NA,5,1,5,1926,0,1,1,NA,2,205,I-210 W/B (FOOTHILL FWY),SUNFLOWER AVE,2500,E,N,A,-,Y,NA,NA,210,NA,NA,NA,NA,NA,W,Y,4,0,1,3,A,-,07,21658,A,N,B,C,A,A,H,-,A,D,0,NA,NA,NA,Y,Y,NA,G,25,0,0,1,0,0,0,0,0,0,-,-,34.119911193847656,-117.83860778808594,LOS ANGELES,GLENDORA,-117.83859252929688,34.11986541748047
91329508,2020,2020-10-22,9525,2020-10-22,0055,022521,NA,4,3,1,1934,0,1,1,NA,2,214,I-210 E/B (FOOTHILL FWY),IRWINDALE AVE,400,E,N,A,-,Y,NA,NA,210,NA,NA,NA,NA,NA,E,Y,4,0,1,1,A,-,08,22107,NA,N,E,I,A,A,H,-,D,D,0,NA,NA,NA,NA,Y,NA,A,01,0,0,1,0,0,0,0,0,0,-,-,34.13018035888672,-117.93205261230467,LOS ANGELES,IRWINDALE,-117.93203735351564,34.1301155090332
9132951,2020,2020-10-09,1941,2020-07-22,2007,11546,NA,3,5,7,1941,0,0,0,NA,0,NA,PACIFIC COAST HWY,CHERRY AV,0,NA,Y,A,-,Y,LA,7,1,-,-,5.011,I,6,N,Y,4,0,1,2,A,-,08,22107,NA,N,B,C,A,A,H,-,C,A,0,NA,NA,NA,NA,Y,NA,A,NA,0,0,1,0,0,0,0,0,0,-,-,NA,NA,LOS ANGELES,LONG BEACH,-118.16763305664064,33.7899169921875
91329511,2020,2020-10-22,9525,2020-10-16,0425,019966,NA,5,3,5,1990,0,1,3,NA,2,602,SR-60 E/B (POMONA FWY),LEMON AVE,1209,W,N,A,-,Y,NA,NA,60,NA,NA,NA,NA,NA,E,N,4,0,1,2,A,-,07,21658,A,N,B,C,A,A,H,-,D,D,0,NA,NA,NA,Y,Y,NA,G,25,0,0,1,0,0,0,0,0,0,-,-,33.99797821044922,-117.85899353027344,LOS ANGELES,DIAMOND BAR,-117.85899353027344,33.99802017211914
91329537,2020,2020-10-22,9565,2020-10-13,2356,022056,NA,2,3,7,1942,0,1,1,NA,2,062,I-405 N/B (SAN DIEGO FREEWAY),PALMS BOULEVARD,500,N,N,A,-,Y,NA,NA,405,NA,NA,NA,NA,NA,N,Y,3,0,2,2,A,-,01,23152,F,N,C,C,A,A,H,-,C,D,0,NA,NA,NA,NA,Y,NA,A,01,0,1,1,0,0,0,0,0,0,-,-,34.02156066894531,-118.42572784423828,LOS ANGELES,LOS ANGELES,-118.42572784423828,34.02156066894531
91329563,2020,2020-10-22,9535,2020-10-12,0010,022496,NA,1,3,9,1900,0,2,4,NA,2,022,OLYMPIC BOULEVARD,GARFIELD AVENUE,0,NA,Y,A,-,N,NA,NA,NA,NA,NA,NA,NA,NA,NA,Y,3,0,2,2,A,-,01,23152,A,M,D,C,A,A,D,-,C,A,0,NA,NA,NA,NA,Y,Y,A,01,0,1,1,0,0,0,0,0,0,-,-,34.01145935058594,-118.13086700439452,LOS ANGELES,UNINCORPORATED,-118.13085174560548,34.01148986816406
91329573,2020,2020-10-22,9525,2020-10-17,1420,021355,NA,6,2,5,1926,0,1,1,NA,2,206,I-210 E/B FROM SUNFLOWER AVE.,SUNFLOWER AVE,300,E,N,A,-,Y,NA,NA,210,NA,NA,NA,R,NA,E,Y,4,0,1,1,A,-,08,22107,NA,N,E,I,A,A,H,-,A,A,0,NA,NA,NA,NA,Y,NA,A,01,0,0,1,0,0,0,0,0,0,-,-,34.11737823486328,-117.84384918212892,LOS ANGELES,GLENDORA,-117.84384918212892,34.11737823486328
91329575,2020,2020-10-22,9525,2020-10-16,2015,021931,NA,5,2,4,1946,0,1,1,NA,2,202,I-210 E/B (FOOTHILL FWY),MOUNTAIN AVE,2640,W,N,A,-,Y,NA,NA,210,NA,NA,NA,NA,NA,E,N,4,0,1,3,A,-,07,21658,A,F,B,C,A,A,H,-,B,D,0,NA,NA,NA,NA,Y,NA,A,01,0,0,1,0,0,0,0,0,0,-,-,34.13528060913086,-117.99506378173828,LOS ANGELES,MONROVIA,-117.99506378173828,34.135353088378906
9132958,2020,2020-11-30,1900,2020-07-09,1615,635825,2610,4,5,6,1950,0,0,0,NA,0,264T1,PALMDALE BL,9TH ST EAST,0,NA,Y,A,-,Y,LA,7,138,-,-,44.54,H,-,E,N,4,0,2,2,A,-,03,22350,NA,M,C,C,A,A,H,-,A,A,0,NA,NA,NA,NA,Y,NA,A,01,0,0,2,0,0,0,0,0,0,-,-,34.57946014404297,-118.11448669433594,LOS ANGELES,PALMDALE,-118.11451721191406,34.57954025268555
91329585,2020,2020-10-22,9530,2020-10-20,1820,021610,NA,2,2,7,1942,0,1,3,NA,1,470,SR-47 N/B (VINCENT THOMAS BRIDGE),FERRY STREET,879,N,N,A,-,Y,NA,NA,NA,NA,NA,NA,NA,NA,NA,N,4,0,1,2,A,-,03,22350,NA,N,C,C,A,A,H,-,C,A,0,NA,NA,NA,NA,Y,NA,A,01,0,0,1,0,0,0,0,0,0,-,-,33.4593505859375,-118.15164184570313,LOS ANGELES,LOS ANGELES,-118.2604751586914,33.74991989135742
91329595,2020,2020-10-22,9550,2020-10-11,0234,021876,NA,7,3,7,1941,0,1,3,NA,2,090,SR-91 WESTBOUND,OBISPO AVE,150,W,N,A,-,Y,NA,NA,91,NA,NA,NA,NA,NA,W,Y,3,0,2,2,A,-,03,22350,NA,N,C,C,A,A,H,-,C,D,0,NA,NA,NA,NA,Y,Y,A,07,0,2,0,0,0,0,0,0,0,-,-,33.87691879272461,-118.15624237060548,LOS ANGELES,LONG BEACH,-118.15623474121094,33.87687683105469
91329603,2020,2020-10-22,9550,2020-10-11,0232,022512,NA,7,3,7,1941,0,1,3,NA,2,090,SR-91 WB,OBISPO AVENUE,100,W,N,A,-,Y,NA,NA,91,NA,NA,NA,NA,NA,W,Y,2,0,3,2,A,-,01,23152,A,N,C,C,A,A,H,-,D,D,0,NA,NA,NA,NA,Y,Y,A,01,3,0,0,0,0,0,0,0,0,-,-,33.876949310302734,-118.15621185302734,LOS ANGELES,LONG BEACH,-118.1562042236328,33.87688064575195
91329613,2020,2020-10-22,9530,2020-10-19,1304,018887,NA,1,1,7,1941,0,1,3,NA,2,320,SR-91 W/B (ARTESIA FREEWAY),ATLANTIC AVE.,100,W,N,A,-,Y,NA,NA,91,NA,NA,NA,NA,NA,W,Y,3,0,2,2,A,-,07,21658,A,N,B,A,A,A,H,-,A,D,0,NA,NA,NA,NA,Y,NA,A,01,0,2,0,0,0,0,0,0,0,-,-,33.87699890136719,-118.18679809570313,LOS ANGELES,LONG BEACH,-118.18679809570313,33.876834869384766
9132962,2020,2020-10-20,1900,2020-07-16,1820,647204,1017,4,5,3,1995,0,0,0,NA,0,101,RT 1,BIG ROCK DR,0,NA,Y,A,-,Y,LA,7,1,-,-,42.491,I,5,N,Y,2,0,2,2,A,-,08,22107,NA,N,A,C,A,A,H,-,A,D,0,NA,NA,NA,NA,Y,NA,A,01,1,1,0,0,0,0,0,0,0,-,-,34.037498474121094,-118.60800170898438,LOS ANGELES,MALIBU,-118.60807800292967,34.037540435791016
91329647,2020,2020-10-22,9590,2020-10-13,2310,021122,NA,2,3,7,1942,0,1,2,NA,2,071,US-101 S/B (HOLLYWOOD FREEWAY) (HOF),SILVERLAKE BOULEVARD,100,S,N,A,-,Y,NA,NA,101,NA,NA,NA,NA,NA,S,N,4,0,1,2,A,-,03,22350,NA,F,C,C,A,A,H,-,C,D,0,NA,NA,NA,NA,Y,NA,-,99,0,0,1,0,0,0,0,0,0,-,-,34.076900482177734,-118.28067779541016,LOS ANGELES,LOS ANGELES,-118.28068542480467,34.07688522338867
91329649,2020,2020-10-22,9530,2020-10-20,2019,017755,NA,2,2,5,1977,0,1,1,NA,2,410,I-405 N/B FROM AVALON BLVD.,AVALON BLVD.,150,N,N,A,-,Y,NA,NA,405,NA,NA,NA,R,NA,N,Y,4,0,3,2,A,-,09,21803,A,N,B,C,A,A,H,-,C,A,0,NA,NA,NA,NA,Y,NA,A,07,0,0,3,0,0,0,0,0,0,-,-,33.840301513671875,-118.26370239257813,LOS ANGELES,CARSON,-118.26370239257813,33.840301513671875
9132965,2020,2020-11-30,1976,2020-07-10,1301,426,NA,5,5,5,1976,0,0,0,NA,0,004,WHITTIER BL,MILLS AV,450,W,N,A,-,Y,LA,7,72,-,-,2.21,H,-,S,Y,4,0,1,2,A,-,09,21801,A,N,D,C,A,A,H,-,A,D,0,NA,NA,NA,NA,Y,NA,A,01,0,0,1,0,0,0,0,0,0,-,-,NA,NA,LOS ANGELES,WHITTIER,-118.01195526123048,33.95137023925781
91329678,2020,2020-10-22,9535,2020-10-12,1600,021381,NA,1,2,3,1914,0,1,1,NA,2,500,I-5 (SANTA ANA FREEWAY) N/B,ATLANTIC BLVD.,40,N,N,A,-,Y,NA,NA,5,NA,NA,NA,NA,NA,N,Y,3,0,2,1,A,-,03,22350,NA,N,E,I,A,A,H,-,A,D,0,NA,NA,NA,NA,Y,NA,A,07,0,1,1,0,0,0,0,0,0,-,-,34.00886154174805,-118.15850067138672,LOS ANGELES,COMMERCE,-118.15854644775392,34.00881576538086