CASE_ID,ACCIDENT_YEAR,PROC_DATE,JURIS,COLLISION_DATE,COLLISION_TIME,OFFICER_ID,REPORTING_DISTRICT,DAY_OF_WEEK,CHP_SHIFT,POPULATION,CNTY_CITY_LOC,SPECIAL_COND,BEAT_TYPE,CHP_BEAT_TYPE,CITY_DIVISION_LAPD,CHP_BEAT_CLASS,BEAT_NUMBER,PRIMARY_RD,SECONDARY_RD,DISTANCE,DIRECTION,INTERSECTION,WEATHER_1,WEATHER_2,STATE_HWY_IND,CALTRANS_COUNTY,CALTRANS_DISTRICT,STATE_ROUTE,ROUTE_SUFFIX,POSTMILE_PREFIX,POSTMILE,LOCATION_TYPE,RAMP_INTERSECTION,SIDE_OF_HWY,TOW_AWAY,COLLISION_SEVERITY,NUMBER_KILLED,NUMBER_INJURED,PARTY_COUNT,PRIMARY_COLL_FACTOR,PCF_CODE_OF_VIOL,PCF_VIOL_CATEGORY,PCF_VIOLATION,PCF_VIOL_SUBSECTION,HIT_AND_RUN,TYPE_OF_COLLISION,MVIW,PED_ACTION,ROAD_SURFACE,ROAD_COND_1,ROAD_COND_2,LIGHTING,CONTROL_DEVICE,CHP_ROAD_TYPE,PEDESTRIAN_ACCIDENT,BICYCLE_ACCIDENT,MOTORCYCLE_ACCIDENT,TRUCK_ACCIDENT,NOT_PRIVATE_PROPERTY,ALCOHOL_INVOLVED,STWD_VEHTYPE_AT_FAULT,CHP_VEHTYPE_AT_FAULT,COUNT_SEVERE_INJ,COUNT_VISIBLE_INJ,COUNT_COMPLAINT_PAIN,COUNT_PED_KILLED,COUNT_PED_INJURED,COUNT_BICYCLIST_KILLED,COUNT_BICYCLIST_INJURED,COUNT_MC_KILLED,COUNT_MC_INJURED,PRIMARY_RAMP,SECONDARY_RAMP,LATITUDE,LONGITUDE,COUNTY,CITY,POINT_X,POINT_Y
91341745,2020,2020-11-09,9535,2020-11-02,2002,022343,NA,1,2,6,1922,0,1,1,NA,2,400,I-10 (SAN BERNARDINO FREEWAY) E/B,PECK RD,990,W,N,A,-,Y,NA,NA,10,NA,NA,NA,NA,NA,E,Y,4,0,1,2,C,-,18,NA,NA,N,C,J,A,A,H,-,C,D,0,NA,NA,NA,NA,Y,NA,-,-,0,0,1,0,0,0,0,0,0,-,-,34.067779541015625,-118.03263854980467,LOS ANGELES,EL MONTE,-118.03263854980467,34.06787109375
91341751,2020,2020-11-09,9545,2020-10-31,2205,021569,NA,6,3,9,1900,0,3,5,NA,2,002,SIERRA HIGHWAY,PEARBLOSSOM HIGHWAY,627,S,N,A,-,N,NA,NA,NA,NA,NA,NA,NA,NA,NA,N,2,0,1,1,A,-,08,22107,NA,N,E,I,A,A,D,-,D,A,0,NA,NA,Y,NA,Y,NA,C,02,1,0,0,0,0,0,0,0,1,-,-,34.520450592041016,-118.09879302978516,LOS ANGELES,UNINCORPORATED,-118.09876251220705,34.520660400390625
91341768,2020,2020-11-09,9545,2020-10-31,1820,021814,NA,6,2,9,1900,0,3,5,NA,2,002,AVENUE N,27TH ST W,430,E,N,A,-,N,NA,NA,NA,NA,NA,NA,NA,NA,NA,Y,3,0,3,2,A,-,03,22350,NA,N,C,C,A,A,H,-,D,D,0,NA,NA,NA,NA,Y,NA,D,22,0,1,2,0,0,0,0,0,0,-,-,34.631160736083984,-118.17738342285156,LOS ANGELES,UNINCORPORATED,-118.17741394042967,34.63113021850586
91341776,2020,2020-11-09,9550,2020-10-31,1525,022164,NA,6,2,9,1900,0,1,3,NA,1,014,WHITTIER BOULEVARD EASTBOUND,ROCKNE AVENUE,50,W,N,B,-,N,NA,NA,NA,NA,NA,NA,NA,NA,NA,Y,3,0,1,1,A,-,08,22107,NA,N,F,I,A,A,H,-,A,D,0,NA,NA,Y,NA,Y,NA,C,02,0,1,0,0,0,0,0,0,1,-,-,33.991111755371094,-118.06581878662108,LOS ANGELES,UNINCORPORATED,-118.0656967163086,33.99109649658203
91341777,2020,2020-11-09,9530,2020-11-01,2203,021076,NA,7,3,5,1977,0,1,1,NA,2,410,I-405 N/B (SAN DIEGO FREEWAY),DEL AMO BLVD.,450,N,N,A,-,Y,NA,NA,405,NA,NA,NA,NA,NA,N,Y,3,0,1,2,A,-,03,22350,NA,N,C,C,A,A,H,-,C,D,0,NA,NA,NA,NA,Y,NA,D,22,0,1,0,0,0,0,0,0,0,-,-,33.848690032958984,-118.27366638183594,LOS ANGELES,CARSON,-118.27362823486328,33.84874725341797
91341778,2020,2020-11-09,9535,2020-10-28,1600,022305,NA,3,2,9,1900,0,3,5,NA,2,002,DENNISON ST (1600 BLOCK),HENDRICKS AVE,75,E,N,A,-,N,NA,NA,NA,NA,NA,NA,NA,NA,NA,N,3,0,1,2,A,-,08,22107,NA,N,D,G,A,A,H,-,A,D,0,NA,Y,NA,NA,Y,NA,L,04,0,1,0,0,0,0,1,0,0,-,-,34.01449966430664,-118.14041900634766,LOS ANGELES,UNINCORPORATED,-118.14049530029295,34.01449203491211
91341792,2020,2020-11-09,9590,2020-10-28,1615,022369,NA,3,2,7,1942,0,1,1,NA,2,010,SR-110 N/B (ARROYO-SECO PARKWAY),STADIUM WAY,100,S,N,A,-,Y,NA,NA,110,NA,NA,NA,NA,NA,N,N,3,0,1,3,A,-,03,22350,NA,N,C,C,A,A,H,-,A,D,0,NA,NA,NA,NA,Y,NA,A,01,0,1,0,0,0,0,0,0,0,-,-,34.07086181640625,-118.23555755615234,LOS ANGELES,LOS ANGELES,-118.23517608642578,34.07076644897461
91341793,2020,2020-11-09,9550,2020-10-20,1645,020948,NA,2,2,9,1900,0,1,1,NA,2,650,INTERSTATE 605 N/B,ROSE HILLS ROAD,2000,S,N,A,-,Y,NA,NA,605,NA,NA,NA,NA,NA,N,N,4,0,2,2,A,-,03,22350,NA,F,C,C,A,A,H,-,A,D,0,NA,NA,NA,NA,Y,NA,A,07,0,0,2,0,0,0,0,0,0,-,-,34.01321029663086,-118.05634307861328,LOS ANGELES,UNINCORPORATED,-118.05636596679688,34.01321792602539
91341826,2020,2020-11-09,9535,2020-11-03,1740,022414,NA,2,2,9,1900,0,3,5,NA,2,002,INDIANA ST. (900 BLOCK),SISKIYOU ST.,40,S,N,A,-,N,NA,NA,NA,NA,NA,NA,NA,NA,NA,N,4,0,1,2,A,-,03,22350,NA,M,C,C,A,A,H,-,C,A,0,NA,NA,NA,NA,Y,NA,A,01,0,0,1,0,0,0,0,0,0,-,-,34.022769927978516,-118.19228363037108,LOS ANGELES,UNINCORPORATED,-118.19229888916016,34.0228385925293
91341829,2020,2020-11-09,9535,2020-10-30,1445,022025,NA,5,2,5,1948,0,1,1,NA,2,070,I-710 (LONG BEACH FREEWAY) N/B,FLORAL DR,1655,N,N,A,-,Y,NA,NA,710,NA,NA,NA,NA,NA,N,N,3,0,2,2,A,-,03,22350,NA,N,C,C,A,A,H,-,A,D,0,NA,NA,NA,NA,Y,NA,A,01,0,1,1,0,0,0,0,0,0,-,-,34.04825973510742,-118.16722106933594,LOS ANGELES,MONTEREY PARK,-118.16719818115234,34.048240661621094
91341834,2020,2020-11-09,9535,2020-11-03,0545,022011,NA,2,3,5,1943,0,1,1,NA,2,075,I-710 (LONG BEACH FREEWAY) S/B,IMPERIAL HWY,1056,S,N,A,-,Y,NA,NA,NA,NA,NA,NA,NA,NA,NA,N,3,0,2,1,A,-,08,22107,NA,N,E,I,A,A,H,-,B,D,0,NA,NA,NA,NA,Y,NA,A,01,0,1,1,0,0,0,0,0,0,-,-,34.01633071899414,-118.18123626708984,LOS ANGELES,LYNWOOD,-118.17861938476564,33.92798614501953
91341844,2020,2020-11-09,9545,2020-10-31,2310,021434,NA,6,3,9,1900,0,3,5,NA,2,004,EAST AVENUE S (11300 BLOCK),115TH STREET EAST,140,W,N,A,-,N,NA,NA,NA,NA,NA,NA,NA,NA,NA,Y,3,0,3,7,A,-,01,23152,A,N,B,C,E,A,H,-,D,D,0,Y,NA,NA,NA,Y,Y,D,22,0,2,1,0,3,0,0,0,0,-,-,34.55796813964844,-117.92537689208984,LOS ANGELES,UNINCORPORATED,-117.92561340332033,34.557945251464844
91341930,2020,2020-11-09,9590,2020-10-28,0650,017520,NA,3,1,7,1942,0,1,1,NA,2,052,I-110 N/B (HAF),JEFFERSON BLVD,200,S,N,A,-,Y,NA,NA,NA,NA,NA,NA,NA,NA,NA,Y,4,0,2,5,A,-,03,22350,NA,N,C,C,A,A,H,-,A,D,0,NA,NA,NA,NA,Y,NA,A,01,0,0,2,0,0,0,0,0,0,-,-,34.021018981933594,-118.27912902832033,LOS ANGELES,LOS ANGELES,-118.2783432006836,34.02059555053711
91341957,2020,2020-11-09,9530,2020-11-01,0200,022302,NA,7,3,9,1900,0,3,5,NA,2,001,8325 SANTA FE AVE.,SALE PL.,200,S,N,A,-,N,NA,NA,NA,NA,NA,NA,NA,NA,NA,Y,3,0,1,1,A,-,03,22350,NA,M,E,I,A,A,H,-,C,D,0,NA,NA,NA,NA,Y,Y,A,01,0,1,0,0,0,0,0,0,0,-,-,33.962440490722656,-118.23008728027344,LOS ANGELES,UNINCORPORATED,-118.23003387451172,33.962520599365234
91342005,2020,2020-11-09,9545,2020-09-28,2035,020140,NA,1,2,9,1900,0,3,5,NA,1,006,AVENUE L-8,45TH STREET WEST,0,NA,Y,A,-,N,NA,NA,NA,NA,NA,NA,NA,NA,NA,Y,2,0,2,4,A,-,01,23152,G,N,D,C,A,A,H,-,C,A,0,NA,NA,NA,NA,Y,Y,A,01,2,0,0,0,0,0,0,0,0,-,-,34.65290832519531,-118.21006011962892,LOS ANGELES,UNINCORPORATED,-118.21005249023438,34.65285873413086
91342019,2020,2020-11-09,9565,2020-10-29,1225,022437,NA,4,1,9,1900,0,3,5,NA,2,002,EL SEGUNDO BOULEVARD,WESTERN AVENUE,170,E,N,A,-,N,NA,NA,NA,NA,NA,NA,NA,NA,NA,N,4,0,2,2,A,-,09,21804,A,N,D,C,A,A,H,-,A,D,0,NA,NA,NA,NA,Y,NA,A,01,0,0,2,0,0,0,0,0,0,-,-,33.91645050048828,-118.30840301513672,LOS ANGELES,UNINCORPORATED,-118.30851745605467,33.916439056396484
91342029,2020,2020-11-09,9590,2020-10-23,0655,022102,NA,5,1,7,1942,0,1,1,NA,2,050,I-110 N/B (HARBOR FREEWAY),GAGE AVE.,200,N,N,A,-,Y,NA,NA,110,NA,NA,NA,NA,NA,N,Y,3,0,1,3,A,-,08,22107,NA,N,C,C,A,A,H,-,A,D,0,NA,NA,NA,NA,Y,NA,A,07,0,1,0,0,0,0,0,0,0,-,-,33.98310089111328,-118.28044891357422,LOS ANGELES,LOS ANGELES,-118.28046417236328,33.98310089111328
91342045,2020,2020-11-09,9590,2020-10-29,1350,022428,NA,4,1,7,1942,0,1,1,NA,2,062,I-10 E/B (SANTA MONICA FREEWAY),I-110 (HARBOR FREEWAY),910,W,N,A,-,Y,NA,NA,10,NA,NA,NA,NA,NA,E,N,4,0,1,2,A,-,03,22350,NA,N,C,C,A,A,H,-,A,D,0,NA,NA,NA,NA,Y,NA,A,01,0,0,1,0,0,0,0,0,0,-,-,34.03799057006836,-118.27735137939452,LOS ANGELES,LOS ANGELES,-118.27735137939452,34.037994384765625
91342055,2020,2020-11-09,9525,2020-11-01,1730,021545,NA,7,2,9,1900,0,1,1,NA,2,105,I-10 W/B (SAN BERNARDINO FWY),GRAND AVE,1000,E,N,A,-,Y,NA,NA,NA,NA,NA,NA,NA,NA,NA,Y,4,0,1,2,A,-,03,22350,NA,M,C,C,A,A,D,E,C,D,0,NA,NA,NA,NA,Y,NA,A,01,0,0,1,0,0,0,0,0,0,-,-,34.071720123291016,-117.86875915527344,LOS ANGELES,UNINCORPORATED,-118.26428985595705,34.03310775756836
91342073,2020,2020-11-09,9565,2020-10-30,1450,021678,NA,5,2,9,1900,0,2,4,NA,1,054,ADMIRALTY WAY,VIA MARINA,500,E,N,A,-,N,NA,NA,NA,NA,NA,NA,NA,NA,NA,N,3,0,1,2,A,-,08,22107,NA,N,B,C,A,A,H,-,A,D,0,NA,NA,NA,NA,Y,NA,A,01,0,1,0,0,0,0,0,0,0,-,-,33.98234939575195,-118.45890045166016,LOS ANGELES,UNINCORPORATED,-118.45884704589844,33.9823112487793
91342076,2020,2020-11-09,9430,2020-11-02,0715,017152,NA,1,1,9,1900,0,1,1,NA,2,051,I-5 S/B,GORMAN SCHOOL ROAD,1584,S,N,A,-,Y,NA,NA,5,NA,NA,NA,NA,NA,S,Y,2,0,2,2,A,-,08,22107,NA,N,D,C,A,A,H,-,A,D,0,NA,NA,NA,NA,Y,NA,A,01,1,1,0,0,0,0,0,0,0,-,-,34.793609619140625,-118.8415298461914,LOS ANGELES,UNINCORPORATED,-118.84153747558594,34.79357147216797
91342087,2020,2020-11-09,9525,2020-11-02,1830,021838,NA,1,2,4,1960,0,1,3,NA,2,572,SR-57 N/B (ORANGE FWY),COVINA BLVD,2640,S,N,A,-,Y,NA,NA,57,NA,NA,NA,NA,NA,N,Y,4,0,1,2,A,-,08,22107,NA,N,A,C,A,A,H,-,D,D,0,NA,NA,NA,NA,Y,NA,A,01,0,0,1,0,0,0,0,0,0,-,-,34.092411041259766,-117.81954193115234,LOS ANGELES,SAN DIMAS,-117.81934356689452,34.0924072265625
91342112,2020,2020-11-09,9590,2020-10-26,1905,021757,NA,1,2,7,1942,0,1,1,NA,2,051,I-110 S/B (HARBOR FREEWAY),67TH ST,300,S,N,A,-,Y,NA,NA,110,NA,NA,NA,NA,NA,S,N,4,0,3,2,A,-,03,22350,NA,N,C,C,A,A,H,-,C,D,0,NA,NA,NA,NA,Y,NA,A,01,0,0,3,0,0,0,0,0,0,-,-,33.978328704833984,-118.28105926513672,LOS ANGELES,LOS ANGELES,-118.28092956542967,33.978328704833984
91342115,2020,2020-11-09,9525,2020-11-04,2245,021995,NA,3,3,5,1906,0,1,1,NA,2,104,I-10 E/B (SAN BERNARDINO FWY),ATHOL ST.,1000,W,N,B,-,Y,NA,NA,10,NA,NA,NA,NA,NA,E,Y,3,0,2,1,A,-,03,22350,NA,N,E,I,A,A,H,-,C,D,0,NA,NA,NA,NA,Y,NA,A,01,0,2,0,0,0,0,0,0,0,-,-,34.0653190612793,-117.9968032836914,LOS ANGELES,BALDWIN PARK,-117.99681091308594,34.065399169921875
91342116,2020,2020-11-09,9545,2020-11-03,1827,021569,NA,2,2,6,1950,0,1,3,NA,2,021,SR-14 N/B,AVENUE N,1429,S,N,A,-,Y,NA,NA,14,NA,NA,NA,NA,NA,N,Y,3,0,1,1,A,-,08,22107,NA,N,E,I,A,A,H,-,C,D,0,NA,NA,NA,NA,Y,NA,A,07,0,1,0,0,0,0,0,0,0,-,-,34.62752151489258,-118.1530303955078,LOS ANGELES,PALMDALE,-118.15304565429688,34.62752151489258
91342132,2020,2020-11-09,9530,2020-11-04,1144,022453,NA,3,1,9,1900,0,3,5,NA,2,002,AVALON BLVD.,138TH ST.,0,NA,Y,A,-,N,NA,NA,NA,NA,NA,NA,NA,NA,NA,N,4,0,1,2,A,-,12,22450,A,N,D,C,A,A,H,-,A,A,0,NA,NA,NA,NA,Y,NA,M,95,0,0,1,0,0,0,0,0,0,-,-,33.906429290771484,-118.26532745361328,LOS ANGELES,UNINCORPORATED,-118.26531219482422,33.906410217285156
91342166,2020,2020-11-09,9530,2020-11-04,0920,022454,NA,3,1,9,1900,0,3,5,NA,2,002,MAIN ST. (15800 BLOCK),157TH ST.,520,S,N,A,-,N,NA,NA,NA,NA,NA,NA,NA,NA,NA,N,4,0,1,2,A,-,00,22348,A,N,D,G,A,A,H,-,A,D,0,NA,Y,NA,Y,Y,NA,L,04,0,0,1,0,0,0,1,0,0,-,-,33.88764190673828,-118.27593994140624,LOS ANGELES,UNINCORPORATED,-118.27602386474608,33.887874603271484
91342172,2020,2020-11-09,9580,2020-11-05,2350,018718,NA,4,3,3,1994,0,1,2,NA,2,106,US-101 N/B (VENTURA FREEWAY),MUREAU RD,5280,N,N,A,-,Y,NA,NA,NA,NA,NA,NA,NA,NA,NA,Y,4,0,1,2,A,-,03,22350,NA,N,C,C,A,A,H,-,D,D,0,NA,NA,NA,NA,Y,NA,D,22,0,0,1,0,0,0,0,0,0,-,-,34.15119171142578,-118.68128204345705,LOS ANGELES,AGOURA HILLS,-118.65213775634766,34.15345001220703
91342180,2020,2020-11-09,9545,2020-11-03,0600,020244,NA,2,1,9,1900,0,1,3,NA,2,021,SR-14 S/B,BARREL SPRINGS RD,7920,S,N,A,-,Y,NA,NA,14,NA,NA,NA,NA,NA,S,N,4,0,1,2,A,-,03,22350,NA,N,C,C,A,A,H,-,B,D,0,NA,NA,NA,NA,Y,NA,A,01,0,0,1,0,0,0,0,0,0,-,-,34.53627014160156,-118.11910247802734,LOS ANGELES,UNINCORPORATED,-118.1191635131836,34.53621292114258
91342196,2020,2020-11-09,9525,2020-11-01,0011,021342,NA,7,3,5,1990,0,1,3,NA,2,584,SR-57 N/B (ORANGE FWY),SR-60 E/B (POMONA FWY),1300,S,N,A,-,Y,NA,NA,57,NA,NA,NA,NA,NA,N,Y,3,0,2,2,C,-,18,NA,NA,N,C,C,A,A,H,-,D,D,0,NA,NA,NA,NA,Y,NA,-,-,0,2,0,0,0,0,0,0,0,-,-,33.99834060668945,-117.83815002441406,LOS ANGELES,DIAMOND BAR,-117.83811950683594,33.99831008911133
91342203,2020,2020-11-09,9590,2020-11-01,1920,022404,NA,7,2,7,1942,0,1,1,NA,2,083,I-5 S/B (GOLDEN STATE FREEWAY),AVENUE 19,110,S,N,A,-,Y,NA,NA,5,NA,NA,NA,NA,NA,S,Y,4,0,1,1,A,-,08,22107,NA,N,E,I,A,A,H,-,D,D,0,NA,NA,NA,NA,Y,NA,A,01,0,0,1,0,0,0,0,0,0,-,-,34.08238983154297,-118.22599029541016,LOS ANGELES,LOS ANGELES,-118.22597503662108,34.08245849609375
91342210,2020,2020-11-09,9550,2020-11-01,1405,022450,NA,7,2,9,1900,0,1,1,NA,2,150,I-105 EB,PARAMOUNT BOULEVARD,650,W,N,A,-,Y,NA,NA,NA,NA,NA,NA,NA,NA,NA,Y,4,0,3,3,A,-,03,22350,NA,N,C,C,A,A,H,-,A,D,0,NA,NA,NA,NA,Y,NA,A,01,0,0,3,0,0,0,0,0,0,-,-,33.91231918334961,-118.15765380859376,LOS ANGELES,UNINCORPORATED,-118.16214752197266,33.91153335571289
91342224,2020,2020-11-09,9545,2020-09-06,2127,021569,NA,7,2,9,1900,0,3,5,NA,2,001,SIERRA HIGHWAY,AVENUE A,2059,S,N,A,-,N,NA,NA,NA,NA,NA,NA,NA,NA,NA,Y,1,1,0,1,A,-,08,22107,NA,N,E,I,A,A,H,-,D,D,0,NA,NA,NA,NA,Y,NA,A,01,0,0,0,0,0,0,0,0,0,-,-,34.81509017944336,-118.15515899658205,LOS ANGELES,UNINCORPORATED,-118.15519714355467,34.81508255004883
91342260,2020,2020-11-09,9530,2020-11-04,1533,018887,NA,3,2,9,1900,0,3,5,NA,2,004,SUSANA RD.,710 S/B FROM SUSANA ROAD,0,NA,Y,A,-,N,NA,NA,NA,NA,NA,NA,NA,NA,NA,Y,3,0,1,2,A,-,17,21451,A,N,D,D,A,A,H,-,A,A,0,NA,NA,NA,NA,Y,NA,A,01,0,1,0,0,0,0,0,0,0,-,-,33.848419189453125,-118.20680236816406,LOS ANGELES,UNINCORPORATED,-118.206799,33.848401
91342275,2020,2020-11-09,9545,2020-11-03,1405,020547,NA,2,2,9,1900,0,3,5,NA,2,003,ANGELES FOREST HWY,PACIFICO MOUNTAIN RD,1000,N,N,A,-,N,NA,NA,NA,NA,NA,NA,NA,NA,NA,Y,3,0,1,1,A,-,08,22107,NA,N,E,I,A,A,H,-,A,D,0,NA,NA,NA,NA,Y,NA,A,01,0,1,0,0,0,0,0,0,0,-,-,34.389869689941406,-118.07842254638672,LOS ANGELES,UNINCORPORATED,NA,NA
91342284,2020,2020-11-25,9545,2020-09-20,2050,021361,NA,7,2,9,1900,0,3,5,NA,2,003,STATE ROUTE 14 SOUTHBOUND,MOUNTAIN SPRINGS ROAD,2376,S,N,A,-,Y,NA,NA,14,NA,NA,NA,NA,NA,S,Y,1,1,1,1,A,-,01,23152,A,N,E,I,A,A,H,-,D,D,0,NA,NA,NA,NA,Y,Y,A,01,1,0,0,0,0,0,0,0,0,-,-,34.49708938598633,-118.12357330322266,LOS ANGELES,UNINCORPORATED,-118.1235122680664,34.497039794921875
91342287,2020,2020-11-09,9550,2020-10-31,1315,019939,NA,6,1,5,1919,0,1,1,NA,2,652,INTERSTATE 605 N/B,STUDEBAKER RD.,125,N,N,A,-,Y,NA,NA,605,NA,NA,NA,NA,NA,N,Y,4,0,1,2,A,-,03,22350,NA,N,C,C,A,A,H,-,A,D,0,NA,NA,NA,Y,Y,NA,A,01,0,0,1,0,0,0,0,0,0,-,-,33.86846160888672,-118.09947204589844,LOS ANGELES,CERRITOS,-118.09945678710938,33.868465423583984
91342290,2020,2020-11-09,9525,2020-10-30,0635,021809,NA,5,1,6,1955,0,1,3,NA,2,613,SR-60 E/B (POMONA FWY),PHILLIPS RANCH,2000,W,N,A,-,Y,NA,NA,NA,NA,NA,NA,NA,NA,NA,Y,4,0,1,3,A,-,03,22350,NA,N,B,C,A,A,H,-,A,D,0,NA,NA,NA,NA,Y,NA,D,22,0,0,1,0,0,0,0,0,0,-,-,34.02593994140625,-117.78936767578124,LOS ANGELES,POMONA,-117.77703857421876,34.025718688964844
91342328,2020,2020-11-09,9535,2020-11-06,1725,022347,NA,5,2,6,1922,0,1,1,NA,2,401,I-10 (SAN BERNARDINO FREEWAY) W/B,ROSEMEAD BOULEVARD,1585,E,N,A,-,Y,NA,NA,10,NA,NA,NA,NA,NA,W,Y,3,0,1,2,A,-,03,22350,NA,N,C,C,A,A,H,-,C,D,0,NA,NA,NA,NA,Y,NA,A,01,0,1,0,0,0,0,0,0,0,-,-,34.07238006591797,-118.06754302978516,LOS ANGELES,EL MONTE,-118.06754302978516,34.07245635986328
91342347,2020,2020-12-04,9525,2020-11-06,0630,018364,NA,5,1,5,1906,0,1,S,NA,2,113,I-10 W/B (SAN BERNARDINO FWY),PUENTE AVENUE U/C,3168,W,N,B,-,Y,NA,NA,10,NA,NA,NA,NA,NA,W,Y,3,0,2,4,A,-,07,21658,A,N,B,C,A,A,H,-,A,D,0,NA,NA,NA,NA,Y,NA,A,01,0,1,1,0,0,0,0,0,0,-,-,34.06892013549805,-117.97171783447266,LOS ANGELES,BALDWIN PARK,-117.9717254638672,34.06896209716797
91342357,2020,2020-11-09,9535,2020-10-29,1845,022025,NA,4,2,4,1907,0,1,1,NA,2,074,I-710 (LONG BEACH FREEWAY) N/B,SOUTH GATE RR OP,35,N,N,A,-,Y,NA,NA,NA,NA,NA,NA,NA,NA,NA,Y,4,0,1,3,A,-,03,22350,NA,N,C,C,A,A,H,-,D,D,0,NA,NA,NA,NA,Y,NA,A,01,0,0,1,0,0,0,0,0,0,-,-,33.95418167114258,-118.17048645019533,LOS ANGELES,BELL,NA,NA
91342362,2020,2020-11-09,9525,2020-11-02,1720,021809,NA,1,2,6,1955,0,1,1,NA,2,108,I-10 W/B (SAN BERNARDINO FWY),VIA VERDE AVE,2000,E,N,A,-,Y,NA,NA,NA,NA,NA,NA,NA,NA,NA,Y,4,0,4,5,A,-,03,22350,NA,N,C,C,A,A,H,-,C,D,0,NA,NA,NA,NA,Y,NA,A,07,0,0,4,0,0,0,0,0,0,-,-,34.06380844116211,-117.82530975341795,LOS ANGELES,POMONA,NA,NA
91342369,2020,2020-11-09,9525,2020-11-06,1510,020216,NA,5,2,4,1905,0,1,1,NA,2,204,I-210 E/B (FOOTHILL FWY),CERRITOS AVE.,200,W,N,B,-,Y,NA,NA,210,NA,NA,NA,NA,NA,E,N,4,0,2,2,A,-,03,22350,NA,N,C,C,A,A,H,-,A,D,0,NA,NA,NA,NA,Y,NA,D,22,0,0,2,0,0,0,0,0,0,-,-,34.12105178833008,-117.90045166015624,LOS ANGELES,AZUSA,-117.90045166015624,34.120994567871094
91342385,2020,2020-11-09,9525,2020-11-01,1200,021250,NA,7,1,9,1900,0,1,3,NA,1,024,SR-39 (SAN GABRIEL CANYON RD.),COLDBROOK CANYON CAMPGROUND,5000,N,N,A,-,Y,NA,NA,39,NA,NA,NA,NA,NA,NA,Y,3,0,1,1,A,-,03,22350,NA,N,F,A,A,A,H,-,A,D,0,NA,NA,Y,NA,Y,NA,C,02,0,1,0,0,0,0,0,0,1,-,-,34.29991149902344,-117.83672332763672,LOS ANGELES,UNINCORPORATED,-117.83670806884766,34.29994201660156
91342402,2020,2020-11-09,9525,2020-11-02,1500,021250,NA,1,2,1,1934,0,1,1,NA,2,203,I-210 W/B (FOOTHILL FWY),I-605 N/B (SAN GABRIEL RIVER FWY),2600,E,N,A,-,Y,NA,NA,210,NA,NA,NA,NA,NA,W,Y,4,0,1,2,A,-,07,21658,A,F,B,C,A,A,H,-,A,B,0,NA,NA,NA,NA,Y,NA,A,01,0,0,1,0,0,0,0,0,0,-,-,34.13174819946289,-117.9485321044922,LOS ANGELES,IRWINDALE,-117.94852447509766,34.13175582885742
91342404,2020,2021-01-07,9535,2020-11-06,2150,022418,NA,5,2,4,1907,0,1,1,NA,2,073,I-710 (LONG BEACH FREEWAY) S/B,SLAUSON AVENUE,750,S,N,B,-,Y,NA,NA,710,NA,NA,NA,NA,NA,S,Y,4,0,1,3,A,-,03,22350,NA,N,C,C,A,A,H,-,D,D,0,NA,NA,NA,NA,Y,NA,A,01,0,0,1,0,0,0,0,0,0,-,-,33.988441467285156,-118.1711883544922,LOS ANGELES,BELL,-118.1711654663086,33.988460540771484
91342428,2020,2020-11-09,9525,2020-11-03,1720,022509,NA,2,2,4,1960,0,1,1,NA,2,208,SR-210 E/B (FOOTHILL FWY),SAN DIMAS AVE,20,W,N,A,-,Y,NA,NA,210,NA,NA,NA,NA,NA,E,N,3,0,1,2,A,-,03,22350,NA,N,C,C,A,A,H,-,C,D,0,NA,NA,NA,Y,Y,NA,G,25,0,1,0,0,0,0,0,0,0,-,-,34.1196403503418,-117.80680084228516,LOS ANGELES,SAN DIMAS,-117.80680084228516,34.119659423828125
9134243,2020,2020-10-07,1942,2020-08-01,1745,42051,1019,6,5,7,1942,0,0,0,J,0,10A39,HASKELL AV,COHASSET ST,250,S,N,A,-,N,NA,NA,NA,NA,NA,NA,NA,NA,NA,Y,3,0,3,2,A,-,09,21804,A,N,D,C,A,A,H,-,A,D,0,NA,NA,NA,NA,Y,NA,A,01,0,2,1,0,0,0,0,0,0,-,-,NA,NA,LOS ANGELES,LOS ANGELES,-118.47492980957033,34.2059440612793
9134246,2020,2020-09-30,1942,2020-07-13,1400,39022,0773,1,5,7,1942,0,0,0,G,0,7A47,VENICE BL,S REDONDO BL,0,NA,Y,A,-,N,NA,NA,NA,NA,NA,NA,NA,NA,NA,Y,4,0,1,2,A,-,12,21453,A,N,D,C,A,A,H,-,A,A,0,NA,NA,NA,NA,Y,NA,D,22,0,0,1,0,0,0,0,0,0,-,-,NA,NA,LOS ANGELES,LOS ANGELES,-118.35043334960938,34.04512023925781
91342463,2020,2020-11-09,9525,2020-11-01,1950,021545,NA,7,2,6,1975,0,1,1,NA,2,106,I-10 E/B (SAN BERNARDINO FWY),BARRANCA AVE,200,E,N,A,-,Y,NA,NA,10,NA,NA,NA,NA,NA,E,Y,4,0,2,3,A,-,07,21658,A,N,B,C,A,A,D,E,C,D,0,NA,NA,NA,Y,Y,NA,G,25,0,0,2,0,0,0,0,0,0,-,-,34.07181167602539,-117.8804168701172,LOS ANGELES,WEST COVINA,-117.8804168701172,34.071807861328125