CASE_ID,ACCIDENT_YEAR,PROC_DATE,JURIS,COLLISION_DATE,COLLISION_TIME,OFFICER_ID,REPORTING_DISTRICT,DAY_OF_WEEK,CHP_SHIFT,POPULATION,CNTY_CITY_LOC,SPECIAL_COND,BEAT_TYPE,CHP_BEAT_TYPE,CITY_DIVISION_LAPD,CHP_BEAT_CLASS,BEAT_NUMBER,PRIMARY_RD,SECONDARY_RD,DISTANCE,DIRECTION,INTERSECTION,WEATHER_1,WEATHER_2,STATE_HWY_IND,CALTRANS_COUNTY,CALTRANS_DISTRICT,STATE_ROUTE,ROUTE_SUFFIX,POSTMILE_PREFIX,POSTMILE,LOCATION_TYPE,RAMP_INTERSECTION,SIDE_OF_HWY,TOW_AWAY,COLLISION_SEVERITY,NUMBER_KILLED,NUMBER_INJURED,PARTY_COUNT,PRIMARY_COLL_FACTOR,PCF_CODE_OF_VIOL,PCF_VIOL_CATEGORY,PCF_VIOLATION,PCF_VIOL_SUBSECTION,HIT_AND_RUN,TYPE_OF_COLLISION,MVIW,PED_ACTION,ROAD_SURFACE,ROAD_COND_1,ROAD_COND_2,LIGHTING,CONTROL_DEVICE,CHP_ROAD_TYPE,PEDESTRIAN_ACCIDENT,BICYCLE_ACCIDENT,MOTORCYCLE_ACCIDENT,TRUCK_ACCIDENT,NOT_PRIVATE_PROPERTY,ALCOHOL_INVOLVED,STWD_VEHTYPE_AT_FAULT,CHP_VEHTYPE_AT_FAULT,COUNT_SEVERE_INJ,COUNT_VISIBLE_INJ,COUNT_COMPLAINT_PAIN,COUNT_PED_KILLED,COUNT_PED_INJURED,COUNT_BICYCLIST_KILLED,COUNT_BICYCLIST_INJURED,COUNT_MC_KILLED,COUNT_MC_INJURED,PRIMARY_RAMP,SECONDARY_RAMP,LATITUDE,LONGITUDE,COUNTY,CITY,POINT_X,POINT_Y
91350067,2020,2020-11-20,9545,2020-11-11,1100,017495,NA,3,1,9,1900,0,3,5,NA,2,004,AVENUE R,95TH ST  E,279,W,N,A,-,N,NA,NA,NA,NA,NA,NA,NA,NA,NA,Y,4,0,1,1,A,-,08,22107,NA,N,E,I,A,A,H,-,A,D,0,NA,NA,NA,NA,Y,NA,A,01,0,0,1,0,0,0,0,0,0,-,-,34.57244110107422,-117.9621124267578,LOS ANGELES,UNINCORPORATED,-117.96185302734376,34.5723762512207
91350070,2020,2020-11-20,9575,2020-11-11,0713,020702,NA,3,1,7,1942,0,1,1,NA,2,050,I-5 S/B (GOLDEN STATE FREEWAY),SR-134 E/B (VENTURA FREEWAY),50,N,N,A,-,Y,NA,NA,5,NA,NA,NA,NA,NA,S,Y,4,0,1,2,A,-,03,22350,NA,N,C,C,A,A,H,-,A,D,0,NA,NA,NA,Y,Y,NA,G,25,0,0,1,0,0,0,0,0,0,-,-,34.15586853027344,-118.28896331787108,LOS ANGELES,LOS ANGELES,-118.28939819335938,34.15538024902344
9135009,2020,2020-10-19,1972,2020-08-02,0312,20473,NA,7,5,6,1972,0,0,0,NA,0,NA,187TH ST,FELBAR,50,E,N,A,-,N,NA,NA,NA,NA,NA,NA,NA,NA,NA,Y,3,0,1,3,A,-,08,22107,NA,N,A,E,A,A,H,-,C,D,0,NA,NA,NA,NA,Y,NA,A,NA,0,1,0,0,0,0,0,0,0,-,-,NA,NA,LOS ANGELES,TORRANCE,-118.33877563476564,33.86098098754883
91350101,2020,2020-11-20,9575,2020-11-12,1447,021784,NA,4,2,6,1953,0,1,1,NA,2,065,I-210 E/B (FOOTHILL FREEWAY),SAN GABRIEL BLVD.,78,E,N,A,-,Y,NA,NA,210,NA,NA,NA,NA,NA,E,Y,4,0,1,3,A,-,03,22350,NA,N,C,C,A,A,H,-,A,D,0,NA,NA,NA,NA,Y,NA,A,01,0,0,1,0,0,0,0,0,0,-,-,34.15227127075195,-118.09381866455078,LOS ANGELES,PASADENA,-118.09381866455078,34.15227508544922
91350103,2020,2020-11-20,9580,2020-11-06,1410,019573,NA,5,2,9,1900,0,2,4,NA,1,128,KANAN RD,TRIUNFO CANYON RD,1758,N,N,A,-,N,NA,NA,NA,NA,NA,NA,NA,NA,NA,Y,3,0,1,1,A,-,03,22350,NA,N,F,A,A,A,H,-,A,D,0,NA,NA,Y,NA,Y,NA,C,02,0,1,0,0,0,0,0,0,1,-,-,34.119651794433594,-118.79383850097656,LOS ANGELES,UNINCORPORATED,-118.79248809814452,34.11983108520508
91350104,2020,2020-11-20,9550,2020-11-18,0730,018161,NA,3,1,9,1900,0,1,1,NA,2,650,I-605 SOUTHBOUND,WHITTIER BOULEVARD,300,S,N,B,-,Y,NA,NA,605,NA,NA,NA,NA,NA,S,Y,4,0,1,1,C,-,18,NA,NA,N,E,J,A,A,H,-,A,D,0,NA,NA,Y,NA,Y,NA,-,-,0,0,1,0,0,0,0,0,1,-,-,33.9871711730957,-118.07125854492188,LOS ANGELES,UNINCORPORATED,-118.07121276855467,33.98714828491211
91350141,2020,2020-11-20,9580,2020-11-17,0810,018185,NA,2,1,7,1942,0,1,1,NA,2,405,I-405 S/B (SAN DIEGO FWY),VANOWEN ST,600,S,N,A,-,Y,NA,NA,405,NA,NA,NA,NA,NA,S,Y,4,0,1,5,A,-,03,22350,NA,N,C,C,A,A,H,-,A,D,0,NA,NA,NA,NA,Y,NA,A,01,0,0,1,0,0,0,0,0,0,-,-,34.19247817993164,-118.47440338134766,LOS ANGELES,LOS ANGELES,-118.47439575195313,34.192481994628906
91350143,2020,2021-01-18,9535,2020-11-10,1053,021773,NA,2,1,3,1914,0,1,1,NA,2,072,I-710 N/B TO WASHINGTON BLVD.,WASHINGTON BLVD.,240,N,N,A,-,Y,NA,NA,710,NA,NA,NA,R,NA,N,Y,3,0,1,1,A,-,03,22350,NA,N,F,A,A,A,H,-,A,D,0,NA,NA,NA,Y,Y,NA,G,27,0,1,0,0,0,0,0,0,0,-,-,34.005210876464844,-118.1716766357422,LOS ANGELES,COMMERCE,-118.1716766357422,34.005210876464844
91350192,2020,2020-11-20,9545,2020-11-12,1122,020547,NA,4,1,9,1900,0,1,3,NA,2,031,SR-14 S/B,MOUNTAIN SPRINGS RD,1727,N,N,A,-,Y,NA,NA,14,NA,NA,NA,NA,NA,S,Y,3,0,1,1,A,-,08,22107,NA,N,E,I,A,A,H,-,A,D,0,NA,NA,NA,NA,Y,NA,A,01,0,1,0,0,0,0,0,0,0,-,-,34.50519943237305,-118.11527252197266,LOS ANGELES,UNINCORPORATED,-118.11522674560548,34.50515365600586
91350196,2020,2020-11-20,9575,2020-11-13,1810,022490,NA,5,2,7,1942,0,1,3,NA,2,043,I-5 FROM SR-134 W/B,SAN FERNANDO RD.,100,W,N,A,-,Y,NA,NA,NA,NA,NA,NA,NA,NA,NA,Y,4,0,1,2,A,-,03,22350,NA,N,C,C,A,A,H,-,C,D,0,NA,NA,NA,NA,Y,NA,A,01,0,0,1,0,0,0,0,0,0,-,-,34.1538200378418,-118.27700805664064,LOS ANGELES,LOS ANGELES,-118.50356292724608,34.32539367675781
9135022,2020,2020-10-08,1972,2020-08-01,1346,18263,NA,6,5,6,1972,0,0,0,NA,0,NA,PALOS VERDES,PACIFIC COAST HWY,200,S,N,A,-,N,NA,NA,NA,NA,NA,NA,NA,NA,NA,N,4,0,1,2,A,-,21,22106,NA,N,C,C,A,A,H,-,A,D,0,NA,NA,NA,NA,Y,NA,A,NA,0,0,1,0,0,0,0,0,0,-,-,NA,NA,LOS ANGELES,TORRANCE,-118.3837661743164,33.81816864013672
91350223,2020,2020-11-20,9590,2020-11-10,1440,021757,NA,2,2,7,1942,0,1,1,NA,2,050,I-110 N/B (HARBOR FREEWAY),83RD ST,200,N,N,A,-,Y,NA,NA,110,NA,NA,NA,NA,NA,N,N,4,0,1,2,A,-,03,22350,NA,F,C,C,A,A,H,-,A,D,0,NA,NA,NA,NA,Y,NA,-,99,0,0,1,0,0,0,0,0,0,-,-,33.96458053588867,-118.28067016601564,LOS ANGELES,LOS ANGELES,-118.28073120117188,33.96458053588867
91350259,2020,2020-11-20,9550,2020-11-11,1445,022164,NA,3,2,9,1900,0,3,5,NA,2,003,CAMINO DEL SUR,CAR GREEN AVENUE,0,NA,Y,A,-,N,NA,NA,NA,NA,NA,NA,NA,NA,NA,N,3,0,1,2,A,-,09,21802,A,N,D,G,A,A,H,-,A,D,0,NA,Y,NA,NA,Y,NA,D,22,0,1,0,0,0,0,1,0,0,-,-,33.97990036010742,-117.9845962524414,LOS ANGELES,UNINCORPORATED,-117.98478698730467,33.9799919128418
91350314,2020,2020-11-20,9545,2020-11-13,2325,021640,NA,5,3,9,1900,0,3,5,NA,2,002,SIERRA HIGHWAY,SIERRA HILLS LN.,530,N,N,G,-,N,NA,NA,NA,NA,NA,NA,NA,NA,NA,N,3,0,2,2,A,-,03,22350,NA,N,C,C,A,A,H,-,C,A,0,NA,NA,NA,NA,Y,NA,A,01,0,1,1,0,0,0,0,0,0,-,-,34.54005813598633,-118.10630798339844,LOS ANGELES,UNINCORPORATED,-118.106343,34.539992
91350326,2020,2020-11-20,9575,2020-11-14,0150,022429,NA,6,3,9,1900,0,2,4,NA,2,023,FAIR OAKS AVENUE (2300 BLOCK),KELLOGG COURT,20,S,N,A,-,N,NA,NA,NA,NA,NA,NA,NA,NA,NA,Y,2,0,1,1,A,-,03,22350,NA,N,E,I,A,A,H,-,C,D,0,NA,NA,NA,NA,Y,NA,A,01,1,0,0,0,0,0,0,0,0,-,-,34.18613052368164,-118.15097045898438,LOS ANGELES,UNINCORPORATED,-118.15087127685548,34.18618392944336
91350338,2020,2020-11-20,9550,2020-11-12,1520,022391,NA,4,2,9,1900,0,2,4,NA,1,042,COLIMA ROAD,PARK LAWN ROAD,0,NA,Y,A,-,N,NA,NA,NA,NA,NA,NA,NA,NA,NA,Y,4,0,1,2,A,-,09,21801,A,N,D,C,A,A,H,-,A,D,0,NA,NA,NA,NA,Y,NA,A,07,0,0,1,0,0,0,0,0,0,-,-,33.991050720214844,-117.93791961669922,LOS ANGELES,UNINCORPORATED,-117.93797302246094,33.991031646728516
91350349,2020,2020-11-20,9545,2020-11-14,1545,021340,NA,6,2,9,1900,0,1,3,NA,1,042,SR-138 W/B,96TH STREET EAST,262,W,N,A,-,Y,NA,NA,138,NA,NA,NA,NA,NA,W,Y,3,0,1,1,A,-,08,22107,NA,N,E,I,A,A,D,-,A,D,0,NA,NA,NA,NA,Y,NA,A,01,0,1,0,0,0,0,0,0,0,-,-,34.52125930786133,-117.95886993408205,LOS ANGELES,UNINCORPORATED,-117.95886993408205,34.52117156982422
91350369,2020,2020-11-20,9575,2020-11-15,0030,022435,NA,7,3,9,1900,0,2,4,NA,2,320,ANGELES FOREST HIGHWAY,GRIZZLY FLAT RD,3785,N,N,A,-,Y,NA,NA,NA,NA,NA,NA,NA,NA,NA,Y,3,0,2,1,A,-,03,22350,NA,N,E,I,A,A,H,-,D,D,0,NA,NA,NA,NA,Y,NA,A,01,0,2,0,0,0,0,0,0,0,-,-,34.28192138671875,-118.17685699462892,LOS ANGELES,UNINCORPORATED,NA,NA
91350386,2020,2020-12-07,9525,2020-11-14,1900,021545,NA,6,2,1,1934,0,1,1,NA,2,203,I-210 W/B (FOOTHILL FWY),IRWINDALE AVE,500,W,N,A,-,Y,NA,NA,210,NA,NA,NA,NA,NA,W,Y,4,0,2,4,A,-,07,21658,A,F,B,C,A,A,H,-,C,D,0,NA,NA,NA,NA,Y,NA,A,01,0,0,2,0,0,0,0,0,0,-,-,34.129329681396484,-117.93601989746094,LOS ANGELES,IRWINDALE,-117.93601989746094,34.12932586669922
91350424,2020,2020-11-20,9545,2020-11-15,2105,021434,NA,7,2,9,1900,0,1,3,NA,2,021,SR-14 N/B,AVENUE O,2112,N,N,A,-,Y,NA,NA,14,NA,NA,NA,NA,NA,N,N,4,0,1,2,A,-,21,22106,NA,N,G,B,E,A,H,-,D,D,0,Y,NA,NA,NA,Y,Y,A,01,0,0,1,0,1,0,0,0,0,-,-,34.623069763183594,-118.15299224853516,LOS ANGELES,UNINCORPORATED,-118.15303802490234,34.623069763183594
91350434,2020,2020-11-20,9525,2020-11-13,1055,021074,NA,5,1,6,1975,0,1,1,NA,2,106,I-10 E/B (SAN BERNARDINO FWY),VIA VERDE,2112,W,N,A,-,Y,NA,NA,NA,NA,NA,NA,NA,NA,NA,N,4,0,1,2,A,-,03,22350,NA,N,C,C,A,A,H,-,A,D,0,NA,NA,NA,Y,Y,NA,G,25,0,0,1,0,0,0,0,0,0,-,-,34.06806945800781,-117.84613037109376,LOS ANGELES,WEST COVINA,NA,NA
91350438,2020,2020-11-20,9550,2020-11-12,2345,022477,NA,4,3,6,1920,0,1,1,NA,2,500,INTERSTATE 5 SOUTHBOUND,LAKEWOOD BOULEVARD,2000,S,N,A,-,Y,NA,NA,5,NA,NA,NA,NA,NA,S,Y,3,0,1,3,A,-,03,22350,NA,M,C,C,A,A,H,-,D,D,0,NA,NA,NA,NA,Y,NA,A,01,0,1,0,0,0,0,0,0,0,-,-,33.95391845703125,-118.10629272460938,LOS ANGELES,DOWNEY,-118.10633087158205,33.9538688659668
91350466,2020,2020-11-20,9550,2020-11-12,1550,022450,NA,4,2,5,1935,0,1,1,NA,2,652,I-605 SB FROM DEL AMO BLVD,DEL AMO BOULEVARD,90,N,N,A,-,Y,NA,NA,605,NA,NA,NA,R,NA,S,Y,3,0,1,2,A,-,08,22107,NA,N,D,I,A,A,H,-,A,D,0,NA,NA,NA,NA,Y,NA,A,01,0,1,0,0,0,0,0,0,0,-,-,33.846290588378906,-118.09297943115234,LOS ANGELES,LAKEWOOD,-118.09297943115234,33.846290588378906
91350500,2020,2020-11-20,9535,2020-11-14,1205,022259,NA,6,1,9,1900,0,1,3,NA,2,621,SR-60 W/B TO SAN GABRIEL BLVD.,SAN GABRIEL BLVD.,150,E,N,A,-,Y,NA,NA,60,NA,NA,NA,R,NA,W,Y,4,0,1,1,A,-,03,22350,NA,N,E,I,A,A,H,-,A,D,0,NA,NA,NA,NA,Y,NA,A,07,0,0,1,0,0,0,0,0,0,-,-,34.040470123291016,-118.07972717285156,LOS ANGELES,UNINCORPORATED,-118.07972717285156,34.040470123291016
91350504,2020,2020-11-20,9590,2020-11-09,0755,021606,NA,1,1,7,1942,0,1,2,NA,2,072,US-101 NB (HOLLYWOOD FREEWAY),FRANKLIN AVE,500,N,N,A,-,Y,NA,NA,101,NA,NA,NA,NA,NA,N,N,4,0,1,2,A,-,03,22350,NA,N,C,C,A,A,H,-,A,D,0,NA,NA,NA,NA,Y,NA,A,01,0,0,1,0,0,0,0,0,0,-,-,34.10594177246094,-118.32711791992188,LOS ANGELES,LOS ANGELES,-118.32715606689452,34.10588073730469
91350517,2020,2020-11-20,9525,2020-11-16,0930,015445,NA,1,1,6,1975,0,1,1,NA,2,105,I-10 W/B (SAN BERNARDINO FWY),VIA VERDE,100,W,N,A,-,Y,NA,NA,NA,NA,NA,NA,NA,NA,NA,Y,3,0,2,3,A,-,03,22350,NA,N,C,C,A,A,D,E,A,D,0,NA,NA,NA,NA,Y,NA,A,07,0,1,1,0,0,0,0,0,0,-,-,34.069068908691406,-117.83973693847656,LOS ANGELES,WEST COVINA,NA,NA
91350520,2020,2020-11-20,9590,2020-11-09,1800,021757,NA,1,2,7,1942,0,1,1,NA,2,051,I-110 S/B (HARBOR FREEWAY),79TH ST,500,S,N,A,-,Y,NA,NA,110,NA,NA,NA,NA,NA,S,N,4,0,1,2,A,-,03,22350,NA,F,C,C,A,A,H,-,C,D,0,NA,NA,NA,NA,Y,NA,A,07,0,0,1,0,0,0,0,0,0,-,-,33.96665954589844,-118.28101348876952,LOS ANGELES,LOS ANGELES,-118.28093719482422,33.96665954589844
91350532,2020,2020-11-20,9590,2020-11-09,1845,022431,NA,1,2,7,1942,0,1,1,NA,2,040,I-5 N/B (SANTA ANA FREEWAY),EUCLID AVENUE,1000,S,N,A,-,Y,NA,NA,5,NA,NA,NA,NA,NA,N,Y,4,0,1,2,A,-,03,22350,NA,N,C,C,A,A,H,-,C,D,0,NA,NA,NA,Y,Y,NA,G,25,0,0,1,0,0,0,0,0,0,-,-,34.02582931518555,-118.20641326904295,LOS ANGELES,LOS ANGELES,-118.20645141601564,34.02570724487305
91350554,2020,2020-11-20,9545,2020-11-15,2230,021360,NA,7,3,6,1950,0,1,3,NA,2,021,SR-14 (S/B),AVENUE N,585,N,N,A,-,Y,NA,NA,14,NA,NA,NA,NA,NA,NA,Y,4,0,1,1,A,-,01,23152,F,N,E,I,A,A,H,-,D,D,0,NA,NA,NA,NA,Y,NA,A,01,0,0,1,0,0,0,0,0,0,-,-,34.63283157348633,-118.15338897705078,LOS ANGELES,PALMDALE,-118.15335083007813,34.63283157348633
91350574,2020,2020-11-20,9545,2020-11-17,0740,018058,NA,2,1,9,1900,0,3,5,NA,2,003,CROWN VALLEY ROAD,SIERRA HIGHWAY,0,NA,Y,A,-,N,NA,NA,NA,NA,NA,NA,NA,NA,NA,Y,4,0,1,2,A,-,01,23152,A,N,D,C,A,A,H,-,A,A,0,NA,NA,NA,NA,Y,Y,A,01,0,0,1,0,0,0,0,0,0,-,-,34.49298095703125,-118.19833374023438,LOS ANGELES,UNINCORPORATED,-118.1982879638672,34.49296188354492
91350579,2020,2020-11-20,9590,2020-11-06,2051,022497,NA,5,2,7,1942,0,1,1,NA,2,052,I-110 N/B (HARBOR FREEWAY),2ND STREET,200,N,N,A,-,Y,NA,NA,110,NA,NA,NA,NA,NA,N,N,4,0,2,2,A,-,03,22350,NA,N,C,C,A,A,H,-,C,D,0,NA,NA,NA,NA,Y,NA,A,01,0,0,2,0,0,0,0,0,0,-,-,34.058998107910156,-118.2529296875,LOS ANGELES,LOS ANGELES,-118.25294494628906,34.059017181396484
91350584,2020,2020-11-20,9590,2020-10-28,1841,021111,NA,3,2,7,1942,0,1,1,NA,2,064,I-10 E/B (SANTA MONICA FREEWAY),SANTA FE AVENUE,150,W,N,A,-,Y,NA,NA,NA,NA,NA,NA,NA,NA,NA,Y,4,0,1,6,A,-,03,22350,NA,N,C,C,A,A,H,-,C,D,0,NA,NA,NA,NA,Y,NA,A,07,0,0,1,0,0,0,0,0,0,-,-,34.27777099609375,-118.23159027099608,LOS ANGELES,LOS ANGELES,-118.23039245605467,34.02812576293945
91350588,2020,2020-11-20,9575,2020-11-15,1820,022490,NA,7,2,7,1942,0,1,1,NA,2,052,I-5 N/B (GOLDEN STATE FREEWAY),SUNLAND BLVD.,300,S,N,A,-,Y,NA,NA,5,NA,NA,NA,NA,NA,N,Y,3,0,3,2,A,-,01,23152,A,N,B,C,A,A,H,-,D,D,0,NA,NA,NA,NA,Y,Y,A,01,0,2,1,0,0,0,0,0,0,-,-,34.221858978271484,-118.36100006103516,LOS ANGELES,LOS ANGELES,-118.36100769042967,34.2217903137207
91350589,2020,2020-11-20,9550,2020-11-10,0840,017719,NA,2,1,9,1900,0,2,4,NA,1,042,COUNTRYWOOD AVENUE,COLIMA ROAD,0,NA,Y,A,-,N,NA,NA,NA,NA,NA,NA,NA,NA,NA,N,2,0,1,2,A,-,09,21801,A,N,D,G,A,A,H,-,A,A,0,NA,Y,NA,NA,Y,NA,A,01,1,0,0,0,0,0,1,0,0,-,-,33.991241455078125,-117.94161224365234,LOS ANGELES,UNINCORPORATED,-117.94174957275392,33.991329193115234
91350593,2020,2020-11-20,9525,2020-11-20,1140,019495,NA,5,1,1,1934,0,1,1,NA,2,651,I-605 S/B FROM LOWER AZUSA RD.,LOWER AZUSA RD.,20,S,N,B,-,Y,NA,NA,605,NA,NA,NA,R,NA,S,N,3,0,1,2,A,-,21,22106,NA,N,C,C,A,A,H,-,A,D,0,NA,NA,NA,NA,Y,NA,A,01,0,1,0,0,0,0,0,0,0,-,-,34.09164047241211,-117.99273681640624,LOS ANGELES,IRWINDALE,-117.99273681640624,34.09164047241211
91350617,2020,2020-11-20,9535,2020-11-10,0830,021599,NA,2,1,3,1914,0,1,1,NA,2,500,I-5 (SANTA ANA FREEWAY) N/B,ARIZONA AVE. (POC),1090,S,N,A,-,Y,NA,NA,5,NA,NA,NA,NA,NA,N,Y,3,0,1,5,A,-,03,22350,NA,N,C,C,A,A,H,-,A,D,0,NA,NA,NA,Y,Y,NA,F,26,0,1,0,0,0,0,0,0,0,-,-,34.013671875,-118.16620635986328,LOS ANGELES,COMMERCE,-118.16619110107422,34.01370620727539
91350621,2020,2020-11-20,9535,2020-11-10,0935,022259,NA,2,1,5,1948,0,1,3,NA,2,601,SR-60 (POMONA FREEWAY) W/B,ATLANTIC BLVD.,800,W,N,A,-,Y,NA,NA,60,NA,NA,NA,NA,NA,W,Y,4,0,2,2,A,-,07,21658,A,F,B,C,A,A,H,-,A,D,0,NA,NA,NA,NA,Y,NA,-,99,0,0,2,0,0,0,0,0,0,-,-,34.03651809692383,-118.15392303466795,LOS ANGELES,MONTEREY PARK,-118.15392303466795,34.0365104675293
91350630,2020,2020-11-20,9550,2020-11-13,1815,020037,NA,5,2,3,1903,0,1,3,NA,2,092,STATE ROUTE 91 WESTBOUND (ARTESIA FWY),PIONEER BOULEVARD,150,E,N,A,-,Y,NA,NA,91,NA,NA,NA,NA,NA,W,Y,4,0,4,4,A,-,03,22350,NA,N,C,C,A,A,H,-,C,D,0,NA,NA,NA,NA,Y,NA,A,07,0,0,4,0,0,0,0,0,0,-,-,33.8765983581543,-118.08168792724608,LOS ANGELES,ARTESIA,-118.08168792724608,33.876461029052734
91350632,2020,2020-11-20,9550,2020-11-12,0858,022376,NA,4,1,5,1976,0,2,4,NA,1,012,WASHINGTON BOULEVARD,BROADWAY AVE.,370,W,N,A,-,N,NA,NA,NA,NA,NA,NA,NA,NA,NA,N,4,0,1,2,A,-,05,21650,NA,N,D,G,A,A,H,-,A,D,0,NA,Y,NA,NA,Y,NA,L,04,0,0,1,0,0,0,1,0,0,-,-,33.9716796875,-118.07013702392578,LOS ANGELES,WHITTIER,-118.03498840332033,33.986289978027344
91350634,2020,2020-11-20,9575,2020-11-14,1750,022490,NA,6,2,9,1900,0,3,5,NA,2,003,LITTLE TUJUNGA CANYON RD.,ANGELES FOREST RANGE,1531,S,N,A,-,N,NA,NA,NA,NA,NA,NA,NA,NA,NA,Y,2,0,1,3,A,-,05,21460,A,N,B,C,A,A,H,-,D,D,0,NA,NA,Y,NA,Y,NA,A,01,1,0,0,0,0,0,0,0,1,-,-,34.29811096191406,-118.35195922851564,LOS ANGELES,UNINCORPORATED,NA,NA
91350637,2020,2020-11-20,9525,2020-11-18,1155,015632,NA,3,1,9,1900,0,3,5,NA,2,002,CIENEGA AVE. (21300 E. BLOCK),VALLEY CENTER AVE.,23,W,N,A,-,N,NA,NA,NA,NA,NA,NA,NA,NA,NA,Y,3,0,3,2,A,-,07,21658,A,N,C,C,A,A,H,-,A,A,0,NA,NA,NA,NA,Y,NA,A,08,0,1,2,0,0,0,0,0,0,-,-,34.103050231933594,-117.83783721923828,LOS ANGELES,UNINCORPORATED,-117.83770751953124,34.103050231933594
9135065,2020,2020-10-05,1922,2020-07-12,1344,639,NA,7,5,6,1922,0,0,0,NA,0,NA,MAXSON RD,DEANA ST,500,N,N,A,-,N,NA,NA,NA,NA,NA,NA,NA,NA,NA,Y,3,0,1,3,A,-,08,22107,NA,N,B,E,A,A,H,-,A,D,0,NA,NA,NA,NA,Y,NA,A,01,0,1,0,0,0,0,0,0,0,-,-,NA,NA,LOS ANGELES,EL MONTE,-118.00957489013672,34.07210159301758
91350696,2020,2021-01-01,9525,2020-08-21,0210,021967,NA,5,3,4,1905,0,1,1,NA,2,204,I-210 EASTBOUND (FOOTHILL FREEWAY),AZUSA AVENUE,274,W,N,A,-,Y,NA,NA,210,NA,NA,NA,NA,NA,E,Y,1,1,1,1,A,-,08,22107,NA,N,E,I,A,A,H,-,D,D,0,NA,NA,NA,NA,Y,Y,A,07,1,0,0,0,0,0,0,0,0,-,-,34.12049102783203,-117.90847778320313,LOS ANGELES,AZUSA,-117.90845489501952,34.12058639526367
91350736,2020,2020-11-20,9535,2020-11-14,1330,022339,NA,6,1,6,1922,0,1,1,NA,2,401,I-10 (SAN BERNARDINO FREEWAY) W/B,I-605,3500,W,N,A,-,Y,NA,NA,10,NA,NA,NA,NA,NA,W,Y,4,0,1,4,A,-,03,22350,NA,N,C,C,A,A,H,-,A,D,0,NA,NA,NA,NA,Y,NA,A,01,0,0,1,0,0,0,0,0,0,-,-,34.064720153808594,-118.01206207275392,LOS ANGELES,EL MONTE,-118.01206207275392,34.0647087097168
91350770,2020,2020-11-20,9525,2020-11-20,1535,021542,NA,5,2,5,1906,0,1,1,NA,2,104,I-10 E/B (SAN BERNARDINO FWY),BALDWIN PARK BLVD,10,W,N,A,-,Y,NA,NA,10,NA,NA,NA,NA,NA,E,Y,4,0,1,3,A,-,08,22107,NA,N,B,C,A,A,H,-,A,D,0,NA,NA,Y,NA,Y,NA,A,01,0,0,1,0,0,0,0,0,1,-,-,34.067359924316406,-117.9822998046875,LOS ANGELES,BALDWIN PARK,-117.98230743408205,34.06743240356445
91350772,2020,2020-11-23,9525,2020-11-07,2302,022521,NA,6,3,1,1934,0,1,1,NA,2,651,I-605 S/B (SAN GABRIEL RIVER FWY),RIVERGRADE RD.,500,N,N,A,-,Y,NA,NA,605,NA,NA,NA,NA,NA,S,Y,2,0,3,5,A,-,17,23114,A,F,E,J,A,A,H,-,D,D,0,NA,NA,NA,NA,Y,NA,D,22,1,1,1,0,0,0,0,0,0,-,-,34.099700927734375,-117.98509979248048,LOS ANGELES,IRWINDALE,-117.98513793945313,34.09971237182617
91350779,2020,2020-11-23,9550,2020-10-23,1842,020688,NA,5,2,9,1900,0,1,3,NA,2,601,STATE ROUTE 60 E/B TO AZUSA AVENUE,AZUSA AVENUE,65,W,N,B,-,Y,NA,NA,60,NA,NA,NA,R,NA,E,N,4,0,3,2,A,-,03,22350,NA,F,C,C,A,A,H,-,C,A,0,NA,NA,NA,NA,Y,NA,A,01,0,0,3,0,0,0,0,0,0,-,-,33.9958610534668,-117.93170166015624,LOS ANGELES,UNINCORPORATED,-117.93170166015624,33.9958610534668
91350790,2020,2020-11-23,9565,2020-11-10,1725,021372,NA,2,2,7,1942,0,1,1,NA,2,083,I-10 EASTBOUND (SANTA MONICA FREEWAY),OVERLAND AVENUE,180,E,N,A,-,Y,NA,NA,10,NA,NA,NA,NA,NA,E,Y,3,0,1,3,A,-,07,21658,A,N,B,C,A,A,H,-,C,D,0,NA,NA,Y,NA,Y,NA,A,01,0,1,0,0,0,0,0,0,1,-,-,34.0317497253418,-118.41625213623048,LOS ANGELES,LOS ANGELES,-118.41625213623048,34.03167724609375
91350793,2020,2020-11-23,9550,2020-11-10,1905,022144,NA,2,2,9,1900,0,2,4,NA,1,012,SLAUSON AVENUE W/B,NORWALK BOULEVARD,450,E,N,A,-,N,NA,NA,NA,NA,NA,NA,NA,NA,NA,Y,4,0,1,2,A,-,01,23152,A,N,C,E,A,A,H,-,C,D,0,NA,NA,NA,NA,Y,Y,D,22,0,0,1,0,0,0,0,0,0,-,-,33.96480178833008,-118.06902313232422,LOS ANGELES,UNINCORPORATED,-118.0691146850586,33.96464538574219