CASE_ID,ACCIDENT_YEAR,PROC_DATE,JURIS,COLLISION_DATE,COLLISION_TIME,OFFICER_ID,REPORTING_DISTRICT,DAY_OF_WEEK,CHP_SHIFT,POPULATION,CNTY_CITY_LOC,SPECIAL_COND,BEAT_TYPE,CHP_BEAT_TYPE,CITY_DIVISION_LAPD,CHP_BEAT_CLASS,BEAT_NUMBER,PRIMARY_RD,SECONDARY_RD,DISTANCE,DIRECTION,INTERSECTION,WEATHER_1,WEATHER_2,STATE_HWY_IND,CALTRANS_COUNTY,CALTRANS_DISTRICT,STATE_ROUTE,ROUTE_SUFFIX,POSTMILE_PREFIX,POSTMILE,LOCATION_TYPE,RAMP_INTERSECTION,SIDE_OF_HWY,TOW_AWAY,COLLISION_SEVERITY,NUMBER_KILLED,NUMBER_INJURED,PARTY_COUNT,PRIMARY_COLL_FACTOR,PCF_CODE_OF_VIOL,PCF_VIOL_CATEGORY,PCF_VIOLATION,PCF_VIOL_SUBSECTION,HIT_AND_RUN,TYPE_OF_COLLISION,MVIW,PED_ACTION,ROAD_SURFACE,ROAD_COND_1,ROAD_COND_2,LIGHTING,CONTROL_DEVICE,CHP_ROAD_TYPE,PEDESTRIAN_ACCIDENT,BICYCLE_ACCIDENT,MOTORCYCLE_ACCIDENT,TRUCK_ACCIDENT,NOT_PRIVATE_PROPERTY,ALCOHOL_INVOLVED,STWD_VEHTYPE_AT_FAULT,CHP_VEHTYPE_AT_FAULT,COUNT_SEVERE_INJ,COUNT_VISIBLE_INJ,COUNT_COMPLAINT_PAIN,COUNT_PED_KILLED,COUNT_PED_INJURED,COUNT_BICYCLIST_KILLED,COUNT_BICYCLIST_INJURED,COUNT_MC_KILLED,COUNT_MC_INJURED,PRIMARY_RAMP,SECONDARY_RAMP,LATITUDE,LONGITUDE,COUNTY,CITY,POINT_X,POINT_Y
91364202,2020,2020-12-11,9580,2020-12-08,1730,019679,NA,2,2,7,1942,0,1,3,NA,2,116,SR-118 W/B (RONALD REAGAN FWY.),SR-27 N/B (TOPANGA CYN. BLVD.),528,E,N,A,-,Y,NA,NA,118,NA,NA,NA,NA,NA,W,Y,4,0,2,3,A,-,03,22350,NA,N,C,C,A,A,H,-,A,D,0,NA,NA,NA,NA,Y,NA,A,01,0,0,2,0,0,0,0,0,0,-,-,34.277099609375,-118.60250091552734,LOS ANGELES,LOS ANGELES,-118.60250091552734,34.277099609375
91364206,2020,2020-12-11,9565,2020-09-10,2024,021786,NA,4,2,9,1900,0,2,4,NA,2,021,VERMONT AVENUE S/B,98TH STREET,0,NA,Y,A,-,N,NA,NA,NA,NA,NA,NA,NA,NA,NA,N,4,0,1,2,A,-,11,21955,NA,N,G,B,D,A,H,-,C,A,0,Y,NA,NA,NA,Y,NA,N,60,0,0,1,0,1,0,0,0,0,-,-,33.9470100402832,-118.29184722900392,LOS ANGELES,UNINCORPORATED,-118.29190063476564,33.94710922241211
9136421,2020,2020-09-14,1900,2020-06-18,1015,455303,1516,4,5,5,1954,0,0,0,NA,0,151T1,PARAMOUNT BL,SLAUSON AV,0,N,N,B,-,N,NA,NA,NA,NA,NA,NA,NA,NA,NA,N,3,0,2,2,A,-,03,22350,NA,N,C,C,A,A,H,-,A,A,0,NA,NA,NA,NA,Y,NA,A,01,0,1,1,0,0,0,0,0,0,-,-,NA,NA,LOS ANGELES,PICO RIVERA,-118.11299896240234,33.973411560058594
91364211,2020,2020-12-11,9575,2020-11-21,1710,022448,NA,6,2,6,1953,0,1,1,NA,2,063,I-210 E/B TO I-210 E/B,ORANGE GROVE BLVD.,115,W,N,A,-,Y,NA,NA,210,NA,NA,NA,R,NA,E,Y,4,0,1,3,A,-,03,22350,NA,N,C,C,A,A,H,-,C,D,0,NA,NA,NA,NA,Y,NA,A,07,0,0,1,0,0,0,0,0,0,-,-,34.155460357666016,-118.15796661376952,LOS ANGELES,PASADENA,-118.15796661376952,34.155460357666016
91364216,2020,2020-12-11,9580,2020-12-04,1250,016413,NA,5,1,7,1942,0,1,1,NA,2,406,I-405 N/B (SAN DIEGO FWY),NORDHOFF ST,1056,N,N,A,-,Y,NA,NA,NA,NA,NA,NA,NA,NA,NA,Y,4,0,3,3,A,-,03,22350,NA,N,C,C,A,A,H,-,A,D,0,NA,NA,NA,NA,Y,NA,A,01,0,0,3,0,0,0,0,0,0,-,-,34.14189910888672,-118.2822036743164,LOS ANGELES,LOS ANGELES,-118.47293853759766,34.23845672607422
91364217,2020,2020-12-15,9580,2020-12-03,1052,022566,NA,4,1,7,1942,0,1,2,NA,2,101,US-101 S/B (HOLLYWOOD FREEWAY),TUJUNGA AVE,1373,N,N,A,-,Y,NA,NA,101,NA,NA,NA,NA,NA,S,N,4,0,1,2,A,-,03,22350,NA,N,C,C,A,A,H,-,A,D,0,NA,NA,NA,NA,Y,NA,A,01,0,0,1,0,0,0,0,0,0,-,-,34.1544189453125,-118.38375854492188,LOS ANGELES,LOS ANGELES,-118.38375854492188,34.15437316894531
91364224,2020,2020-12-11,9580,2020-12-04,1720,021236,NA,5,2,7,1942,0,1,2,NA,2,107,US-101 S/B (VENTURA FREEWAY),LOST HILLS RD,100,N,N,A,-,Y,NA,NA,NA,NA,NA,NA,NA,NA,NA,Y,4,0,1,2,A,-,03,22350,NA,N,C,C,A,A,H,-,C,D,0,NA,NA,NA,NA,Y,NA,A,01,0,0,1,0,0,0,0,0,0,-,-,34.140018463134766,-118.7119598388672,LOS ANGELES,LOS ANGELES,-118.70926666259766,34.14088439941406
91364235,2020,2020-12-11,9530,2020-12-05,1445,022427,NA,6,2,9,1900,0,3,5,NA,2,006,VERMONT AVE.,223RD ST.,0,NA,Y,A,-,N,NA,NA,NA,NA,NA,NA,NA,NA,NA,N,4,0,1,2,A,-,12,21453,A,F,D,C,A,A,H,-,A,A,0,NA,NA,NA,NA,Y,NA,-,99,0,0,1,0,0,0,0,0,0,-,-,33.82442092895508,-118.29020690917967,LOS ANGELES,UNINCORPORATED,-118.29035186767578,33.824459075927734
91364240,2020,2020-12-11,9580,2020-12-05,1645,021236,NA,6,2,9,1900,0,1,2,NA,2,107,US-101 S/B (VENTURA FREEWAY),MUREAU RD,1000,N,N,A,-,Y,NA,NA,101,NA,NA,NA,NA,NA,S,Y,4,0,2,2,A,-,03,22350,NA,N,C,C,A,A,H,-,D,D,0,NA,NA,NA,NA,Y,NA,A,01,0,0,2,0,0,0,0,0,0,-,-,34.14931106567383,-118.66729736328124,LOS ANGELES,UNINCORPORATED,-118.66730499267578,34.14934539794922
91364251,2020,2020-12-11,9580,2020-12-09,1735,022591,NA,3,2,7,1942,0,1,2,NA,2,102,US-101 N/B (VENTURA FREEWAY),WOODMAN AVE,200,N,N,A,-,Y,NA,NA,101,NA,NA,NA,NA,NA,N,N,4,0,1,2,A,-,03,22350,NA,N,C,C,A,A,H,-,D,D,0,NA,NA,NA,NA,Y,NA,A,01,0,0,1,0,0,0,0,0,0,-,-,34.155670166015625,-118.43186950683594,LOS ANGELES,LOS ANGELES,-118.43186950683594,34.15572738647461
91364278,2020,2020-12-11,9530,2020-12-05,1520,022454,NA,6,2,7,1942,0,1,1,NA,2,200,I-105 E/B TO I-110 N/B,HOOVER ST.,250,W,N,A,-,Y,NA,NA,105,NA,NA,NA,R,NA,E,N,4,0,2,3,A,-,07,21658,A,F,B,C,A,A,H,-,A,D,0,NA,NA,NA,NA,Y,NA,-,99,0,0,2,0,0,0,0,0,0,-,-,33.928348541259766,-118.28787994384766,LOS ANGELES,LOS ANGELES,-118.28787994384766,33.928348541259766
91364309,2020,2020-12-11,9565,2020-09-17,0550,021729,NA,4,3,9,1900,0,1,1,NA,2,012,I-105 W/B,CRENSHAW BLVD,400,E,N,A,-,Y,NA,NA,NA,NA,NA,NA,NA,NA,NA,Y,4,0,2,4,A,-,08,22107,NA,N,C,E,E,A,H,-,C,D,0,Y,NA,NA,Y,Y,NA,D,22,0,0,2,0,1,0,0,0,0,-,-,33.9256591796875,-118.3215103149414,LOS ANGELES,UNINCORPORATED,-118.32526397705078,33.92546463012695
9136431,2020,2020-09-14,1941,2020-06-29,1516,11249,NA,1,5,7,1941,0,0,0,NA,0,NA,CHERRY AV,ROGERS ST,15,S,N,A,-,N,NA,NA,NA,NA,NA,NA,NA,NA,NA,Y,3,0,1,2,A,-,08,22107,NA,M,D,C,A,A,H,-,A,D,0,NA,NA,NA,NA,Y,NA,A,NA,0,1,0,0,0,0,0,0,0,-,-,NA,NA,LOS ANGELES,LONG BEACH,-118.16855621337892,33.856929779052734
91364318,2020,2020-12-11,9580,2020-12-04,1520,021985,NA,5,2,7,1942,0,1,2,NA,2,101,US-101 S/B (VENTURA FREEWAY),LAUREL CANYON BLVD,800,N,N,A,-,Y,NA,NA,101,NA,NA,NA,NA,NA,S,Y,4,0,1,2,A,-,03,22350,NA,N,C,C,A,A,H,-,A,D,0,NA,NA,NA,NA,Y,NA,A,01,0,0,1,0,0,0,0,0,0,-,-,34.15602111816406,-118.40216827392578,LOS ANGELES,LOS ANGELES,-118.40216064453124,34.15604782104492
9136432,2020,2020-09-14,1941,2020-06-09,2251,11459,NA,2,5,7,1941,0,0,0,NA,0,NA,W SHORELINE DR,W BROADWAY,0,NA,Y,A,-,N,NA,NA,NA,NA,NA,NA,NA,NA,NA,Y,4,0,2,2,A,-,04,21703,NA,N,C,C,A,A,H,-,C,D,0,NA,NA,NA,NA,Y,NA,A,NA,0,0,2,0,0,0,0,0,0,-,-,NA,NA,LOS ANGELES,LONG BEACH,NA,NA
91364320,2020,2020-12-11,9550,2020-12-04,0959,022430,NA,5,1,5,1919,0,1,1,NA,2,652,I-605,ALONDRA BOULEVARD,90,S,N,A,-,Y,NA,NA,605,NA,NA,NA,NA,NA,NA,Y,4,0,2,2,A,-,08,22107,NA,N,B,C,A,A,H,-,A,D,0,NA,NA,NA,NA,Y,NA,A,08,0,0,2,0,0,0,0,0,0,-,-,33.887168884277344,-118.10421752929688,LOS ANGELES,CERRITOS,-118.10425567626952,33.887168884277344
9136433,2020,2020-09-14,1941,2020-06-30,1344,11564,NA,2,5,7,1941,0,0,0,NA,0,NA,MYRTLE AV,MYRTLE AV 2180,7,W,N,A,-,N,NA,NA,NA,NA,NA,NA,NA,NA,NA,Y,4,0,1,2,A,-,08,22107,NA,N,A,E,A,A,H,-,A,D,0,NA,NA,NA,NA,Y,NA,A,NA,0,0,1,0,0,0,0,0,0,-,-,NA,NA,LOS ANGELES,LONG BEACH,NA,NA
91364352,2020,2020-12-11,9590,2020-10-17,0833,022091,NA,6,1,7,1942,0,1,1,NA,2,081,I-5 SB (SAF),BOYLE AVE.,125,N,N,A,-,Y,NA,NA,5,NA,NA,NA,NA,NA,S,Y,4,0,1,3,A,-,03,22350,NA,N,C,C,A,A,H,-,A,D,0,NA,NA,NA,NA,Y,NA,A,01,0,0,1,0,0,0,0,0,0,-,-,34.03266906738281,-118.22084045410156,LOS ANGELES,LOS ANGELES,-118.22048950195313,34.03296661376953
91364367,2020,2020-12-11,9565,2020-12-01,2230,022117,NA,2,3,7,1942,0,1,1,NA,2,062,I-405 S/B(SAN DIEGO FREEWAY),PALMS BLVD.,350,S,N,A,-,Y,NA,NA,405,NA,NA,NA,NA,NA,S,Y,2,0,6,4,A,-,03,22350,NA,N,C,C,A,A,H,-,D,D,0,NA,NA,NA,NA,Y,NA,A,01,1,1,4,0,0,0,0,0,0,-,-,34.01789093017578,-118.42318725585938,LOS ANGELES,LOS ANGELES,-118.42313385009766,34.0179328918457
91364377,2020,2020-12-11,9550,2020-12-06,2145,021578,NA,7,2,6,1920,0,1,1,NA,2,651,I-605 N/B TO I-5 N/B,I-5,220,S,N,A,-,Y,NA,NA,605,NA,NA,NA,R,NA,N,Y,2,0,1,3,A,-,11,21954,A,N,G,B,D,A,H,-,D,D,0,Y,NA,NA,NA,Y,NA,N,60,1,0,0,0,1,0,0,0,0,-,-,33.93891906738281,-118.09651184082033,LOS ANGELES,DOWNEY,-118.09651184082033,33.93891906738281
9136439,2020,2020-09-14,1942,2020-06-26,0645,42249,1252,5,5,7,1942,0,0,0,L,0,12A51,VAN NESS AV,76TH ST,15,N,N,B,-,N,NA,NA,NA,NA,NA,NA,NA,NA,NA,Y,4,0,2,2,A,-,12,21453,A,N,D,C,A,A,H,-,A,A,0,NA,NA,NA,NA,Y,NA,A,01,0,0,2,0,0,0,0,0,0,-,-,NA,NA,LOS ANGELES,LOS ANGELES,-118.31773376464844,33.970970153808594
91364393,2020,2020-12-11,9535,2020-11-24,2029,021976,NA,2,2,4,1907,0,1,1,NA,2,072,I-710 (LONG BEACH FREEWAY) N/B,FLORENCE AVE.,528,N,N,A,-,Y,NA,NA,710,NA,NA,NA,NA,NA,N,Y,3,0,2,2,A,-,03,22350,NA,N,C,C,A,A,H,-,C,A,0,NA,NA,NA,NA,Y,NA,A,01,0,1,1,0,0,0,0,0,0,-,-,33.97018051147461,-118.16764831542967,LOS ANGELES,BELL,-118.16757965087892,33.97018051147461
9136440,2020,2020-09-14,1942,2020-06-30,1333,38374,898,2,5,7,1942,0,0,0,NA,0,8A95,S ROBERTSON BL,ROBERTSON PL,0,NA,Y,A,-,N,NA,NA,NA,NA,NA,NA,NA,NA,NA,Y,4,0,1,2,A,-,12,22450,A,N,D,C,A,A,A,-,A,A,0,NA,NA,NA,NA,Y,NA,A,01,0,0,1,0,0,0,0,0,0,-,-,NA,NA,LOS ANGELES,LOS ANGELES,-118.39170837402344,34.02927017211914
91364448,2020,2020-12-11,9580,2020-12-06,2210,021291,NA,7,3,7,1942,0,1,2,NA,2,103,US-101 S/B (HOLLYWOOD FREEWAY),COLDWATER CANYON AVE,525,N,N,A,-,Y,NA,NA,101,NA,NA,NA,NA,NA,S,Y,3,0,1,1,A,-,01,23152,A,N,E,I,A,A,H,-,C,D,0,NA,NA,NA,NA,Y,Y,A,01,0,1,0,0,0,0,0,0,0,-,-,34.156551361083984,-118.4156494140625,LOS ANGELES,LOS ANGELES,-118.4156494140625,34.156646728515625
91364466,2020,2020-12-11,9580,2020-12-08,1126,018185,NA,2,1,7,1942,0,1,1,NA,2,406,I-405 N/B (SAN DIEGO FWY) TO ROSCOE BLV,ROSCOE BLVD,350,N,N,A,-,Y,NA,NA,405,NA,NA,NA,R,NA,N,Y,4,0,1,2,A,-,01,23152,F,N,C,C,A,A,H,-,A,D,0,NA,NA,NA,NA,Y,NA,D,22,0,0,1,0,0,0,0,0,0,-,-,34.22018814086914,-118.47280883789064,LOS ANGELES,LOS ANGELES,-118.47280883789064,34.22018814086914
91364545,2020,2020-12-11,9590,2020-10-30,1215,022304,NA,5,1,7,1942,0,1,1,NA,2,052,I-110 N/B (HAF) TO US-101 N/B (HOF),TEMPLE STREET,150,S,N,A,-,Y,NA,NA,110,NA,NA,NA,R,NA,N,N,4,0,1,2,A,-,03,22350,NA,N,C,C,A,A,H,-,A,D,0,NA,NA,NA,NA,Y,NA,D,22,0,0,1,0,0,0,0,0,0,-,-,34.061580657958984,-118.24951934814452,LOS ANGELES,LOS ANGELES,-118.24951934814452,34.061580657958984
91364575,2020,2020-12-11,9590,2020-10-18,1430,021667,NA,7,2,7,1942,0,1,1,NA,2,085,I-5 S/B (GOLDEN STATE FREEWAY),FLETCHER DRIVE,200,S,N,A,-,Y,NA,NA,5,NA,NA,NA,NA,NA,S,Y,3,0,1,3,A,-,03,22350,NA,N,C,C,A,A,H,-,A,D,0,NA,NA,Y,NA,Y,NA,D,22,0,1,0,0,0,0,0,0,1,-,-,34.10628128051758,-118.25537872314452,LOS ANGELES,LOS ANGELES,-118.25537109375,34.10628890991211
91364579,2020,2022-03-16,9530,2020-12-05,0242,021842,NA,6,3,7,1941,0,1,1,NA,2,071,I-710 S/B (LONG BEACH FREEWAY),DEL AMO BLVD.,222,N,N,A,-,Y,NA,NA,710,NA,NA,NA,NA,NA,S,Y,4,0,2,2,A,-,03,22350,NA,N,C,C,A,A,H,-,C,D,0,NA,NA,NA,NA,Y,Y,A,01,0,0,2,0,0,0,0,0,0,-,-,33.84685134887695,-118.20556640625,LOS ANGELES,LONG BEACH,-118.20560455322266,33.84685134887695
91364583,2020,2020-12-11,9535,2020-12-03,1135,022100,NA,4,1,5,1948,0,1,3,NA,2,621,SR-60 (POMONA FREEWAY) W/B,PARAMOUNT BLVD.,975,W,N,A,-,Y,NA,NA,60,NA,NA,NA,NA,NA,W,Y,3,0,1,2,A,-,03,22350,NA,N,B,C,A,A,D,-,A,A,0,NA,NA,NA,NA,Y,NA,A,01,0,1,0,0,0,0,0,0,0,-,-,34.035858154296875,-118.0964584350586,LOS ANGELES,MONTEREY PARK,-118.0964584350586,34.03580856323242
91364589,2020,2020-12-11,9525,2020-12-03,2030,019491,NA,4,2,9,1900,0,3,5,NA,2,002,RANCHO SAN JOSE DRIVE (E. 20600 BLOCK),RANCHO LOS CERRITOS ROAD,600,W,N,A,-,N,NA,NA,NA,NA,NA,NA,NA,NA,NA,Y,4,0,1,1,A,-,13,22515,A,N,E,I,A,A,H,-,D,D,0,NA,NA,NA,NA,Y,NA,A,01,0,0,1,0,0,0,0,0,0,-,-,34.07503128051758,-117.85191345214844,LOS ANGELES,UNINCORPORATED,-117.85189056396484,34.07505416870117
91364591,2020,2020-12-11,9575,2020-12-03,0920,020542,NA,4,1,6,1953,0,1,1,NA,2,064,I-210 E/B (FOOTHILL FREEWAY),ALLEN AVE.,800,E,N,A,-,Y,NA,NA,210,NA,NA,NA,NA,NA,E,Y,4,0,1,1,C,-,18,NA,NA,N,E,J,A,A,H,-,A,D,0,NA,NA,NA,NA,Y,NA,-,-,0,0,1,0,0,0,0,0,0,-,-,34.15230178833008,-118.10658264160156,LOS ANGELES,PASADENA,-118.10658264160156,34.15235900878906
91364599,2020,2020-12-11,9525,2020-12-02,1300,015445,NA,3,1,4,1960,0,1,3,NA,2,572,SR-57 N/B (ORANGE FWY) TO SR-210 EB,AUTO CENTRE DR.,300,S,N,A,-,Y,NA,NA,57,NA,NA,NA,R,NA,N,N,4,0,1,1,C,-,18,NA,NA,N,E,J,A,A,C,-,A,D,0,NA,NA,NA,NA,Y,NA,-,-,0,0,1,0,0,0,0,0,0,-,-,34.11664962768555,-117.82383728027344,LOS ANGELES,SAN DIMAS,-117.82383728027344,34.11664962768555
91364609,2020,2020-12-11,9550,2020-12-10,1945,020948,NA,4,2,3,1964,0,1,1,NA,2,650,I-5 NORTHBOUND TO I-605 NORTHBOUND,INTERSTATE 5 (SANTA ANA FREEWAY),700,N,N,A,-,Y,NA,NA,5,NA,NA,NA,R,NA,N,Y,3,0,1,1,A,-,08,22107,NA,N,F,I,A,A,H,-,C,D,0,NA,NA,NA,NA,Y,NA,A,07,0,1,0,0,0,0,0,0,0,-,-,33.943748474121094,-118.09510040283205,LOS ANGELES,SANTA FE SPRINGS,-118.09510040283205,33.943748474121094
91364620,2020,2020-12-11,9525,2020-12-01,1755,021224,NA,2,2,6,1955,0,1,1,NA,2,107,I-10 W/B TO SR-57 S/B,SR-57 N/B (ORANGE FWY),340,E,N,A,-,Y,NA,NA,10,NA,NA,NA,R,NA,W,Y,3,0,1,1,A,-,08,22107,NA,N,E,I,A,A,H,-,C,D,0,NA,NA,NA,NA,Y,NA,D,22,0,1,0,0,0,0,0,0,0,-,-,34.066688537597656,-117.80558013916016,LOS ANGELES,POMONA,-117.80558013916016,34.066688537597656
91364636,2020,2020-12-11,9535,2020-12-02,1914,021976,NA,3,2,5,1947,0,1,3,NA,2,600,SR-60 (POMONA FREEWAY) E/B,WILCOX AVE,1240,E,N,A,-,Y,NA,NA,60,NA,NA,NA,NA,NA,E,N,4,0,1,2,A,-,07,21658,A,N,C,C,A,A,H,-,C,D,0,NA,NA,NA,NA,Y,NA,A,01,0,0,1,0,0,0,0,0,0,-,-,34.0330810546875,-118.12500762939452,LOS ANGELES,MONTEBELLO,-118.12500762939452,34.033103942871094
91364638,2020,2020-12-11,9535,2020-12-04,0820,016642,NA,5,1,9,1900,0,2,4,NA,2,025,ATLANTIC BOULEVARD,4TH STREET,0,NA,Y,A,-,N,NA,NA,NA,NA,NA,NA,NA,NA,NA,Y,4,0,1,2,A,-,09,21801,A,N,D,C,A,A,H,-,A,A,0,NA,NA,NA,NA,Y,NA,A,07,0,0,1,0,0,0,0,0,0,-,-,34.0294303894043,-118.1545867919922,LOS ANGELES,UNINCORPORATED,-118.15457153320313,34.029388427734375
91364645,2020,2020-12-11,9535,2020-12-02,1455,022319,NA,3,2,5,1901,0,1,1,NA,2,110,I-10 E/B (SAN BERNARDINO FREEWAY) HOT,NEW AVE.,900,W,N,A,-,Y,NA,NA,10,NA,NA,NA,NA,NA,E,Y,4,0,1,2,A,-,03,22350,NA,N,C,C,A,A,H,-,A,D,0,NA,NA,NA,NA,Y,NA,A,01,0,0,1,0,0,0,0,0,0,-,-,34.07170104980469,-118.11129760742188,LOS ANGELES,ALHAMBRA,-118.11129760742188,34.07164001464844
91364662,2020,2020-12-11,9525,2020-12-08,1325,015632,NA,2,1,5,1926,0,1,1,NA,2,207,SR-210 W/B (FOOTHILL FWY),AMELIA AVE,100,W,N,A,-,Y,NA,NA,210,NA,NA,NA,NA,NA,W,Y,4,0,1,3,A,-,07,21658,A,N,B,C,A,A,H,-,A,D,0,NA,NA,NA,Y,Y,NA,-,-,0,0,1,0,0,0,0,0,0,-,-,34.12031173706055,-117.8206787109375,LOS ANGELES,GLENDORA,-117.8206787109375,34.12034606933594
91364663,2020,2020-12-11,9545,2020-11-27,1320,015589,NA,5,1,9,1900,0,1,3,NA,2,031,SR-14 S/B,SANTIAGO RD,2640,N,N,A,-,Y,NA,NA,14,NA,NA,NA,NA,NA,S,Y,3,0,2,1,A,-,08,22107,NA,N,F,A,A,A,H,-,A,D,0,NA,NA,NA,NA,Y,NA,A,01,0,1,1,0,0,0,0,0,0,-,-,34.485958099365234,-118.15554809570313,LOS ANGELES,UNINCORPORATED,-118.15557861328124,34.48580551147461
91364670,2020,2020-12-11,9530,2020-12-07,2202,022292,NA,1,3,7,1941,0,1,1,NA,2,071,I-710 N/B TO DEL AMO BLVD. EAST,DEL AMO BLVD.,550,S,N,A,-,Y,NA,NA,710,NA,NA,NA,R,NA,N,Y,3,0,1,1,A,-,03,22350,NA,N,E,I,A,A,H,-,D,D,0,NA,NA,Y,NA,Y,NA,C,02,0,1,0,0,0,0,0,0,1,-,-,33.84477996826172,-118.20549774169922,LOS ANGELES,LONG BEACH,-118.20549774169922,33.84477996826172
91364674,2020,2020-12-11,9535,2020-12-09,2220,022214,NA,3,3,9,1900,0,2,4,NA,2,018,3RD ST,MEDNIK AVE,0,NA,Y,A,-,N,NA,NA,NA,NA,NA,NA,NA,NA,NA,Y,4,0,2,2,A,-,12,21453,A,N,D,C,A,A,H,-,C,D,0,NA,NA,NA,NA,Y,NA,A,07,0,0,2,0,0,0,0,0,0,-,-,34.03342819213867,-118.162109375,LOS ANGELES,UNINCORPORATED,-118.16229248046876,34.03327941894531
91364675,2020,2020-12-11,9530,2020-12-07,1510,022427,NA,1,2,6,1972,0,1,1,NA,2,400,I-405 S/B (SAN DIEGO FREEWAY),CRENSHAW BLVD.,180,S,N,A,-,Y,NA,NA,405,NA,NA,NA,NA,NA,S,N,4,0,1,2,A,-,03,22350,NA,N,C,C,A,A,H,-,A,D,0,NA,NA,NA,NA,Y,NA,A,01,0,0,1,0,0,0,0,0,0,-,-,33.864280700683594,-118.32576751708984,LOS ANGELES,TORRANCE,-118.32578277587892,33.86424255371094
91364681,2020,2020-12-11,9530,2020-12-08,1420,020523,NA,2,2,5,1977,0,1,3,NA,2,310,SR-91 W/B (ARTESIA FREEWAY),CENTRAL AVE.,100,W,N,A,-,Y,NA,NA,91,NA,NA,NA,NA,NA,W,Y,4,0,1,1,C,-,18,NA,NA,N,E,I,A,A,H,-,A,D,0,NA,NA,NA,NA,Y,NA,-,-,0,0,1,0,0,0,0,0,0,-,-,33.8734016418457,-118.2498016357422,LOS ANGELES,CARSON,-118.24978637695313,33.87358474731445
91364689,2020,2020-12-11,9530,2020-12-09,0700,013990,NA,3,1,7,1941,0,1,1,NA,2,073,I-710 N/B (LONG BEACH FREEWAY),ANAHEIM ST.,36,N,N,A,-,Y,NA,NA,710,NA,NA,NA,NA,NA,N,Y,4,0,1,2,A,-,07,21658,A,N,C,C,A,A,H,-,A,D,0,NA,NA,NA,Y,Y,NA,A,01,0,0,1,0,0,0,0,0,0,-,-,33.783409118652344,-118.20742034912108,LOS ANGELES,LONG BEACH,-118.20753479003906,33.783409118652344
91364697,2020,2020-12-14,9525,2020-12-07,1708,021224,NA,1,2,5,1906,0,1,1,NA,2,103,I-10 W/B (SAN BERNARDINO FWY),PUENTE AVE,440,W,N,A,-,Y,NA,NA,10,NA,NA,NA,NA,NA,W,N,4,0,3,3,A,-,03,22350,NA,N,C,C,A,A,H,-,C,D,0,NA,NA,NA,NA,Y,NA,D,22,0,0,3,0,0,0,0,0,0,-,-,34.070098876953125,-117.96349334716795,LOS ANGELES,BALDWIN PARK,-117.96347808837892,34.07002258300781
91364701,2020,2020-12-14,9525,2020-12-10,1855,021080,NA,4,2,9,1900,0,3,5,NA,2,004,WORKMAN MILL RD.,DON JULIAN RD.,0,NA,Y,A,-,N,NA,NA,NA,NA,NA,NA,NA,NA,NA,Y,4,0,1,2,A,-,09,21801,A,N,A,C,A,A,H,-,C,A,0,NA,NA,NA,NA,Y,NA,A,01,0,0,1,0,0,0,0,0,0,-,-,34.04111862182617,-117.99810028076172,LOS ANGELES,UNINCORPORATED,-117.99816131591795,34.041160583496094
91364707,2020,2020-12-14,9545,2020-12-04,0430,021447,NA,5,3,9,1900,0,1,3,NA,1,042,SR-138 (PEARBLOSSOM HWY),126TH ST  E,320,W,N,A,-,Y,NA,NA,138,NA,NA,NA,NA,NA,NA,Y,3,0,1,2,A,-,03,22350,NA,N,C,C,A,A,H,-,D,D,0,NA,NA,NA,NA,Y,NA,A,01,0,1,0,0,0,0,0,0,0,-,-,34.5064697265625,-117.9064712524414,LOS ANGELES,UNINCORPORATED,-117.9064712524414,34.506439208984375
91364912,2020,2020-12-14,9525,2020-12-05,2110,022519,NA,6,2,1,1934,0,1,1,NA,2,652,I-605 N/B TO LIVE OAK AVE.,LIVE OAK AVE.,700,S,N,A,-,Y,NA,NA,605,NA,NA,NA,R,NA,N,Y,2,0,4,4,A,-,01,23152,A,N,C,C,A,A,H,-,C,D,0,NA,NA,NA,NA,Y,Y,A,07,1,1,2,0,0,0,0,0,0,-,-,34.10755157470703,-117.98152923583984,LOS ANGELES,IRWINDALE,-117.98152923583984,34.10755157470703
91364916,2020,2020-12-14,9525,2020-12-02,1415,020216,NA,3,2,9,1900,0,3,5,NA,2,005,MT BALDY RD.,SHINN RD.,7920,N,N,A,-,N,NA,NA,NA,NA,NA,NA,NA,NA,NA,Y,3,0,1,1,A,-,01,23152,A,N,E,I,A,A,H,-,A,D,0,NA,NA,NA,NA,Y,Y,D,22,0,1,0,0,0,0,0,0,0,-,-,34.19628143310547,-117.67725372314452,LOS ANGELES,UNINCORPORATED,-117.67742919921876,34.195980072021484
91364930,2020,2020-12-14,9525,2020-12-11,1855,021545,NA,5,2,4,1946,0,1,1,NA,2,202,I-210 E/B (FOOTHILL FWY),MYRTLE AVE,1320,W,N,A,-,Y,NA,NA,210,NA,NA,NA,NA,NA,E,Y,4,0,2,2,A,-,03,22350,NA,N,C,C,A,A,H,-,C,D,0,NA,NA,NA,NA,Y,NA,A,07,0,0,2,0,0,0,0,0,0,-,-,34.13536834716797,-118.00634002685548,LOS ANGELES,MONROVIA,-118.00633239746094,34.13544845581055