CASE_ID,ACCIDENT_YEAR,PROC_DATE,JURIS,COLLISION_DATE,COLLISION_TIME,OFFICER_ID,REPORTING_DISTRICT,DAY_OF_WEEK,CHP_SHIFT,POPULATION,CNTY_CITY_LOC,SPECIAL_COND,BEAT_TYPE,CHP_BEAT_TYPE,CITY_DIVISION_LAPD,CHP_BEAT_CLASS,BEAT_NUMBER,PRIMARY_RD,SECONDARY_RD,DISTANCE,DIRECTION,INTERSECTION,WEATHER_1,WEATHER_2,STATE_HWY_IND,CALTRANS_COUNTY,CALTRANS_DISTRICT,STATE_ROUTE,ROUTE_SUFFIX,POSTMILE_PREFIX,POSTMILE,LOCATION_TYPE,RAMP_INTERSECTION,SIDE_OF_HWY,TOW_AWAY,COLLISION_SEVERITY,NUMBER_KILLED,NUMBER_INJURED,PARTY_COUNT,PRIMARY_COLL_FACTOR,PCF_CODE_OF_VIOL,PCF_VIOL_CATEGORY,PCF_VIOLATION,PCF_VIOL_SUBSECTION,HIT_AND_RUN,TYPE_OF_COLLISION,MVIW,PED_ACTION,ROAD_SURFACE,ROAD_COND_1,ROAD_COND_2,LIGHTING,CONTROL_DEVICE,CHP_ROAD_TYPE,PEDESTRIAN_ACCIDENT,BICYCLE_ACCIDENT,MOTORCYCLE_ACCIDENT,TRUCK_ACCIDENT,NOT_PRIVATE_PROPERTY,ALCOHOL_INVOLVED,STWD_VEHTYPE_AT_FAULT,CHP_VEHTYPE_AT_FAULT,COUNT_SEVERE_INJ,COUNT_VISIBLE_INJ,COUNT_COMPLAINT_PAIN,COUNT_PED_KILLED,COUNT_PED_INJURED,COUNT_BICYCLIST_KILLED,COUNT_BICYCLIST_INJURED,COUNT_MC_KILLED,COUNT_MC_INJURED,PRIMARY_RAMP,SECONDARY_RAMP,LATITUDE,LONGITUDE,COUNTY,CITY,POINT_X,POINT_Y
91368160,2020,2021-01-11,9565,2020-12-05,1425,021706,NA,6,2,5,1965,0,1,1,NA,2,081,I-10 W/B (SANTA MONICA FREEWAY),11TH ST,50,W,N,A,-,Y,NA,NA,10,NA,NA,NA,NA,NA,W,Y,4,0,2,6,A,-,03,22350,NA,N,C,C,A,A,H,-,A,D,0,NA,NA,NA,NA,Y,NA,A,01,0,0,2,0,0,0,0,0,0,-,-,34.016719818115234,-118.48301696777344,LOS ANGELES,SANTA MONICA,-118.4830322265625,34.0167350769043
91368161,2020,2020-12-16,9550,2020-12-04,2033,022507,NA,5,2,9,1900,0,3,5,NA,2,002,IMPERIAL HIGHWAY,MARQUARDT AVENUE,245,E,N,A,-,N,NA,NA,NA,NA,NA,NA,NA,NA,NA,Y,3,0,1,2,A,-,03,22350,NA,N,C,C,A,A,H,-,C,D,0,NA,NA,NA,NA,Y,NA,A,07,0,1,0,0,0,0,0,0,0,-,-,33.91712188720703,-118.03662872314452,LOS ANGELES,UNINCORPORATED,-118.03722381591795,33.917110443115234
91368173,2020,2020-12-16,9590,2020-12-05,1410,022369,NA,6,2,7,1942,0,1,1,NA,2,052,I-110 N/B (HARBOR FREEWAY),1ST ST,150,N,N,A,-,Y,NA,NA,110,NA,NA,NA,NA,NA,N,Y,4,0,1,2,A,-,03,22350,NA,N,C,C,A,A,H,-,A,D,0,NA,NA,NA,NA,Y,NA,A,01,0,0,1,0,0,0,0,0,0,-,-,34.059181213378906,-118.25269317626952,LOS ANGELES,LOS ANGELES,-118.25272369384766,34.0592155456543
91368174,2020,2020-12-16,9530,2020-12-10,1552,022453,NA,4,2,9,1900,0,3,5,NA,2,002,COMPTON BLVD.,SAN PEDRO ST.,0,NA,Y,A,-,N,NA,NA,NA,NA,NA,NA,NA,NA,NA,Y,3,0,3,2,A,-,12,21453,A,N,D,C,A,A,H,-,A,A,0,NA,NA,NA,NA,Y,NA,-,-,0,2,1,0,0,0,0,0,0,-,-,33.89516067504883,-118.26747131347656,LOS ANGELES,UNINCORPORATED,-118.26746368408205,33.895111083984375
91368177,2020,2020-12-16,9565,2020-08-22,0930,022515,NA,6,1,9,1900,0,2,4,NA,2,021,VERMONT AVENUE,106TH STREET,0,NA,Y,A,-,N,NA,NA,NA,NA,NA,NA,NA,NA,NA,Y,3,0,1,2,A,-,08,22107,NA,N,C,C,A,A,H,-,A,D,0,NA,NA,NA,NA,Y,NA,D,22,0,1,0,0,0,0,0,0,0,-,-,33.940059661865234,-118.29189300537108,LOS ANGELES,UNINCORPORATED,-118.29192352294922,33.940040588378906
91368196,2020,2020-12-16,9540,2020-12-15,1010,019444,NA,2,1,9,1900,0,2,4,NA,1,104,SAN FRANCISQUITO CANYON RD,RIVERVIEW RD,1056,S,N,A,-,N,NA,NA,NA,NA,NA,NA,NA,NA,NA,N,3,0,1,1,A,-,08,22107,NA,N,E,I,A,A,H,-,A,D,0,NA,NA,Y,NA,Y,NA,C,02,0,1,0,0,0,0,0,0,1,-,-,34.490299224853516,-118.542236328125,LOS ANGELES,UNINCORPORATED,-118.54241180419922,34.48877716064453
91368206,2020,2020-12-16,9580,2020-12-11,1730,022465,NA,5,2,7,1942,0,1,2,NA,2,102,US-101 N/B (VENTURA FREEWAY),WOODMAN AVE,1000,S,N,A,-,Y,NA,NA,101,NA,NA,NA,NA,NA,N,N,4,0,2,2,A,-,03,22350,NA,N,C,C,A,A,H,-,D,D,0,NA,NA,NA,NA,Y,NA,D,22,0,0,2,0,0,0,0,0,0,-,-,34.15571975708008,-118.42781066894533,LOS ANGELES,LOS ANGELES,-118.42781066894533,34.15573501586914
91368216,2020,2020-12-16,9590,2020-12-04,1740,022360,NA,5,2,7,1942,0,1,1,NA,2,082,I-5 N/B (GOLDEN STATE FREEWAY),CESAR CHAVEZ AVE.,100,N,N,A,-,Y,NA,NA,5,NA,NA,NA,NA,NA,N,N,4,0,1,2,A,-,03,22350,NA,N,C,C,A,A,H,-,C,D,0,NA,NA,NA,NA,Y,NA,D,22,0,0,1,0,0,0,0,0,0,-,-,34.050018310546875,-118.21398162841795,LOS ANGELES,LOS ANGELES,-118.21398162841795,34.05002212524414
91368219,2020,2020-12-16,9550,2020-11-30,2052,022507,NA,1,2,9,1900,0,2,4,NA,1,021,CARMENITA ROAD,LAKELAND ROAD,530,N,N,A,-,N,NA,NA,NA,NA,NA,NA,NA,NA,NA,N,2,0,1,2,A,-,09,21804,A,N,F,I,A,A,H,-,C,D,0,NA,NA,Y,NA,Y,NA,D,22,1,0,0,0,0,0,0,0,1,-,-,33.9333381652832,-118.0464324951172,LOS ANGELES,UNINCORPORATED,-118.0465850830078,33.933223724365234
91368229,2020,2020-12-16,9550,2020-12-05,1420,022507,NA,6,2,9,1900,0,2,4,NA,1,015,PIONEER BOULEVARD,WADDELL STREET,470,S,N,A,-,N,NA,NA,NA,NA,NA,NA,NA,NA,NA,Y,3,0,1,1,A,-,08,22107,NA,N,E,I,A,A,H,-,A,A,0,NA,NA,NA,NA,Y,NA,D,22,0,1,0,0,0,0,0,0,0,-,-,33.968990325927734,-118.08119964599608,LOS ANGELES,UNINCORPORATED,-118.0812530517578,33.96908187866211
91368234,2020,2020-12-16,9590,2020-12-04,1915,022404,NA,5,2,7,1942,0,1,1,NA,2,051,I-110 S/B (HARBOR FREEWAY),42ND ST.,585,N,N,A,-,Y,NA,NA,110,NA,NA,NA,NA,NA,S,N,4,0,1,2,A,-,03,22350,NA,N,C,C,A,A,H,-,C,D,0,NA,NA,NA,NA,Y,NA,A,01,0,0,1,0,0,0,0,0,0,-,-,34.00910186767578,-118.28124237060548,LOS ANGELES,LOS ANGELES,-118.28114318847656,34.009098052978516
91368241,2020,2020-12-16,9575,2020-12-09,1815,022465,NA,3,2,7,1942,0,1,S,NA,2,904,SR-134 W/B  (VENTURA FWY),RIVERSIDE DR,50,E,N,A,-,Y,NA,NA,134,NA,NA,NA,NA,NA,W,Y,4,0,1,2,A,-,03,22350,NA,N,C,C,A,A,H,-,D,D,0,NA,NA,NA,NA,Y,NA,A,08,0,0,1,0,0,0,0,0,0,-,-,34.153770446777344,-118.32579040527344,LOS ANGELES,LOS ANGELES,-118.3258056640625,34.15385437011719
91368244,2020,2020-12-16,9565,2020-12-05,1752,016074,NA,6,2,7,1942,0,1,1,NA,2,064,I-405 N/B (SAN DIEGO FWY),MORAGA DR.,2000,S,N,A,-,Y,NA,NA,405,NA,NA,NA,NA,NA,N,Y,4,0,1,3,A,-,08,22107,NA,N,C,C,A,A,H,-,C,D,0,NA,NA,NA,NA,Y,NA,A,01,0,0,1,0,0,0,0,0,0,-,-,34.076969146728516,-118.46926879882813,LOS ANGELES,LOS ANGELES,-118.46953582763672,34.07676315307617
91368255,2020,2020-12-16,9535,2020-12-04,1400,021551,NA,5,2,6,1922,0,1,1,NA,2,111,I-10 W/B (SAN BERNARDINO FREEWAY) HOT,PECK RD.,15,W,N,A,-,Y,NA,NA,10,NA,NA,NA,NA,NA,W,Y,2,0,1,2,A,-,08,22107,NA,N,D,C,A,A,H,-,A,D,0,NA,NA,NA,NA,Y,NA,A,01,1,0,0,0,0,0,0,0,0,-,-,34.068119049072266,-118.02906799316406,LOS ANGELES,EL MONTE,-118.02906799316406,34.06808853149414
91368276,2020,2020-12-16,9575,2020-12-09,2020,022465,NA,3,2,7,1942,0,1,S,NA,2,904,SR-2 W/B TO SR-134 W/B,HARVEY DR,20,W,N,A,-,Y,NA,NA,2,NA,NA,NA,R,NA,W,Y,4,0,1,2,A,-,08,22107,NA,M,C,C,A,A,H,-,D,D,0,NA,NA,NA,NA,Y,NA,-,99,0,0,1,0,0,0,0,0,0,-,-,34.14889144897461,-118.22795867919922,LOS ANGELES,LOS ANGELES,-118.22795867919922,34.14889144897461
91368294,2020,2020-12-16,9545,2020-12-04,1728,019772,NA,5,2,9,1900,0,3,5,NA,2,003,ANGELES FOREST HIGHWAY,PACIFICO MOUNTAIN RD,15840,S,N,A,-,N,NA,NA,NA,NA,NA,NA,NA,NA,NA,Y,4,0,1,1,A,-,03,22350,NA,N,E,I,A,A,H,-,D,D,0,NA,NA,NA,NA,Y,NA,A,01,0,0,1,0,0,0,0,0,0,-,-,34.3601188659668,-118.10971069335938,LOS ANGELES,UNINCORPORATED,-118.10401153564452,34.3680419921875
91368320,2020,2020-12-16,9575,2020-12-05,1012,020542,NA,6,1,9,1900,0,2,4,NA,2,027,ALLEN AVE. (1800 BLOCK),WOODBURY RD.,100,S,N,A,-,N,NA,NA,NA,NA,NA,NA,NA,NA,NA,Y,4,0,1,2,A,-,09,21804,A,N,D,C,A,A,H,-,A,D,0,NA,NA,NA,NA,Y,NA,A,01,0,0,1,0,0,0,0,0,0,-,-,34.17713928222656,-118.1122817993164,LOS ANGELES,UNINCORPORATED,-118.1122589111328,34.17707824707031
91368321,2020,2020-12-16,9565,2020-11-14,1410,021678,NA,6,2,7,1942,0,1,1,NA,2,062,I-405 N/B (SAN DIEGO FREEWAY),VENICE BLVD.,750,N,N,A,-,Y,NA,NA,405,NA,NA,NA,NA,NA,N,N,3,0,1,2,A,-,03,22350,NA,N,C,C,A,A,H,-,A,D,0,NA,NA,NA,NA,Y,NA,A,01,0,1,0,0,0,0,0,0,0,-,-,34.01430892944336,-118.41982269287108,LOS ANGELES,LOS ANGELES,-118.41992950439452,34.014225006103516
91368323,2020,2020-12-16,9590,2020-12-05,2142,021823,NA,6,2,7,1942,0,1,1,NA,2,082,I-5 N/B (GOLDEN STATE FREEWAY),RIVERSIDE DR,650,N,N,A,-,Y,NA,NA,5,NA,NA,NA,NA,NA,N,Y,4,0,1,2,A,-,07,21658,A,M,B,C,A,A,H,-,C,D,0,NA,NA,NA,NA,Y,NA,A,07,0,0,1,0,0,0,0,0,0,-,-,34.08435821533203,-118.22981262207033,LOS ANGELES,LOS ANGELES,-118.22982025146484,34.08434295654297
91368338,2020,2020-12-16,9535,2020-12-05,0411,022335,NA,6,3,9,1900,0,3,5,NA,2,002,HUBBARD ST,FRASER AVENUE,0,NA,Y,A,-,N,NA,NA,NA,NA,NA,NA,NA,NA,NA,Y,3,0,1,1,A,-,03,22350,NA,N,E,I,A,A,H,-,C,D,0,NA,NA,NA,NA,Y,NA,A,01,0,1,0,0,0,0,0,0,0,-,-,34.02347946166992,-118.16036987304688,LOS ANGELES,UNINCORPORATED,-118.16049957275392,34.023441314697266
91368347,2020,2020-12-16,9590,2020-12-06,1740,021757,NA,7,2,7,1942,0,1,1,NA,2,051,I-110 S/B (HARBOR FREEWAY),79TH ST,500,S,N,A,-,Y,NA,NA,110,NA,NA,NA,NA,NA,S,N,4,0,2,3,A,-,03,22350,NA,N,C,C,A,A,H,-,D,D,0,NA,NA,NA,NA,Y,NA,D,22,0,0,2,0,0,0,0,0,0,-,-,33.96649932861328,-118.28096771240234,LOS ANGELES,LOS ANGELES,-118.28093719482422,33.96649932861328
91368358,2020,2020-12-16,9590,2020-12-06,1318,022304,NA,7,1,7,1942,0,1,1,NA,2,061,I-10 E/B (SANTA MONICA FREEWAY),LA BREA AVENUE,200,E,N,A,-,Y,NA,NA,10,NA,NA,NA,NA,NA,E,N,3,0,1,1,A,-,03,22350,NA,N,E,I,A,A,H,-,A,D,0,NA,NA,NA,NA,Y,NA,A,01,0,1,0,0,0,0,0,0,0,-,-,34.03390121459961,-118.3494110107422,LOS ANGELES,LOS ANGELES,-118.34942626953124,34.034244537353516
91368370,2020,2020-12-16,9590,2020-12-06,1305,022369,NA,7,1,7,1942,0,1,1,NA,2,053,I-110 S/B (HARBOR FREEWAY),2ND STREET,75,S,N,A,-,Y,NA,NA,110,NA,NA,NA,NA,NA,S,N,4,0,1,2,A,-,03,22350,NA,N,C,C,A,A,H,-,A,D,0,NA,NA,NA,NA,Y,NA,A,01,0,0,1,0,0,0,0,0,0,-,-,34.05733871459961,-118.25489044189452,LOS ANGELES,LOS ANGELES,-118.25489044189452,34.057342529296875
91368401,2020,2020-12-16,9590,2020-11-08,1444,022360,NA,7,2,7,1942,0,1,1,NA,2,085,I-5 S/B (GOLDEN STATE FREEWAY),FLETCHER DR.,100,N,N,A,G,Y,NA,NA,5,NA,NA,NA,NA,NA,S,N,4,0,1,3,A,-,03,22350,NA,N,C,C,A,A,H,-,A,D,0,NA,NA,NA,NA,Y,NA,A,07,0,0,1,0,0,0,0,0,0,-,-,34.108131408691406,-118.25888824462892,LOS ANGELES,LOS ANGELES,-118.25888824462892,34.10813522338867
91368406,2020,2021-08-03,9575,2020-12-06,1550,022526,NA,7,2,9,1900,0,2,4,NA,2,023,FAIR OAKS AVE. N/B (2500 BLOCK),CALAVERAS ST.,23,N,N,A,-,N,NA,NA,NA,NA,NA,NA,NA,NA,NA,N,4,0,1,2,A,-,08,22107,NA,N,D,C,A,A,H,-,A,D,0,NA,NA,NA,NA,Y,NA,D,22,0,0,1,0,0,0,0,0,0,-,-,34.18952178955078,-118.14967346191406,LOS ANGELES,UNINCORPORATED,-118.14976501464844,34.18946838378906
91368432,2020,2020-12-16,9540,2020-12-08,2000,020708,NA,2,2,9,1900,0,1,1,NA,2,511,I-5 S/B,VISTA DEL LAGO RD,14256,S,N,B,-,Y,NA,NA,5,NA,NA,NA,NA,NA,S,Y,3,0,1,1,A,-,01,23152,F,N,E,I,A,A,H,-,D,D,0,NA,NA,NA,NA,Y,NA,A,01,0,1,0,0,0,0,0,0,0,-,-,34.6350212097168,-118.73853302001952,LOS ANGELES,UNINCORPORATED,-118.73853302001952,34.635009765625
91368441,2020,2020-12-16,9530,2020-12-13,1120,021089,NA,7,1,7,1942,0,3,5,NA,2,001,JUNIPER ST. (9300 BLOCK),92ND ST.,300,S,N,A,-,N,NA,NA,NA,NA,NA,NA,NA,NA,NA,N,4,0,1,2,A,-,21,22106,NA,N,C,C,A,A,H,-,A,D,0,NA,NA,NA,NA,Y,NA,A,01,0,0,1,0,0,0,0,0,0,-,-,33.95240020751953,-118.23280334472656,LOS ANGELES,LOS ANGELES,-118.23287200927734,33.95244598388672
91368445,2020,2020-12-16,9550,2020-12-15,0700,022593,NA,2,1,9,1900,0,1,3,NA,2,601,STATE ROUTE 60 W/B,BARFORD PEDESTRIAN O/C,600,E,N,A,-,Y,NA,NA,60,NA,NA,NA,NA,NA,W,Y,4,0,1,1,A,-,08,22107,NA,N,E,I,A,A,H,-,A,D,0,NA,NA,NA,NA,Y,NA,A,01,0,0,1,0,0,0,0,0,0,-,-,34.00392150878906,-117.95400238037108,LOS ANGELES,UNINCORPORATED,-117.95402526855467,34.00383758544922
91368459,2020,2020-12-16,9575,2020-12-05,2250,021712,NA,6,3,6,1925,0,1,3,NA,2,090,SR-2 W/B TO SR-134,GLENOAKS BLVD,290,N,N,A,-,Y,NA,NA,2,NA,NA,NA,R,NA,W,Y,2,0,1,1,A,-,01,23152,A,N,E,I,A,A,H,-,C,D,0,NA,NA,NA,NA,Y,Y,A,01,1,0,0,0,0,0,0,0,0,-,-,34.15311050415039,-118.22483825683594,LOS ANGELES,GLENDALE,-118.22483825683594,34.15311050415039
91368490,2020,2020-12-16,9535,2020-12-05,1205,022100,NA,6,1,5,1947,0,1,3,NA,2,620,SR-60 (POMONA FREEWAY) E/B,PARAMOUNT BLVD.,100,E,N,A,-,Y,NA,NA,60,NA,NA,NA,NA,NA,E,Y,4,0,2,2,A,-,03,22350,NA,N,C,C,A,A,D,-,A,D,0,NA,NA,NA,Y,Y,NA,G,25,0,0,2,0,0,0,0,0,0,-,-,34.035980224609375,-118.09243011474608,LOS ANGELES,MONTEBELLO,-118.09244537353516,34.036033630371094
91368504,2020,2020-12-16,9590,2020-12-06,1735,022087,NA,7,2,7,1942,0,1,1,NA,2,052,I-110 N/B (HARBOR FREEWAY),30TH ST,150,N,N,A,-,Y,NA,NA,NA,NA,NA,NA,NA,NA,NA,N,4,0,1,3,A,-,03,22350,NA,N,C,C,A,A,H,-,C,D,0,NA,NA,NA,NA,Y,NA,A,01,0,0,1,0,0,0,0,0,0,-,-,34.012901306152344,-118.16329956054688,LOS ANGELES,LOS ANGELES,NA,NA
91368519,2020,2020-12-16,9530,2020-12-12,0820,020938,NA,6,1,5,1977,0,1,1,NA,2,410,I-405 S/B (SAN DIEGO FREEWAY),ALAMEDA ST.,171,N,N,A,-,Y,NA,NA,405,NA,NA,NA,NA,NA,S,Y,4,0,1,1,A,-,08,22107,NA,N,E,I,A,A,H,-,A,D,0,NA,NA,NA,NA,Y,NA,A,01,0,0,1,0,0,0,0,0,0,-,-,33.825531005859375,-118.22666168212892,LOS ANGELES,CARSON,-118.22666931152344,33.82533645629883
91368528,2020,2020-12-16,9550,2020-12-14,1258,022600,NA,1,1,9,1900,0,3,5,NA,2,002,SHOEMAKER BLVD.,IMPERIAL HWY.,670,N,N,A,-,N,NA,NA,NA,NA,NA,NA,NA,NA,NA,Y,4,0,2,3,A,-,08,22107,NA,N,C,E,A,A,H,-,A,D,0,NA,NA,NA,NA,Y,NA,A,01,0,0,2,0,0,0,0,0,0,-,-,33.91886901855469,-118.05522918701172,LOS ANGELES,UNINCORPORATED,-118.05522918701172,33.91893768310547
91368540,2020,2020-12-16,9550,2020-12-10,1830,021742,NA,4,2,5,1976,0,3,5,NA,2,002,COLIMA ROAD,LAMBERT ROAD,0,NA,Y,A,-,N,NA,NA,NA,NA,NA,NA,NA,NA,NA,N,4,0,2,2,A,-,12,21453,A,N,D,C,A,A,H,-,C,A,0,NA,NA,NA,NA,Y,NA,A,01,0,0,2,0,0,0,0,0,0,-,-,33.94207000732422,-118.01177215576172,LOS ANGELES,WHITTIER,-118.01170349121094,33.94211196899414
91368566,2020,2020-12-16,9565,2020-11-15,1410,022145,NA,7,2,9,1900,0,3,5,NA,2,004,104TH ST,BURL AVE,0,NA,Y,A,-,N,NA,NA,NA,NA,NA,NA,NA,NA,NA,N,4,0,2,2,A,-,08,22103,NA,N,D,C,A,A,H,-,A,D,0,NA,NA,NA,NA,Y,NA,A,01,0,0,2,0,0,0,0,0,0,-,-,33.941829681396484,-118.3625030517578,LOS ANGELES,UNINCORPORATED,-118.36244964599608,33.94179916381836
91368571,2020,2020-12-16,9575,2020-12-05,1555,022502,NA,6,2,9,1900,0,2,4,NA,2,320,ANGELES FOREST HIGHWAY,GRIZZLY FLAT ROAD,1775,E,N,A,-,N,NA,NA,NA,NA,NA,NA,NA,NA,NA,Y,3,0,2,1,A,-,08,22107,NA,N,E,I,A,A,H,-,A,D,0,NA,NA,NA,NA,Y,NA,A,07,0,1,1,0,0,0,0,0,0,-,-,34.280670166015625,-118.17137908935548,LOS ANGELES,UNINCORPORATED,NA,NA
91368609,2020,2020-12-16,9550,2020-12-11,1510,022203,NA,5,2,6,1949,0,1,1,NA,2,651,INTERSTATE 605 N/B,IMPERIAL HWY,150,N,N,A,-,Y,NA,NA,605,NA,NA,NA,NA,NA,N,Y,4,0,1,3,A,-,03,22350,NA,N,C,C,A,A,H,-,A,D,0,NA,NA,NA,NA,Y,NA,D,22,0,0,1,0,0,0,0,0,0,-,-,33.917659759521484,-118.1045379638672,LOS ANGELES,NORWALK,-118.10455322265624,33.917659759521484
9136864,2020,2020-09-25,1941,2020-07-28,1854,11568,NA,2,5,7,1941,0,0,0,NA,0,NA,WARDLOW RD,WOODRUFF AV,0,NA,Y,A,-,N,NA,NA,NA,NA,NA,NA,NA,NA,NA,Y,4,0,2,2,A,-,08,22107,NA,N,C,C,A,A,H,-,B,A,0,NA,NA,NA,NA,Y,NA,A,NA,0,0,2,0,0,0,0,0,0,-,-,NA,NA,LOS ANGELES,LONG BEACH,-118.11676788330078,33.818878173828125
91368644,2020,2020-12-16,9590,2020-12-02,1845,021667,NA,3,2,7,1942,0,1,1,NA,2,015,SR-110 S/B (ARROYO SECO PARKWAY),AVENUE 60,380,S,N,A,-,Y,NA,NA,110,NA,NA,NA,NA,NA,S,Y,2,0,1,2,A,-,08,22107,NA,F,B,C,A,A,H,-,C,D,0,NA,NA,NA,NA,Y,NA,-,99,1,0,0,0,0,0,0,0,0,-,-,34.106998443603516,-118.18708801269533,LOS ANGELES,LOS ANGELES,-118.1870574951172,34.10696792602539
9136865,2020,2020-09-25,1941,2020-07-29,0947,11525,NA,3,5,7,1941,0,0,0,NA,0,NA,LINDEN AV,100TH AV,6,S,N,A,-,N,NA,NA,NA,NA,NA,NA,NA,NA,NA,N,4,0,1,2,A,-,11,21950,B,N,A,B,D,A,H,-,A,D,0,Y,NA,NA,NA,Y,NA,-,-,0,0,1,0,1,0,0,0,0,-,-,NA,NA,LOS ANGELES,LONG BEACH,NA,NA
91368651,2020,2020-12-16,9590,2020-11-08,1956,022369,NA,7,2,7,1942,0,1,1,NA,2,053,I-110 S/B (HARBOR FREEWAY),2ND STREET,150,N,N,A,-,Y,NA,NA,110,NA,NA,NA,NA,NA,S,Y,4,0,2,2,A,-,03,22350,NA,N,C,C,A,A,H,-,C,D,0,NA,NA,NA,NA,Y,NA,A,01,0,0,2,0,0,0,0,0,0,-,-,34.05807113647461,-118.25396728515624,LOS ANGELES,LOS ANGELES,-118.25405120849608,34.05815505981445
9136866,2020,2020-09-25,1941,2020-07-29,1051,11563,NA,3,5,7,1941,0,0,0,NA,0,NA,ANAHEIM ST,PETERSON ST,0,NA,Y,A,-,N,NA,NA,NA,NA,NA,NA,NA,NA,NA,N,3,0,1,2,A,-,05,21202,A,N,D,G,A,A,H,-,A,D,0,NA,Y,NA,NA,Y,NA,-,NA,0,1,0,0,0,0,1,0,0,-,-,NA,NA,LOS ANGELES,LONG BEACH,-118.17308807373048,33.78261184692383
9136867,2020,2020-09-25,1941,2020-07-29,1217,11513,NA,3,5,7,1941,0,0,0,NA,0,NA,PARAMOUNT BL,PARAMOUNT BL  5884,14,W,N,-,-,N,NA,NA,NA,NA,NA,NA,NA,NA,NA,Y,4,0,1,2,A,-,07,21658,A,N,D,C,A,A,H,-,A,D,0,NA,NA,NA,NA,Y,NA,A,NA,0,0,1,0,0,0,0,0,0,-,-,NA,NA,LOS ANGELES,LONG BEACH,NA,NA
91368670,2020,2020-12-16,9575,2020-11-20,1605,021784,NA,5,2,9,1900,0,3,5,NA,2,008,LONGDEN AVE. (8900 BLOCK),ROSEMEAD BLVD.,120,W,N,A,-,N,NA,NA,NA,NA,NA,NA,NA,NA,NA,N,4,0,1,2,A,-,09,21804,A,N,H,G,A,A,H,-,A,D,0,NA,Y,NA,NA,Y,NA,A,01,0,0,1,0,0,0,0,0,0,-,-,34.113609313964844,-118.07421875,LOS ANGELES,UNINCORPORATED,-118.07412719726564,34.11355209350586
9136868,2020,2020-09-25,1941,2020-07-29,1741,11516,NA,3,5,7,1941,0,0,0,NA,0,NA,CHERRY AV,17TH ST,0,NA,Y,A,-,N,NA,NA,NA,NA,NA,NA,NA,NA,NA,Y,4,0,1,2,A,-,08,22107,NA,N,D,C,A,A,H,-,A,D,0,NA,NA,NA,NA,Y,NA,A,NA,0,0,1,0,0,0,0,0,0,-,-,NA,NA,LOS ANGELES,LONG BEACH,-118.16767120361328,33.78804016113281
9136869,2020,2020-09-25,1941,2020-07-27,0945,11536,NA,1,5,7,1941,0,0,0,NA,0,NA,7TH ST,ORANGE AV,0,NA,Y,A,-,N,NA,NA,NA,NA,NA,NA,NA,NA,NA,N,3,0,1,2,A,-,11,21456,B,N,E,B,B,A,H,-,A,A,0,Y,NA,NA,NA,Y,NA,N,NA,0,1,0,0,1,0,0,0,0,-,-,NA,NA,LOS ANGELES,LONG BEACH,-118.17637634277344,33.77534103393555
91368699,2020,2020-12-16,9575,2020-12-06,0550,019990,NA,7,3,3,1991,0,1,1,NA,2,062,I-210 W/B (FOOTHILL FREEWAY),ANGELES CREST HIGHWAY,1056,E,N,A,-,Y,NA,NA,NA,NA,NA,NA,NA,NA,NA,Y,4,0,1,1,A,-,01,23152,A,N,E,J,A,A,H,-,D,D,0,NA,NA,NA,NA,Y,Y,A,01,0,0,1,0,0,0,0,0,0,-,-,34.204811096191406,-118.19519805908205,LOS ANGELES,LA CANADA-FLINTRIDGE,-118.19698333740234,34.205589294433594
9136870,2020,2020-09-25,1941,2020-07-27,1231,5946,NA,1,5,7,1941,0,0,0,NA,0,NA,BELLFLOWER BL,27TH ST,0,NA,Y,A,-,N,NA,NA,NA,NA,NA,NA,NA,NA,NA,Y,4,0,2,2,D,-,00,NA,NA,N,D,C,A,A,H,-,A,A,0,NA,NA,NA,NA,Y,NA,-,-,0,0,2,0,0,0,0,0,0,-,-,NA,NA,LOS ANGELES,LONG BEACH,-118.12535095214844,33.80506134033203
9136871,2020,2020-09-25,1941,2020-07-27,1849,11554,NA,1,5,7,1941,0,0,0,NA,0,NA,ATLANTIC AV,MARSHALL PL,0,NA,Y,A,-,N,NA,NA,NA,NA,NA,NA,NA,NA,NA,Y,4,0,1,3,A,-,08,22107,NA,N,B,C,A,A,H,-,A,A,0,NA,NA,NA,NA,Y,NA,A,NA,0,0,1,0,0,0,0,0,0,-,-,NA,NA,LOS ANGELES,LONG BEACH,-118.1850814819336,33.830810546875
9136872,2020,2020-09-29,1941,2020-07-28,1115,11515,NA,2,5,7,1941,0,0,0,NA,0,NA,ATLANTIC AV,21ST ST,0,NA,-,A,-,N,NA,NA,NA,NA,NA,NA,NA,NA,NA,N,4,0,1,2,A,-,12,22450,A,N,D,G,A,A,H,-,A,A,0,NA,Y,NA,NA,Y,NA,A,NA,0,0,1,0,0,0,1,0,0,-,-,NA,NA,LOS ANGELES,LONG BEACH,-118.18502807617188,33.7952995300293