CASE_ID,ACCIDENT_YEAR,PROC_DATE,JURIS,COLLISION_DATE,COLLISION_TIME,OFFICER_ID,REPORTING_DISTRICT,DAY_OF_WEEK,CHP_SHIFT,POPULATION,CNTY_CITY_LOC,SPECIAL_COND,BEAT_TYPE,CHP_BEAT_TYPE,CITY_DIVISION_LAPD,CHP_BEAT_CLASS,BEAT_NUMBER,PRIMARY_RD,SECONDARY_RD,DISTANCE,DIRECTION,INTERSECTION,WEATHER_1,WEATHER_2,STATE_HWY_IND,CALTRANS_COUNTY,CALTRANS_DISTRICT,STATE_ROUTE,ROUTE_SUFFIX,POSTMILE_PREFIX,POSTMILE,LOCATION_TYPE,RAMP_INTERSECTION,SIDE_OF_HWY,TOW_AWAY,COLLISION_SEVERITY,NUMBER_KILLED,NUMBER_INJURED,PARTY_COUNT,PRIMARY_COLL_FACTOR,PCF_CODE_OF_VIOL,PCF_VIOL_CATEGORY,PCF_VIOLATION,PCF_VIOL_SUBSECTION,HIT_AND_RUN,TYPE_OF_COLLISION,MVIW,PED_ACTION,ROAD_SURFACE,ROAD_COND_1,ROAD_COND_2,LIGHTING,CONTROL_DEVICE,CHP_ROAD_TYPE,PEDESTRIAN_ACCIDENT,BICYCLE_ACCIDENT,MOTORCYCLE_ACCIDENT,TRUCK_ACCIDENT,NOT_PRIVATE_PROPERTY,ALCOHOL_INVOLVED,STWD_VEHTYPE_AT_FAULT,CHP_VEHTYPE_AT_FAULT,COUNT_SEVERE_INJ,COUNT_VISIBLE_INJ,COUNT_COMPLAINT_PAIN,COUNT_PED_KILLED,COUNT_PED_INJURED,COUNT_BICYCLIST_KILLED,COUNT_BICYCLIST_INJURED,COUNT_MC_KILLED,COUNT_MC_INJURED,PRIMARY_RAMP,SECONDARY_RAMP,LATITUDE,LONGITUDE,COUNTY,CITY,POINT_X,POINT_Y
91368729,2020,2020-12-16,9535,2020-12-10,0835,020855,NA,4,1,6,1922,0,1,1,NA,2,400,I-10 (SAN BERNARDINO FREEWAY) E/B,PECK RD,150,W,N,A,-,Y,NA,NA,10,NA,NA,NA,NA,NA,E,N,4,0,1,2,A,-,03,22350,NA,N,C,A,A,A,H,-,A,D,0,NA,NA,NA,NA,Y,NA,A,01,0,0,1,0,0,0,0,0,0,-,-,34.067901611328125,-118.0297393798828,LOS ANGELES,EL MONTE,-118.0297393798828,34.067901611328125
9136873,2020,2020-10-08,1941,2020-07-22,0757,10574,901T,3,5,7,1941,0,0,0,NA,0,NA,7TH ST,CEDAR AV,0,NA,Y,A,-,N,NA,NA,NA,NA,NA,NA,NA,NA,NA,N,3,0,1,2,D,-,00,NA,NA,N,H,B,E,A,H,-,A,A,0,Y,NA,NA,NA,Y,NA,-,-,0,1,0,0,1,0,0,0,0,-,-,NA,NA,LOS ANGELES,LONG BEACH,-118.19506072998048,33.775360107421875
91368731,2020,2020-12-16,9590,2020-11-23,1600,021040,NA,1,2,7,1942,0,1,1,NA,2,083,I-5 S/B (GOLDEN STATE FREEWAY),FLETCHER DRIVE,1000,S,N,A,-,Y,NA,NA,5,NA,NA,NA,NA,NA,S,Y,3,0,1,2,A,-,07,21658,A,N,B,C,A,A,H,-,A,D,0,NA,NA,Y,Y,Y,NA,C,02,0,1,0,0,0,0,0,0,1,-,-,34.10268020629883,-118.25029754638672,LOS ANGELES,LOS ANGELES,-118.25029754638672,34.10268020629883
91368738,2020,2020-12-16,9535,2020-12-10,0838,022321,NA,4,1,6,1922,0,1,1,NA,2,400,I-10 (SAN BERNARDINO FREEWAY) E/B,PECK RD,150,E,N,A,-,Y,NA,NA,10,NA,NA,NA,NA,NA,E,Y,3,0,1,2,A,-,03,22350,NA,N,C,C,A,A,H,-,A,D,0,NA,NA,NA,NA,Y,NA,A,01,0,1,0,0,0,0,0,0,0,-,-,34.06793975830078,-118.02828979492188,LOS ANGELES,EL MONTE,-118.02828979492188,34.06794357299805
91368739,2020,2020-12-16,9575,2020-12-06,1125,022469,NA,7,1,6,1912,0,1,1,NA,2,051,I-5 S/B (GOLDEN STATE FREEWAY),SAN FERNANDO BOULEVARD,2600,S,N,A,-,Y,NA,NA,5,NA,NA,NA,NA,NA,S,N,3,0,2,1,A,-,08,22107,NA,N,E,J,A,A,H,-,A,D,0,NA,NA,NA,NA,Y,NA,A,01,0,1,1,0,0,0,0,0,0,-,-,34.186981201171875,-118.32093048095705,LOS ANGELES,BURBANK,-118.32096862792967,34.18689727783203
9136874,2020,2020-10-06,1941,2020-07-08,0958,10125,NA,3,5,7,1941,0,0,0,NA,0,NA,NIETO AV,2ND,200,S,N,A,-,N,NA,NA,NA,NA,NA,NA,NA,NA,NA,N,4,0,2,2,A,-,03,22350,NA,N,C,C,A,A,H,-,A,D,0,NA,NA,NA,NA,Y,NA,A,NA,0,0,2,0,0,0,0,0,0,-,-,NA,NA,LOS ANGELES,LONG BEACH,-118.13555908203124,33.75989532470703
9136875,2020,2020-09-25,1941,2020-07-27,2300,11366,NA,1,5,7,1941,0,0,0,NA,0,NA,ALAMITOS AV,1ST ST,0,NA,Y,A,-,N,NA,NA,NA,NA,NA,NA,NA,NA,NA,Y,2,0,1,2,A,-,08,22107,NA,N,D,C,A,A,H,-,C,D,0,NA,NA,Y,NA,Y,NA,C,NA,1,0,0,0,0,0,0,0,1,-,-,NA,NA,LOS ANGELES,LONG BEACH,-118.18258666992188,33.767520904541016
9136876,2020,2020-09-25,1941,2020-07-26,1342,6061,NA,7,5,7,1941,0,0,0,NA,0,NA,MARKET ST,PINE AV,0,NA,Y,A,-,N,NA,NA,NA,NA,NA,NA,NA,NA,NA,N,3,0,3,2,A,-,09,21802,A,N,F,C,A,A,H,-,A,A,0,NA,NA,NA,NA,Y,NA,A,NA,0,1,2,0,0,0,0,0,0,-,-,NA,NA,LOS ANGELES,LONG BEACH,-118.1917724609375,33.85430908203125
91368764,2020,2020-12-16,9535,2020-12-10,1215,016869,NA,4,1,9,1900,0,3,5,NA,2,002,BURGAR AVE (700 BLOCK),WHITTIER BLVD,830,N,N,A,-,N,NA,NA,NA,NA,NA,NA,NA,NA,NA,Y,3,0,1,3,A,-,03,22350,NA,N,D,C,A,A,A,-,A,D,0,NA,NA,NA,NA,Y,NA,A,01,0,1,0,0,0,0,0,0,0,-,-,34.025848388671875,-118.17188262939452,LOS ANGELES,UNINCORPORATED,-118.17191314697266,34.02578353881836
9136877,2020,2020-09-25,1941,2020-07-26,1400,11514,NA,7,5,7,1941,0,0,0,NA,0,NA,STUDEBAKER RD,LOS ARCOS ST,0,NA,Y,A,-,N,NA,NA,NA,NA,NA,NA,NA,NA,NA,Y,3,0,1,3,A,-,05,21651,B,N,A,C,A,A,H,-,A,A,0,NA,NA,NA,NA,Y,NA,A,NA,0,1,0,0,0,0,0,0,0,-,-,NA,NA,LOS ANGELES,LONG BEACH,-118.0994873046875,33.799808502197266
9136878,2020,2020-09-25,1941,2020-07-26,1708,1541,NA,7,5,7,1941,0,0,0,NA,0,NA,EAST 10TH ST,GAVIOTA AV,0,NA,Y,A,-,N,NA,NA,NA,NA,NA,NA,NA,NA,NA,Y,4,0,1,2,A,-,08,22103,NA,N,D,D,A,A,H,-,A,D,0,NA,NA,NA,NA,Y,NA,A,NA,0,0,1,0,0,0,0,0,0,-,-,NA,NA,LOS ANGELES,LONG BEACH,-118.17093658447266,33.77894973754883
9136879,2020,2020-09-26,1941,2020-07-26,1937,10168,NA,7,5,7,1941,0,0,0,NA,0,NA,WALNUT AV,56TH ST,0,NA,Y,A,-,N,NA,NA,NA,NA,NA,NA,NA,NA,NA,N,2,0,1,2,A,-,12,22450,A,N,D,G,A,A,H,-,A,A,0,NA,Y,NA,NA,Y,NA,L,04,1,0,0,0,0,0,1,0,0,-,-,NA,NA,LOS ANGELES,LONG BEACH,-118.17349243164064,33.85763931274414
9136880,2020,2020-09-25,1941,2020-07-30,0659,10931,NA,4,5,7,1941,0,0,0,NA,0,NA,PACIFIC COAST HWY,GOLDEN AV,257,W,N,A,-,N,NA,NA,NA,NA,NA,NA,NA,NA,NA,Y,2,0,1,1,A,-,03,22350,NA,N,A,I,A,A,H,-,A,D,0,NA,NA,NA,NA,Y,NA,A,NA,1,0,0,0,0,0,0,0,0,-,-,NA,NA,LOS ANGELES,LONG BEACH,-118.20331573486328,33.79029083251953
91368801,2020,2020-12-16,9550,2020-12-08,1425,020037,NA,2,2,5,1919,0,1,3,NA,2,091,STATE ROUTE 91 EASTBOUND (ARTESIA FWY),STUDEBAKER ROAD,1000,E,N,B,-,Y,NA,NA,91,NA,NA,NA,NA,NA,E,Y,4,0,2,4,A,-,03,22350,NA,N,C,C,A,A,C,-,A,D,0,NA,NA,NA,NA,Y,NA,A,01,0,0,2,0,0,0,0,0,0,-,-,33.87628173828125,-118.095703125,LOS ANGELES,CERRITOS,-118.095703125,33.876399993896484
91368809,2020,2020-12-16,9535,2020-12-10,0600,022269,NA,4,1,9,1900,0,2,4,NA,2,025,ATLANTIC BLVD. (1100 BLOCK),OLYMPIC BLVD.,200,N,N,A,-,N,NA,NA,NA,NA,NA,NA,NA,NA,NA,Y,4,0,1,2,A,-,03,22350,NA,N,C,C,A,A,H,-,B,D,0,NA,NA,NA,NA,Y,NA,A,01,0,0,1,0,0,0,0,0,0,-,-,34.016910552978516,-118.58480072021484,LOS ANGELES,UNINCORPORATED,-118.15837860107422,34.01683044433594
91368847,2020,2020-12-16,9525,2020-12-12,2320,020632,NA,6,3,9,1900,0,3,5,NA,2,002,W/B COVINA BLVD. (21300 BLOCK),CASTLEVIEW AVE,190,W,N,A,-,N,NA,NA,NA,NA,NA,NA,NA,NA,NA,Y,3,0,1,2,A,-,01,23152,A,N,C,E,A,A,H,-,C,D,0,NA,NA,NA,NA,Y,Y,A,01,0,1,0,0,0,0,0,0,0,-,-,34.099430084228516,-117.83999633789064,LOS ANGELES,UNINCORPORATED,NA,NA
91368848,2020,2020-12-16,9525,2020-12-11,2255,021967,NA,5,3,9,1900,0,3,5,NA,2,002,VINCENT AVE (4000 BLOCK),BELLBROOK ST,50,S,N,A,-,N,NA,NA,NA,NA,NA,NA,NA,NA,NA,Y,3,0,1,2,A,-,01,23152,A,N,B,E,A,A,H,-,C,D,0,NA,NA,NA,NA,Y,Y,A,01,0,1,0,0,0,0,0,0,0,-,-,34.097900390625,-117.92534637451172,LOS ANGELES,UNINCORPORATED,-117.92559814453124,34.09817123413086
91368851,2020,2020-12-16,9525,2020-12-15,1335,020532,NA,2,1,1,1934,0,1,1,NA,2,203,I-210 W/B (FOOTHILL FWY),IRWINDALE AVE,1056,W,N,A,-,Y,NA,NA,210,NA,NA,NA,NA,NA,W,Y,4,0,1,2,A,-,07,21658,A,N,B,C,A,A,H,-,A,D,0,NA,NA,NA,Y,Y,NA,G,25,0,0,1,0,0,0,0,0,0,-,-,34.12942123413086,-117.94199371337892,LOS ANGELES,IRWINDALE,-117.94199371337892,34.12940216064453
91368857,2020,2020-12-17,9525,2020-12-07,1100,015445,NA,1,1,6,1975,0,1,1,NA,2,105,I-10 W/B (SAN BERNARDINO FWY),CITRUS ST.,130,E,N,B,-,Y,NA,NA,10,NA,NA,NA,NA,NA,W,Y,3,0,1,3,A,-,03,22350,NA,N,D,C,A,A,H,-,A,D,0,NA,NA,NA,NA,Y,NA,A,01,0,1,0,0,0,0,0,0,0,-,-,34.07212829589844,-117.88948822021484,LOS ANGELES,WEST COVINA,-117.88948822021484,34.07206344604492
91368858,2020,2020-12-17,9525,2020-12-10,1035,018992,NA,4,1,4,1905,0,1,1,NA,2,214,I-210 E/B (FOOTHILL FWY),CITRUS AVE,1800,W,N,A,-,Y,NA,NA,210,NA,NA,NA,NA,NA,E,Y,4,0,1,2,A,-,07,21658,A,N,B,C,A,A,H,-,A,D,0,NA,NA,NA,NA,Y,NA,A,01,0,0,1,0,0,0,0,0,0,-,-,34.1209602355957,-117.89582061767578,LOS ANGELES,AZUSA,-117.89582061767578,34.12092971801758
91368864,2020,2020-12-17,9525,2020-12-11,1815,021542,NA,5,2,6,1955,0,1,1,NA,2,119,I-10 W/B (SAN BERNARDINO FWY),TOWNE AVENUE,100,E,N,A,B,Y,NA,NA,10,NA,NA,NA,NA,NA,W,Y,4,0,1,3,A,-,07,21658,A,N,B,C,A,A,H,-,C,D,0,NA,NA,NA,NA,Y,NA,A,07,0,0,1,0,0,0,0,0,0,-,-,34.07929992675781,-117.73935699462892,LOS ANGELES,POMONA,-117.73934173583984,34.079254150390625
91368866,2020,2020-12-17,9545,2020-12-06,0445,021434,NA,7,3,6,1950,0,1,3,NA,2,021,SR-14 S/B TO PALMDALE BLVD,PALMDALE BLVD,370,N,N,A,-,Y,NA,NA,14,NA,NA,NA,R,NA,S,Y,4,0,1,1,A,-,08,22107,NA,N,E,I,A,A,H,-,D,D,0,NA,NA,NA,NA,Y,Y,A,01,0,0,1,0,0,0,0,0,0,-,-,34.582950592041016,-118.13465881347656,LOS ANGELES,PALMDALE,-118.13465881347656,34.582950592041016
91368870,2020,2020-12-17,9565,2020-10-30,0800,022378,NA,5,1,9,1900,0,2,4,NA,2,043,INGLEWOOD AVENUE,111TH STREET,585,N,N,A,-,N,NA,NA,NA,NA,NA,NA,NA,NA,NA,Y,3,0,2,4,A,-,08,22107,NA,N,B,E,A,A,H,-,A,D,0,NA,NA,NA,NA,Y,NA,D,22,0,1,1,0,0,0,0,0,0,-,-,33.93619918823242,-118.36128997802734,LOS ANGELES,UNINCORPORATED,-118.36133575439452,33.93611526489258
91368873,2020,2020-12-17,9565,2020-12-07,1928,022145,NA,1,2,7,1942,0,1,1,NA,2,083,I-10 E/B,CATTARAUGUS AVE,270,W,N,A,-,Y,NA,NA,10,NA,NA,NA,NA,NA,E,Y,4,0,2,2,A,-,03,22350,NA,N,C,C,A,A,H,-,C,D,0,NA,NA,NA,NA,Y,NA,A,01,0,0,2,0,0,0,0,0,0,-,-,34.03334045410156,-118.38643646240234,LOS ANGELES,LOS ANGELES,-118.38646697998048,34.033382415771484
9136897,2020,2020-09-01,1900,2020-05-18,1410,644560,1336,1,5,5,1908,0,0,0,NA,0,133T2,BELLFLOWER BL,RT 91,5,S,N,A,-,N,NA,NA,NA,NA,NA,NA,NA,NA,NA,N,3,0,1,2,D,-,00,NA,NA,N,D,C,A,A,H,-,A,A,0,NA,NA,NA,NA,Y,NA,-,-,0,1,0,0,0,0,0,0,0,-,-,NA,NA,LOS ANGELES,BELLFLOWER,-118.12521362304688,33.876277923583984
9136899,2020,2020-09-17,1942,2020-07-22,1030,38333,0817,3,5,7,1942,0,0,0,H,0,8A29,GLENDON AV,BEYBURN AV,0,NA,Y,A,-,N,NA,NA,NA,NA,NA,NA,NA,NA,NA,N,4,0,1,2,D,-,00,NA,NA,N,G,B,F,A,H,-,A,D,0,Y,NA,NA,Y,Y,NA,-,-,0,0,1,0,1,0,0,0,0,-,WO,NA,NA,LOS ANGELES,LOS ANGELES,-118.444,34.06254
91369008,2020,2020-12-17,9565,2020-12-07,1800,021372,NA,1,2,7,1942,0,1,1,NA,2,063,I-405 SOUTHBOUND (SAN DIEGO FREEWAY),OLYMPIC BOULEVARD,50,N,N,A,-,Y,NA,NA,405,NA,NA,NA,NA,NA,S,Y,4,0,1,2,A,-,03,22350,NA,N,C,C,A,A,H,-,C,D,0,NA,NA,NA,NA,Y,NA,A,01,0,0,1,0,0,0,0,0,0,-,-,34.03915023803711,-118.44017028808594,LOS ANGELES,LOS ANGELES,-118.44012451171876,34.039188385009766
9136901,2020,2020-09-15,1900,2020-07-13,1535,647531,1335,1,5,5,1908,0,0,0,NA,0,133T1,ARTESIA BL,VIRGINIA AV,2,W,N,A,-,N,NA,NA,NA,NA,NA,NA,NA,NA,NA,NA,3,0,1,2,A,-,10,21950,A,N,G,B,B,A,H,-,A,A,0,Y,NA,NA,NA,Y,NA,D,22,0,1,0,0,1,0,0,0,0,-,-,NA,NA,LOS ANGELES,BELLFLOWER,-118.1396484375,33.87482833862305
91369015,2020,2020-12-17,9565,2020-12-07,1605,021429,NA,1,2,9,1900,0,3,5,NA,2,004,LA CIENEGA BOULEVARD,W. 104TH STREET,420,N,N,A,-,N,NA,NA,NA,NA,NA,NA,NA,NA,NA,N,4,0,2,2,D,-,00,NA,NA,N,D,C,A,A,H,-,A,A,0,NA,NA,NA,NA,Y,NA,-,-,0,0,2,0,0,0,0,0,0,-,-,33.94300079345703,-118.36995697021484,LOS ANGELES,UNINCORPORATED,-118.37007904052734,33.942928314208984
91369020,2020,2020-12-17,9530,2020-12-07,1420,022132,NA,1,2,9,1900,0,3,5,NA,2,002,EL SEGUNDO BLVD. (BLOCK 2000),WILLOWBROOK AVE.,245,W,N,A,-,N,NA,NA,NA,NA,NA,NA,NA,NA,NA,Y,4,0,1,2,A,-,06,21755,NA,N,B,C,A,A,H,-,A,D,0,NA,NA,Y,NA,Y,NA,C,02,0,0,1,0,0,0,0,0,1,-,-,33.916290283203125,-118.23297882080078,LOS ANGELES,UNINCORPORATED,-118.23247528076172,33.916141510009766
91369029,2020,2020-12-17,9530,2020-12-08,0730,016842,NA,2,1,9,1900,0,3,5,NA,2,001,HOOPER AVE.,92ND ST.,0,NA,Y,A,-,N,NA,NA,NA,NA,NA,NA,NA,NA,NA,Y,2,0,1,2,A,-,09,21801,A,N,D,C,A,A,H,-,A,A,0,NA,NA,NA,NA,Y,NA,A,01,1,0,0,0,0,0,0,0,0,-,-,33.95330047607422,-118.2540283203125,LOS ANGELES,UNINCORPORATED,-118.25405883789064,33.95328903198242
91369042,2020,2020-12-17,9530,2020-12-07,1650,022132,NA,1,2,9,1900,0,3,5,NA,2,002,ROSECRANS AVE. (BLOCK #2500),CAHITA AVE.,155,E,N,A,-,N,NA,NA,NA,NA,NA,NA,NA,NA,NA,Y,4,0,1,2,A,-,07,21658,A,N,B,C,A,A,H,-,A,D,0,NA,NA,NA,Y,Y,NA,G,25,0,0,1,0,0,0,0,0,0,-,-,33.902530670166016,-118.25875091552734,LOS ANGELES,UNINCORPORATED,-118.25891876220705,33.902565002441406
91369047,2020,2020-12-17,9575,2020-12-06,1430,020847,NA,7,2,9,1900,0,1,3,NA,2,301,SR-2 (ANGELES CREST HWY.),RED BOX RANGER STATION,5280,W,N,A,-,N,NA,NA,2,NA,NA,NA,NA,NA,NA,Y,2,0,1,2,A,-,21,22106,NA,N,D,C,A,A,H,-,A,D,0,NA,NA,Y,NA,Y,NA,A,01,1,0,0,0,0,0,0,0,1,-,-,34.26451110839844,-118.1152114868164,LOS ANGELES,UNINCORPORATED,-118.115234375,34.26451873779297
91369061,2020,2020-12-17,9530,2020-12-08,1520,017755,NA,2,2,7,1942,0,1,1,NA,2,120,I-110 S/B (HARBOR FREEWAY),LOMITA BLVD.,195,S,N,A,-,Y,NA,NA,110,NA,NA,NA,NA,NA,S,Y,2,0,2,4,A,-,03,22350,NA,N,C,C,A,A,H,-,A,D,0,NA,NA,NA,NA,Y,NA,D,22,1,0,1,0,0,0,0,0,0,-,-,33.79710006713867,-118.2864990234375,LOS ANGELES,LOS ANGELES,-118.28639221191406,33.79720687866211
9136907,2020,2020-10-09,1942,2020-08-03,0010,40404,1218,1,5,7,1942,0,0,0,L,0,12A49,S VERMONT AV,W SLAUSON AV,0,NA,Y,A,-,N,NA,NA,NA,NA,NA,NA,NA,NA,NA,Y,3,0,2,3,A,-,09,21801,B,N,A,C,A,A,H,-,C,A,0,NA,NA,NA,Y,Y,NA,A,07,0,1,1,0,0,0,0,0,0,-,-,NA,NA,LOS ANGELES,LOS ANGELES,-118.29147338867188,33.989131927490234
91369077,2020,2020-12-17,9540,2020-12-14,0700,018037,NA,1,1,9,1900,0,1,3,NA,1,142,SR-14 N/B (ANTELOPE VALLEY FREEWAY),NEWHALL AVE. U/C,1901,S,N,A,-,Y,NA,NA,NA,NA,NA,NA,NA,NA,NA,Y,4,0,1,2,A,-,03,22350,NA,N,C,C,A,A,H,-,A,D,0,NA,NA,NA,NA,Y,NA,A,01,0,0,1,0,0,0,0,0,0,-,-,34.36022186279297,-118.5061264038086,LOS ANGELES,UNINCORPORATED,-118.50597381591795,34.36031723022461
91369085,2020,2020-12-17,9530,2020-12-09,1220,016842,NA,3,1,9,1900,0,3,5,NA,2,001,NADEAU ST. (1500 BLOCK),MIRAMONTE BLVD.,85,W,N,A,-,N,NA,NA,NA,NA,NA,NA,NA,NA,NA,N,4,0,1,2,A,-,07,21658,A,M,G,B,E,A,H,-,A,D,0,Y,NA,NA,NA,Y,NA,-,99,0,0,1,0,1,0,0,0,0,-,-,33.967529296875,-118.2458267211914,LOS ANGELES,UNINCORPORATED,-118.24639129638672,33.96744155883789
91369108,2020,2020-12-17,9580,2020-12-10,1815,022573,NA,4,2,9,1900,0,1,3,NA,1,271,SR-27 S/B (TOPANGA CYN. BLVD.),SANTA MARIA RD,528,N,N,A,-,Y,NA,NA,27,NA,NA,NA,NA,NA,S,Y,4,0,1,2,A,-,09,21804,A,N,D,C,A,A,H,-,D,D,0,NA,NA,NA,NA,Y,NA,A,07,0,0,1,0,0,0,0,0,0,-,-,34.12226867675781,-118.5920867919922,LOS ANGELES,UNINCORPORATED,-118.59205627441406,34.12225341796875
91369122,2020,2020-12-17,9530,2020-12-10,1500,022380,NA,4,2,9,1900,0,3,5,NA,2,001,HOOPER AVE.,GAGE ST.,8,S,N,A,-,N,NA,NA,NA,NA,NA,NA,NA,NA,NA,Y,3,0,1,2,A,-,10,21950,A,N,G,B,B,A,H,-,A,A,0,Y,NA,NA,NA,Y,NA,A,07,0,1,0,0,1,0,0,0,0,-,-,33.981990814208984,-118.25212860107422,LOS ANGELES,UNINCORPORATED,-118.25208282470705,33.982078552246094
91369136,2020,2020-12-17,9565,2020-12-07,2055,022056,NA,1,2,9,1900,0,1,1,NA,2,060,I-405 N/B TO EL SEGUNDO BOULEVARD,EL SEGUNDO BOULEVARD,10,S,N,A,-,Y,NA,NA,405,NA,NA,NA,R,NA,N,N,4,0,1,2,A,-,12,21453,A,N,G,B,B,A,H,-,C,A,0,Y,NA,NA,NA,Y,NA,A,07,0,0,1,0,1,0,0,0,0,-,-,33.9162483215332,-118.36862182617188,LOS ANGELES,UNINCORPORATED,-118.36862182617188,33.9162483215332
91369139,2020,2020-12-17,9550,2020-12-10,2015,020688,NA,4,2,9,1900,0,1,3,NA,2,601,STATE ROUTE-60 E/B,AZUSA AVENUE,1200,E,N,A,-,Y,NA,NA,NA,NA,NA,NA,NA,NA,NA,Y,4,0,1,3,A,-,03,22350,NA,N,C,C,A,A,H,-,B,D,0,NA,NA,NA,NA,Y,NA,A,01,0,0,1,0,0,0,0,0,0,-,-,33.995880126953125,-117.9240264892578,LOS ANGELES,UNINCORPORATED,-117.92733001708984,33.996341705322266
91369153,2020,2020-12-17,9530,2020-12-11,1720,022427,NA,5,2,5,1943,0,1,1,NA,2,210,I-105 W/B (GLENN ANDERSON FWY),ATLANTIC AVE.,50,W,N,A,-,Y,NA,NA,105,NA,NA,NA,NA,NA,W,N,4,0,1,2,A,-,03,22350,NA,N,C,C,A,A,H,-,C,D,0,NA,NA,NA,NA,Y,NA,A,01,0,0,1,0,0,0,0,0,0,-,-,33.91630172729492,-118.18984222412108,LOS ANGELES,LYNWOOD,-118.18982696533205,33.91633605957031
91369176,2020,2020-12-17,9580,2020-12-15,1804,022572,NA,2,2,7,1942,0,1,2,NA,2,104,US-101 N/B (VENTURA FREEWAY),VALLEY CIRCLE BLVD,100,S,N,A,-,Y,NA,NA,101,NA,NA,NA,NA,NA,N,N,4,0,1,1,A,-,08,22107,NA,N,E,I,A,A,H,-,C,D,0,NA,NA,NA,NA,Y,NA,A,01,0,0,1,0,0,0,0,0,0,-,-,34.159210205078125,-118.63807678222656,LOS ANGELES,LOS ANGELES,-118.63810729980467,34.15928649902344
91369190,2020,2020-12-17,9550,2020-12-10,1755,021166,NA,4,2,9,1900,0,1,1,NA,2,650,I-605 N/B,SLAUSON AVENUE,200,N,N,A,-,Y,NA,NA,605,NA,NA,NA,NA,NA,N,Y,4,0,1,4,A,-,03,22350,NA,N,C,C,A,A,H,-,C,D,0,NA,NA,NA,NA,Y,NA,A,01,0,0,1,0,0,0,0,0,0,-,-,33.968509674072266,-118.08264923095705,LOS ANGELES,UNINCORPORATED,-118.08257293701172,33.968467712402344
91369201,2020,2020-12-17,9530,2020-12-12,1210,022438,NA,6,1,5,1943,0,1,1,NA,2,210,I-105 W/B (GLENN ANDERSON FWY),BULLIS RD.,100,W,N,A,-,Y,NA,NA,105,NA,NA,NA,NA,NA,W,Y,4,0,1,2,A,-,07,21658,A,N,C,C,A,A,H,-,A,D,0,NA,NA,NA,NA,Y,NA,A,01,0,0,1,0,0,0,0,0,0,-,-,33.92184066772461,-118.20250701904295,LOS ANGELES,LYNWOOD,-118.2025146484375,33.92182159423828
91369217,2020,2020-12-17,9565,2020-12-08,2156,021429,NA,2,2,9,1900,0,2,4,NA,2,022,S. NORMANDIE AVENUE,W. 95TH STREET,0,NA,Y,A,-,N,NA,NA,NA,NA,NA,NA,NA,NA,NA,Y,3,0,3,2,A,-,12,21453,A,N,D,C,A,A,H,-,A,A,0,NA,NA,NA,NA,Y,Y,-,-,0,1,2,0,0,0,0,0,0,-,-,33.94953918457031,-118.30033111572266,LOS ANGELES,UNINCORPORATED,-118.3002700805664,33.949668884277344
9136923,2020,2020-10-09,1942,2020-08-05,1430,39177,1801,3,5,7,1942,0,0,0,R,0,25TL54,88TH ST,BARING CROSS ST,0,NA,Y,A,-,N,NA,NA,NA,NA,NA,NA,NA,NA,NA,Y,4,0,2,2,A,-,12,22450,A,F,D,C,A,A,H,-,A,A,0,NA,NA,NA,NA,Y,NA,A,01,0,0,2,0,0,0,0,0,0,-,-,NA,NA,LOS ANGELES,LOS ANGELES,-118.28936004638672,33.957950592041016
91369248,2020,2020-12-17,9550,2020-12-10,2107,022167,NA,4,2,7,1941,0,1,3,NA,2,090,SR-91 W/B,CHERRY AVENUE,60,W,N,A,-,Y,NA,NA,91,NA,NA,NA,NA,NA,W,Y,3,0,1,2,A,-,03,22350,NA,N,C,C,A,A,H,-,A,D,0,NA,NA,NA,NA,Y,NA,A,01,0,1,0,0,0,0,0,0,0,-,-,33.87628936767578,-118.16911315917967,LOS ANGELES,LONG BEACH,-118.16913604736328,33.876121520996094
91369264,2020,2020-12-17,9530,2020-12-12,1420,021380,NA,6,2,7,1941,0,1,1,NA,2,420,I-405 S/B (SAN DIEGO FREEWAY),SPRING ST.,600,N,N,A,-,Y,NA,NA,405,NA,NA,NA,NA,NA,S,N,3,0,1,2,A,-,03,22350,NA,N,C,C,A,A,H,-,A,D,0,NA,NA,NA,NA,Y,NA,A,01,0,1,0,0,0,0,0,0,0,-,-,33.812461853027344,-118.16423797607422,LOS ANGELES,LONG BEACH,-118.1642608642578,33.81239700317383
91369286,2020,2020-12-17,9575,2020-12-07,1353,022502,NA,1,1,9,1900,0,2,4,NA,2,011,OCEAN VIEW BLVD,MONTROSE AVENUE,0,NA,Y,A,-,N,NA,NA,NA,NA,NA,NA,NA,NA,NA,Y,3,0,2,2,A,-,12,21453,A,N,D,C,A,A,H,-,A,A,0,NA,NA,NA,NA,Y,NA,A,01,0,1,1,0,0,0,0,0,0,-,-,34.20922088623047,-118.22804260253906,LOS ANGELES,UNINCORPORATED,-118.22795867919922,34.209320068359375
91369287,2020,2020-12-17,9550,2020-12-11,2030,022203,NA,5,2,3,1964,0,1,1,NA,2,650,INTERSTATE 605 N/B,TELEGRAPH ROAD,3000,N,N,A,-,Y,NA,NA,605,NA,NA,NA,NA,NA,N,N,3,0,1,2,A,-,08,22107,NA,N,B,C,A,A,H,-,E,D,0,NA,NA,NA,Y,Y,NA,A,07,0,1,0,0,0,0,0,0,0,-,-,33.95771026611328,-118.08719635009766,LOS ANGELES,SANTA FE SPRINGS,-118.08722686767578,33.95772171020508