CASE_ID,ACCIDENT_YEAR,PROC_DATE,JURIS,COLLISION_DATE,COLLISION_TIME,OFFICER_ID,REPORTING_DISTRICT,DAY_OF_WEEK,CHP_SHIFT,POPULATION,CNTY_CITY_LOC,SPECIAL_COND,BEAT_TYPE,CHP_BEAT_TYPE,CITY_DIVISION_LAPD,CHP_BEAT_CLASS,BEAT_NUMBER,PRIMARY_RD,SECONDARY_RD,DISTANCE,DIRECTION,INTERSECTION,WEATHER_1,WEATHER_2,STATE_HWY_IND,CALTRANS_COUNTY,CALTRANS_DISTRICT,STATE_ROUTE,ROUTE_SUFFIX,POSTMILE_PREFIX,POSTMILE,LOCATION_TYPE,RAMP_INTERSECTION,SIDE_OF_HWY,TOW_AWAY,COLLISION_SEVERITY,NUMBER_KILLED,NUMBER_INJURED,PARTY_COUNT,PRIMARY_COLL_FACTOR,PCF_CODE_OF_VIOL,PCF_VIOL_CATEGORY,PCF_VIOLATION,PCF_VIOL_SUBSECTION,HIT_AND_RUN,TYPE_OF_COLLISION,MVIW,PED_ACTION,ROAD_SURFACE,ROAD_COND_1,ROAD_COND_2,LIGHTING,CONTROL_DEVICE,CHP_ROAD_TYPE,PEDESTRIAN_ACCIDENT,BICYCLE_ACCIDENT,MOTORCYCLE_ACCIDENT,TRUCK_ACCIDENT,NOT_PRIVATE_PROPERTY,ALCOHOL_INVOLVED,STWD_VEHTYPE_AT_FAULT,CHP_VEHTYPE_AT_FAULT,COUNT_SEVERE_INJ,COUNT_VISIBLE_INJ,COUNT_COMPLAINT_PAIN,COUNT_PED_KILLED,COUNT_PED_INJURED,COUNT_BICYCLIST_KILLED,COUNT_BICYCLIST_INJURED,COUNT_MC_KILLED,COUNT_MC_INJURED,PRIMARY_RAMP,SECONDARY_RAMP,LATITUDE,LONGITUDE,COUNTY,CITY,POINT_X,POINT_Y
91373353,2020,2020-12-22,9535,2020-12-12,1910,022319,NA,6,2,6,1922,0,1,1,NA,2,110,I-10 (SAN BERNARDINO FREEWAY) E/B,VALLEY BLVD.,400,E,N,A,-,Y,NA,NA,10,NA,NA,NA,NA,NA,E,Y,2,0,1,1,A,-,08,22107,NA,N,E,I,A,A,B,-,C,D,0,NA,NA,Y,NA,Y,NA,C,02,1,0,0,0,0,0,0,0,1,-,-,34.068031311035156,-118.02536010742188,LOS ANGELES,EL MONTE,-118.02536010742188,34.06800842285156
91373377,2020,2020-12-22,9550,2020-12-19,1240,020025,NA,6,1,9,1900,0,1,3,NA,2,602,SR60 WB,NOGALES STREET,1000,E,N,A,-,Y,NA,NA,60,NA,NA,NA,NA,NA,W,N,3,0,1,2,A,-,08,22107,NA,F,B,C,A,A,H,-,A,D,0,NA,NA,Y,NA,Y,NA,-,99,0,1,0,0,0,0,0,0,1,-,-,33.994239807128906,-117.88484191894533,LOS ANGELES,UNINCORPORATED,-117.88484191894533,33.99428176879883
91373386,2020,2020-12-23,9525,2020-09-19,0105,019966,NA,6,3,4,1913,0,1,1,NA,2,110,I-10 EASTBOUND (SAN BERNARDINO FREEWAY),INDIAN HILL BOULEVARD,10,E,N,A,-,Y,NA,NA,10,NA,NA,NA,NA,NA,E,Y,1,1,1,2,A,-,01,23152,A,N,C,C,A,A,H,-,D,D,0,NA,NA,NA,Y,Y,Y,A,01,0,1,0,0,0,0,0,0,0,-,-,34.08161163330078,-117.71935272216795,LOS ANGELES,CLAREMONT,-117.71935272216795,34.08165740966797
91373403,2020,2020-12-22,9550,2020-12-16,1500,022391,NA,3,2,9,1900,0,2,4,NA,1,023,MULBERRY DRIVE,RUOFF AVENUE,300,E,N,A,-,N,NA,NA,NA,NA,NA,NA,NA,NA,NA,Y,4,0,1,3,A,-,03,22350,NA,F,C,C,A,A,H,-,A,D,0,NA,NA,NA,NA,Y,NA,A,01,0,0,1,0,0,0,0,0,0,-,-,33.93955993652344,-118.02345275878906,LOS ANGELES,UNINCORPORATED,-118.02344512939452,33.93951416015625
91373409,2020,2020-12-22,9590,2020-12-10,1645,022369,NA,4,2,7,1942,0,1,1,NA,2,051,I-110 S/B (HARBOR FREEWAY),47TH STEET,100,S,N,A,-,Y,NA,NA,110,NA,NA,NA,NA,NA,S,N,4,0,1,2,A,-,07,21658,A,N,B,C,A,A,H,-,A,D,0,NA,NA,NA,NA,Y,NA,A,01,0,0,1,0,0,0,0,0,0,-,-,34.00033950805664,-118.28112030029295,LOS ANGELES,LOS ANGELES,-118.28104400634766,34.00034713745117
91373410,2020,2020-12-22,9545,2020-12-16,1400,021340,NA,3,2,6,1950,0,1,3,NA,2,021,SR-14 N/B,AVENUE O,89,N,N,A,-,Y,NA,NA,NA,NA,NA,NA,NA,NA,NA,Y,3,0,1,1,A,-,08,22107,NA,N,E,I,A,A,H,-,A,D,0,NA,NA,NA,NA,Y,NA,A,01,0,1,0,0,0,0,0,0,0,-,-,34.61677169799805,-118.1530303955078,LOS ANGELES,PALMDALE,NA,NA
91373434,2020,2020-12-22,9550,2020-12-17,0855,022430,NA,4,1,9,1900,0,2,4,NA,1,051,NOGALES STREET,GALE AVENUE,20,N,N,A,-,N,NA,NA,NA,NA,NA,NA,NA,NA,NA,N,3,0,1,2,A,-,03,22350,NA,N,C,C,A,A,H,-,A,A,0,NA,NA,NA,NA,Y,NA,A,01,0,1,0,0,0,0,0,0,0,-,-,33.996421813964844,-117.88848114013672,LOS ANGELES,UNINCORPORATED,-117.88841247558594,33.99636459350586
91373480,2020,2020-12-22,9525,2020-12-19,1420,021545,NA,6,2,9,1900,0,3,5,NA,2,002,VINCENT AVE (4600 BLOCK),BENWOOD ST,0,NA,Y,A,-,N,NA,NA,NA,NA,NA,NA,NA,NA,NA,Y,3,0,1,2,A,-,09,21802,A,N,D,C,A,A,H,-,A,A,0,NA,NA,NA,NA,Y,NA,A,01,0,1,0,0,0,0,0,0,0,-,-,34.097599029541016,-117.92537689208984,LOS ANGELES,UNINCORPORATED,-117.9255828857422,34.097530364990234
91373499,2020,2020-12-23,9525,2020-12-17,2355,015988,NA,4,3,6,1955,0,1,1,NA,2,108,I-10 E/B (SAN BERNARDINO FWY),KELLOGG DR.,2640,W,N,A,-,Y,NA,NA,10,NA,NA,NA,NA,NA,E,Y,4,0,2,2,A,-,07,21658,A,F,C,C,A,A,D,E,D,D,0,NA,NA,NA,Y,Y,NA,F,27,0,0,2,0,0,0,0,0,0,-,-,34.063480377197266,-117.82128143310548,LOS ANGELES,POMONA,-117.8212661743164,34.06364440917969
91373500,2020,2020-12-23,9525,2020-12-11,2100,021080,NA,5,2,9,1900,0,2,4,NA,2,045,VALLEY BLVD (13000 BLOCK),SAN ANGELO AVE,35,W,N,A,-,N,NA,NA,NA,NA,NA,NA,NA,NA,NA,Y,3,0,2,2,A,-,03,22350,NA,N,C,C,A,A,H,-,E,A,0,NA,NA,NA,NA,Y,NA,A,01,0,2,0,0,0,0,0,0,0,-,-,34.05189895629883,-118.0003662109375,LOS ANGELES,UNINCORPORATED,-118.00019073486328,34.051856994628906
91373618,2020,2020-12-23,9590,2020-12-03,1325,022497,NA,4,1,7,1942,0,1,1,NA,2,011,SR-110 S/B (ARROYO SECO PARKWAY),PARK ROW DRIVE,100,S,N,A,-,Y,NA,NA,110,NA,NA,NA,NA,NA,S,Y,3,0,1,2,A,-,07,21658,A,N,B,C,A,A,H,-,A,D,0,NA,NA,Y,NA,Y,NA,J,41,0,1,0,0,0,0,0,0,1,-,-,34.07643127441406,-118.23116302490234,LOS ANGELES,LOS ANGELES,-118.2311553955078,34.07642364501953
91373620,2020,2020-12-23,9590,2020-12-09,0249,021848,NA,3,3,7,1942,0,1,1,NA,2,082,I-5 N/B (GOLDEN STATE FREEWAY),WHITTIER BOULEVARD,600,S,N,A,-,Y,NA,NA,5,NA,NA,NA,NA,NA,N,Y,2,0,1,1,A,-,01,23152,A,N,E,I,A,A,H,-,C,D,0,NA,NA,NA,NA,Y,Y,A,01,1,0,0,0,0,0,0,0,0,-,-,34.03446960449219,-118.22013092041016,LOS ANGELES,LOS ANGELES,-118.22044372558594,34.03462219238281
91373624,2020,2020-12-23,9540,2020-12-18,0001,020678,NA,5,3,9,1900,0,1,3,NA,2,146,SR-14 N/B (ANTELOPE VALLEY FWY),AGUA DULCE CYN RD,700,N,N,A,-,Y,NA,NA,14,NA,NA,NA,NA,NA,N,Y,2,0,2,3,A,-,03,22350,NA,N,C,C,E,A,H,-,D,D,0,Y,NA,NA,NA,Y,NA,A,01,1,1,0,0,1,0,0,0,0,-,-,34.46664810180664,-118.32794952392578,LOS ANGELES,UNINCORPORATED,-118.32794952392578,34.466617584228516
91373625,2020,2020-12-23,9590,2020-12-11,1605,022417,NA,5,2,7,1942,0,1,1,NA,2,041,I-5 S/B (SAF),LORENA STREET,1000,S,N,A,-,Y,NA,NA,5,NA,NA,NA,NA,NA,S,Y,4,0,1,2,A,-,03,22350,NA,N,C,C,A,A,H,-,A,D,0,NA,NA,NA,NA,Y,NA,A,07,0,0,1,0,0,0,0,0,0,-,-,34.023399353027344,-118.2009506225586,LOS ANGELES,LOS ANGELES,-118.20098114013672,34.02332305908203
91373626,2020,2020-12-23,9580,2020-12-16,1416,022591,NA,3,2,7,1942,0,1,2,NA,2,103,US-101 S/B (VENTURA FREEWAY),HAZELTINE AVE,500,N,N,A,-,Y,NA,NA,101,NA,NA,NA,NA,NA,S,Y,4,0,1,2,A,-,07,21658,A,N,C,C,A,A,H,-,A,D,0,NA,NA,NA,NA,Y,NA,A,08,0,0,1,0,0,0,0,0,0,-,-,34.155330657958984,-118.44072723388672,LOS ANGELES,LOS ANGELES,-118.44073486328124,34.15534973144531
91373634,2020,2020-12-23,9530,2020-12-09,2150,021094,NA,3,2,9,1900,0,3,5,NA,2,005,CRENSHAW BLVD. (15000 BLOCK),154TH ST.,540,N,N,A,-,N,NA,NA,NA,NA,NA,NA,NA,NA,NA,N,4,0,1,2,A,-,07,21658,A,N,B,C,A,A,H,-,C,D,0,NA,NA,NA,NA,Y,NA,A,01,0,0,1,0,0,0,0,0,0,-,-,33.53330993652344,-118.19355010986328,LOS ANGELES,UNINCORPORATED,-118.3265380859375,33.89250183105469
91373637,2020,2020-12-23,9580,2020-12-22,1150,017961,NA,2,1,7,1942,0,1,1,NA,2,406,I-405 N/B (SAN DIEGO FWY),PARTHENIA ST,500,S,N,A,-,Y,NA,NA,405,NA,NA,NA,NA,NA,N,Y,3,0,1,2,A,-,07,21658,A,N,C,C,A,A,H,-,A,D,0,NA,NA,NA,NA,Y,NA,A,07,0,1,0,0,0,0,0,0,0,-,-,34.232421875,-118.47306060791016,LOS ANGELES,LOS ANGELES,-118.47297668457033,34.232418060302734
91373640,2020,2020-12-23,9530,2020-12-12,2350,021871,NA,6,3,7,1941,0,1,1,NA,2,072,I-710 S/B (LONG BEACH FREEWAY),WILLOW ST.,2200,N,N,A,-,Y,NA,NA,710,NA,NA,NA,NA,NA,S,Y,2,0,1,2,A,-,01,23152,A,N,C,C,A,A,H,-,C,D,0,NA,NA,NA,NA,Y,Y,A,01,1,0,0,0,0,0,0,0,0,-,-,33.81393814086914,-118.2071533203125,LOS ANGELES,LONG BEACH,-118.2070541381836,33.81393814086914
91373642,2020,2020-12-23,9540,2020-11-15,1230,019295,NA,7,1,9,1900,0,1,3,NA,2,147,SR-14 S/B,WARD RD,6336,S,N,A,-,Y,NA,NA,14,NA,NA,NA,NA,NA,S,Y,3,0,1,1,A,-,08,22107,NA,M,E,I,A,A,H,-,A,D,0,NA,NA,NA,NA,Y,NA,A,01,0,1,0,0,0,0,0,0,0,-,-,34.5054817199707,-118.24825286865234,LOS ANGELES,UNINCORPORATED,-118.24825286865234,34.5053596496582
91373650,2020,2020-12-23,9540,2020-12-17,1545,020153,NA,4,2,9,1900,0,1,3,NA,2,147,SR-14 S/B (ANTELOPE VALLEY FWY.),ESCONDIDO CANYON RD.,6600,S,N,A,-,Y,NA,NA,14,NA,NA,NA,NA,NA,S,Y,4,0,1,6,A,-,03,22350,NA,F,C,C,A,A,H,-,A,D,0,NA,NA,NA,NA,Y,NA,A,01,0,0,1,0,0,0,0,0,0,-,-,34.479209899902344,-118.29830932617188,LOS ANGELES,UNINCORPORATED,-118.29837799072266,34.47936248779297
91373655,2020,2020-12-23,9575,2020-12-13,1325,022479,NA,7,1,9,1900,0,1,3,NA,2,301,SR-2 (ANGELES CREST HWY.),SWITZER TRUCK TRAIL,130,E,N,A,-,Y,NA,NA,2,NA,NA,NA,NA,NA,NA,Y,2,0,1,2,A,-,09,21801,A,N,D,C,A,A,H,-,A,D,0,NA,NA,Y,NA,Y,NA,A,01,1,0,0,0,0,0,0,0,1,-,-,34.268978118896484,-118.1462173461914,LOS ANGELES,UNINCORPORATED,-118.14620208740234,34.26901626586914
91373667,2020,2020-12-23,9535,2020-12-11,1944,021976,NA,5,2,4,1962,0,1,1,NA,2,400,I-10 EB FROM DEL MAR AVE SB,DEL MAR AVE,80,W,N,A,-,Y,NA,NA,10,NA,NA,NA,R,NA,E,N,4,0,3,2,A,-,03,22350,NA,N,C,C,A,A,H,-,C,A,0,NA,NA,NA,NA,Y,NA,A,01,0,0,3,0,0,0,0,0,0,-,-,34.071800231933594,-118.10645294189452,LOS ANGELES,SAN GABRIEL,-118.10645294189452,34.071800231933594
91373670,2020,2020-12-23,9530,2020-12-17,1635,017860,NA,4,2,7,1941,0,1,1,NA,2,420,I-405 S/B (SAN DIEGO FREEWAY),ORANGE AVE.,525,S,N,A,-,Y,NA,NA,405,NA,NA,NA,NA,NA,S,Y,4,0,1,3,A,-,03,22350,NA,F,C,C,A,A,H,-,A,D,0,NA,NA,NA,NA,Y,NA,A,07,0,0,1,0,0,0,0,0,0,-,-,33.81425094604492,-118.17442321777344,LOS ANGELES,LONG BEACH,-118.17442321777344,33.814205169677734
91373676,2020,2020-12-23,9590,2020-12-11,1425,021583,NA,5,2,7,1942,0,1,2,NA,2,072,US-101 N/B (HOLLYWOOD FREEWAY),BARHAM BOULEVARD,900,N,N,A,-,Y,NA,NA,101,NA,NA,NA,NA,NA,N,N,4,0,1,2,A,-,07,21658,A,N,B,C,A,A,H,-,A,D,0,NA,NA,NA,NA,Y,NA,A,01,0,0,1,0,0,0,0,0,0,-,-,34.13092041015625,-118.34896087646484,LOS ANGELES,LOS ANGELES,-118.34899139404295,34.130889892578125
91373677,2020,2020-12-23,9565,2020-12-12,1220,017060,NA,6,1,6,1933,0,1,1,NA,2,060,I-405 N/B (SAN DIEGO FREEWAY),CENTURY BLVD.,600,N,N,A,-,Y,NA,NA,405,NA,NA,NA,NA,NA,N,Y,3,0,1,2,A,-,03,22350,NA,N,C,C,A,A,H,-,A,A,0,NA,NA,NA,NA,Y,NA,A,01,0,1,0,0,0,0,0,0,0,-,-,33.94633865356445,-118.36746978759766,LOS ANGELES,INGLEWOOD,-118.36823272705078,33.94632339477539
91373682,2020,2020-12-23,9535,2020-12-12,1620,022347,NA,6,2,5,1943,0,1,1,NA,2,074,I-710 N/B FROM ROSECRANS AVENUE,ROSECRANS AVENUE,1055,N,N,A,-,Y,NA,NA,710,NA,NA,NA,R,NA,N,Y,3,0,1,2,A,-,03,22350,NA,N,C,C,A,A,H,-,A,A,0,NA,NA,NA,NA,Y,NA,A,01,0,1,0,0,0,0,0,0,0,-,-,33.90639114379883,-118.1820068359375,LOS ANGELES,LYNWOOD,-118.1820068359375,33.90639114379883
91373684,2020,2020-12-23,9580,2020-12-22,1223,018185,NA,2,1,7,1942,0,1,2,NA,2,104,US-101 N/B (VENTURA FREEWAY),LINDLEY AVE,500,W,N,A,-,Y,NA,NA,101,NA,NA,NA,NA,NA,N,Y,4,0,1,3,A,-,07,21658,A,N,B,C,A,A,H,-,A,D,0,NA,NA,NA,NA,Y,NA,A,01,0,0,1,0,0,0,0,0,0,-,-,34.17134094238281,-118.52938079833984,LOS ANGELES,LOS ANGELES,-118.52938079833984,34.17134094238281
91373693,2020,2020-12-23,9590,2020-12-11,1300,019303,NA,5,1,7,1942,0,1,1,NA,2,065,I-10 W/B (SMF) TO ALAMDEDA ST,ALAMEDA ST,600,E,N,A,-,Y,NA,NA,10,NA,NA,NA,R,NA,W,N,4,0,1,2,A,-,03,22350,NA,N,C,C,A,A,H,-,A,D,0,NA,NA,NA,Y,Y,NA,F,26,0,0,1,0,0,0,0,0,0,-,-,34.02552032470703,-118.23780059814452,LOS ANGELES,LOS ANGELES,-118.23780059814452,34.02552032470703
91373701,2020,2020-12-23,9565,2020-12-14,1205,021575,NA,1,1,9,1900,0,3,5,NA,2,002,112TH STREET,NORMANDIE AVENUE,400,W,N,A,-,N,NA,NA,NA,NA,NA,NA,NA,NA,NA,N,4,0,1,2,A,-,08,22107,NA,N,B,E,A,A,H,-,A,A,0,NA,NA,NA,NA,Y,NA,D,22,0,0,1,0,0,0,0,0,0,-,-,33.932559967041016,-118.30174255371094,LOS ANGELES,UNINCORPORATED,-118.30154418945313,33.932579040527344
91373703,2020,2020-12-23,9530,2020-12-18,1948,022427,NA,5,2,9,1900,0,3,5,NA,2,001,COMPTON AVE. (5900 BLOCK),60TH ST,30,N,N,A,-,N,NA,NA,NA,NA,NA,NA,NA,NA,NA,N,4,0,1,2,A,-,03,22350,NA,N,C,C,A,A,H,-,C,A,0,NA,NA,NA,NA,Y,NA,A,01,0,0,1,0,0,0,0,0,0,-,-,33.98583984375,-118.24777221679688,LOS ANGELES,UNINCORPORATED,-118.24774169921876,33.985801696777344
91373719,2020,2020-12-23,9530,2020-12-18,1645,022427,NA,5,2,9,1900,0,3,5,NA,2,001,60TH ST. (1400 BLOCK),COMPTON AVE.,570,W,N,A,-,N,NA,NA,NA,NA,NA,NA,NA,NA,NA,N,4,0,1,2,A,-,08,22100,A,N,D,C,A,A,H,-,B,D,0,NA,NA,Y,NA,Y,NA,A,07,0,0,1,0,0,0,0,0,1,-,-,33.98527145385742,-118.2497100830078,LOS ANGELES,UNINCORPORATED,-118.24774169921876,33.985721588134766
91373726,2020,2020-12-23,9590,2020-12-13,0225,021823,NA,7,3,7,1942,0,1,1,NA,2,012,SR-110 N/B (ARROYO SECO PARKWAY),AVE 60,350,N,N,A,-,Y,NA,NA,110,NA,NA,NA,NA,NA,N,Y,3,0,1,1,A,-,01,23152,A,N,E,I,A,A,H,-,C,D,0,NA,NA,NA,NA,Y,Y,A,01,0,1,0,0,0,0,0,0,0,-,-,34.10829162597656,-118.18528747558594,LOS ANGELES,LOS ANGELES,-118.18536376953124,34.108360290527344
91373740,2020,2020-12-23,9590,2020-12-11,1855,022569,NA,5,2,7,1942,0,1,1,NA,2,062,I-10 E/B (SANTA MONICA FREEWAY),HILL STREET,110,W,N,A,-,Y,NA,NA,10,NA,NA,NA,NA,NA,E,Y,4,0,1,2,A,-,03,22350,NA,N,C,C,A,A,H,-,C,D,0,NA,NA,NA,NA,Y,NA,A,01,0,0,1,0,0,0,0,0,0,-,-,34.03377151489258,-118.26586151123048,LOS ANGELES,LOS ANGELES,-118.265869140625,34.033756256103516
91373743,2020,2020-12-23,9590,2020-12-11,0835,015982,NA,5,1,7,1942,0,1,1,NA,2,053,I-110 S/B (HAF) ADAMS BLVD COLLECTOR RD,PICO BLVD,120,S,N,A,-,Y,NA,NA,110,NA,NA,NA,NA,NA,S,Y,3,0,1,3,A,-,03,22350,NA,N,C,C,A,A,H,-,A,D,0,NA,NA,NA,NA,Y,NA,A,01,0,1,0,0,0,0,0,0,0,-,-,34.04275894165039,-118.27332305908205,LOS ANGELES,LOS ANGELES,-118.2730712890625,34.04262924194336
91373759,2020,2020-12-23,9530,2020-12-15,2226,021871,NA,2,3,9,1900,0,3,5,NA,2,001,SANTA FE AVE (8300 BLOCK),SALE PL.,5,S,N,A,-,N,NA,NA,NA,NA,NA,NA,NA,NA,NA,Y,2,0,2,3,A,-,01,23152,F,N,A,E,A,A,H,-,C,D,0,NA,NA,NA,NA,Y,NA,A,01,2,0,0,0,0,0,0,0,0,-,-,33.96329879760742,-118.23023223876952,LOS ANGELES,UNINCORPORATED,-118.23026275634766,33.96300506591797
91373766,2020,2020-12-23,9590,2020-12-04,0712,022102,NA,5,1,7,1942,0,1,1,NA,2,050,I-110 N/B (HARBOR FREEWAY),54TH ST,240,S,N,A,-,Y,NA,NA,110,NA,NA,NA,NA,NA,N,N,3,0,1,2,A,-,07,21658,A,N,B,C,A,A,H,-,A,D,0,NA,NA,Y,NA,Y,NA,A,01,0,1,0,0,0,0,0,0,1,-,-,33.992549896240234,-118.28034973144533,LOS ANGELES,LOS ANGELES,-118.28040313720705,33.992549896240234
91373770,2020,2021-01-18,9565,2020-12-12,1429,021889,NA,6,2,7,1942,0,1,1,NA,2,061,I-405 N/B,SR-90,500,S,N,A,-,Y,NA,NA,405,NA,NA,NA,NA,NA,N,N,4,0,1,2,A,-,03,22350,NA,N,C,C,A,A,H,-,A,D,0,NA,NA,NA,NA,Y,NA,A,01,0,0,1,0,0,0,0,0,0,-,-,33.98630142211914,-118.39785003662108,LOS ANGELES,LOS ANGELES,-118.39785003662108,33.98630142211914
91373774,2020,2020-12-23,9565,2020-12-12,0600,022437,NA,6,1,9,1900,0,1,1,NA,2,012,I-105 WB (CENTURY FWY),NORMANDIE AVE,240,W,N,A,-,Y,NA,NA,105,NA,NA,NA,NA,NA,W,Y,4,0,1,3,A,-,03,22350,NA,F,C,C,A,A,H,-,B,D,0,NA,NA,NA,NA,Y,NA,A,01,0,0,1,0,0,0,0,0,0,-,-,33.92742156982422,-118.30126953125,LOS ANGELES,UNINCORPORATED,-118.30127716064452,33.92745590209961
91373778,2020,2020-12-23,9550,2020-12-17,1040,019518,NA,4,1,9,1900,0,2,4,NA,1,011,WORKMAN MILL ROAD,ROSE HILLS GATE 1,0,NA,Y,A,-,N,NA,NA,NA,NA,NA,NA,NA,NA,NA,Y,3,0,1,2,A,-,09,21801,A,N,D,C,A,A,H,-,A,A,0,NA,NA,NA,NA,Y,NA,A,01,0,1,0,0,0,0,0,0,0,-,-,34.01736831665039,-118.04061889648438,LOS ANGELES,UNINCORPORATED,-118.041092,34.017096
91373811,2020,2020-12-23,9565,2020-12-19,1145,020239,NA,6,1,7,1942,0,1,1,NA,2,062,I-405 NORTHBOUND (SAN DIEGO FREEWAY),VENICE BLVD,100,N,N,A,-,Y,NA,NA,405,NA,NA,NA,NA,NA,N,N,4,0,2,2,A,-,03,22350,NA,N,C,C,A,A,H,-,A,D,0,NA,NA,NA,NA,Y,NA,A,01,0,0,2,0,0,0,0,0,0,-,-,34.01319885253906,-118.41912841796876,LOS ANGELES,LOS ANGELES,-118.41912078857422,34.013206481933594
91373816,2020,2020-12-23,9590,2020-12-11,0730,022456,NA,5,1,7,1942,0,1,1,NA,2,021,I-10 W/B (SBF) TO I-5 N/B (GSF),STATE STREET,50,E,N,A,-,Y,NA,NA,10,NA,NA,NA,R,NA,W,Y,4,0,2,1,A,-,08,22107,NA,N,E,I,A,A,H,-,A,D,0,NA,NA,NA,NA,Y,NA,A,01,0,0,2,0,0,0,0,0,0,-,-,34.05503845214844,-118.21160125732422,LOS ANGELES,LOS ANGELES,-118.21160125732422,34.05503845214844
91373835,2020,2020-12-23,9535,2020-12-12,2235,022418,NA,6,3,9,1900,0,3,5,NA,2,006,DURFEE AVENUE (300 N BLOCK),SANTA ANITA AVENUE,1585,E,N,A,-,N,NA,NA,NA,NA,NA,NA,NA,NA,NA,Y,3,0,2,2,A,-,01,23152,A,N,C,C,A,A,H,-,D,D,0,NA,NA,NA,NA,Y,Y,A,01,0,1,1,0,0,0,0,0,0,-,-,34.03004837036133,-118.0576400756836,LOS ANGELES,UNINCORPORATED,-118.04777526855467,34.033565521240234
91373851,2020,2020-12-23,9550,2020-12-16,1120,015040,NA,3,1,4,1936,0,1,1,NA,2,501,I-5 S/B (SANTA ANA FREEWAY),ARTESIA BOULEVARD,2500,N,N,A,-,Y,NA,NA,5,NA,NA,NA,NA,NA,S,Y,4,0,1,1,A,-,08,22107,NA,N,E,J,A,A,D,-,A,D,0,NA,NA,NA,NA,Y,NA,A,01,0,0,1,0,0,0,0,0,0,-,-,33.87759017944336,-118.01686096191406,LOS ANGELES,LA MIRADA,-118.01688385009766,33.87753677368164
91373880,2020,2020-12-23,9530,2020-12-19,2125,021871,NA,6,2,7,1941,0,1,1,NA,2,420,I-405 N/B (SAN DIEGO FREEWAY),I-710,500,N,N,A,-,Y,NA,NA,405,NA,NA,NA,NA,NA,N,Y,4,0,4,2,A,-,01,23152,A,N,C,C,A,A,H,-,E,D,0,NA,NA,NA,NA,Y,Y,A,07,0,0,4,0,0,0,0,0,0,-,-,33.82658004760742,-118.20961761474608,LOS ANGELES,LONG BEACH,-118.20961761474608,33.82661056518555
9137389,2020,2020-09-17,1900,2020-07-27,1620,550488,1623,1,5,5,1977,0,0,0,NA,0,167AD,223RD ST,MONETA AV,0,NA,Y,A,-,N,NA,NA,NA,NA,NA,NA,NA,NA,NA,Y,4,0,1,2,A,-,12,21453,A,N,D,C,A,A,H,-,A,A,0,NA,NA,NA,NA,Y,NA,A,01,0,0,1,0,0,0,0,0,0,-,-,33.82429885864258,-118.271728515625,LOS ANGELES,CARSON,-118.2816925048828,33.82439041137695
91373895,2020,2020-12-23,9590,2020-12-11,1750,021583,NA,5,2,7,1942,0,1,2,NA,2,072,US-101 N/B (HOLLYWOOD FREEWAY),LANKERSHIM BOULEVARD,1500,S,N,A,-,Y,NA,NA,101,NA,NA,NA,NA,NA,N,N,4,0,1,2,A,-,03,22350,NA,N,C,C,A,A,H,-,C,D,0,NA,NA,NA,NA,Y,NA,A,07,0,0,1,0,0,0,0,0,0,-,-,34.13507843017578,-118.35832977294922,LOS ANGELES,LOS ANGELES,-118.3583526611328,34.135013580322266
9137390,2020,2020-09-17,1900,2020-07-21,2200,602967,1616,2,5,5,1977,0,0,0,NA,0,160T,WILMINGTON AV,HELMICK ST,7,N,N,A,-,N,NA,NA,NA,NA,NA,NA,NA,NA,NA,Y,3,0,2,2,A,-,09,21802,A,N,D,C,A,A,H,-,C,D,0,NA,NA,NA,NA,Y,NA,A,07,0,1,1,0,0,0,0,0,0,-,-,33.85211944580078,-118.2343292236328,LOS ANGELES,CARSON,-118.23445892333984,33.852149963378906
91373901,2020,2020-12-23,9590,2020-12-11,1930,022384,NA,5,2,7,1942,0,1,1,NA,2,052,I-110 N/B (HARBOR FREEWAY),OLYMPIC BOULEVARD,135,N,N,A,-,Y,NA,NA,110,NA,NA,NA,NA,NA,N,N,4,0,1,2,A,-,03,22350,NA,F,C,C,A,A,H,-,C,D,0,NA,NA,NA,NA,Y,NA,-,99,0,0,1,0,0,0,0,0,0,-,-,34.04698181152344,-118.26805877685548,LOS ANGELES,LOS ANGELES,-118.2680435180664,34.04695129394531
9137391,2020,2020-09-17,1900,2020-07-18,0908,533847,1615,6,5,5,1977,0,0,0,NA,0,164T,AVALON BL,ELSMERE DR,27,N,N,A,-,N,NA,NA,NA,NA,NA,NA,NA,NA,NA,Y,4,0,1,3,A,-,03,22350,NA,N,C,C,A,A,H,-,A,A,0,NA,NA,NA,NA,Y,NA,A,07,0,0,1,0,0,0,0,0,0,-,-,33.85335159301758,-118.26531982421876,LOS ANGELES,CARSON,-118.26564025878906,33.85334396362305