CASE_ID,ACCIDENT_YEAR,PROC_DATE,JURIS,COLLISION_DATE,COLLISION_TIME,OFFICER_ID,REPORTING_DISTRICT,DAY_OF_WEEK,CHP_SHIFT,POPULATION,CNTY_CITY_LOC,SPECIAL_COND,BEAT_TYPE,CHP_BEAT_TYPE,CITY_DIVISION_LAPD,CHP_BEAT_CLASS,BEAT_NUMBER,PRIMARY_RD,SECONDARY_RD,DISTANCE,DIRECTION,INTERSECTION,WEATHER_1,WEATHER_2,STATE_HWY_IND,CALTRANS_COUNTY,CALTRANS_DISTRICT,STATE_ROUTE,ROUTE_SUFFIX,POSTMILE_PREFIX,POSTMILE,LOCATION_TYPE,RAMP_INTERSECTION,SIDE_OF_HWY,TOW_AWAY,COLLISION_SEVERITY,NUMBER_KILLED,NUMBER_INJURED,PARTY_COUNT,PRIMARY_COLL_FACTOR,PCF_CODE_OF_VIOL,PCF_VIOL_CATEGORY,PCF_VIOLATION,PCF_VIOL_SUBSECTION,HIT_AND_RUN,TYPE_OF_COLLISION,MVIW,PED_ACTION,ROAD_SURFACE,ROAD_COND_1,ROAD_COND_2,LIGHTING,CONTROL_DEVICE,CHP_ROAD_TYPE,PEDESTRIAN_ACCIDENT,BICYCLE_ACCIDENT,MOTORCYCLE_ACCIDENT,TRUCK_ACCIDENT,NOT_PRIVATE_PROPERTY,ALCOHOL_INVOLVED,STWD_VEHTYPE_AT_FAULT,CHP_VEHTYPE_AT_FAULT,COUNT_SEVERE_INJ,COUNT_VISIBLE_INJ,COUNT_COMPLAINT_PAIN,COUNT_PED_KILLED,COUNT_PED_INJURED,COUNT_BICYCLIST_KILLED,COUNT_BICYCLIST_INJURED,COUNT_MC_KILLED,COUNT_MC_INJURED,PRIMARY_RAMP,SECONDARY_RAMP,LATITUDE,LONGITUDE,COUNTY,CITY,POINT_X,POINT_Y
9137996,2020,2020-10-08,1941,2020-08-09,1333,10947,NA,7,5,7,1941,0,0,0,NA,0,NA,LONG BEACH BL,POLE #FC1046,78,S,N,A,-,N,NA,NA,NA,NA,NA,NA,NA,NA,NA,Y,2,0,2,1,A,-,01,23153,NA,N,A,I,A,A,H,-,A,A,0,NA,NA,NA,NA,Y,Y,D,NA,1,1,0,0,0,0,0,0,0,-,-,NA,NA,LOS ANGELES,LONG BEACH,NA,NA
91379968,2020,2021-01-04,9575,2020-12-23,1255,017148,NA,3,1,9,1900,0,3,5,NA,2,008,SIERRA MADRE BLVD,SAN PASQUAL ST,0,NA,Y,A,-,N,NA,NA,NA,NA,NA,NA,NA,NA,NA,Y,4,0,1,2,A,-,09,21801,A,N,D,C,A,A,H,-,A,D,0,NA,NA,NA,NA,Y,NA,A,01,0,0,1,0,0,0,0,0,0,-,-,34.13780975341797,-118.10167694091795,LOS ANGELES,UNINCORPORATED,-118.10166931152344,34.13780975341797
9137997,2020,2020-10-08,1941,2020-08-09,0940,11132,NA,7,5,7,1941,0,0,0,NA,0,NA,WALNUT AV,5TH ST,0,NA,Y,A,-,N,NA,NA,NA,NA,NA,NA,NA,NA,NA,Y,4,0,1,2,A,-,09,21802,A,N,D,C,A,A,H,-,A,D,0,NA,NA,NA,NA,Y,NA,A,NA,0,0,1,0,0,0,0,0,0,-,-,NA,NA,LOS ANGELES,LONG BEACH,-118.17204284667967,33.773529052734375
91379977,2020,2021-01-04,9530,2020-12-23,1803,020956,NA,3,2,5,1977,0,1,1,NA,2,410,I-405 S/B (SAN DIEGO FREEWAY),ALAMEDA ST.,300,S,N,A,-,Y,NA,NA,405,NA,NA,NA,NA,NA,S,Y,4,0,1,2,A,-,01,23152,A,N,C,C,A,A,H,-,D,D,0,NA,NA,NA,NA,Y,Y,D,22,0,0,1,0,0,0,0,0,0,-,-,33.825199127197266,-118.2240982055664,LOS ANGELES,CARSON,-118.2240982055664,33.825191497802734
9137998,2020,2020-10-08,1941,2020-08-09,1627,10328,NA,7,5,7,1941,0,0,0,NA,0,NA,SANTA FE AV,WARNOCK WY,0,NA,Y,A,-,N,NA,NA,NA,NA,NA,NA,NA,NA,NA,N,4,0,1,2,A,-,12,21453,A,N,C,-,A,A,H,-,-,A,0,NA,NA,NA,NA,Y,NA,A,NA,0,0,1,0,0,0,0,0,0,-,-,NA,NA,LOS ANGELES,LONG BEACH,-118.21595001220705,33.82611083984375
91379983,2020,2021-01-04,9550,2020-12-26,2030,022450,NA,6,2,6,1949,0,1,1,NA,2,651,I-605 SB,ALONDRA BOULEVARD,2000,N,N,A,-,Y,NA,NA,605,NA,NA,NA,NA,NA,S,Y,3,0,1,2,A,-,08,22107,NA,F,B,C,A,A,H,-,D,D,0,NA,NA,NA,NA,Y,NA,-,99,0,1,0,0,0,0,0,0,0,-,-,33.893070220947266,-118.10501861572266,LOS ANGELES,NORWALK,-118.10490417480467,33.8930778503418
9137999,2020,2020-10-08,1941,2020-08-09,1630,10712,NA,7,5,7,1941,0,0,0,NA,0,NA,HILL ST,LIME AV,0,NA,Y,A,-,N,NA,NA,NA,NA,NA,NA,NA,NA,NA,Y,4,0,1,2,A,-,12,22450,A,N,D,C,A,A,H,-,A,A,0,NA,NA,NA,NA,Y,NA,A,NA,0,0,1,0,0,0,0,0,0,-,-,NA,NA,LOS ANGELES,LONG BEACH,-118.18393707275392,33.7971305847168
91379996,2020,2021-01-04,9535,2020-12-27,2250,022330,NA,7,3,6,1922,0,1,1,NA,2,111,I-10 W/B (SAN BERNARDINO FREEWAY),BALDWIN AVE,60,W,N,A,-,Y,NA,NA,10,NA,NA,NA,NA,NA,W,Y,4,0,2,3,A,-,01,23152,A,N,C,C,A,A,H,-,D,D,0,NA,NA,NA,NA,Y,Y,A,01,0,0,2,0,0,0,0,0,0,-,-,34.072669982910156,-118.0539321899414,LOS ANGELES,EL MONTE,-118.05392456054688,34.07276153564453
91379999,2020,2021-01-04,9590,2020-12-23,2040,022087,NA,3,2,7,1942,0,1,1,NA,2,063,I-10 W/B (SANTA MONICA FREEWAY),NORMANDIE AVE.,200,E,N,A,-,Y,NA,NA,NA,NA,NA,NA,NA,NA,NA,N,4,0,1,2,A,-,03,22350,NA,F,C,C,A,A,H,-,C,D,0,NA,NA,NA,NA,Y,NA,A,01,0,0,1,0,0,0,0,0,0,-,-,34.02130126953125,-118.17569732666016,LOS ANGELES,LOS ANGELES,-118.29962158203124,34.037147521972656
9138000,2020,2020-12-03,1941,2020-08-09,2152,6159,NA,7,5,7,1941,0,0,0,NA,0,NA,UPPER OCEAN BL,RT 47,0,NA,N,A,-,Y,LA,7,710,-,-,3.43,H,-,N,Y,4,0,2,2,A,-,01,23153,A,N,C,C,A,A,D,-,C,D,0,NA,NA,NA,NA,Y,Y,A,NA,0,0,2,0,0,0,0,0,0,-,-,NA,NA,LOS ANGELES,LONG BEACH,-118.23837280273438,33.7584114074707
91380001,2020,2021-01-04,9530,2020-12-23,2345,022585,NA,3,3,5,1915,0,1,3,NA,2,310,SR-91 W/B (ARTESIA FREEWAY),ACACIA AVE.,350,W,N,A,-,Y,NA,NA,91,NA,NA,NA,NA,NA,W,Y,2,0,1,3,A,-,01,23152,G,N,C,C,A,A,H,-,C,D,0,NA,NA,NA,Y,Y,Y,A,01,1,0,0,0,0,0,0,0,0,-,-,33.873958587646484,-118.23101806640624,LOS ANGELES,COMPTON,-118.23101806640624,33.87395095825195
91380035,2020,2021-01-26,9565,2020-12-15,0004,021658,NA,2,3,7,1942,0,1,1,NA,2,082,I-10 W/B TO BUNDY DR (SANTA MONICA FWY),BUNDY DR.,150,W,N,A,-,Y,NA,NA,10,NA,NA,NA,R,NA,W,N,3,0,1,1,A,-,01,23152,A,N,E,I,A,A,H,-,D,D,0,NA,NA,NA,NA,Y,Y,A,01,0,1,0,0,0,0,0,0,0,-,-,34.0283203125,-118.44978332519533,LOS ANGELES,LOS ANGELES,-118.44978332519533,34.0283203125
91380041,2020,2021-01-04,9535,2020-11-17,0615,021657,NA,2,1,6,1922,0,1,1,NA,2,401,I-10 (SAN BERNARDINO FREEWAY) W/B,DURFEE AVE,150,E,N,A,-,Y,NA,NA,10,NA,NA,NA,NA,NA,W,Y,3,0,2,3,A,-,07,21658,A,N,B,C,A,A,H,-,A,D,0,NA,NA,NA,NA,Y,NA,D,22,0,1,1,0,0,0,0,0,0,-,-,34.06452178955078,-118.00578308105467,LOS ANGELES,EL MONTE,-118.00576019287108,34.06441116333008
91380070,2020,2021-01-04,9525,2020-12-28,0700,021074,NA,1,1,6,1975,0,1,1,NA,2,106,I-10 E/B (SAN BERNARDINO FWY),HOLT AVE,100,E,N,C,-,Y,NA,NA,10,NA,NA,NA,NA,NA,E,N,4,0,3,1,A,-,03,22350,NA,N,E,I,A,B,H,-,D,D,0,NA,NA,NA,NA,Y,NA,A,01,0,0,3,0,0,0,0,0,0,-,-,34.069671630859375,-117.86390686035156,LOS ANGELES,WEST COVINA,-117.86382293701172,34.069820404052734
91380080,2020,2021-01-04,9580,2020-12-04,0910,019952,NA,5,1,7,1942,0,1,1,NA,2,405,I-405 S/B (SAN DIEGO FWY),SEPULVEDA BLVD,300,S,N,A,-,Y,NA,NA,405,NA,NA,NA,NA,NA,S,Y,3,0,1,2,A,-,08,22107,NA,N,F,C,A,A,H,-,A,D,0,NA,NA,Y,NA,Y,NA,A,01,0,1,0,0,0,0,0,0,1,-,-,34.14699935913086,-118.47039794921876,LOS ANGELES,LOS ANGELES,-118.47030639648438,34.14695358276367
91380088,2020,2021-01-04,9530,2020-12-23,1130,022377,NA,3,1,5,1943,0,1,1,NA,2,210,I-105 W/B (GLENN ANDERSON FWY),SPRUCE STREET,232,W,N,A,-,Y,NA,NA,105,NA,NA,NA,NA,NA,W,Y,3,0,1,2,A,-,07,21658,A,F,B,C,A,A,H,-,A,D,0,NA,NA,Y,NA,Y,NA,-,99,0,1,0,0,0,0,0,0,1,-,-,33.92308044433594,-118.20522308349608,LOS ANGELES,LYNWOOD,-118.20524597167967,33.92302322387695
91380090,2020,2021-01-04,9565,2020-12-24,0540,021021,NA,4,3,5,1928,0,1,1,NA,2,010,I-105 W/B,HAWTHORNE BLVD,100,W,N,A,-,Y,NA,NA,105,NA,NA,NA,NA,NA,W,Y,4,0,1,2,A,-,08,22107,NA,N,E,I,A,A,H,-,C,D,0,NA,NA,NA,NA,Y,NA,A,01,0,0,1,0,0,0,0,0,0,-,-,33.93394088745117,-118.353759765625,LOS ANGELES,HAWTHORNE,-118.353759765625,33.93388366699219
91380091,2020,2021-01-04,9525,2020-12-28,1035,020034,NA,1,1,6,1955,0,1,1,NA,2,107,I-10 W/B (SAN BERNARDINO FWY),FAIRPLEX DR.,300,E,N,C,-,Y,NA,NA,10,NA,NA,NA,NA,NA,W,N,4,0,1,2,A,-,03,22350,NA,N,D,C,A,B,H,-,A,D,0,NA,NA,NA,NA,Y,NA,A,01,0,0,1,0,0,0,0,0,0,-,-,34.073020935058594,-117.78627777099608,LOS ANGELES,POMONA,-117.78627777099608,34.072959899902344
91380094,2020,2021-01-04,9575,2020-12-25,0120,022489,NA,5,3,9,1900,0,2,4,NA,2,084,DUARTE RD. (9000 BLOCK),ROSEMEAD BLVD.,550,E,N,A,-,N,NA,NA,NA,NA,NA,NA,NA,NA,NA,Y,4,0,2,2,A,-,09,21804,A,N,D,C,A,A,H,-,C,D,0,NA,NA,NA,NA,Y,NA,A,07,0,0,2,0,0,0,0,0,0,-,-,34.12343978881836,-118.07102966308594,LOS ANGELES,UNINCORPORATED,-118.07128143310548,34.12339401245117
91380107,2020,2021-01-04,9530,2020-12-24,1715,022380,NA,4,2,9,1900,0,3,5,NA,2,002,AVALON BLVD. (13000 BLOCK),130TH ST.,45,S,N,A,-,N,NA,NA,NA,NA,NA,NA,NA,NA,NA,Y,4,0,2,2,A,-,09,21804,A,N,D,C,A,A,H,-,A,D,0,NA,NA,NA,NA,Y,NA,A,07,0,0,2,0,0,0,0,0,0,-,-,33.91442108154297,-118.26551818847656,LOS ANGELES,UNINCORPORATED,-118.26527404785156,33.91447830200195
91380116,2020,2021-01-04,9525,2020-12-28,0545,022546,NA,1,3,6,1955,0,1,1,NA,2,109,I-10 W/B (SAN BERNARDINO FWY),TOWNE AVE,1600,E,N,C,-,Y,NA,NA,10,NA,NA,NA,NA,NA,W,Y,4,0,2,2,A,-,03,22350,NA,N,C,C,A,B,H,-,C,D,0,NA,NA,NA,NA,Y,NA,D,22,0,0,2,0,0,0,0,0,0,-,-,34.08049011230469,-117.73626708984376,LOS ANGELES,POMONA,-117.73627471923828,34.08050537109375
9138012,2020,2020-09-25,1926,2020-07-31,0821,0126,NA,5,5,5,1926,0,0,0,NA,0,004,GLADSTONE ST,SUNFLOWER AV,0,NA,Y,A,-,N,NA,NA,NA,NA,NA,NA,NA,NA,NA,Y,2,0,2,3,A,-,09,21801,A,N,D,C,A,A,H,-,A,A,0,NA,NA,NA,NA,Y,NA,A,07,1,1,0,0,0,0,0,0,0,-,-,34.11391830444336,-117.84636688232422,LOS ANGELES,GLENDORA,-117.84636688232422,34.113929748535156
91380123,2020,2021-01-04,9565,2020-12-27,1645,021706,NA,7,2,7,1942,0,1,1,NA,2,064,I-405 S/B (SAN DIEGO FREEWAY),SEPULVEDA BLVD,500,S,N,B,-,Y,NA,NA,405,NA,NA,NA,NA,NA,S,Y,4,0,2,2,A,-,08,22107,NA,N,B,C,A,A,H,-,C,D,0,NA,NA,NA,NA,Y,NA,A,01,0,0,2,0,0,0,0,0,0,-,-,34.095211029052734,-118.47660064697266,LOS ANGELES,LOS ANGELES,-118.47647094726564,34.09526443481445
91380156,2020,2021-01-04,9575,2020-12-27,0153,022429,NA,7,3,6,1953,0,1,1,NA,2,064,I-210 W/B (FOOTHILL FREEWAY),FAIR OAKS AVE,16,W,N,A,-,Y,NA,NA,210,NA,NA,NA,NA,NA,W,Y,3,0,1,2,A,-,03,22350,NA,N,C,C,A,A,H,-,C,D,0,NA,NA,NA,NA,Y,NA,A,01,0,1,0,0,0,0,0,0,0,-,-,34.151798248291016,-118.15070343017578,LOS ANGELES,PASADENA,-118.15070343017578,34.15181350708008
9138016,2020,2020-10-15,1926,2020-08-05,1425,0043,NA,3,5,5,1926,0,0,0,NA,0,003,SIERRA MADRE AV,LIVE OAK AV,250,E,N,A,-,N,NA,NA,NA,NA,NA,NA,NA,NA,NA,Y,4,0,2,2,A,-,07,21658,A,N,C,E,A,A,H,-,A,D,0,NA,NA,NA,NA,Y,NA,D,22,0,0,2,0,0,0,0,0,0,-,-,34.14690017700195,-117.85707855224608,LOS ANGELES,GLENDORA,-117.85409545898438,34.14698028564453
91380166,2020,2021-01-04,9525,2020-12-31,0412,020719,NA,4,3,6,1955,0,1,3,NA,2,615,SR-60 W/B (POMONA FWY),PHILLIPS RANCH RD,1584,E,N,A,-,Y,NA,NA,NA,NA,NA,NA,NA,NA,NA,Y,4,0,1,1,A,-,08,22107,NA,N,E,A,A,A,H,-,D,D,0,NA,NA,NA,NA,Y,NA,A,01,0,0,1,0,0,0,0,0,0,-,-,34.02444839477539,-117.2230224609375,LOS ANGELES,POMONA,-117.76575469970705,34.02387237548828
91380171,2020,2021-01-04,9525,2020-12-27,0030,021838,NA,7,3,1,1934,0,1,1,NA,2,204,I-210 E/B (FOOTHILL FWY),VERNON AVE,10,E,N,A,-,Y,NA,NA,NA,NA,NA,NA,NA,NA,NA,Y,4,0,1,3,A,-,08,22107,NA,N,E,I,A,A,H,-,D,D,0,NA,NA,NA,NA,Y,NA,A,01,0,0,1,0,0,0,0,0,0,-,-,34.12596893310547,-117.91590881347656,LOS ANGELES,IRWINDALE,-117.9160385131836,34.126121520996094
91380182,2020,2021-01-04,9530,2020-12-24,2250,022084,NA,4,3,9,1900,0,3,5,NA,2,001,HOOPER AVE. (6200 BLOCK),GAGE AVE.,35,N,N,A,-,N,NA,NA,NA,NA,NA,NA,NA,NA,NA,Y,3,0,1,3,A,-,01,23152,A,M,C,C,A,A,H,-,C,A,0,NA,NA,NA,NA,Y,Y,A,07,0,1,0,0,0,0,0,0,0,-,-,33.98320007324219,-118.25211334228516,LOS ANGELES,UNINCORPORATED,-118.25208282470705,33.98219680786133
91380183,2020,2021-01-04,9575,2020-12-26,2045,020918,NA,6,2,6,1925,0,1,3,NA,2,042,SR-134 E/B (VENTURA FREEWAY),GLENDALE AVE.,1584,W,N,A,-,Y,NA,NA,134,NA,NA,NA,NA,NA,E,N,4,0,2,2,A,-,03,22350,NA,M,C,C,A,A,H,-,A,D,0,NA,NA,NA,NA,Y,NA,-,99,0,0,2,0,0,0,0,0,0,-,-,34.156288146972656,-118.24726104736328,LOS ANGELES,GLENDALE,-118.24726104736328,34.15629196166992
91380186,2020,2021-01-04,9525,2020-12-28,1600,021931,NA,1,2,6,1975,0,1,1,NA,2,103,I-10 W/B (SAN BERNARDINO FWY),WEST COVINA PARKWAY,1584,E,N,B,C,Y,NA,NA,10,NA,NA,NA,NA,NA,W,Y,4,0,1,3,A,-,03,22350,NA,N,E,I,A,B,H,-,B,D,0,NA,NA,NA,NA,Y,NA,A,01,0,0,1,0,0,0,0,0,0,-,-,34.0725212097168,-117.94052886962892,LOS ANGELES,WEST COVINA,-117.94052886962892,34.07251739501953
91380188,2020,2021-01-04,9525,2020-12-29,2058,022555,NA,2,2,9,1900,0,2,4,NA,2,022,ARROW HIGHWAY,GLENDORA AVE,0,NA,Y,A,-,N,NA,NA,NA,NA,NA,NA,NA,NA,NA,N,4,0,1,2,A,-,12,21453,A,N,D,G,A,A,H,-,C,A,0,NA,Y,NA,NA,Y,NA,L,04,0,0,1,0,0,0,1,0,0,-,-,34.10670852661133,-117.86367797851564,LOS ANGELES,UNINCORPORATED,-117.86380004882813,34.10668182373047
91380189,2020,2021-01-04,9530,2020-12-29,0751,020300,NA,2,1,9,1900,0,3,5,NA,2,001,E. FLORENCE AVE (2000 BLOCK),ALAMEDA ST.,265,W,N,A,-,N,NA,NA,NA,NA,NA,NA,NA,NA,NA,N,4,0,1,2,A,-,03,22350,NA,N,C,C,A,A,H,-,A,D,0,NA,NA,NA,NA,Y,NA,J,48,0,0,1,0,0,0,0,0,0,-,-,33.974700927734375,-118.2356414794922,LOS ANGELES,UNINCORPORATED,-118.23558044433594,33.974727630615234
91380234,2020,2021-01-04,9575,2020-12-24,1355,022502,NA,4,1,9,1900,0,2,4,NA,2,084,DUARTE ROAD,ROSEMEAD BLVD.,745,E,N,B,-,N,NA,NA,NA,NA,NA,NA,NA,NA,NA,Y,4,0,1,2,C,-,18,NA,NA,N,D,E,A,B,H,-,A,D,0,NA,Y,NA,NA,Y,NA,-,-,0,0,1,0,0,0,1,0,0,-,-,34.12350845336914,-118.07042694091795,LOS ANGELES,UNINCORPORATED,-118.07066345214844,34.12353515625
91380262,2020,2021-01-04,9525,2020-12-25,0516,022546,NA,5,3,5,1906,0,1,1,NA,2,104,I-10 E/B (SAN BERNARDINO FWY),PUENTE AVE,2100,W,N,A,-,Y,NA,NA,10,NA,NA,NA,NA,NA,E,Y,4,0,1,2,C,-,18,NA,NA,N,D,C,A,A,H,-,C,D,0,NA,NA,NA,NA,Y,NA,-,-,0,0,1,0,0,0,0,0,0,-,-,34.06932830810547,-117.96717834472656,LOS ANGELES,BALDWIN PARK,-117.96718597412108,34.069400787353516
91380290,2020,2021-01-04,9565,2020-12-28,1705,021429,NA,1,2,9,1900,0,2,4,NA,2,022,NORMANDIE AVENUE,W. 101ST STREET,0,NA,Y,A,-,Y,NA,NA,NA,NA,NA,NA,NA,NA,NA,N,4,0,1,2,A,-,09,21802,A,N,D,C,A,A,H,-,C,A,0,NA,NA,NA,NA,Y,NA,A,01,0,0,1,0,0,0,0,0,0,-,-,33.94499969482422,-118.30030822753906,LOS ANGELES,UNINCORPORATED,-118.30029296875,33.94498825073242
91380293,2020,2021-01-04,9525,2020-12-31,1133,018366,NA,4,1,9,1900,0,3,5,NA,2,004,SIESTA AVE. (200 BLOCK),PROCTOR AVE.,370,N,N,A,-,N,NA,NA,NA,NA,NA,NA,NA,NA,NA,N,4,0,2,2,A,-,08,22107,NA,N,B,C,A,A,H,-,A,D,0,NA,NA,NA,NA,Y,NA,A,08,0,0,2,0,0,0,0,0,0,-,-,34.04096984863281,-117.98867797851564,LOS ANGELES,UNINCORPORATED,-117.9887466430664,34.04093551635742
91380303,2020,2021-01-04,9525,2020-12-28,0550,022546,NA,1,3,6,1955,0,1,1,NA,2,109,I-10 W/B (SAN BERNARDINO FWY),TOWNE AVE,1580,E,N,B,C,Y,NA,NA,10,NA,NA,NA,NA,NA,W,Y,3,0,3,5,A,-,03,22350,NA,N,C,C,A,B,H,-,C,D,0,NA,NA,NA,NA,Y,NA,D,22,0,1,2,0,0,0,0,0,0,-,-,34.080501556396484,-117.73636627197266,LOS ANGELES,POMONA,-117.73635864257813,34.08047103881836
91380325,2020,2021-01-04,9550,2020-12-23,1430,022391,NA,3,2,9,1900,0,2,4,NA,1,023,MULBERRY DRIVE,REGATTA AVENUE,45,W,N,A,-,N,NA,NA,NA,NA,NA,NA,NA,NA,NA,Y,4,0,1,4,A,-,07,21658,A,N,D,C,A,A,H,-,A,D,0,NA,NA,NA,NA,Y,NA,D,22,0,0,1,0,0,0,0,0,0,-,-,33.94129943847656,-118.02552795410156,LOS ANGELES,UNINCORPORATED,-118.02557373046876,33.941246032714844
91380361,2020,2021-01-04,9525,2020-12-31,0405,022009,NA,4,3,6,1955,0,1,1,NA,2,107,I-10 W/B (SAN BERNARDINO FWY),KELLOGG DR.,108,E,N,A,-,Y,NA,NA,10,NA,NA,NA,NA,NA,W,Y,3,0,2,2,A,-,08,22107,NA,N,E,I,A,A,D,E,C,D,0,NA,NA,NA,Y,Y,NA,G,25,0,1,1,0,0,0,0,0,0,-,-,34.064170837402344,-117.81166839599608,LOS ANGELES,POMONA,-117.81166076660156,34.06410217285156
91380375,2020,2021-01-04,9535,2020-12-26,1705,022305,NA,6,2,9,1900,0,1,1,NA,2,500,I-5 (SANTA ANA FREEWAY) N/B,INDIANA ST.,52,S,N,A,-,Y,NA,NA,5,NA,NA,NA,NA,NA,N,Y,4,0,1,5,A,-,08,22107,NA,M,B,C,A,A,H,-,D,D,0,NA,NA,NA,NA,Y,NA,D,22,0,0,1,0,0,0,0,0,0,-,-,34.02027130126953,-118.1920928955078,LOS ANGELES,UNINCORPORATED,-118.1920928955078,34.020267486572266
91380381,2020,2021-01-04,9525,2020-12-30,1741,022555,NA,3,2,9,1900,0,1,3,NA,1,024,SR-39 (SAN GABRIEL CANYON RD.),N CRYSTAL LAKE RD,22176,S,N,A,-,Y,NA,NA,39,NA,NA,NA,NA,NA,NA,Y,3,0,3,2,A,-,03,22350,NA,N,A,C,A,A,H,-,D,D,0,NA,NA,NA,NA,Y,NA,A,01,0,1,2,0,0,0,0,0,0,-,-,34.29331970214844,-117.83602142333984,LOS ANGELES,UNINCORPORATED,-117.83596801757813,34.293338775634766
91380403,2020,2021-01-04,9525,2020-12-28,1153,016277,NA,1,1,6,1975,0,1,1,NA,2,106,I-10 EASTBOUND TO BARRANCA STREET,BARRANCA STREET,236,E,N,C,-,Y,NA,NA,10,NA,NA,NA,R,NA,E,N,4,0,1,2,A,-,21,22106,NA,N,C,C,A,B,H,-,A,A,0,NA,NA,NA,NA,Y,NA,A,01,0,0,1,0,0,0,0,0,0,-,-,34.071109771728516,-117.88037872314452,LOS ANGELES,WEST COVINA,-117.88037872314452,34.071109771728516
9138052,2020,2020-10-16,1942,2020-08-02,1215,38017,2126,7,5,7,1942,0,0,0,NA,0,21A5,SATICOY ST,DEERING AV,0,NA,Y,A,-,N,NA,NA,NA,NA,NA,NA,NA,NA,NA,N,4,0,2,2,A,-,09,21802,A,N,D,C,A,A,H,-,A,D,0,NA,NA,NA,NA,Y,NA,A,01,0,0,2,0,0,0,0,0,0,-,-,NA,NA,LOS ANGELES,LOS ANGELES,-118.5966567993164,34.208309173583984
9138054,2020,2020-08-27,1900,2020-06-09,1855,629548,1261,2,5,3,1991,0,0,0,NA,0,121 P,FOOTHILL BL,ALTA CANYADA RD,76,E,N,A,-,N,NA,NA,NA,NA,NA,NA,NA,NA,NA,N,3,0,1,2,A,-,21,22106,NA,N,C,C,A,A,H,-,B,A,0,NA,NA,NA,NA,Y,NA,A,08,0,1,0,0,0,0,0,0,0,-,-,34.209468841552734,-118.21103668212892,LOS ANGELES,LA CANADA-FLINTRIDGE,-118.21125030517578,34.20951843261719
91380556,2020,2021-01-05,9525,2020-12-28,0420,022521,NA,1,3,5,1906,0,1,1,NA,2,103,I-10 W/B (SAN BERNARDINO FWY),FRANCISQUITO AVE,2000,E,N,B,C,Y,NA,NA,10,NA,NA,NA,NA,NA,W,Y,4,0,1,2,A,-,03,22350,NA,N,B,C,A,B,F,-,D,D,0,NA,NA,NA,Y,Y,NA,A,07,0,0,1,0,0,0,0,0,0,-,-,34.069759368896484,-117.96611785888672,LOS ANGELES,BALDWIN PARK,-117.9661102294922,34.06968307495117
91380559,2020,2021-01-05,9540,2020-12-23,1900,021179,NA,3,2,7,1942,0,1,1,NA,1,502,I-5 N/B (GOLDEN STATE FREEWAY),BALBOA BLVD,1000,N,N,A,-,Y,NA,NA,5,NA,NA,NA,NA,NA,N,Y,4,0,2,2,A,-,03,22350,NA,F,C,C,A,A,H,-,C,D,0,NA,NA,NA,NA,Y,NA,A,01,0,0,2,0,0,0,0,0,0,-,-,34.32344055175781,-118.5002212524414,LOS ANGELES,LOS ANGELES,-118.50025177001952,34.32338333129883
9138056,2020,2020-09-01,1973,2020-05-21,0408,568,1973,4,5,1,1973,0,0,0,NA,0,001,SANTA FE  AV,49TH ST,0,NA,Y,A,-,N,NA,NA,NA,NA,NA,NA,NA,NA,NA,Y,3,0,1,2,A,-,09,21802,A,N,D,C,A,A,H,-,C,D,0,NA,NA,NA,NA,Y,NA,-,NA,0,1,0,0,0,0,0,0,0,-,-,NA,NA,LOS ANGELES,VERNON,-118.23027801513672,33.999080657958984
91380560,2020,2021-01-05,9540,2020-12-27,1230,018208,NA,7,1,9,1900,0,2,4,NA,2,072,LAKE HUGHES ROAD,RIDGE ROUTE RD,64944,N,N,A,-,N,NA,NA,NA,NA,NA,NA,NA,NA,NA,Y,4,0,1,1,A,-,03,22350,NA,N,E,I,A,A,H,-,A,D,0,NA,NA,NA,NA,Y,NA,A,01,0,0,1,0,0,0,0,0,0,-,-,34.60432052612305,-118.55738067626952,LOS ANGELES,UNINCORPORATED,-118.61637878417967,34.497371673583984
91380561,2020,2021-01-05,9540,2020-12-26,0001,018208,NA,6,3,9,1900,0,3,5,NA,2,100,SAGECREST CIR,FOXTAIL CT,0,NA,Y,A,-,N,NA,NA,NA,NA,NA,NA,NA,NA,NA,N,4,0,1,2,A,-,08,22107,NA,F,C,E,A,A,H,-,C,D,0,NA,NA,NA,NA,Y,NA,-,99,0,0,1,0,0,0,0,0,0,-,-,34.371238708496094,-118.5626983642578,LOS ANGELES,UNINCORPORATED,-118.56279754638672,34.371238708496094
91380565,2020,2021-01-05,9535,2020-12-26,0140,022286,NA,6,3,4,1907,0,1,1,NA,2,072,I-710(LBF) S/B TO FLORENCE AVE W/B,FLORENCE AVE,565,N,N,A,-,Y,NA,NA,710,NA,NA,NA,R,NA,S,Y,3,0,1,1,A,-,01,23152,A,N,E,I,A,A,H,-,C,D,0,NA,NA,NA,NA,Y,Y,A,08,0,1,0,0,0,0,0,0,0,-,-,33.96992874145508,-118.16822814941406,LOS ANGELES,BELL,-118.16822814941406,33.96992874145508