CASE_ID,ACCIDENT_YEAR,PROC_DATE,JURIS,COLLISION_DATE,COLLISION_TIME,OFFICER_ID,REPORTING_DISTRICT,DAY_OF_WEEK,CHP_SHIFT,POPULATION,CNTY_CITY_LOC,SPECIAL_COND,BEAT_TYPE,CHP_BEAT_TYPE,CITY_DIVISION_LAPD,CHP_BEAT_CLASS,BEAT_NUMBER,PRIMARY_RD,SECONDARY_RD,DISTANCE,DIRECTION,INTERSECTION,WEATHER_1,WEATHER_2,STATE_HWY_IND,CALTRANS_COUNTY,CALTRANS_DISTRICT,STATE_ROUTE,ROUTE_SUFFIX,POSTMILE_PREFIX,POSTMILE,LOCATION_TYPE,RAMP_INTERSECTION,SIDE_OF_HWY,TOW_AWAY,COLLISION_SEVERITY,NUMBER_KILLED,NUMBER_INJURED,PARTY_COUNT,PRIMARY_COLL_FACTOR,PCF_CODE_OF_VIOL,PCF_VIOL_CATEGORY,PCF_VIOLATION,PCF_VIOL_SUBSECTION,HIT_AND_RUN,TYPE_OF_COLLISION,MVIW,PED_ACTION,ROAD_SURFACE,ROAD_COND_1,ROAD_COND_2,LIGHTING,CONTROL_DEVICE,CHP_ROAD_TYPE,PEDESTRIAN_ACCIDENT,BICYCLE_ACCIDENT,MOTORCYCLE_ACCIDENT,TRUCK_ACCIDENT,NOT_PRIVATE_PROPERTY,ALCOHOL_INVOLVED,STWD_VEHTYPE_AT_FAULT,CHP_VEHTYPE_AT_FAULT,COUNT_SEVERE_INJ,COUNT_VISIBLE_INJ,COUNT_COMPLAINT_PAIN,COUNT_PED_KILLED,COUNT_PED_INJURED,COUNT_BICYCLIST_KILLED,COUNT_BICYCLIST_INJURED,COUNT_MC_KILLED,COUNT_MC_INJURED,PRIMARY_RAMP,SECONDARY_RAMP,LATITUDE,LONGITUDE,COUNTY,CITY,POINT_X,POINT_Y
9140987,2020,2020-10-15,1975,2020-08-19,1335,377,NA,3,5,6,1975,0,0,0,NA,0,001,GARVEY AV SOUTH,SUNSET AV,167,E,N,A,-,N,NA,NA,NA,NA,NA,NA,NA,NA,NA,Y,3,0,1,2,A,-,09,21804,A,N,D,C,A,A,H,-,A,D,0,NA,NA,NA,NA,Y,NA,A,07,0,1,0,0,0,0,0,0,0,-,-,34.07217025756836,-117.9363021850586,LOS ANGELES,WEST COVINA,-117.93576049804688,34.072120666503906
9141024,2020,2020-09-30,1942,2020-08-16,1435,38876,1983,7,5,7,1942,0,0,0,NA,0,19A79,ROSCOE BL,BURNET AV,0,NA,Y,A,-,N,NA,NA,NA,NA,NA,NA,NA,NA,NA,Y,3,0,1,3,A,-,03,22350,NA,F,C,C,A,A,H,-,A,D,0,NA,NA,NA,NA,Y,NA,A,01,0,1,0,0,0,0,0,0,0,-,-,NA,NA,LOS ANGELES,LOS ANGELES,-118.46404266357422,34.22145080566406
91410280,2020,2021-02-17,9590,2020-12-24,0455,022189,NA,4,3,7,1942,0,1,1,NA,2,052,I-110 N/B (HAF),30TH STREET,200,S,N,A,-,Y,NA,NA,110,NA,NA,NA,NA,NA,N,Y,2,0,2,6,A,-,03,22350,NA,N,C,B,E,A,H,-,C,D,0,Y,NA,NA,NA,Y,NA,A,01,2,0,0,0,2,0,0,0,0,-,-,34.023681640625,-118.2764129638672,LOS ANGELES,LOS ANGELES,-118.27654266357422,34.023746490478516
9141029,2020,2020-09-30,1925,2020-08-11,1736,19682,225,2,5,6,1925,0,0,0,NA,0,002,CENTRAL AV,CALIFORNIA AV,0,NA,Y,A,-,N,NA,NA,NA,NA,NA,NA,NA,NA,NA,Y,3,0,2,2,A,-,12,21453,A,N,-,C,A,A,H,-,A,A,0,NA,NA,NA,NA,Y,NA,A,01,0,1,1,0,0,0,0,0,0,-,-,NA,NA,LOS ANGELES,GLENDALE,-118.25791168212892,34.149879455566406
9141030,2020,2020-09-30,1925,2020-08-10,0945,21089,218,1,5,6,1925,0,0,0,NA,0,002,BROADWAY,PACIFIC AV,140,E,N,A,-,N,NA,NA,NA,NA,NA,NA,NA,NA,NA,Y,3,0,1,2,A,-,09,21801,A,N,D,C,A,A,H,-,A,D,0,NA,NA,Y,NA,Y,NA,A,01,0,1,0,0,0,0,0,0,1,-,-,NA,NA,LOS ANGELES,GLENDALE,-118.26382446289064,34.146820068359375
9141031,2020,2020-10-06,1925,2020-08-10,1939,22553,214,1,5,6,1925,0,0,0,NA,0,001,N KENILWORTH AV,BURCHETT ST,0,NA,Y,A,-,N,NA,NA,NA,NA,NA,NA,NA,NA,NA,N,4,0,1,2,A,-,12,22450,NA,N,D,G,A,A,H,-,A,D,0,NA,Y,NA,NA,Y,NA,L,04,0,0,1,0,0,0,1,0,0,-,-,NA,NA,LOS ANGELES,GLENDALE,-118.26674652099608,34.15726852416992
9141032,2020,2020-09-30,1900,2020-08-07,2200,527057,0627,5,5,6,1985,0,0,0,NA,0,62T1,NEWHALL AV,CARL CT,0,NA,Y,A,-,N,NA,NA,NA,NA,NA,NA,NA,NA,NA,N,3,0,1,2,A,-,12,21457,A,M,B,C,A,A,H,-,C,A,0,NA,NA,NA,NA,Y,NA,A,01,0,1,0,0,0,0,0,0,0,-,-,34.3720588684082,-118.51677703857422,LOS ANGELES,SANTA CLARITA,-118.51679229736328,34.372039794921875
9141033,2020,2020-09-30,1900,2020-08-07,0900,609942,0645,5,5,6,1985,0,0,0,NA,0,64T1,AVENUE STANFORD,RYE CANYON RD,1584,E,N,A,-,N,NA,NA,NA,NA,NA,NA,NA,NA,NA,Y,3,0,1,2,A,-,08,22107,NA,N,A,E,A,A,H,-,A,D,0,NA,NA,NA,NA,Y,NA,A,01,0,1,0,0,0,0,0,0,0,-,-,34.433128356933594,-118.58075714111328,LOS ANGELES,SANTA CLARITA,-118.58224487304688,34.43218994140625
9141037,2020,2020-09-30,1967,2020-08-13,2013,158,NA,4,5,2,1967,0,0,0,NA,0,NORTH,WILLOW,TOWN CENTER WEST,0,NA,Y,A,-,N,NA,NA,NA,NA,NA,NA,NA,NA,NA,Y,3,0,1,2,A,-,09,21801,A,N,D,C,A,A,H,-,C,A,0,NA,NA,NA,NA,Y,NA,A,01,0,1,0,0,0,0,0,0,0,-,-,NA,NA,LOS ANGELES,SIGNAL HILL,NA,NA
9141038,2020,2020-09-30,1925,2020-08-24,1453,23811,2,1,5,6,1925,0,0,0,NA,0,225,CALIFORNIA AV,CENTRAL AV,200,W,N,A,-,N,NA,NA,NA,NA,NA,NA,NA,NA,NA,Y,3,0,1,2,A,-,09,21804,A,N,D,C,A,A,H,-,A,D,0,NA,NA,NA,NA,Y,NA,A,01,0,1,0,0,0,0,0,0,0,-,-,NA,NA,LOS ANGELES,GLENDALE,-118.2585678100586,34.14987564086914
9141039,2020,2020-09-30,1925,2020-08-24,0815,23811,4,1,5,6,1925,0,0,0,NA,0,233,GLENDALE AV,DORAN ST,340,N,N,A,-,N,NA,NA,NA,NA,NA,NA,NA,NA,NA,Y,4,0,1,2,A,-,09,21804,A,N,D,C,A,A,H,-,A,D,0,NA,NA,NA,NA,Y,NA,A,01,0,0,1,0,0,0,0,0,0,-,-,NA,NA,LOS ANGELES,GLENDALE,-118.24313354492188,34.15436553955078
9141040,2020,2020-10-06,1925,2020-08-24,1741,18890,284,1,5,6,1925,0,0,0,NA,0,003,PALMER AV,ADAMS ST,30,W,N,A,-,N,NA,NA,NA,NA,NA,NA,NA,NA,NA,N,4,0,1,2,A,-,10,21950,A,N,G,B,B,A,H,-,A,D,0,Y,NA,NA,NA,Y,NA,A,01,0,0,1,0,1,0,0,0,0,-,-,NA,NA,LOS ANGELES,GLENDALE,-118.24230194091795,34.13264846801758
91410422,2020,2021-02-18,9590,2020-12-26,1415,022405,NA,6,2,7,1942,0,1,1,NA,2,052,I-110 N/B (HARBOR FREEWAY),W. 1ST ST.,125,N,N,A,-,Y,NA,NA,110,NA,NA,NA,NA,NA,N,Y,4,0,1,3,A,-,07,21658,A,N,B,C,A,A,H,-,A,D,0,NA,NA,NA,NA,Y,NA,A,01,0,0,1,0,0,0,0,0,0,-,-,34.05897903442383,-118.25289154052734,LOS ANGELES,LOS ANGELES,-118.2529296875,34.05902862548828
9141043,2020,2020-10-14,1929,2020-08-09,1733,211,1929,7,5,3,1929,0,0,0,NA,0,001,HERMOSA AV,10TH CT,4,S,N,A,-,N,NA,NA,NA,NA,NA,NA,NA,NA,NA,N,3,0,1,2,A,-,21,22106,NA,N,G,B,D,A,H,-,A,A,0,Y,NA,NA,NA,Y,NA,A,01,0,1,0,0,1,0,0,0,0,-,-,NA,NA,LOS ANGELES,HERMOSA BEACH,-118.39962768554688,33.860347747802734
9141070,2020,2020-10-13,1909,2020-08-18,2345,507,NA,2,5,4,1909,0,0,0,NA,0,00S,GARFIELD AV,FOSTORIA ST,205,N,N,A,-,N,NA,NA,NA,NA,NA,NA,NA,NA,NA,Y,3,0,2,1,A,-,08,22107,NA,N,E,I,A,A,H,-,C,D,0,NA,NA,NA,NA,Y,NA,A,01,0,1,1,0,0,0,0,0,0,-,-,NA,NA,LOS ANGELES,BELL GARDENS,-118.16054534912108,33.95634078979492
9141071,2020,2020-10-13,1900,2020-08-09,0328,502363,2612,7,5,6,1950,0,0,0,NA,0,262T1,AV S,THE GROVE DR,409,E,N,A,-,N,NA,NA,NA,NA,NA,NA,NA,NA,NA,Y,3,0,1,1,A,-,08,22107,NA,N,A,I,A,A,H,-,C,D,0,NA,NA,NA,NA,Y,NA,A,01,0,1,0,0,0,0,0,0,0,-,-,34.56669998168945,-118.1764678955078,LOS ANGELES,PALMDALE,-118.16812896728516,34.56257247924805
9141072,2020,2020-10-13,1900,2020-08-02,2037,611140,2608,7,5,6,1950,0,0,0,NA,0,264T1,30TH ST E,AVE R-12,0,NA,Y,A,-,N,NA,NA,NA,NA,NA,NA,NA,NA,NA,N,3,0,1,2,A,-,12,22450,A,N,D,C,A,A,H,-,C,D,0,NA,NA,NA,NA,Y,NA,A,07,0,1,0,0,0,0,0,0,0,-,-,34.5619010925293,-118.07630157470705,LOS ANGELES,PALMDALE,-118.07630157470705,34.5618782043457
9141073,2020,2020-10-13,1900,2020-08-12,2031,615106,2612,3,5,6,1950,0,0,0,NA,0,262T1,RANCHO VISTA BL,RESORT WY,0,NA,Y,A,-,N,NA,NA,NA,NA,NA,NA,NA,NA,NA,Y,4,0,2,2,A,-,08,22107,NA,N,D,C,A,A,H,-,C,A,0,NA,NA,NA,NA,Y,NA,A,01,0,0,2,0,0,0,0,0,0,-,-,34.61494827270508,-118.20365142822266,LOS ANGELES,PALMDALE,-118.20362091064452,34.61500930786133
9141074,2020,2020-10-13,1900,2020-08-13,0959,61485,2611,4,5,6,1950,0,0,0,NA,0,261T1,3RD ST EAST,AV Q-3,0,NA,Y,B,-,N,NA,NA,NA,NA,NA,NA,NA,NA,NA,Y,4,0,1,2,A,-,12,22450,A,M,D,C,A,A,H,-,A,D,0,NA,NA,NA,NA,Y,NA,A,01,0,0,1,0,0,0,0,0,0,-,-,34.58401870727539,-118.12483978271484,LOS ANGELES,PALMDALE,-118.1249771118164,34.584068298339844
9141075,2020,2020-10-13,1900,2020-08-13,1730,5228684,26410,4,5,6,1950,0,0,0,NA,0,264T1,26TH  ST E,AVE R-8,0,NA,Y,A,-,N,NA,NA,NA,NA,NA,NA,NA,NA,NA,N,3,0,1,2,A,-,10,21950,A,M,G,B,B,A,A,-,A,A,0,Y,NA,NA,NA,Y,NA,-,99,0,1,0,0,1,0,0,0,0,-,-,34.34223175048828,-118.50569915771484,LOS ANGELES,PALMDALE,NA,NA
91410755,2020,2021-02-18,9590,2020-12-25,0102,022189,NA,5,3,7,1942,0,1,2,NA,2,071,US-101 S/B (SAF) FROM 7TH STREET,7TH STREET,100,S,N,A,-,Y,NA,NA,101,NA,NA,NA,R,NA,S,Y,4,0,1,1,A,-,03,22350,NA,N,E,I,A,A,H,-,C,D,0,NA,NA,NA,NA,Y,NA,A,01,0,0,1,0,0,0,0,0,0,-,-,34.034141540527344,-118.22183990478516,LOS ANGELES,LOS ANGELES,-118.22183990478516,34.034141540527344
9141076,2020,2020-10-13,1900,2020-08-16,1545,625597,2612,7,5,6,1950,0,0,0,NA,0,262T1,10TH ST W,AV O-8,0,NA,Y,A,-,N,NA,NA,NA,NA,NA,NA,NA,NA,NA,Y,4,0,2,2,A,-,12,21453,A,N,D,C,A,A,H,-,A,A,0,NA,NA,NA,NA,Y,NA,A,01,0,0,2,0,0,0,0,0,0,-,-,34.609169006347656,-118.14766693115234,LOS ANGELES,PALMDALE,-118.14772033691406,34.609169006347656
9141077,2020,2020-10-13,1900,2020-08-18,1409,618391,2612,2,5,6,1950,0,0,0,NA,0,263T1,CLUB RANCHO DR,BOLZ RANCH RD,0,NA,Y,A,-,N,NA,NA,NA,NA,NA,NA,NA,NA,NA,Y,3,0,1,1,A,-,08,22107,NA,N,E,I,A,A,H,-,A,D,0,NA,NA,Y,NA,Y,NA,C,02,0,1,0,0,0,0,0,0,1,-,-,34.61830139160156,-118.19930267333984,LOS ANGELES,PALMDALE,-118.19938659667967,34.61819839477539
9141078,2020,2020-10-13,1900,2020-08-19,0935,630200,2640,3,5,6,1950,0,0,0,NA,0,263T1,BOLZ RANCH RD,SPRINGRIDGE WY,210,W,N,A,-,N,NA,NA,NA,NA,NA,NA,NA,NA,NA,N,3,0,1,2,A,-,08,22107,NA,N,C,G,A,A,H,-,A,D,0,NA,NA,Y,NA,Y,NA,O,05,0,1,0,0,0,0,0,0,1,-,-,34.61389923095703,-118.19370269775392,LOS ANGELES,PALMDALE,-118.1938705444336,34.61399459838867
9141079,2020,2020-10-13,1900,2020-08-19,1210,630200,2610,3,5,6,1950,0,0,0,NA,0,203T1,PALMDALE BL,12TH ST EAST,220,E,N,A,-,N,NA,NA,138,NA,NA,NA,NA,NA,NA,Y,4,0,1,2,A,-,09,21801,A,N,D,C,A,A,H,-,A,D,0,NA,NA,NA,NA,Y,NA,A,01,0,0,1,0,0,0,0,0,0,-,-,34.579498291015625,-118.10659790039064,LOS ANGELES,PALMDALE,-118.10659790039064,34.57960510253906
9141096,2020,2020-10-09,1942,2020-08-08,0001,42118,1283,6,5,7,1942,0,0,0,L,0,12A73,S WESTERN AV,W 94TH ST,408,S,N,A,-,N,NA,NA,NA,NA,NA,NA,NA,NA,NA,N,2,0,1,2,A,-,11,21954,A,N,G,B,D,A,H,-,C,D,0,Y,NA,NA,NA,Y,NA,N,60,1,0,0,0,1,0,0,0,0,-,-,NA,NA,LOS ANGELES,LOS ANGELES,-118.30899810791016,33.95000076293945
9141097,2020,2020-10-09,1942,2020-08-08,1940,37618,1249,6,5,7,1942,0,0,0,L,0,25TL35,W GAGE AV,S FIGUEROA ST,0,NA,Y,A,-,N,NA,NA,NA,NA,NA,NA,NA,NA,NA,N,2,0,1,2,A,-,09,21801,A,N,D,J,A,A,H,-,A,A,0,NA,NA,NA,NA,Y,NA,A,01,1,0,0,0,0,0,0,0,0,-,-,NA,NA,LOS ANGELES,LOS ANGELES,-118.2826690673828,33.98237991333008
9141098,2020,2020-10-09,1942,2020-08-09,2230,42364,1273,7,5,7,1942,0,0,0,L,0,12A73,S WESTERN AV,W 87TH ST,15,N,N,A,-,N,NA,NA,NA,NA,NA,NA,NA,NA,NA,N,2,0,1,2,A,-,11,21954,A,F,G,B,E,A,H,-,C,D,0,Y,NA,NA,NA,Y,NA,N,60,1,0,0,0,1,0,0,0,0,-,-,NA,NA,LOS ANGELES,LOS ANGELES,-118.30901336669922,33.959102630615234
9141099,2020,2020-10-09,1942,2020-08-16,1820,43270,0337,7,5,7,1942,0,0,0,C,0,3A55,BRIGHTON AV,W JEFFERSON BL,131,N,N,A,-,N,NA,NA,NA,NA,NA,NA,NA,NA,NA,Y,4,0,2,2,A,-,09,21804,A,N,A,C,A,A,H,-,A,D,0,NA,NA,NA,NA,Y,NA,A,01,0,0,2,0,0,0,0,0,0,-,-,NA,NA,LOS ANGELES,LOS ANGELES,-118.3014678955078,34.02587890625
9141100,2020,2020-10-09,1942,2020-08-16,2010,42962,1823,7,5,7,1942,0,0,0,R,0,18A3,SAN PEDRO ST,102ND ST,0,NA,Y,A,-,N,NA,NA,NA,NA,NA,NA,NA,NA,NA,N,4,0,1,2,A,-,11,21954,A,N,G,B,D,A,H,-,C,D,0,Y,NA,NA,NA,Y,NA,N,60,0,0,1,0,1,0,0,0,0,-,-,NA,NA,LOS ANGELES,LOS ANGELES,-118.26952362060548,33.94377136230469
9141101,2020,2020-09-30,1941,2020-08-10,1349,5612,NA,1,5,7,1941,0,0,0,NA,0,NA,7TH ST,CORONADO,0,NA,Y,A,-,N,NA,NA,NA,NA,NA,NA,NA,NA,NA,N,4,0,2,2,A,-,08,22107,NA,N,B,C,A,A,H,-,A,D,0,NA,NA,NA,NA,Y,NA,A,NA,0,0,2,0,0,0,0,0,0,-,-,NA,NA,LOS ANGELES,LONG BEACH,-118.15352630615234,33.77534866333008
9141102,2020,2020-09-30,1941,2020-08-12,2327,11560,NA,3,5,7,1941,0,0,0,NA,0,NA,QUEENS WY,AQUARIUM AND PIKE CONVENTION CENTER EXIT,380,S,N,A,-,N,NA,NA,NA,NA,NA,NA,NA,NA,NA,N,2,0,1,2,A,-,17,21209,NA,F,B,J,A,A,H,-,C,D,0,NA,NA,Y,NA,Y,Y,M,NA,1,0,0,0,0,0,0,0,1,-,-,NA,NA,LOS ANGELES,LONG BEACH,NA,NA
9141103,2020,2020-09-30,1955,2020-08-22,0932,42613,30,6,5,6,1955,0,0,0,NA,0,002,FOOTHILL BL,TOWNE AV,153,W,N,A,-,N,NA,NA,NA,NA,NA,NA,NA,NA,NA,Y,3,0,1,2,A,-,01,23152,A,N,C,C,A,A,H,-,A,A,0,NA,NA,NA,NA,Y,Y,A,01,0,1,0,0,0,0,0,0,0,-,-,NA,NA,LOS ANGELES,POMONA,-117.73739624023438,34.107051849365234
9141106,2020,2020-09-30,1902,2020-08-18,1824,801,18,2,5,5,1902,0,0,0,NA,0,003,HUNTINGTON DR,SUNSET BL,0,NA,Y,A,-,N,NA,NA,NA,NA,NA,NA,NA,NA,NA,Y,4,0,1,2,A,-,12,21453,A,N,D,C,A,A,H,-,B,A,0,NA,NA,NA,NA,Y,NA,A,01,0,0,1,0,0,0,0,0,0,-,-,NA,NA,LOS ANGELES,ARCADIA,-118.06514739990234,34.131080627441406
9141107,2020,2020-10-07,1902,2020-08-17,1205,710,28,1,5,5,1902,0,0,0,NA,0,005,SANTA ANITA AV,LONGDEN AV,191,N,N,B,-,N,NA,NA,NA,NA,NA,NA,NA,NA,NA,Y,3,0,1,2,A,-,07,21658,A,N,C,E,A,A,H,-,A,D,0,NA,NA,NA,NA,Y,NA,A,07,0,1,0,0,0,0,0,0,0,-,-,NA,NA,LOS ANGELES,ARCADIA,-118.03102111816406,34.11468505859375
9141108,2020,2020-09-30,1938,2020-08-09,1748,184,NA,7,5,4,1938,0,0,0,NA,0,003,BONITA AV,WHITE AV,30,W,N,A,-,N,NA,NA,NA,NA,NA,NA,NA,NA,NA,Y,3,0,1,2,A,-,03,22350,NA,N,C,C,A,A,H,-,A,A,0,NA,NA,NA,NA,Y,NA,A,01,0,1,0,0,0,0,0,0,0,-,-,34.09960174560547,-117.76248931884766,LOS ANGELES,LA VERNE,-117.76262664794922,34.09963607788086
9141109,2020,2020-09-30,1938,2020-08-05,0935,677,AREA2,3,5,4,1938,0,0,0,NA,0,0XX,ARROW HWY,WHEELER AV,0,NA,Y,A,-,N,NA,NA,NA,NA,NA,NA,NA,NA,NA,Y,4,0,1,2,A,-,09,21801,A,N,A,C,A,A,H,-,A,A,0,NA,NA,NA,NA,Y,NA,A,01,0,0,1,0,0,0,0,0,0,-,-,NA,NA,LOS ANGELES,LA VERNE,-117.78112030029295,34.1002197265625
91411109,2020,2021-03-23,9545,2020-11-01,1315,021948,NA,7,1,9,1900,0,3,5,NA,2,003,ANGELES FOREST HIGHWAY,VINCENT VIEW ROAD,835,S,N,A,-,N,NA,NA,NA,NA,NA,NA,NA,NA,NA,Y,1,1,1,2,A,-,08,22107,NA,N,A,C,A,A,H,-,A,D,0,NA,NA,Y,NA,Y,NA,D,22,0,0,1,0,0,0,0,1,0,-,-,34.49290084838867,-118.114990234375,LOS ANGELES,UNINCORPORATED,-118.11502838134766,34.49294662475586
9141111,2020,2020-09-30,1956,2020-08-10,1839,1329,651,1,5,5,1956,0,0,0,NA,0,005,ARTESIA BL,PHELAN LN,143,E,N,A,-,N,NA,NA,NA,NA,NA,NA,NA,NA,NA,N,4,0,1,2,A,-,12,21457,A,F,D,G,A,A,H,-,A,A,0,NA,Y,NA,NA,Y,NA,A,01,0,0,1,0,0,0,1,0,0,-,-,NA,NA,LOS ANGELES,REDONDO BEACH,-118.3659896850586,33.87289810180664
9141112,2020,2020-09-30,1942,2020-08-01,1730,44293,0511,6,5,7,1942,0,0,0,E,0,5A55,WESTERN AV,257TH ST,20,N,N,A,-,N,NA,NA,NA,NA,NA,NA,NA,NA,NA,N,4,0,3,2,A,-,03,22350,NA,N,C,C,A,A,H,-,A,D,0,NA,NA,Y,NA,Y,NA,C,02,0,0,3,0,0,0,0,0,2,-,-,NA,NA,LOS ANGELES,LOS ANGELES,-118.30767822265624,33.79055404663086
9141113,2020,2020-09-30,1956,2020-08-13,1537,1244,22,4,5,5,1956,0,0,0,NA,0,002,N PROSPECT AV,SPENCER ST,0,NA,Y,A,-,N,NA,NA,NA,NA,NA,NA,NA,NA,NA,Y,3,0,1,2,A,-,09,21801,A,N,D,C,A,A,H,-,A,D,0,NA,NA,NA,NA,Y,NA,A,07,0,1,0,0,0,0,0,0,0,-,-,NA,NA,LOS ANGELES,REDONDO BEACH,-118.3772201538086,33.84579086303711
9141114,2020,2020-09-30,1956,2020-08-18,1012,1183,24,2,5,5,1956,0,0,0,NA,0,002,HERONDO ST,N FRANCISCA AV,0,NA,Y,A,-,N,NA,NA,NA,NA,NA,NA,NA,NA,NA,N,4,0,1,2,A,-,09,21802,A,N,D,C,A,A,H,-,A,A,0,NA,NA,NA,NA,Y,NA,A,01,0,0,1,0,0,0,0,0,0,-,-,NA,NA,LOS ANGELES,REDONDO BEACH,-118.39324951171876,33.853759765625
9141115,2020,2020-09-30,1942,2020-08-12,2210,44286,18A63,3,5,7,1942,0,0,0,R,0,1862,S MAIN ST,W 116TH ST,21,N,N,A,-,N,NA,NA,NA,NA,NA,NA,NA,NA,NA,Y,2,0,3,1,B,-,22,NA,NA,N,E,I,A,A,H,-,C,A,0,NA,NA,NA,NA,Y,NA,A,01,2,0,1,0,0,0,0,0,0,-,-,NA,NA,LOS ANGELES,LOS ANGELES,-118.27391052246094,33.93012619018555
9141116,2020,2020-10-07,1942,2020-08-12,1500,41021,1832,3,5,7,1942,0,0,0,R,0,018,MAIN ST,108TH ST,0,NA,Y,A,-,Y,NA,NA,NA,NA,NA,NA,NA,NA,NA,Y,4,0,1,3,A,-,12,21453,A,F,D,C,A,A,H,-,A,A,0,NA,NA,NA,NA,Y,NA,A,01,0,0,1,0,0,0,0,0,0,-,-,NA,NA,LOS ANGELES,LOS ANGELES,-118.2738800048828,33.93830108642578
9141117,2020,2020-10-13,1942,2020-08-12,1450,38144,1832,3,5,7,1942,0,0,0,R,0,18A49,BROADWAY,COLDEN AV,0,NA,Y,A,-,N,NA,NA,NA,NA,NA,NA,NA,NA,NA,N,4,0,2,2,A,-,12,21453,A,F,B,C,A,A,H,-,A,D,0,NA,NA,NA,NA,Y,NA,-,NA,0,0,2,0,0,0,0,0,0,-,-,NA,NA,LOS ANGELES,LOS ANGELES,-118.27839660644533,33.949180603027344
9141119,2020,2020-09-30,1900,2020-08-03,0042,64002,2822,1,5,5,1915,0,0,0,NA,0,281T1,ROSECRANS AV,SANTA FE AV,0,NA,Y,A,-,N,NA,NA,NA,NA,NA,NA,NA,NA,NA,N,4,0,2,2,A,-,12,21453,A,F,D,C,A,A,H,-,C,A,0,NA,NA,NA,NA,Y,NA,A,01,0,0,2,0,0,0,0,0,0,-,-,NA,NA,LOS ANGELES,COMPTON,-118.21630859375,33.903438568115234
9141120,2020,2020-10-07,1942,2020-08-14,1700,43980,0525,5,5,7,1942,0,0,0,E,0,5A18,MARINE AV,G ST,60,S,N,A,-,N,NA,NA,NA,NA,NA,NA,NA,NA,NA,N,3,0,1,3,C,-,18,NA,NA,N,C,E,A,A,H,-,A,D,0,NA,NA,NA,NA,Y,NA,-,-,0,1,0,0,0,0,0,0,0,-,-,NA,NA,LOS ANGELES,LOS ANGELES,-118.26365661621094,33.77830505371094
91411494,2020,2021-02-19,9590,2020-12-25,1848,022497,NA,5,2,7,1942,0,1,1,NA,2,012,SR-110 N/B (ARROYO SECO PARKWAY),AVENUE 43,200,S,N,A,-,Y,NA,NA,110,NA,NA,NA,NA,NA,N,Y,3,0,2,1,A,-,08,22107,NA,N,H,I,A,A,H,-,C,D,0,NA,NA,NA,NA,Y,NA,A,01,0,1,1,0,0,0,0,0,0,-,-,34.09247970581055,-118.20619964599608,LOS ANGELES,LOS ANGELES,-118.2062530517578,34.09248733520508
91411818,2020,2021-02-19,9530,2020-11-09,1650,020523,NA,1,2,9,1900,0,3,5,NA,2,005,REDONDO BEACH BOULEVARD (3500 BLOCK),YUKON AVENUE,401,E,N,A,-,N,NA,NA,NA,NA,NA,NA,NA,NA,NA,Y,1,1,1,3,A,-,03,22350,NA,N,C,C,A,A,H,-,B,D,0,NA,NA,NA,NA,Y,NA,D,22,1,0,0,0,0,0,0,0,0,-,-,33.88050079345703,-118.33370208740234,LOS ANGELES,UNINCORPORATED,-118.333984375,33.8804931640625
9141183,2020,2021-02-18,1900,2020-07-24,0854,622429,2610,5,5,6,1950,0,0,0,NA,0,263J,17TH ST EAST,PALMDALE BL FR RD,0,NA,Y,A,-,N,NA,NA,NA,NA,NA,NA,NA,NA,NA,Y,4,0,1,3,A,-,03,22350,NA,M,C,C,A,A,H,-,A,A,0,NA,NA,NA,NA,Y,NA,A,01,0,0,1,0,0,0,0,0,0,-,-,34.579498291015625,-118.09839630126952,LOS ANGELES,PALMDALE,-118.098457,34.579668
9141198,2020,2020-09-23,1942,2020-07-09,0010,42069,1806,4,5,7,1942,0,0,0,R,0,18A3,S CENTRAL AV,E 90TH ST,9,N,N,A,-,N,NA,NA,NA,NA,NA,NA,NA,NA,NA,N,2,0,1,2,A,-,10,21950,A,F,A,B,B,A,H,-,C,D,0,Y,NA,NA,NA,Y,NA,-,99,1,0,0,0,1,0,0,0,0,-,-,NA,NA,LOS ANGELES,LOS ANGELES,-118.25643157958984,33.95474624633789
9141199,2020,2021-07-08,1942,2020-07-19,2130,41844,1806,7,5,7,1942,0,0,0,R,0,18A3,S CENTRAL AV,E 89TH  ST,0,NA,Y,A,-,N,NA,NA,NA,NA,NA,NA,NA,NA,NA,N,1,1,0,2,A,-,10,21950,A,F,G,B,B,A,H,-,C,A,0,Y,NA,NA,NA,Y,NA,-,99,0,0,0,1,0,0,0,0,0,-,-,NA,NA,LOS ANGELES,LOS ANGELES,-118.25643157958984,33.95560073852539
9141200,2020,2020-09-23,1942,2020-07-02,1610,44308,0333,4,5,7,1942,0,0,0,C,0,3A58,28TH ST,WELLINGTON RD,0,NA,Y,A,-,N,NA,NA,NA,NA,NA,NA,NA,NA,NA,N,4,0,2,3,A,-,03,22350,NA,F,A,C,A,A,H,-,A,A,0,NA,NA,NA,NA,Y,NA,-,99,0,0,2,0,0,0,0,0,0,-,-,NA,NA,LOS ANGELES,LOS ANGELES,-118.33843231201172,34.031131744384766
9141209,2020,2020-08-27,1942,2020-08-10,2030,42282,1822,1,5,7,1942,0,0,0,R,0,25T31,BROADWAY,COLDEN AV,8,N,N,A,-,N,NA,NA,NA,NA,NA,NA,NA,NA,NA,Y,3,0,1,2,A,-,01,23152,A,N,D,E,A,A,H,-,C,A,0,NA,NA,NA,NA,Y,Y,A,07,0,1,0,0,0,0,0,0,0,-,-,NA,NA,LOS ANGELES,LOS ANGELES,-118.27840423583984,33.94920349121094
9141213,2020,2020-08-27,1942,2020-05-27,2040,39360,1842,3,5,7,1942,0,0,0,R,0,18A41,FIGUEROA ST,111TH DR,10,N,N,B,-,N,NA,NA,NA,NA,NA,NA,NA,NA,NA,Y,4,0,2,2,A,-,03,22350,NA,N,C,C,A,A,H,-,C,D,0,NA,NA,NA,NA,Y,NA,A,07,0,0,2,0,0,0,0,0,0,-,-,NA,NA,LOS ANGELES,LOS ANGELES,-118.28260803222656,33.934776306152344