CASE_ID,ACCIDENT_YEAR,PROC_DATE,JURIS,COLLISION_DATE,COLLISION_TIME,OFFICER_ID,REPORTING_DISTRICT,DAY_OF_WEEK,CHP_SHIFT,POPULATION,CNTY_CITY_LOC,SPECIAL_COND,BEAT_TYPE,CHP_BEAT_TYPE,CITY_DIVISION_LAPD,CHP_BEAT_CLASS,BEAT_NUMBER,PRIMARY_RD,SECONDARY_RD,DISTANCE,DIRECTION,INTERSECTION,WEATHER_1,WEATHER_2,STATE_HWY_IND,CALTRANS_COUNTY,CALTRANS_DISTRICT,STATE_ROUTE,ROUTE_SUFFIX,POSTMILE_PREFIX,POSTMILE,LOCATION_TYPE,RAMP_INTERSECTION,SIDE_OF_HWY,TOW_AWAY,COLLISION_SEVERITY,NUMBER_KILLED,NUMBER_INJURED,PARTY_COUNT,PRIMARY_COLL_FACTOR,PCF_CODE_OF_VIOL,PCF_VIOL_CATEGORY,PCF_VIOLATION,PCF_VIOL_SUBSECTION,HIT_AND_RUN,TYPE_OF_COLLISION,MVIW,PED_ACTION,ROAD_SURFACE,ROAD_COND_1,ROAD_COND_2,LIGHTING,CONTROL_DEVICE,CHP_ROAD_TYPE,PEDESTRIAN_ACCIDENT,BICYCLE_ACCIDENT,MOTORCYCLE_ACCIDENT,TRUCK_ACCIDENT,NOT_PRIVATE_PROPERTY,ALCOHOL_INVOLVED,STWD_VEHTYPE_AT_FAULT,CHP_VEHTYPE_AT_FAULT,COUNT_SEVERE_INJ,COUNT_VISIBLE_INJ,COUNT_COMPLAINT_PAIN,COUNT_PED_KILLED,COUNT_PED_INJURED,COUNT_BICYCLIST_KILLED,COUNT_BICYCLIST_INJURED,COUNT_MC_KILLED,COUNT_MC_INJURED,PRIMARY_RAMP,SECONDARY_RAMP,LATITUDE,LONGITUDE,COUNTY,CITY,POINT_X,POINT_Y
9143124,2020,2020-10-26,1953,2020-08-03,0550,5607,CA019,1,5,6,1953,0,0,0,NA,0,001,SECO ST,ROSEMONT AV,0,NA,Y,A,-,N,NA,NA,NA,NA,NA,NA,NA,NA,NA,Y,4,0,2,2,D,-,00,NA,NA,N,D,C,A,A,H,-,A,A,0,NA,NA,NA,NA,Y,NA,-,-,0,0,2,0,0,0,0,0,0,-,-,NA,NA,LOS ANGELES,PASADENA,-118.16385650634766,34.15774154663086
9143125,2020,2020-10-13,1953,2020-08-03,1318,3775,NA,1,5,6,1953,0,0,0,NA,0,001,COLORADO BL,SAN RAFAEL AV,900,E,N,A,-,N,NA,NA,NA,NA,NA,NA,NA,NA,NA,Y,3,0,1,1,A,-,03,22350,NA,N,H,A,A,A,H,-,A,A,0,NA,NA,Y,NA,Y,NA,C,02,0,1,0,0,0,0,0,0,1,-,-,NA,NA,LOS ANGELES,PASADENA,-118.16936492919922,34.143333435058594
9143126,2020,2020-10-13,1953,2020-08-04,1417,3367,1953,2,5,6,1953,0,0,0,NA,0,004,FOOTHILL BL,SAN GABRIEL BL,0,NA,Y,A,-,N,NA,NA,NA,NA,NA,NA,NA,NA,NA,Y,3,0,3,2,A,-,12,21453,A,N,D,C,A,A,H,-,A,A,0,NA,NA,NA,NA,Y,NA,A,01,0,1,2,0,0,0,0,0,0,-,-,NA,NA,LOS ANGELES,PASADENA,-118.09423065185548,34.1498908996582
9143127,2020,2020-10-13,1953,2020-08-04,1121,3755,NA,2,5,6,1953,0,0,0,NA,0,001,KNOLLWOOD TER,KNOLLWOOD DR,400,N,N,A,-,N,NA,NA,NA,NA,NA,NA,NA,NA,NA,Y,3,0,1,1,A,-,03,22350,NA,N,A,I,A,A,H,-,A,A,0,NA,NA,NA,NA,Y,NA,A,01,0,1,0,0,0,0,0,0,0,-,-,NA,NA,LOS ANGELES,PASADENA,-118.18502807617188,34.17456817626953
9143128,2020,2020-10-13,1953,2020-08-04,1158,8091,PASAD,2,5,6,1953,0,0,0,NA,0,001,EL MOLINO AV,DEL MAR BL,0,NA,Y,A,-,N,NA,NA,NA,NA,NA,NA,NA,NA,NA,Y,4,0,3,2,A,-,12,21453,A,N,D,C,A,A,H,-,A,A,0,NA,NA,NA,NA,Y,NA,A,07,0,0,3,0,0,0,0,0,0,-,-,NA,NA,LOS ANGELES,PASADENA,-118.13686370849608,34.140411376953125
9143129,2020,2020-10-13,1953,2020-08-05,1405,8091,PASAD,3,5,6,1953,0,0,0,NA,0,003,ALLEN AV,WASHINGTON BL,200,S,N,A,-,N,NA,NA,NA,NA,NA,NA,NA,NA,NA,Y,4,0,2,2,A,-,09,21801,A,N,D,C,A,A,H,-,A,D,0,NA,NA,NA,NA,Y,NA,A,01,0,0,2,0,0,0,0,0,0,-,-,NA,NA,LOS ANGELES,PASADENA,-118.11304473876952,34.1685905456543
9143130,2020,2020-10-22,1953,2020-08-05,1900,7454,1953,3,5,6,1953,0,0,0,NA,0,002,MAPLE ST,LAKE AV,0,NA,Y,A,-,N,NA,NA,NA,NA,NA,NA,NA,NA,NA,N,3,0,1,2,A,-,03,22350,NA,N,C,G,A,A,H,-,A,A,0,NA,Y,NA,NA,Y,NA,A,01,0,1,0,0,0,0,1,0,0,-,-,NA,NA,LOS ANGELES,PASADENA,-118.13236236572266,34.15232849121094
91431300,2020,2021-03-19,9545,2020-12-22,1400,018862,NA,2,2,9,1900,0,3,5,NA,2,002,AVENUE O,20TH STREET WEST,8,E,N,A,-,N,NA,NA,NA,NA,NA,NA,NA,NA,NA,N,4,0,1,2,D,-,00,NA,NA,N,D,C,A,A,H,-,A,A,0,NA,NA,NA,NA,Y,NA,-,-,0,0,1,0,0,0,0,0,0,-,-,34.616390228271484,-118.16549682617188,LOS ANGELES,UNINCORPORATED,-118.16547393798828,34.616390228271484
9143131,2020,2020-10-13,1953,2020-08-06,1523,1001,1953,4,5,6,1953,0,0,0,NA,0,005,LAKE AV,BOSTON CT,0,NA,Y,A,-,N,NA,NA,NA,NA,NA,NA,NA,NA,NA,Y,4,0,1,3,A,-,09,21801,A,N,D,C,A,A,H,-,A,D,0,NA,NA,NA,NA,Y,NA,A,07,0,0,1,0,0,0,0,0,0,-,-,NA,NA,LOS ANGELES,PASADENA,-118.13236236572266,34.147220611572266
9143132,2020,2020-10-13,1953,2020-08-07,0834,5476,1953,5,5,6,1953,0,0,0,NA,0,002,FAIR OAKS AV,HOWARD ST,15,S,N,A,-,N,NA,NA,NA,NA,NA,NA,NA,NA,NA,N,4,0,2,2,A,-,03,22350,NA,F,C,C,A,A,H,-,A,A,0,NA,NA,NA,NA,Y,NA,A,01,0,0,2,0,0,0,0,0,0,-,-,NA,NA,LOS ANGELES,PASADENA,-118.15071868896484,34.17245864868164
9143136,2020,2020-10-14,1976,2020-08-12,1916,452,1976,3,5,5,1976,0,0,0,NA,0,001,COMSTOCK AV,HADLEY ST,8,N,N,A,-,N,NA,NA,NA,NA,NA,NA,NA,NA,NA,Y,3,0,1,1,A,-,08,22107,NA,N,E,I,A,A,H,-,A,D,0,NA,NA,NA,NA,Y,NA,A,01,0,1,0,0,0,0,0,0,0,-,-,NA,NA,LOS ANGELES,WHITTIER,-118.03856658935548,33.98274230957031
9143137,2020,2020-10-13,1976,2020-08-22,1350,424,1976,6,5,5,1976,0,0,0,NA,0,002,MULBERRY DR,GREENLEAF AV,135,W,N,A,-,N,NA,NA,NA,NA,NA,NA,NA,NA,NA,N,4,0,1,2,A,-,03,22350,NA,N,C,C,A,A,D,-,A,A,0,NA,NA,NA,NA,Y,NA,A,01,0,0,1,0,0,0,0,0,0,-,-,NA,NA,LOS ANGELES,WHITTIER,-118.04715728759766,33.956356048583984
9143138,2020,2020-10-14,1942,2020-08-11,1745,40289,0216,2,5,7,1942,0,0,0,B,0,2A17,W SUNSET BL,N ALVARADO ST,0,NA,Y,A,-,N,NA,NA,NA,NA,NA,NA,NA,NA,NA,N,4,0,1,2,A,-,10,21950,A,F,G,B,B,A,H,-,A,D,0,Y,NA,NA,NA,Y,NA,-,99,0,0,1,0,1,0,0,0,0,-,-,NA,NA,LOS ANGELES,LOS ANGELES,-118.26348114013672,34.07762145996094
9143139,2020,2020-10-13,1942,2020-08-07,0600,39478,1333,5,5,7,1942,0,0,0,M,0,13A63,HILL ST,39TH ST,50,N,N,A,-,N,NA,NA,NA,NA,NA,NA,NA,NA,NA,N,3,0,1,2,A,-,11,21956,A,F,G,B,C,A,-,-,A,D,0,Y,NA,NA,NA,Y,NA,N,60,0,1,0,0,1,0,0,0,0,-,-,NA,NA,LOS ANGELES,LOS ANGELES,-118.27902221679688,34.01321029663086
9143140,2020,2021-06-22,1942,2020-08-06,0500,39478,NA,4,5,7,1942,0,0,0,NA,0,13A9,TOWNE AV,AGATHA ST,50,N,N,A,-,N,NA,NA,NA,NA,NA,NA,NA,NA,NA,NA,4,0,1,2,A,-,03,22350,NA,F,C,E,A,A,-,-,C,-,0,NA,NA,NA,NA,Y,NA,-,NA,0,0,1,0,0,0,0,0,0,-,-,NA,NA,LOS ANGELES,LOS ANGELES,-118.2462921142578,34.038482666015625
9143141,2020,2020-10-26,1942,2020-08-03,1750,43092,1394,1,5,7,1942,0,0,0,M,0,12X4,FLORENCE,BROADWAY,0,NA,Y,A,-,N,NA,NA,NA,NA,NA,NA,NA,NA,NA,N,4,0,1,2,A,-,00,22950,B,N,G,B,B,A,H,-,A,A,0,Y,NA,NA,NA,Y,Y,-,-,0,0,1,0,1,0,0,0,0,-,-,NA,NA,LOS ANGELES,LOS ANGELES,-118.27832794189452,33.97465896606445
9143142,2020,2020-10-15,1942,2020-08-09,0250,43643,1341,7,5,7,1942,0,0,0,M,0,13A13W,EXPOSITION BL,HOPE ST,250,NA,N,A,-,N,NA,NA,NA,NA,NA,NA,NA,NA,NA,Y,3,0,1,1,A,-,03,22350,NA,N,A,I,A,A,H,-,C,D,0,NA,NA,NA,NA,Y,NA,A,01,0,1,0,0,0,0,0,0,0,-,-,NA,NA,LOS ANGELES,LOS ANGELES,-118.27871704101564,34.01826858520508
9143143,2020,2020-10-15,1942,2020-08-08,2055,43643,1317,6,5,7,1942,0,0,0,M,0,13A13N,WASHINGTON BL,TARLETON ST,0,NA,Y,A,-,N,NA,NA,NA,NA,NA,NA,NA,NA,NA,Y,4,0,1,2,A,-,12,22450,A,N,D,C,A,A,H,-,C,A,0,NA,NA,NA,NA,Y,NA,A,01,0,0,1,0,0,0,0,0,0,-,-,NA,NA,LOS ANGELES,LOS ANGELES,-118.24520111083984,34.021419525146484
9143144,2020,2020-10-19,1942,2020-08-02,0600,42764,NA,7,5,7,1942,0,0,0,NA,0,NA,ADAMS BL,22ND ST,10,E,N,A,-,N,NA,NA,NA,NA,NA,NA,NA,NA,NA,N,3,0,1,2,A,-,08,22107,NA,F,G,-,A,A,-,-,A,-,0,NA,Y,NA,NA,Y,NA,-,99,0,1,0,0,0,0,1,0,0,-,-,NA,NA,LOS ANGELES,LOS ANGELES,NA,NA
9143145,2020,2020-11-10,1942,2020-08-02,1340,43245,1343,7,5,7,1942,0,0,0,M,0,13X94,AVALON BL,MLK BL,0,NA,Y,A,-,N,NA,NA,NA,NA,NA,NA,NA,NA,NA,N,4,0,1,2,A,-,09,21801,A,F,B,C,A,A,H,-,A,A,0,NA,NA,NA,NA,Y,NA,-,99,0,0,1,0,0,0,0,0,0,-,-,NA,NA,LOS ANGELES,LOS ANGELES,-118.2652587890625,34.01105880737305
9143146,2020,2020-10-15,1942,2020-08-03,1210,41927,1323,1,5,7,1942,0,0,0,M,0,13A13,ADAMS BL,STANFORD AV,20,W,N,A,-,N,NA,NA,NA,NA,NA,NA,NA,NA,NA,N,4,0,3,3,A,-,03,22350,NA,N,C,C,A,A,H,-,A,D,0,NA,NA,NA,NA,Y,NA,A,01,0,0,3,0,0,0,0,0,0,-,-,NA,NA,LOS ANGELES,LOS ANGELES,-118.25955963134766,34.02080535888672
9143147,2020,2020-10-15,1942,2020-08-01,1430,42313,1942,6,5,7,1942,0,0,0,NA,0,1321,23RD ST,FLOWER ST,0,NA,Y,A,-,N,NA,NA,NA,NA,NA,NA,NA,NA,NA,N,4,0,1,2,A,-,10,21950,NA,N,E,G,A,A,H,-,A,A,0,NA,Y,NA,NA,Y,NA,A,01,0,0,1,0,0,0,1,0,0,-,-,NA,NA,LOS ANGELES,LOS ANGELES,-118.27300262451172,34.0301513671875
9143148,2020,2020-10-15,1942,2020-08-03,1300,43150,1307,1,5,7,1942,0,0,0,M,0,13A9,ALAMEDA ST,OLYMPIC BL,0,NA,Y,A,-,N,NA,NA,NA,NA,NA,NA,NA,NA,NA,Y,3,0,3,2,A,-,08,22107,NA,N,A,C,A,A,H,-,A,A,0,NA,NA,NA,NA,Y,NA,A,07,0,1,2,0,0,0,0,0,0,-,-,NA,NA,LOS ANGELES,LOS ANGELES,-118.23908996582033,34.02764892578125
9143149,2020,2020-10-15,1942,2020-08-02,1130,43802,1327,7,5,7,1942,0,0,0,M,0,13A27,COMPTON AV,E 22ND ST,10,N,N,A,-,N,NA,NA,NA,NA,NA,NA,NA,NA,NA,Y,4,0,1,4,A,-,07,21658,A,N,A,C,A,A,H,-,A,D,0,NA,NA,NA,NA,Y,NA,A,01,0,0,1,0,0,0,0,0,0,-,-,NA,NA,LOS ANGELES,LOS ANGELES,-118.24552917480467,34.01749038696289
9143150,2020,2020-10-26,1910,2020-08-13,1208,341,NA,4,5,4,1910,0,0,0,NA,0,007,CLIFTON WY,N LA CIENEGA BL,0,NA,Y,A,-,N,NA,NA,NA,NA,NA,NA,NA,NA,NA,Y,3,0,2,2,A,-,12,21453,A,N,D,C,A,A,H,-,A,A,0,NA,NA,NA,NA,Y,NA,-,-,0,2,0,0,0,0,0,0,0,-,-,NA,NA,LOS ANGELES,BEVERLY HILLS,-118.37635040283205,34.06930923461914
9143151,2020,2020-10-22,1910,2020-08-14,1124,03494,NA,5,5,4,1910,0,0,0,NA,0,005,BEVERLY DR,BRIGHTON WY,0,NA,Y,A,-,N,NA,NA,NA,NA,NA,NA,NA,NA,NA,N,3,0,1,2,A,-,10,21950,A,N,G,C,-,A,H,-,A,A,0,Y,NA,NA,NA,Y,NA,A,01,0,1,0,0,1,0,0,0,0,-,-,NA,NA,LOS ANGELES,BEVERLY HILLS,-118.4019775390625,34.06993865966797
9143152,2020,2020-10-15,1910,2020-08-01,1220,03494,NA,6,5,4,1910,0,0,0,NA,0,009,LA CIENEGA BL,OLYMPIC BL,5,N,N,A,-,N,NA,NA,NA,NA,NA,NA,NA,NA,NA,Y,3,0,2,2,B,-,22,NA,NA,N,A,C,A,A,H,-,A,A,0,NA,NA,NA,NA,Y,NA,A,01,0,1,1,0,0,0,0,0,0,-,-,NA,NA,LOS ANGELES,BEVERLY HILLS,-118.3761978149414,34.059452056884766
9143153,2020,2020-10-15,1910,2020-08-06,1735,06003,NA,4,5,4,1910,0,0,0,NA,0,005,N CRESCENT DR,BRIGHTON WY,0,NA,Y,A,-,N,NA,NA,NA,NA,NA,NA,NA,NA,NA,N,4,0,1,2,A,-,10,21950,A,N,G,B,B,A,H,-,A,A,0,Y,NA,NA,NA,Y,NA,A,01,0,0,1,0,1,0,0,0,0,-,-,NA,NA,LOS ANGELES,BEVERLY HILLS,-118.39990234375,34.07133102416992
9143154,2020,2020-10-15,1910,2020-08-04,1725,03633,NA,2,5,4,1910,0,0,0,NA,0,004,RODEO DR,CARMELITA AV,0,NA,Y,A,-,N,NA,NA,NA,NA,NA,NA,NA,NA,NA,Y,4,0,1,2,A,-,12,22450,A,F,D,C,A,A,H,-,A,D,0,NA,NA,NA,NA,Y,NA,A,01,0,0,1,0,0,0,0,0,0,-,-,NA,NA,LOS ANGELES,BEVERLY HILLS,-118.40782165527344,34.07350158691406
9143155,2020,2020-10-15,1910,2020-08-07,1628,03494,NA,5,5,4,1910,0,0,0,NA,0,007,OLYMPIC BL,DOHENY DR,50,W,N,A,-,N,NA,NA,NA,NA,NA,NA,NA,NA,NA,Y,4,0,1,2,A,-,03,22350,NA,N,C,C,A,A,H,-,A,A,0,NA,NA,NA,NA,Y,NA,A,01,0,0,1,0,0,0,0,0,0,-,-,NA,NA,LOS ANGELES,BEVERLY HILLS,-118.38996124267578,34.05936050415039
9143157,2020,2020-10-15,1910,2020-08-16,1437,06003,NA,7,5,4,1910,0,0,0,NA,0,009,WILSHIRE BL,SWALL DR,0,NA,Y,A,-,N,NA,NA,NA,NA,NA,NA,NA,NA,NA,Y,4,0,2,2,A,-,09,21804,A,N,D,C,A,-,H,-,A,A,0,NA,NA,NA,NA,Y,NA,A,01,0,0,2,0,0,0,0,0,0,-,-,NA,NA,LOS ANGELES,BEVERLY HILLS,-118.38567352294922,34.06707000732422
91431626,2020,2021-03-22,9575,2020-11-10,1508,017491,NA,2,2,6,1912,0,1,3,NA,2,044,SR-134 W/B (VENTURA FREEWAY),PASS AVENUE,215,E,N,A,-,Y,NA,NA,134,NA,NA,NA,NA,NA,W,N,4,0,1,2,A,-,03,22350,NA,N,C,C,A,A,H,-,A,D,0,NA,NA,NA,NA,Y,NA,A,01,0,0,1,0,0,0,0,0,0,-,-,34.15414047241211,-118.34423828125,LOS ANGELES,BURBANK,-118.34423828125,34.15415573120117
9143178,2020,2020-10-14,1900,2020-08-07,1600,546256,0531,5,5,5,1959,0,0,0,NA,0,53T1PM,TEMPLE CITY BL,MARSHALL ST,0,NA,Y,A,-,N,NA,NA,NA,NA,NA,NA,NA,NA,NA,Y,3,0,3,2,A,-,09,21801,A,N,D,C,A,A,H,-,A,A,0,NA,NA,NA,NA,Y,NA,-,NA,0,3,0,0,0,0,0,0,0,-,-,34.07585144042969,-118.05860900878906,LOS ANGELES,ROSEMEAD,-118.0585708618164,34.07582092285156
9143179,2020,2020-10-14,1900,2020-08-03,2030,617953,0541,1,5,3,1921,0,0,0,NA,0,58T1PM,HUNTINGTON DR,BUENA VISTA ST,766,W,N,A,-,N,NA,NA,NA,NA,NA,NA,NA,NA,NA,N,2,0,1,2,A,-,08,22107,NA,N,B,C,A,A,H,-,C,D,0,NA,NA,Y,NA,Y,NA,C,02,1,0,0,0,0,0,0,0,1,-,-,34.139671325683594,-117.98021697998048,LOS ANGELES,DUARTE,-117.98007202148438,34.139671325683594
9143180,2020,2020-10-14,1942,2020-08-12,1930,31652,2149,3,5,7,1942,0,0,0,NA,0,21A29,WINNETKA AV,VANOWEN ST,230,N,N,A,-,N,NA,NA,NA,NA,NA,NA,NA,NA,NA,Y,3,0,1,2,A,-,01,23152,A,N,A,C,A,A,H,-,B,D,0,NA,NA,NA,NA,Y,Y,A,01,0,1,0,0,0,0,0,0,0,-,-,NA,NA,LOS ANGELES,LOS ANGELES,-118.57096862792967,34.194419860839844
9143220,2020,2020-09-02,1942,2020-03-08,0300,39972,1172,7,5,7,1942,0,0,0,K,0,11A51,GLENDALE AV,CLIFFORD ST,0,NA,Y,A,-,N,NA,NA,NA,NA,NA,NA,NA,NA,NA,N,4,0,1,2,A,-,12,22450,A,N,D,C,A,A,H,-,C,D,0,NA,NA,NA,NA,Y,NA,A,01,0,0,1,0,0,0,0,0,0,-,-,NA,NA,LOS ANGELES,LOS ANGELES,-118.25937652587892,34.08893966674805
9143224,2020,2020-09-02,1942,2020-03-09,0822,38357,0174,1,5,7,1942,0,0,0,A,0,1A35,S LOS ANGELES ST,EAST 7TH ST,300,N,N,A,-,N,NA,NA,NA,NA,NA,NA,NA,NA,NA,N,3,0,1,2,A,-,08,22107,NA,F,D,G,A,A,H,-,A,D,0,NA,Y,NA,NA,Y,NA,-,99,0,1,0,0,0,0,1,0,0,-,-,NA,NA,LOS ANGELES,LOS ANGELES,-118.249755859375,34.043846130371094
9143272,2020,2020-09-01,1900,2020-01-23,0758,526288,1331,4,5,5,1908,0,0,0,NA,0,133T2,FOSTER RD,BELL FLOWER BL,191,E,N,A,-,N,NA,NA,NA,NA,NA,NA,NA,NA,NA,Y,4,0,1,5,A,-,08,22107,NA,N,B,E,A,A,H,-,A,-,0,NA,NA,NA,NA,Y,NA,A,07,0,0,1,0,0,0,0,0,0,-,-,NA,NA,LOS ANGELES,BELLFLOWER,-118.1247329711914,33.909751892089844
9143273,2020,2020-09-02,1942,2020-01-24,0600,25019,1239,5,5,7,1942,0,0,0,L,0,12A39,FIGUEROA ST,GAGE AV,70,N,N,A,-,N,NA,NA,NA,NA,NA,NA,NA,NA,NA,N,4,0,1,2,A,-,11,21956,A,N,G,B,D,A,H,-,C,-,0,Y,NA,NA,NA,Y,NA,A,01,0,0,1,0,1,0,0,0,0,-,-,NA,NA,LOS ANGELES,LOS ANGELES,-118.2826690673828,33.98257064819336
9143276,2020,2020-09-09,1948,2020-01-02,0658,459,1948,4,5,5,1948,0,0,0,NA,0,004,GRAVES AV,ORANGE AV,14,E,N,A,-,N,NA,NA,NA,NA,NA,NA,NA,NA,NA,N,3,0,1,2,A,-,01,23152,A,M,B,E,A,A,H,-,B,D,0,NA,NA,NA,NA,Y,Y,A,01,0,1,0,0,0,0,0,0,0,-,-,NA,NA,LOS ANGELES,MONTEREY PARK,-118.1123504638672,34.055320739746094
9143277,2020,2020-09-09,1948,2020-01-02,0640,429,1948,4,5,5,1948,0,0,0,NA,0,004,POMELO AV,GRAVES AV,796,N,N,A,-,N,NA,NA,NA,NA,NA,NA,NA,NA,NA,Y,3,0,1,2,A,-,01,23152,A,M,-,E,A,A,H,-,B,A,0,NA,NA,NA,NA,Y,Y,A,01,0,1,0,0,0,0,0,0,0,-,-,NA,NA,LOS ANGELES,MONTEREY PARK,-118.11023712158205,34.057533264160156
9143284,2020,2020-09-09,1948,2020-01-02,0637,462,1948,4,5,5,1948,0,0,0,NA,0,002,WEST NEWMARK AVE,ORANGE AVE,25,S,N,A,-,N,NA,NA,NA,NA,NA,NA,NA,NA,NA,N,3,0,1,1,A,-,01,23152,A,M,E,I,A,A,H,-,B,A,0,NA,NA,NA,NA,Y,Y,A,01,0,1,0,0,0,0,0,0,0,-,-,NA,NA,LOS ANGELES,MONTEREY PARK,-118.1124267578125,34.05984115600586
9143285,2020,2020-09-02,1972,2020-01-14,0139,21602,NA,2,5,6,1972,0,0,0,NA,0,NA,LOMITA,TELO AV,0,NA,Y,A,-,N,NA,NA,NA,NA,NA,NA,NA,NA,NA,Y,3,0,2,2,A,-,01,23152,C,N,C,C,A,A,H,-,C,D,0,NA,NA,NA,NA,Y,Y,A,01,0,1,1,0,0,0,0,0,0,-,-,NA,NA,LOS ANGELES,TORRANCE,-118.33930206298828,33.81072998046875
9143292,2020,2020-10-19,1942,2020-02-22,1250,38257,1218,6,5,7,1942,0,0,0,L,0,3X95,FIGUEROA ST,SLAUSON AV,10,S,N,C,-,N,NA,NA,NA,NA,NA,NA,NA,NA,NA,Y,4,0,1,2,A,-,01,23152,A,F,C,C,A,B,H,-,A,A,0,NA,NA,NA,NA,Y,Y,A,01,0,0,1,0,0,0,0,0,0,-,-,NA,NA,LOS ANGELES,LOS ANGELES,-118.28268432617188,33.9891242980957
9143299,2020,2021-08-06,1948,2020-02-14,1642,461,1948,5,5,5,1948,0,0,0,NA,0,002,MOORE AV,GARVEY AV,11,S,N,A,-,N,NA,NA,NA,NA,NA,NA,NA,NA,NA,Y,4,0,2,2,A,-,08,22100,A,F,B,C,A,A,H,-,A,D,0,NA,NA,NA,NA,Y,NA,A,08,0,0,2,0,0,0,0,0,0,-,-,34.06248092651367,-118.13062286376952,LOS ANGELES,MONTEREY PARK,-118.13060760498048,34.0625114440918
9143316,2020,2020-10-10,1942,2020-08-12,2055,42251,1004,3,5,7,1942,0,0,0,J,0,10A3,STRATHERN ST,CANBY AV,0,NA,Y,A,-,N,NA,NA,NA,NA,NA,NA,NA,NA,NA,Y,3,0,1,5,A,-,01,23152,A,M,B,E,A,A,H,-,C,D,0,NA,NA,NA,NA,Y,Y,A,01,0,1,0,0,0,0,0,0,0,-,-,NA,NA,LOS ANGELES,LOS ANGELES,-118.5344467163086,34.21562957763672
9143317,2020,2020-10-07,1942,2020-08-12,1640,39223,1029,3,5,7,1942,0,0,0,J,0,10X28,VANOWEN ST,HASKELL AV,0,NA,Y,A,-,N,NA,NA,NA,NA,NA,NA,NA,NA,NA,Y,4,0,1,2,A,-,01,23152,A,N,A,C,A,A,H,-,A,A,0,NA,NA,NA,NA,Y,Y,A,01,0,0,1,0,0,0,0,0,0,-,-,NA,NA,LOS ANGELES,LOS ANGELES,-118.4748764038086,34.19390869140625
9143318,2020,2020-10-14,1942,2020-08-10,2310,40065,1028,1,5,7,1942,0,0,0,J,0,10A17,VICTORY BL,FORBES AV,321,W,N,A,-,N,NA,NA,NA,NA,NA,NA,NA,NA,NA,N,3,0,1,2,C,-,18,NA,NA,F,H,J,E,A,C,-,C,D,0,Y,NA,NA,NA,Y,NA,-,-,0,1,0,0,1,0,0,0,0,-,-,NA,NA,LOS ANGELES,LOS ANGELES,-118.5002212524414,34.18662643432617
9143319,2020,2021-02-19,1942,2020-08-12,1830,40065,0943,3,5,7,1942,0,0,0,I,0,9A41,W OXNARD ST,TYRONE AV,516,W,N,A,-,N,NA,NA,NA,NA,NA,NA,NA,NA,NA,N,4,0,1,2,A,-,09,21804,A,F,B,C,A,A,H,-,A,D,0,NA,NA,NA,NA,Y,NA,A,01,0,0,1,0,0,0,0,0,0,-,-,NA,NA,LOS ANGELES,LOS ANGELES,-118.44605255126952,34.17940139770508
9143320,2020,2020-10-07,1942,2020-08-13,2300,42460,0915,4,5,7,1942,0,0,0,I,0,9A19,VANOWEN ST,LENNOX AV,0,NA,Y,A,-,N,NA,NA,NA,NA,NA,NA,NA,NA,NA,Y,2,0,1,2,A,-,09,21801,A,N,A,C,A,A,H,-,C,A,0,NA,NA,Y,NA,Y,NA,A,01,1,0,0,0,0,0,0,0,1,-,-,NA,NA,LOS ANGELES,LOS ANGELES,-118.44545745849608,34.193939208984375
9143324,2020,2020-11-30,1900,2020-08-03,1200,615799,1011,1,5,3,1995,0,0,0,NA,0,101A,PACIFIC COAST HWY,TRANCAS CANYON,0,NA,Y,A,-,Y,LA,7,1,-,-,56.851,I,5,S,N,3,0,1,2,A,-,10,21950,NA,F,G,B,B,A,H,-,A,A,0,Y,NA,NA,NA,Y,NA,-,99,0,1,0,0,1,0,0,0,0,-,-,34.03104019165039,-118.84351348876952,LOS ANGELES,MALIBU,-118.84368133544922,34.03108596801758
9143326,2020,2020-10-15,1900,2020-08-16,1632,641160,0612,7,5,6,1985,0,0,0,NA,0,61T1,WALNUT SPRINGS AV,DRYCLIFF ST,43,S,N,A,-,N,NA,NA,NA,NA,NA,NA,NA,NA,NA,N,3,0,1,2,A,-,05,21651,A,N,A,G,A,A,H,-,A,D,0,NA,Y,NA,NA,Y,NA,L,04,0,1,0,0,0,0,1,0,0,-,-,34.421409606933594,-118.47049713134766,LOS ANGELES,SANTA CLARITA,-118.47066497802734,34.421634674072266
9143330,2020,2020-10-15,1900,2020-08-07,1540,527057,0628,5,5,6,1985,0,0,0,NA,0,62T1,PEACHLAND AV,LYONS AV,518,S,N,A,-,N,NA,NA,NA,NA,NA,NA,NA,NA,NA,N,4,0,1,2,A,-,09,21801,A,N,D,C,A,A,H,-,A,D,0,NA,NA,NA,NA,Y,NA,A,08,0,0,1,0,0,0,0,0,0,-,-,34.377830505371094,-118.54679870605467,LOS ANGELES,SANTA CLARITA,-118.5468521118164,34.37804412841797
9143423,2020,2020-10-19,1972,2020-08-21,1006,14197,NA,5,5,6,1972,0,0,0,NA,0,NA,TORRANCE BL,MAPLE AV,40,E,N,A,-,N,NA,NA,NA,NA,NA,NA,NA,NA,NA,Y,4,0,2,3,A,-,03,22350,NA,N,C,C,A,A,H,-,A,A,0,NA,NA,NA,Y,Y,NA,F,NA,0,0,2,0,0,0,0,0,0,-,-,NA,NA,LOS ANGELES,TORRANCE,-118.33992004394533,33.836448669433594
9143426,2020,2020-10-21,1972,2020-08-27,0935,14196,NA,4,5,6,1972,0,0,0,NA,0,NA,SEPULVEDA BL,CRENSHAW BL,0,NA,Y,A,-,N,NA,NA,NA,NA,NA,NA,NA,NA,NA,Y,4,0,1,2,A,-,09,21453,B,N,D,C,A,A,H,-,A,A,0,NA,NA,NA,NA,Y,NA,A,NA,0,0,1,0,0,0,0,0,0,-,-,NA,NA,LOS ANGELES,TORRANCE,-118.32846069335938,33.821861267089844
9143428,2020,2020-10-19,1972,2020-08-19,1011,14197,NA,3,5,6,1972,0,0,0,NA,0,NA,TORRANCE BL,WESTERN AV,85,W,N,A,-,N,NA,NA,NA,NA,NA,NA,NA,NA,NA,N,4,0,1,4,A,-,03,22350,NA,N,C,C,A,A,H,-,A,A,0,NA,NA,NA,Y,Y,NA,G,NA,0,0,1,0,0,0,0,0,0,-,-,NA,NA,LOS ANGELES,TORRANCE,-118.3095703125,33.83818435668945