CASE_ID,ACCIDENT_YEAR,PROC_DATE,JURIS,COLLISION_DATE,COLLISION_TIME,OFFICER_ID,REPORTING_DISTRICT,DAY_OF_WEEK,CHP_SHIFT,POPULATION,CNTY_CITY_LOC,SPECIAL_COND,BEAT_TYPE,CHP_BEAT_TYPE,CITY_DIVISION_LAPD,CHP_BEAT_CLASS,BEAT_NUMBER,PRIMARY_RD,SECONDARY_RD,DISTANCE,DIRECTION,INTERSECTION,WEATHER_1,WEATHER_2,STATE_HWY_IND,CALTRANS_COUNTY,CALTRANS_DISTRICT,STATE_ROUTE,ROUTE_SUFFIX,POSTMILE_PREFIX,POSTMILE,LOCATION_TYPE,RAMP_INTERSECTION,SIDE_OF_HWY,TOW_AWAY,COLLISION_SEVERITY,NUMBER_KILLED,NUMBER_INJURED,PARTY_COUNT,PRIMARY_COLL_FACTOR,PCF_CODE_OF_VIOL,PCF_VIOL_CATEGORY,PCF_VIOLATION,PCF_VIOL_SUBSECTION,HIT_AND_RUN,TYPE_OF_COLLISION,MVIW,PED_ACTION,ROAD_SURFACE,ROAD_COND_1,ROAD_COND_2,LIGHTING,CONTROL_DEVICE,CHP_ROAD_TYPE,PEDESTRIAN_ACCIDENT,BICYCLE_ACCIDENT,MOTORCYCLE_ACCIDENT,TRUCK_ACCIDENT,NOT_PRIVATE_PROPERTY,ALCOHOL_INVOLVED,STWD_VEHTYPE_AT_FAULT,CHP_VEHTYPE_AT_FAULT,COUNT_SEVERE_INJ,COUNT_VISIBLE_INJ,COUNT_COMPLAINT_PAIN,COUNT_PED_KILLED,COUNT_PED_INJURED,COUNT_BICYCLIST_KILLED,COUNT_BICYCLIST_INJURED,COUNT_MC_KILLED,COUNT_MC_INJURED,PRIMARY_RAMP,SECONDARY_RAMP,LATITUDE,LONGITUDE,COUNTY,CITY,POINT_X,POINT_Y
9144155,2020,2020-10-13,1942,2020-08-17,2115,42296,0989,1,5,7,1942,0,0,0,I,0,9A89,WOODMAN AV,VALLEYHEART DR,92,S,N,A,-,N,NA,NA,NA,NA,NA,NA,NA,NA,NA,Y,4,0,1,4,A,-,03,22350,NA,N,C,C,A,A,H,-,C,D,0,NA,NA,NA,NA,Y,NA,A,01,0,0,1,0,0,0,0,0,0,-,-,NA,NA,LOS ANGELES,LOS ANGELES,-118.43125152587892,34.153709411621094
9144156,2020,2020-10-13,1942,2020-08-15,1015,38131,2197,6,5,7,1942,0,0,0,NA,0,21A97,RUSTON RD,NATOMAS AV,350,E,N,A,-,N,NA,NA,NA,NA,NA,NA,NA,NA,NA,Y,3,0,2,3,A,-,09,21801,NA,N,A,C,A,A,H,-,A,D,0,NA,NA,NA,NA,Y,NA,A,01,0,2,0,0,0,0,0,0,0,-,-,NA,NA,LOS ANGELES,LOS ANGELES,-118.57849884033205,34.15309143066406
9144157,2020,2020-10-13,1942,2020-08-12,0750,30452,2177,3,5,7,1942,0,0,0,NA,0,21A97,OXNARD ST,OSO AV,0,NA,Y,A,-,N,NA,NA,NA,NA,NA,NA,NA,NA,NA,N,2,0,1,2,A,-,10,21950,A,N,G,B,B,A,H,-,A,A,0,Y,NA,NA,NA,Y,NA,A,01,1,0,0,0,1,0,0,0,0,-,-,NA,NA,LOS ANGELES,LOS ANGELES,-118.57697296142578,34.177978515625
9144158,2020,2020-10-13,1942,2020-08-20,1135,38185,2175,4,5,7,1942,0,0,0,NA,0,21A73,VENTURA BL,PONCE AV,40,E,N,A,-,N,NA,NA,NA,NA,NA,NA,NA,NA,NA,Y,4,0,1,2,A,-,09,21801,A,N,D,C,A,A,H,-,A,A,0,NA,NA,NA,NA,Y,NA,A,01,0,0,1,0,0,0,0,0,0,-,-,NA,NA,LOS ANGELES,LOS ANGELES,-118.62061309814452,34.166893005371094
9144159,2020,2020-10-13,1942,2020-08-19,2112,32774,2146,3,5,7,1942,0,0,0,NA,0,21A57,SHERMAN WY,VARIEL AV,0,NA,Y,A,-,N,NA,NA,NA,NA,NA,NA,NA,NA,NA,N,4,0,1,2,A,-,10,21950,A,N,G,B,B,A,H,-,C,D,0,Y,NA,NA,NA,Y,NA,A,07,0,0,1,0,1,0,0,0,0,-,-,NA,NA,LOS ANGELES,LOS ANGELES,-118.59281158447266,34.20098114013672
9144160,2020,2020-10-13,1942,2020-08-17,1315,38191,0938,1,5,7,1942,0,0,0,I,0,9A37,WOODMAN AV,VICTORY BL,0,NA,Y,A,-,N,NA,NA,NA,NA,NA,NA,NA,NA,NA,Y,4,0,1,2,A,-,12,21453,A,N,D,C,A,A,H,-,A,A,0,NA,NA,NA,NA,Y,Y,A,01,0,0,1,0,0,0,0,0,0,-,-,NA,NA,LOS ANGELES,LOS ANGELES,-118.43125915527344,34.18667984008789
9144162,2020,2020-10-08,1942,2020-08-17,0730,41514,1028,1,5,7,1942,0,0,0,J,0,10A17,VANOWEN ST,FORBES AV,50,W,N,A,-,N,NA,NA,NA,NA,NA,NA,NA,NA,NA,Y,3,0,1,2,A,-,07,21658,A,N,B,C,A,A,H,-,A,D,0,NA,NA,NA,NA,Y,NA,D,22,0,1,0,0,0,0,0,0,0,-,-,NA,NA,LOS ANGELES,LOS ANGELES,-118.49911499023438,34.19390106201172
9144166,2020,2020-10-08,1942,2020-08-17,1130,44108,0969,1,5,7,1942,0,0,0,I,0,9A37,COLDWATER CANYON AV,MAGNOLIA BL,20,S,Y,A,-,N,NA,NA,NA,NA,NA,NA,NA,NA,NA,N,4,0,1,2,A,-,04,21703,NA,N,B,C,A,A,H,-,A,D,0,NA,NA,NA,NA,Y,NA,A,07,0,0,1,0,0,0,0,0,0,-,-,NA,NA,LOS ANGELES,LOS ANGELES,-118.41380310058594,34.16481399536133
9144170,2020,2020-10-23,1942,2020-08-15,1550,42579,0926,6,5,7,1942,0,0,0,I,0,9A41,HAZELTINE AV,LEMAY ST,150,S,N,A,-,N,NA,NA,NA,NA,NA,NA,NA,NA,NA,Y,3,0,1,2,A,-,03,22350,NA,N,C,E,A,A,H,-,A,D,0,NA,NA,NA,Y,Y,NA,A,01,0,1,0,0,0,0,0,0,0,-,-,NA,NA,LOS ANGELES,LOS ANGELES,-118.4399871826172,34.1915397644043
9144174,2020,2020-10-10,1942,2020-08-18,0820,39746,0926,2,5,7,1942,0,0,0,I,0,9A19,TYRONE AV,VANOWEN ST,0,NA,Y,A,-,N,NA,NA,NA,NA,NA,NA,NA,NA,NA,N,4,0,2,2,A,-,12,21453,A,N,D,C,A,A,H,-,A,A,0,NA,NA,NA,NA,Y,NA,-,-,0,0,2,0,0,0,0,0,0,-,-,NA,NA,LOS ANGELES,LOS ANGELES,-118.4443588256836,34.193931579589844
9144175,2020,2020-10-15,1942,2020-08-13,0905,38503,1213,4,5,7,1942,0,0,0,L,0,27T25,55TH ST,DENKER AV,655,W,N,B,-,N,NA,NA,NA,NA,NA,NA,NA,NA,NA,Y,3,0,1,3,A,-,03,22350,NA,N,B,E,A,A,H,-,A,D,0,NA,NA,NA,NA,Y,NA,A,01,0,1,0,0,0,0,0,0,0,-,-,NA,NA,LOS ANGELES,LOS ANGELES,-118.30672454833984,33.992340087890625
9144178,2020,2020-10-10,1942,2020-08-15,0448,44047,2103,6,5,7,1942,0,0,0,NA,0,21A97,DE SOTO AV,BURBANK BL,43,S,-,A,-,N,NA,NA,NA,NA,NA,NA,NA,NA,NA,N,4,0,1,2,A,-,03,22350,NA,N,C,C,A,A,H,-,C,D,0,NA,NA,NA,NA,Y,NA,A,01,0,0,1,0,0,0,0,0,0,-,-,NA,NA,LOS ANGELES,LOS ANGELES,-118.58814239501952,34.173213958740234
91441805,2020,2021-04-02,9565,2020-12-20,0452,019872,NA,7,3,9,1900,0,1,1,NA,2,012,INTERSTATE 105 EASTBOUND (CENTURY FWY),WESTERN AVENUE,676,E,N,A,-,Y,NA,NA,105,NA,NA,NA,NA,NA,E,Y,1,1,1,3,A,-,11,21956,A,N,G,B,E,A,H,-,D,D,0,Y,NA,NA,NA,Y,NA,N,60,1,0,0,1,1,0,0,0,0,-,-,33.925838470458984,-118.30706787109376,LOS ANGELES,UNINCORPORATED,-118.30706024169922,33.92578125
9144182,2020,2020-10-08,1942,2020-08-17,1650,43822,2157,1,5,7,1942,0,0,0,NA,0,21A57,VANOWEN ST,LIMERICK AV,50,E,N,A,-,N,NA,NA,NA,NA,NA,NA,NA,NA,NA,Y,3,0,1,4,A,-,05,21650,NA,N,A,C,A,A,H,-,A,D,0,NA,NA,NA,NA,Y,Y,D,72,0,1,0,0,0,0,0,0,0,-,-,NA,NA,LOS ANGELES,LOS ANGELES,-118.58297729492188,34.19377136230469
9144193,2020,2020-10-23,1942,2020-08-12,1715,42803,396,3,5,7,1942,0,0,0,NA,0,3A18,43RD ST,VERMONT AV,0,NA,Y,A,-,N,NA,NA,NA,NA,NA,NA,NA,NA,NA,Y,4,0,1,2,A,-,01,23152,A,N,D,C,A,A,H,-,A,A,0,NA,NA,NA,NA,Y,Y,D,22,0,0,1,0,0,0,0,0,0,-,-,NA,NA,LOS ANGELES,LOS ANGELES,-118.2915496826172,34.005470275878906
9144205,2020,2020-10-20,1942,2020-08-17,0900,41514,1037,1,5,7,1942,0,0,0,J,0,10A17,VANOWEN ST,ANDASOL AV,100,W,N,A,-,N,NA,NA,NA,NA,NA,NA,NA,NA,NA,Y,3,0,1,2,A,-,01,23152,A,N,C,E,A,A,H,-,A,D,0,NA,NA,NA,NA,Y,NA,A,01,0,1,0,0,0,0,0,0,0,-,-,NA,NA,LOS ANGELES,LOS ANGELES,-118.51241302490234,34.193870544433594
9144209,2020,2020-10-10,1942,2020-08-17,1910,40065,1018,1,5,7,1942,0,0,0,J,0,10A39,HASKELL AV,WYANDOTTE ST,97,N,N,A,-,N,NA,NA,NA,NA,NA,NA,NA,NA,NA,N,4,0,1,2,A,-,03,22350,NA,F,C,C,A,A,H,-,A,A,0,NA,NA,NA,NA,Y,NA,-,99,0,0,1,0,0,0,0,0,0,-,-,NA,NA,LOS ANGELES,LOS ANGELES,-118.47491455078124,34.20326614379883
9144213,2020,2020-10-19,1942,2020-08-13,1900,43876,TOPAN,4,5,7,1942,0,0,0,NA,0,21Z6W5,ROSCOE BL,OAKDALE AV,0,NA,Y,A,-,N,NA,NA,NA,NA,NA,NA,NA,NA,NA,N,4,0,1,3,A,-,04,21703,NA,M,C,C,A,A,H,-,A,D,0,NA,NA,NA,NA,Y,NA,-,99,0,0,1,0,0,0,0,0,0,-,-,NA,NA,LOS ANGELES,LOS ANGELES,-118.56668853759766,34.22029113769531
9144214,2020,2020-10-20,1942,2020-08-18,1500,37724,1841,2,5,7,1942,0,0,0,R,0,18A41,S HOOVER ST,W 107TH ST,80,N,N,A,-,N,NA,NA,NA,NA,NA,NA,NA,NA,NA,Y,3,0,1,2,A,-,01,23152,A,M,D,C,A,A,H,-,A,A,0,NA,NA,NA,Y,Y,Y,A,01,0,1,0,0,0,0,0,0,0,-,-,NA,NA,LOS ANGELES,LOS ANGELES,-118.28697204589844,33.93928909301758
9144218,2020,2020-10-15,1942,2020-08-20,0933,41933,1245,4,5,7,1942,0,0,0,L,0,12A57,W FLORENCE AV,S VERMONT AV,0,NA,Y,A,-,N,NA,NA,NA,NA,NA,NA,NA,NA,NA,Y,2,0,3,4,A,-,09,21801,A,N,D,C,A,A,H,-,A,A,0,NA,NA,NA,NA,Y,NA,A,01,1,1,1,0,0,0,0,0,0,-,-,NA,NA,LOS ANGELES,LOS ANGELES,-118.29174041748048,33.97462844848633
9144237,2020,2020-10-08,1942,2020-05-14,1950,42349,1642,4,5,7,1942,0,0,0,P,0,10X4,HADDON AV,CARL ST,100,N,N,A,-,N,NA,NA,NA,NA,NA,NA,NA,NA,NA,N,3,0,1,2,A,-,11,21954,A,F,G,B,D,A,H,-,B,D,0,Y,NA,NA,NA,Y,Y,N,60,0,1,0,0,1,0,0,0,0,-,-,NA,NA,LOS ANGELES,LOS ANGELES,-118.4275131225586,34.25990676879883
9144251,2020,2020-10-13,1942,2020-08-15,2025,37118,0914,6,5,7,1942,0,0,0,I,0,9A23,SEPULVEDA BL,HART ST,250,S,N,A,-,N,NA,NA,NA,NA,NA,NA,NA,NA,NA,N,3,0,1,2,A,-,11,21954,A,F,A,B,E,A,H,-,C,A,0,Y,NA,NA,NA,Y,NA,N,60,0,1,0,0,1,0,0,0,0,-,-,NA,NA,LOS ANGELES,LOS ANGELES,-118.46620178222656,34.19684600830078
9144252,2020,2020-10-13,1942,2020-08-05,1550,39493,1532,3,5,7,1942,0,0,0,O,0,15X82,OXNARD ST,LAUREL CANYON BL,120,W,N,A,-,N,NA,NA,NA,NA,NA,NA,NA,NA,NA,Y,4,0,2,3,A,-,05,21650,NA,F,B,C,A,A,H,-,A,A,0,NA,NA,NA,NA,Y,NA,-,99,0,0,2,0,0,0,0,0,0,-,-,NA,NA,LOS ANGELES,LOS ANGELES,-118.3969268798828,34.179412841796875
9144253,2020,2020-10-13,1942,2020-08-18,2155,40972,2149,2,5,7,1942,0,0,0,NA,0,21A29,VANOWEN ST,WINNETKA AV,100,E,N,A,-,N,NA,NA,NA,NA,NA,NA,NA,NA,NA,N,4,0,2,2,A,-,03,22350,NA,F,C,C,A,A,H,-,C,A,0,NA,NA,NA,NA,Y,NA,-,99,0,0,2,0,0,0,0,0,0,-,-,NA,NA,LOS ANGELES,LOS ANGELES,-118.57064819335938,34.193790435791016
9144254,2020,2020-10-13,1942,2020-08-15,0100,41764,2133,6,5,7,1942,0,0,0,NA,0,NA,MEDICAL CENTER DR,SHERMAN WY,150,N,N,A,-,N,NA,NA,NA,NA,NA,NA,NA,NA,NA,N,3,0,1,2,A,-,10,21950,A,F,A,B,B,A,H,-,C,D,0,Y,NA,NA,NA,Y,NA,-,99,0,1,0,0,1,0,0,0,0,-,-,NA,NA,LOS ANGELES,LOS ANGELES,-118.62939453125,34.20085144042969
9144256,2020,2021-02-19,1942,2020-08-20,2025,42251,1966,4,5,7,1942,0,0,0,NA,0,19A85,NORDHOFF ST,TERRA BELLA ST,101,E,N,A,-,N,NA,NA,NA,NA,NA,NA,NA,NA,NA,N,2,0,1,2,A,-,11,21954,A,F,G,B,D,A,H,-,C,D,0,Y,NA,NA,NA,Y,NA,N,60,1,0,0,0,1,0,0,0,0,-,-,NA,NA,LOS ANGELES,LOS ANGELES,-118.44915008544922,34.235408782958984
9144257,2020,2020-10-13,1942,2020-08-19,1853,42296,1012,3,5,7,1942,0,0,0,J,0,10A3,SATICOY ST,RESEDA BL,0,NA,Y,A,-,N,NA,NA,NA,NA,NA,NA,NA,NA,NA,N,4,0,1,2,A,-,10,21950,A,N,G,B,B,A,H,-,C,A,0,Y,NA,NA,NA,Y,NA,A,01,0,0,1,0,1,0,0,0,0,-,-,NA,NA,LOS ANGELES,LOS ANGELES,-118.53604888916016,34.20840835571289
9144258,2020,2020-10-21,1942,2020-08-13,1640,39301,1008,4,5,7,1942,0,0,0,J,0,10X18,SATICOY ST,FORBES AV,0,NA,N,A,-,N,NA,NA,NA,NA,NA,NA,NA,NA,NA,N,4,0,1,2,A,-,08,22107,NA,N,D,C,A,A,H,-,A,D,0,NA,NA,NA,NA,Y,NA,A,01,0,0,1,0,0,0,0,0,0,-,-,NA,NA,LOS ANGELES,LOS ANGELES,-118.4992904663086,34.208431243896484
9144259,2020,2020-10-13,1942,2020-08-15,1020,43735,1004,6,5,7,1942,0,0,0,J,0,10A99,LINDLEY AV,INGOMAR ST,300,NA,N,A,-,N,NA,NA,NA,NA,NA,NA,NA,NA,NA,Y,3,0,2,3,A,-,03,22350,NA,N,-,C,A,A,H,-,A,D,0,NA,NA,NA,NA,Y,NA,A,01,0,1,1,0,0,0,0,0,0,-,-,NA,NA,LOS ANGELES,LOS ANGELES,-118.52735137939452,34.21205139160156
9144260,2020,2020-10-13,1942,2020-08-19,0820,38947,1004,3,5,7,1942,0,0,0,J,0,17A67,RESEDA BL,ROSCOE BL,0,NA,Y,A,-,N,NA,NA,NA,NA,NA,NA,NA,NA,NA,N,4,0,1,2,A,-,10,21950,A,N,D,B,B,A,H,-,A,A,0,Y,NA,NA,NA,Y,NA,A,01,0,0,1,0,1,0,0,0,0,-,-,NA,NA,LOS ANGELES,LOS ANGELES,-118.53607940673828,34.22074890136719
9144261,2020,2020-10-14,1967,2020-08-15,1154,153,NA,6,5,2,1967,0,0,0,NA,0,SOUTH,HILL,OBISPO AV,0,NA,Y,A,-,N,NA,NA,NA,NA,NA,NA,NA,NA,NA,Y,4,0,1,2,A,-,12,22450,A,N,D,C,A,A,H,-,A,A,0,NA,NA,NA,NA,Y,NA,A,01,0,0,1,0,0,0,0,0,0,-,-,NA,NA,LOS ANGELES,SIGNAL HILL,-118.15457916259766,33.797080993652344
9144262,2020,2020-10-14,1967,2020-08-16,1650,150,NA,7,5,2,1967,0,0,0,NA,0,NORTH,WILLOW,GARDENA AV,13,E,N,A,-,N,NA,NA,NA,NA,NA,NA,NA,NA,NA,Y,3,0,1,1,A,-,03,22350,NA,N,E,I,A,A,H,-,A,D,0,NA,NA,NA,NA,Y,NA,A,01,0,1,0,0,0,0,0,0,0,-,-,NA,NA,LOS ANGELES,SIGNAL HILL,-118.1686782836914,33.804481506347656
9144263,2020,2020-10-14,1967,2020-08-20,1230,117,NA,4,5,2,1967,0,0,0,NA,0,SOUTH,CHERRY AV,CRESCENT HEIGHTS,0,NA,Y,A,-,N,NA,NA,NA,NA,NA,NA,NA,NA,NA,Y,3,0,2,2,A,-,09,21801,A,N,D,C,A,A,H,-,A,A,0,NA,NA,NA,NA,Y,NA,A,07,0,2,0,0,0,0,0,0,0,-,-,NA,NA,LOS ANGELES,SIGNAL HILL,-118.16769,33.80256
9144267,2020,2020-10-14,1942,2020-08-11,1125,40440,1801,2,5,7,1942,0,0,0,R,0,25TL29,HOOVER ST,90TH ST,0,NA,Y,A,-,N,NA,NA,NA,NA,NA,NA,NA,NA,NA,Y,4,0,4,2,A,-,09,21802,A,N,D,C,A,A,H,-,A,A,0,NA,NA,NA,NA,Y,NA,A,01,0,0,4,0,0,0,0,0,0,-,-,NA,NA,LOS ANGELES,LOS ANGELES,-118.28697204589844,33.95505905151367
9144268,2020,2020-10-14,1942,2020-08-09,0815,43932,1802,7,5,7,1942,0,0,0,R,0,18A1,MAIN,87TH PL,0,NA,Y,A,-,N,NA,NA,NA,NA,NA,NA,NA,NA,NA,N,4,0,1,2,A,-,01,23152,A,F,D,C,A,A,H,-,A,A,0,NA,NA,NA,NA,Y,Y,A,01,0,0,1,0,0,0,0,0,0,-,-,NA,NA,LOS ANGELES,LOS ANGELES,-118.2738800048828,33.95804977416992
9144269,2020,2020-10-14,1942,2020-08-15,2140,42392,1849,6,5,7,1942,0,0,0,R,0,18A63,WILMINGTON,107TH ST,1,N,N,A,-,N,NA,NA,NA,NA,NA,NA,NA,NA,NA,N,4,0,1,2,A,-,11,21954,A,N,A,B,D,A,H,-,C,A,0,Y,NA,NA,NA,Y,NA,N,60,0,0,1,0,1,0,0,0,0,-,-,NA,NA,LOS ANGELES,LOS ANGELES,-118.2390365600586,33.9389533996582
9144271,2020,2020-10-14,1942,2020-08-12,1934,42149,1017,3,5,7,1942,0,0,0,J,0,10A17,COVELLO ST,PASO ROBLES AV,0,NA,Y,A,-,N,NA,NA,NA,NA,NA,NA,NA,NA,NA,Y,4,0,1,2,A,-,01,23152,A,N,D,C,A,B,H,-,A,D,0,NA,NA,NA,NA,Y,Y,A,01,0,0,1,0,0,0,0,0,0,-,-,NA,NA,LOS ANGELES,LOS ANGELES,-118.50215911865234,34.207279205322266
9144273,2020,2020-10-14,1942,2020-08-16,1255,38191,2134,7,5,7,1942,0,0,0,NA,0,21A1,SHERMAN WY,FARRALONE AV,415,W,N,A,-,N,NA,NA,NA,NA,NA,NA,NA,NA,NA,N,4,0,1,2,A,-,08,22107,NA,F,B,C,A,A,H,-,A,D,0,NA,NA,NA,NA,Y,NA,-,99,0,0,1,0,0,0,0,0,0,-,-,NA,NA,LOS ANGELES,LOS ANGELES,-118.61167144775392,34.201019287109375
9144274,2020,2020-10-14,1942,2020-08-18,2055,40876,0906,2,5,7,1942,0,0,0,I,0,9A5,VAN NUYS BL,VALERIO ST,257,S,N,A,-,N,NA,NA,NA,NA,NA,NA,NA,NA,NA,Y,2,0,1,2,A,-,01,23152,F,F,B,C,A,A,H,-,C,D,0,NA,NA,Y,NA,Y,NA,A,01,1,0,0,0,0,0,0,0,1,-,-,NA,NA,LOS ANGELES,LOS ANGELES,-118.4487533569336,34.204124450683594
9144327,2020,2020-10-07,1942,2020-08-14,1940,42011,1203,5,5,7,1942,0,0,0,L,0,25T35W,W VERNON AV,S HARVARD BL,9,W,N,A,-,N,NA,NA,NA,NA,NA,NA,NA,NA,NA,N,2,0,1,2,A,-,10,21950,NA,N,G,B,D,A,H,-,C,D,0,Y,NA,NA,NA,Y,NA,-,99,1,0,0,0,1,0,0,0,0,-,-,NA,NA,LOS ANGELES,LOS ANGELES,-118.30677795410156,34.003719329833984
9144328,2020,2020-10-07,1942,2020-08-15,2100,42282,1863,6,5,7,1942,0,0,0,R,0,25T33,AVALON BL,E 118TH PL,0,NA,Y,A,-,N,NA,NA,NA,NA,NA,NA,NA,NA,NA,N,2,0,1,2,A,-,03,22350,NA,N,D,C,A,-,H,-,C,A,0,NA,NA,Y,NA,Y,NA,C,03,1,0,0,0,0,0,0,0,1,-,-,NA,NA,LOS ANGELES,LOS ANGELES,-118.26522064208984,33.92557144165039
9144329,2020,2020-10-07,1942,2020-08-19,2355,43432,1846,3,5,7,1942,0,0,0,R,0,18A35,COMPTON AV,E 113TH ST,105,S,N,B,-,N,NA,NA,NA,NA,NA,NA,NA,NA,NA,N,2,0,2,3,A,-,05,21650,1,N,D,G,A,A,H,-,C,D,0,NA,Y,NA,NA,Y,NA,L,04,1,1,0,0,0,0,2,0,0,-,-,NA,NA,LOS ANGELES,LOS ANGELES,-118.24629974365234,33.9317626953125
9144330,2020,2020-10-07,1942,2020-08-11,1805,40105,1267,2,5,7,1942,0,0,0,L,0,25T31,W MANCHESTER AV,S FIEGUEROA ST,0,NA,Y,A,-,N,NA,NA,NA,NA,NA,NA,NA,NA,NA,Y,2,0,3,2,A,-,12,21453,A,N,D,C,A,A,H,-,A,A,0,NA,NA,NA,NA,Y,NA,A,01,1,0,2,0,0,0,0,0,0,-,-,NA,NA,LOS ANGELES,LOS ANGELES,-118.28273010253906,33.960060119628906
9144331,2020,2021-07-28,1941,2020-08-19,1040,11600,NA,3,5,7,1941,0,0,0,NA,0,NA,PACIFIC COAST HWY,CERRITOS AV,52,E,N,A,-,N,NA,NA,NA,NA,NA,NA,NA,NA,NA,N,2,0,2,3,A,-,01,23153,A,N,B,C,A,A,H,-,A,D,0,NA,NA,NA,NA,Y,Y,A,NA,2,0,0,0,0,0,0,0,0,-,-,NA,NA,LOS ANGELES,LONG BEACH,-118.17726135253906,33.78987121582031
9144332,2020,2020-10-07,1941,2020-08-17,0840,11513,NA,1,5,7,1941,0,0,0,NA,0,NA,31ST ST,EUCALYPTUS AV,0,NA,Y,A,-,N,NA,NA,NA,NA,NA,NA,NA,NA,NA,Y,3,0,1,1,A,-,07,21658,A,N,-,A,A,A,H,-,A,D,0,NA,NA,NA,NA,Y,NA,A,NA,0,1,0,0,0,0,0,0,0,-,-,NA,NA,LOS ANGELES,LONG BEACH,-118.19700622558594,33.81346893310547
9144333,2020,2020-10-07,1941,2020-08-16,0857,11570,NA,7,5,7,1941,0,0,0,NA,0,NA,SANTA FE AV,CAMERON ST,0,NA,Y,A,-,N,NA,NA,NA,NA,NA,NA,NA,NA,NA,Y,4,0,1,2,A,-,01,23152,B,N,C,C,A,A,H,-,A,D,0,NA,NA,NA,NA,Y,Y,A,NA,0,0,1,0,0,0,0,0,0,-,-,NA,NA,LOS ANGELES,LONG BEACH,-118.2155303955078,33.82352066040039
9144334,2020,2020-10-07,1941,2020-08-19,1650,11246,NA,3,5,7,1941,0,0,0,NA,0,NA,ORANGE AV,ORANGE AV 4503,0,NA,N,A,-,N,NA,NA,NA,NA,NA,NA,NA,NA,NA,N,4,0,2,2,A,-,03,22350,NA,M,C,C,A,A,H,-,A,D,0,NA,NA,NA,NA,Y,NA,A,NA,0,0,2,0,0,0,0,0,0,-,-,NA,NA,LOS ANGELES,LONG BEACH,-118.176316,33.84045
9144335,2020,2020-10-07,1941,2020-08-18,1717,5771,NA,2,5,7,1941,0,0,0,NA,0,NA,CHERRY,ANAHEIM,0,NA,Y,A,-,N,NA,NA,NA,NA,NA,NA,NA,NA,NA,Y,4,0,1,2,D,-,00,NA,NA,N,D,-,A,A,H,-,A,A,0,NA,NA,NA,NA,Y,NA,-,-,0,0,1,0,0,0,0,0,0,-,-,NA,NA,LOS ANGELES,LONG BEACH,-118.16766357421876,33.78261184692383
9144336,2020,2020-12-03,1941,2020-08-18,1751,11536,NA,2,5,7,1941,0,0,0,NA,0,NA,PCH,COTA AV,0,NA,Y,A,-,Y,LA,7,1,-,-,7.841,I,5,S,N,3,0,1,2,A,-,09,21801,A,N,D,C,A,A,H,-,A,D,0,NA,NA,Y,NA,Y,NA,A,NA,0,1,0,0,0,0,0,0,1,-,-,NA,NA,LOS ANGELES,LONG BEACH,-118.21665954589844,33.789817810058594
9144337,2020,2020-10-07,1941,2020-08-18,1810,5870,NA,2,5,7,1941,0,0,0,NA,0,NA,17TH ST,ALY E CHERRY AV,0,NA,Y,A,-,N,NA,NA,NA,NA,NA,NA,NA,NA,NA,N,4,0,1,2,A,-,09,21804,A,N,D,G,A,A,H,-,A,D,0,NA,Y,NA,NA,Y,NA,L,NA,0,0,1,0,0,0,1,0,0,-,-,NA,NA,LOS ANGELES,LONG BEACH,-118.16767,33.78804
9144338,2020,2020-10-20,1941,2020-08-18,1447,10016,NA,2,5,7,1941,0,0,0,NA,0,NA,LONG BEACH BL,VICTORIA AV,30,S,N,A,-,N,NA,NA,NA,NA,NA,NA,NA,NA,NA,Y,2,0,1,2,A,-,12,21453,A,N,-,C,A,A,H,-,A,A,0,NA,NA,Y,NA,Y,NA,C,NA,1,0,0,0,0,0,0,0,1,-,-,NA,NA,LOS ANGELES,LONG BEACH,-118.19989776611328,33.86478805541992
9144339,2020,2020-10-07,1941,2020-08-18,1433,11531,NA,2,5,7,1941,0,0,0,NA,0,NA,7TH ST,ATLANTIC AV,0,NA,Y,A,-,N,NA,NA,NA,NA,NA,NA,NA,NA,NA,Y,3,0,3,2,A,-,12,21453,A,N,D,C,A,A,H,-,A,A,0,NA,NA,NA,NA,Y,NA,B,NA,0,2,1,0,0,0,0,0,0,-,-,NA,NA,LOS ANGELES,LONG BEACH,-118.18505096435548,33.77534103393555
9144340,2020,2020-10-07,1941,2020-08-16,2018,10918,NA,7,5,7,1941,0,0,0,NA,0,NA,WILLOW ST,FASHION AV,0,NA,Y,A,-,N,NA,NA,NA,NA,NA,NA,NA,NA,NA,N,3,0,1,2,A,-,09,21802,A,N,D,G,A,A,H,-,C,A,0,NA,Y,NA,NA,Y,Y,L,NA,0,1,0,0,0,0,1,0,0,-,-,NA,NA,LOS ANGELES,LONG BEACH,-118.2089614868164,33.80438995361328
9144403,2020,2020-09-22,1941,2020-07-26,1036,11244,NA,7,5,7,1941,0,0,0,NA,0,NA,LOS COYOTES DIAGONAL,XIMENO AV,0,NA,Y,A,-,N,NA,NA,NA,NA,NA,NA,NA,NA,NA,Y,4,0,1,2,A,-,09,21801,A,N,D,C,A,A,H,-,A,A,0,NA,NA,NA,Y,Y,NA,A,NA,0,0,1,0,0,0,0,0,0,-,-,NA,NA,LOS ANGELES,LONG BEACH,-118.13954925537108,33.79193878173828
9144404,2020,2020-09-22,1941,2020-07-24,1522,6292,NA,5,5,7,1941,0,0,0,NA,0,NA,ATLANTIC AV,68TH ST,0,NA,Y,A,-,N,NA,NA,NA,NA,NA,NA,NA,NA,NA,Y,3,0,2,2,A,-,09,21801,A,N,D,C,A,A,H,-,A,D,0,NA,NA,NA,NA,Y,NA,A,NA,0,1,1,0,0,0,0,0,0,-,-,NA,NA,LOS ANGELES,LONG BEACH,-118.18605041503906,33.87818908691406
9144405,2020,2020-09-22,1941,2020-07-15,1141,6033,NA,3,5,7,1941,0,0,0,NA,0,NA,BUTLER,ARTESIA,36,N,N,A,-,N,NA,NA,NA,NA,NA,NA,NA,NA,NA,N,3,0,1,3,A,-,03,22350,NA,M,C,C,A,A,H,-,A,A,0,NA,NA,NA,NA,Y,NA,A,NA,0,1,0,0,0,0,0,0,0,-,-,NA,NA,LOS ANGELES,LONG BEACH,-118.19695281982422,33.87487030029297
9144430,2020,2020-10-13,1942,2020-08-21,2000,43582,1267,5,5,7,1942,0,0,0,L,0,1267,MANCHESTER,BROADWAY,0,NA,Y,A,-,N,NA,NA,NA,NA,NA,NA,NA,NA,NA,Y,4,0,2,2,A,-,09,21801,A,N,A,C,A,A,H,-,C,A,0,NA,NA,NA,NA,Y,NA,A,01,0,0,2,0,0,0,0,0,0,-,-,NA,NA,LOS ANGELES,LOS ANGELES,-118.27828216552734,33.960079193115234