CASE_ID,ACCIDENT_YEAR,PROC_DATE,JURIS,COLLISION_DATE,COLLISION_TIME,OFFICER_ID,REPORTING_DISTRICT,DAY_OF_WEEK,CHP_SHIFT,POPULATION,CNTY_CITY_LOC,SPECIAL_COND,BEAT_TYPE,CHP_BEAT_TYPE,CITY_DIVISION_LAPD,CHP_BEAT_CLASS,BEAT_NUMBER,PRIMARY_RD,SECONDARY_RD,DISTANCE,DIRECTION,INTERSECTION,WEATHER_1,WEATHER_2,STATE_HWY_IND,CALTRANS_COUNTY,CALTRANS_DISTRICT,STATE_ROUTE,ROUTE_SUFFIX,POSTMILE_PREFIX,POSTMILE,LOCATION_TYPE,RAMP_INTERSECTION,SIDE_OF_HWY,TOW_AWAY,COLLISION_SEVERITY,NUMBER_KILLED,NUMBER_INJURED,PARTY_COUNT,PRIMARY_COLL_FACTOR,PCF_CODE_OF_VIOL,PCF_VIOL_CATEGORY,PCF_VIOLATION,PCF_VIOL_SUBSECTION,HIT_AND_RUN,TYPE_OF_COLLISION,MVIW,PED_ACTION,ROAD_SURFACE,ROAD_COND_1,ROAD_COND_2,LIGHTING,CONTROL_DEVICE,CHP_ROAD_TYPE,PEDESTRIAN_ACCIDENT,BICYCLE_ACCIDENT,MOTORCYCLE_ACCIDENT,TRUCK_ACCIDENT,NOT_PRIVATE_PROPERTY,ALCOHOL_INVOLVED,STWD_VEHTYPE_AT_FAULT,CHP_VEHTYPE_AT_FAULT,COUNT_SEVERE_INJ,COUNT_VISIBLE_INJ,COUNT_COMPLAINT_PAIN,COUNT_PED_KILLED,COUNT_PED_INJURED,COUNT_BICYCLIST_KILLED,COUNT_BICYCLIST_INJURED,COUNT_MC_KILLED,COUNT_MC_INJURED,PRIMARY_RAMP,SECONDARY_RAMP,LATITUDE,LONGITUDE,COUNTY,CITY,POINT_X,POINT_Y
9150420,2020,2020-10-13,1900,2020-08-01,1350,636807,0334,6,5,4,1939,0,0,0,NA,0,35T1,MANHATTAN BEACH BL,HAWTHORNE BL,0,NA,Y,A,-,N,NA,NA,NA,NA,NA,NA,NA,NA,NA,N,3,0,1,2,A,-,09,21801,A,N,A,C,A,A,H,-,A,A,0,NA,NA,NA,NA,Y,NA,A,07,0,1,0,0,0,0,0,0,0,-,-,33.887298583984375,-118.35269927978516,LOS ANGELES,LAWNDALE,-118.35272979736328,33.8874397277832
9150421,2020,2020-10-09,1900,2020-08-09,1700,625596,0332,7,5,4,1939,0,0,0,NA,0,35T1,CONDON AV,152ND ST,0,NA,Y,A,-,N,NA,NA,NA,NA,NA,NA,NA,NA,NA,N,2,0,1,2,A,-,12,22450,A,M,D,G,A,A,H,-,A,A,0,NA,Y,NA,NA,Y,NA,L,04,1,0,0,0,0,0,1,0,0,-,-,33.89366149902344,-118.35955047607422,LOS ANGELES,LAWNDALE,-118.3594970703125,33.893619537353516
9150422,2020,2020-10-09,1900,2020-08-22,2230,625596,0334,6,5,4,1939,0,0,0,NA,0,35T1,HAWTHORNE BL,171ST ST,0,NA,Y,A,-,N,NA,NA,NA,NA,NA,NA,NA,NA,NA,Y,2,0,1,2,A,-,09,21802,A,N,D,C,A,A,H,-,C,A,0,NA,NA,Y,NA,Y,NA,C,02,1,0,0,0,0,0,0,0,1,-,-,33.87569046020508,-118.35238647460938,LOS ANGELES,LAWNDALE,-118.35270690917967,33.87565994262695
9150423,2020,2020-10-09,1900,2020-08-20,1018,635318,0331,4,5,4,1939,0,0,0,NA,0,35T1,HAWTHORNE BL,MANHATTAN BEACH BL,75,N,N,A,-,N,NA,NA,NA,NA,NA,NA,NA,NA,NA,N,3,0,2,1,A,-,08,22100,A,N,E,I,A,A,H,-,A,D,0,NA,NA,NA,NA,Y,NA,A,07,0,2,0,0,0,0,0,0,0,-,-,33.887699127197266,-118.35233306884766,LOS ANGELES,LAWNDALE,-118.35272979736328,33.88764572143555
9150424,2020,2020-10-09,1900,2020-08-22,1150,611248,2853,6,5,5,1915,0,0,0,NA,0,282T1,ALONDRA BL,MURIEL AV,79,W,N,A,-,N,NA,NA,NA,NA,NA,NA,NA,NA,NA,Y,3,0,1,2,A,-,09,21804,A,N,D,C,A,A,H,-,A,D,0,NA,NA,NA,NA,Y,Y,A,01,0,1,0,0,0,0,0,0,0,-,-,NA,NA,LOS ANGELES,COMPTON,-118.201416015625,33.88872146606445
9150425,2020,2020-10-09,1900,2020-08-16,1916,628507,2841,7,5,5,1915,0,0,0,NA,0,283T3,SANTA FE AV,GREENLEAF BL,0,NA,Y,A,-,N,NA,NA,NA,NA,NA,NA,NA,NA,NA,N,3,0,1,2,A,-,12,21453,A,N,D,C,A,A,H,-,A,A,0,NA,NA,Y,NA,Y,NA,C,03,0,1,0,0,0,0,0,0,1,-,-,NA,NA,LOS ANGELES,COMPTON,-118.21552276611328,33.88124084472656
9150436,2020,2020-10-09,1942,2020-08-20,1940,41911,0393,4,5,7,1942,0,0,0,C,0,3A73,CRENSHAW BL,STOCKER ST,20,W,N,A,-,N,NA,NA,NA,NA,NA,NA,NA,NA,NA,Y,3,0,2,4,A,-,09,21801,A,F,B,C,A,A,D,-,C,A,0,NA,NA,NA,NA,Y,NA,-,99,0,1,1,0,0,0,0,0,0,-,-,NA,NA,LOS ANGELES,LOS ANGELES,-118.33509826660156,34.00843048095703
9150437,2020,2020-10-09,1942,2020-08-22,1600,42650,0378,6,5,7,1942,0,0,0,C,0,3A58,VERMONT AV,MARTIN LUTHER KING BL,0,NA,Y,A,-,N,NA,NA,NA,NA,NA,NA,NA,NA,NA,Y,4,0,1,2,A,-,08,22107,NA,N,A,C,A,A,H,-,A,A,0,NA,NA,NA,NA,Y,NA,A,01,0,0,1,0,0,0,0,0,0,-,-,NA,NA,LOS ANGELES,LOS ANGELES,-118.2915267944336,34.01087188720703
9150438,2020,2020-10-09,1942,2020-08-22,1750,42650,397,6,5,7,1942,0,0,0,NA,0,3A58,DENKEE AV,41ST PL,100,N,N,A,-,N,NA,NA,NA,NA,NA,NA,NA,NA,NA,N,4,0,2,2,A,-,21,22106,NA,N,D,C,A,A,H,-,A,D,0,NA,NA,NA,NA,Y,NA,A,01,0,0,2,0,0,0,0,0,0,-,-,NA,NA,LOS ANGELES,LOS ANGELES,-118.304539,34.00872
9150439,2020,2020-10-19,1942,2020-08-21,0715,41056,0337,5,5,7,1942,0,0,0,C,0,7A85,NORMANDIE AV,JEFFERSON BL,0,NA,N,A,-,N,NA,NA,NA,NA,NA,NA,NA,NA,NA,N,4,0,1,2,A,-,03,22350,A,F,C,C,A,A,H,-,A,D,0,NA,NA,NA,NA,Y,NA,-,99,0,0,1,0,0,0,0,0,0,-,-,NA,NA,LOS ANGELES,LOS ANGELES,-118.30023193359376,34.025508880615234
9150440,2020,2020-10-09,1942,2020-08-21,1220,43500,0363,5,5,7,1942,0,0,0,C,0,3XL4W4,MARTIN LUTHER KING JR BL,BUCKINGHAM RD,0,NA,Y,A,-,N,NA,NA,NA,NA,NA,NA,NA,NA,NA,Y,4,0,1,2,A,-,08,22107,A,N,B,C,A,A,H,-,A,D,0,NA,NA,NA,NA,Y,NA,A,01,0,0,1,0,0,0,0,0,0,-,-,NA,NA,LOS ANGELES,LOS ANGELES,-118.34172821044922,34.014808654785156
9150443,2020,2020-10-10,1900,2020-08-07,1229,611248,2825,5,5,5,1915,0,0,0,NA,0,282T1,ROSECRANS AV,BRADFIELD AV,73,W,N,A,-,N,NA,NA,NA,NA,NA,NA,NA,NA,NA,N,3,0,3,2,A,-,03,22350,NA,N,C,C,A,A,H,-,A,A,0,NA,NA,NA,NA,Y,NA,A,01,0,1,2,0,0,0,0,0,0,-,-,NA,NA,LOS ANGELES,COMPTON,-118.20529174804688,33.90353012084961
9150444,2020,2020-10-10,1900,2020-08-06,1210,611248,2825,4,5,5,1915,0,0,0,NA,0,282T1,BULLIS RD,EZMIRLIAN ST,46,N,N,A,-,N,NA,NA,NA,NA,NA,NA,NA,NA,NA,N,3,0,1,2,D,-,00,NA,NA,N,G,B,D,A,H,-,A,D,0,Y,NA,NA,NA,Y,NA,-,-,0,1,0,0,1,0,0,0,0,-,-,NA,NA,LOS ANGELES,COMPTON,-118.2072982788086,33.90655517578125
9150445,2020,2020-10-10,1900,2020-08-03,1200,543272,2812,1,5,5,1915,0,0,0,NA,0,282T1,COMPTON AV,EL SEGUNDO BL,0,NA,Y,A,-,N,NA,NA,NA,NA,NA,NA,NA,NA,NA,Y,4,0,4,4,A,-,12,21453,A,N,D,C,A,A,H,-,A,A,0,NA,NA,NA,NA,Y,NA,A,07,0,0,4,0,0,0,0,0,0,-,-,NA,NA,LOS ANGELES,COMPTON,-118.24623107910156,33.916221618652344
9150446,2020,2020-10-13,1924,2020-08-20,1830,80453,G15,4,5,5,1924,0,0,0,NA,0,0G1,ROSECRANS AV,WADKINS AV,11,W,N,A,-,N,NA,NA,NA,NA,NA,NA,NA,NA,NA,Y,3,0,3,2,A,-,08,22107,NA,N,D,C,A,A,H,-,A,D,0,NA,NA,NA,NA,Y,NA,A,01,0,1,2,0,0,0,0,0,0,-,-,33.901920318603516,-118.32520294189452,LOS ANGELES,GARDENA,-118.32527923583984,33.90187072753906
9150447,2020,2020-10-13,1924,2020-08-20,1149,80454,35,4,5,5,1924,0,0,0,NA,0,8T5,MARINE AV,VAN BUREN AV,2,E,N,A,-,N,NA,NA,NA,NA,NA,NA,NA,NA,NA,NA,4,0,2,2,D,-,00,NA,NA,N,D,C,A,A,H,-,A,D,0,NA,NA,NA,NA,Y,NA,-,-,0,0,2,0,0,0,0,0,0,-,-,33.8946418762207,-118.29714965820313,LOS ANGELES,GARDENA,-118.29720306396484,33.8946418762207
9150448,2020,2020-10-13,1924,2020-08-25,1130,80349,1,2,5,5,1924,0,0,0,NA,0,8T5,PURCHE AV,EL SEGUNDO BL,15,S,N,A,-,N,NA,NA,NA,NA,NA,NA,NA,NA,NA,Y,4,0,3,3,A,-,08,22107,NA,N,D,C,A,A,H,-,A,D,0,NA,NA,NA,NA,Y,NA,A,01,0,0,3,0,0,0,0,0,0,-,-,33.916500091552734,-118.32034301757813,LOS ANGELES,GARDENA,-118.32044982910156,33.91640853881836
9150449,2020,2020-10-13,1924,2020-08-24,1030,80450,1,1,5,5,1924,0,0,0,NA,0,8L2D,ROSECRANS AV,PURCHE AV,0,NA,Y,A,-,N,NA,NA,NA,NA,NA,NA,NA,NA,NA,Y,4,0,1,2,A,-,09,21801,A,N,D,C,A,A,H,-,A,A,0,NA,NA,NA,NA,Y,NA,A,01,0,0,1,0,0,0,0,0,0,-,-,33.90195846557617,-118.32061004638672,LOS ANGELES,GARDENA,-118.32066345214844,33.901920318603516
9150458,2020,2020-10-10,1942,2020-08-25,1430,42539,373,2,5,7,1942,0,0,0,NA,0,3A73,W MARTIN LUTHER KING JR BL,MC CLUNG DR,0,NA,Y,A,-,N,NA,NA,NA,NA,NA,NA,NA,NA,NA,Y,4,0,1,2,A,-,09,21802,B,F,D,C,A,A,H,-,A,D,0,NA,NA,NA,NA,Y,NA,-,99,0,0,1,0,0,0,0,0,0,-,-,NA,NA,LOS ANGELES,LOS ANGELES,-118.33409118652344,34.010921478271484
9150459,2020,2020-10-10,1942,2020-08-13,1415,43133,373,4,5,7,1942,0,0,0,NA,0,25TL23,DEGNAN BL,OBAMA BL,50,S,N,A,-,N,NA,NA,NA,NA,NA,NA,NA,NA,NA,Y,4,0,1,2,A,-,03,22350,A,N,C,E,A,A,H,-,A,A,0,NA,NA,NA,NA,Y,NA,A,01,0,0,1,0,0,0,0,0,0,-,-,NA,NA,LOS ANGELES,LOS ANGELES,-118.33001708984376,34.02019500732422
9150464,2020,2020-10-12,1900,2020-08-18,0815,543272,2825,2,5,5,1915,0,0,0,NA,0,282T1,BRADFIELD AV,KILLEN PL,0,NA,Y,A,-,N,NA,NA,NA,NA,NA,NA,NA,NA,NA,Y,4,0,2,2,A,-,09,21802,A,N,A,C,A,A,H,-,A,D,0,NA,NA,NA,NA,Y,NA,A,01,0,0,2,0,0,0,0,0,0,-,-,NA,NA,LOS ANGELES,COMPTON,-118.20233154296876,33.91123962402344
9150465,2020,2020-10-12,1900,2020-08-18,1900,611249,2814,2,5,5,1915,0,0,0,NA,0,283T1,ELM ST,ACACIA AV,102,E,N,A,-,N,NA,NA,NA,NA,NA,NA,NA,NA,NA,N,4,0,1,2,A,-,05,21202,A,N,D,G,A,A,H,-,A,D,0,NA,Y,NA,NA,Y,NA,L,04,0,0,1,0,0,0,1,0,0,-,-,NA,NA,LOS ANGELES,COMPTON,-118.22679138183594,33.90059280395508
9150466,2020,2020-10-12,1900,2020-08-12,1125,611248,2811,3,5,5,1915,0,0,0,NA,0,282T1,POPLAR ST,WILMINGTON AV,0,NA,Y,A,-,N,NA,NA,NA,NA,NA,NA,NA,NA,NA,Y,4,0,1,3,A,-,08,22107,NA,N,D,C,A,A,H,-,A,A,0,NA,NA,NA,NA,Y,NA,A,01,0,0,1,0,0,0,0,0,0,-,-,NA,NA,LOS ANGELES,COMPTON,-118.23793029785156,33.90000915527344
9150467,2020,2020-10-12,1900,2020-08-10,1457,611249,2831,1,5,5,1915,0,0,0,NA,0,283T1,ALONDRA BL,CENTRAL AV,305,W,N,A,-,N,NA,NA,NA,NA,NA,NA,NA,NA,NA,Y,4,0,2,3,A,-,09,21804,A,N,A,C,A,A,H,-,A,D,0,NA,NA,NA,NA,Y,NA,A,01,0,0,2,0,0,0,0,0,0,-,-,NA,NA,LOS ANGELES,COMPTON,-118.25099182128906,33.888057708740234
9150468,2020,2020-10-12,1900,2020-08-09,1228,543272,2812,7,5,5,1915,0,0,0,NA,0,282T1,COMPTON AV,EL SEGUNDO BL,11,N,N,A,-,N,NA,NA,NA,NA,NA,NA,NA,NA,NA,Y,4,0,2,2,A,-,08,22107,NA,N,B,C,A,A,H,-,A,A,0,NA,NA,NA,NA,Y,NA,A,01,0,0,2,0,0,0,0,0,0,-,-,NA,NA,LOS ANGELES,COMPTON,-118.24623107910156,33.9162483215332
9150475,2020,2020-10-12,1956,2020-08-26,1050,1292,54,3,5,5,1956,0,0,0,NA,0,005,ARTESIA BL,FELTON LN,463,W,N,A,-,N,NA,NA,NA,NA,NA,NA,NA,NA,NA,N,3,0,1,2,A,-,12,21453,A,N,G,B,C,A,H,-,A,A,0,Y,NA,NA,NA,Y,NA,A,07,0,1,0,0,1,0,0,0,0,-,-,NA,NA,LOS ANGELES,REDONDO BEACH,-118.36585235595705,33.872901916503906
9150476,2020,2020-10-12,1956,2020-08-26,1616,1292,76,3,5,5,1956,0,0,0,NA,0,002,S BROADWAY ST,EMERALD ST,12,S,N,A,-,N,NA,NA,NA,NA,NA,NA,NA,NA,NA,N,3,0,1,2,A,-,05,21650,1,N,D,G,A,A,H,-,A,D,0,NA,Y,NA,NA,Y,NA,L,04,0,1,0,0,0,0,1,0,0,-,-,NA,NA,LOS ANGELES,REDONDO BEACH,-118.38713073730467,33.841957092285156
9150595,2020,2020-10-12,1972,2020-08-01,1944,21205,NA,6,5,6,1972,0,0,0,NA,0,NA,NEWTON ST,CALLE MAYOR AV,75,E,N,A,-,N,NA,NA,NA,NA,NA,NA,NA,NA,NA,Y,3,0,1,3,A,-,08,22107,NA,N,D,E,A,A,H,-,C,D,0,NA,NA,NA,NA,Y,NA,A,NA,0,1,0,0,0,0,0,0,0,-,-,NA,NA,LOS ANGELES,TORRANCE,-118.37049865722656,33.8126220703125
9150596,2020,2020-10-12,1972,2020-08-17,1906,16610,NA,1,5,6,1972,0,0,0,NA,0,NA,W 190TH ST,FALDA AV,208,W,N,A,-,N,NA,NA,NA,NA,NA,NA,NA,NA,NA,N,3,0,1,2,A,-,11,21954,A,N,D,B,D,A,H,-,B,D,0,Y,NA,NA,NA,Y,NA,N,NA,0,1,0,0,1,0,0,0,0,-,-,NA,NA,LOS ANGELES,TORRANCE,-118.33048248291016,33.85831069946289
9150597,2020,2020-10-12,1972,2020-08-22,1137,14197,NA,6,5,6,1972,0,0,0,NA,0,NA,DEL AMO BL,VAN NESS AV,0,NA,Y,A,-,N,NA,NA,NA,NA,NA,NA,NA,NA,NA,Y,2,0,9,6,A,-,12,21453,A,N,D,C,A,A,H,-,A,A,0,NA,NA,NA,NA,Y,NA,D,NA,1,6,2,0,0,0,0,0,0,-,-,NA,NA,LOS ANGELES,TORRANCE,-118.31777191162108,33.846839904785156
9150598,2020,2020-10-12,1972,2020-08-18,0625,19566,NA,2,5,6,1972,0,0,0,NA,0,NA,PACIFIC COAST HWY,CRENSHAW BL,0,NA,Y,A,-,N,NA,NA,NA,NA,NA,NA,NA,NA,NA,Y,4,0,1,2,A,-,04,21703,NA,N,C,C,A,A,H,-,A,D,0,NA,NA,NA,Y,Y,NA,F,NA,0,0,1,0,0,0,0,0,0,-,-,NA,NA,LOS ANGELES,TORRANCE,-118.33319091796876,33.79209899902344
9150599,2020,2020-10-12,1972,2020-08-25,1931,21947,NA,2,5,6,1972,0,0,0,NA,0,NA,ABALONE AV,CARSON,200,S,N,A,-,N,NA,NA,NA,NA,NA,NA,NA,NA,NA,Y,4,0,1,2,A,-,09,21801,A,N,D,C,A,A,H,-,C,D,0,NA,NA,Y,NA,Y,NA,A,NA,0,0,1,0,0,0,0,0,1,-,-,NA,NA,LOS ANGELES,TORRANCE,-118.3117218017578,33.8309326171875
9150600,2020,2020-10-16,1972,2020-08-15,2040,21600,NA,6,5,6,1972,0,0,0,NA,0,NA,PALOS VERDES BL,LINDA DR,0,NA,Y,A,-,N,NA,NA,NA,NA,NA,NA,NA,NA,NA,Y,4,0,1,2,A,-,12,22450,A,N,D,C,A,A,H,-,C,D,0,NA,NA,NA,NA,Y,NA,A,NA,0,0,1,0,0,0,0,0,0,-,-,NA,NA,LOS ANGELES,TORRANCE,-118.37003326416016,33.8243293762207
9150630,2020,2020-10-06,1942,2020-07-25,1450,37453,1824,6,5,7,1942,0,0,0,R,0,18X38,CENTRAL AV,103RD ST,12,S,N,A,-,N,NA,NA,NA,NA,NA,NA,NA,NA,NA,Y,4,0,3,4,-,-,-,NA,NA,N,B,C,A,A,H,-,A,A,0,NA,NA,NA,NA,Y,NA,-,-,0,0,3,0,0,0,0,0,0,-,-,NA,NA,LOS ANGELES,LOS ANGELES,-118.25411224365234,33.9432373046875
9150631,2020,2020-09-29,1942,2020-07-25,1900,41483,1826,6,5,7,1942,0,0,0,R,0,18A26,COMPTON AV,95TH ST,120,N,N,A,-,N,NA,NA,NA,NA,NA,NA,NA,NA,NA,N,4,0,1,5,A,-,21,22106,NA,N,B,C,A,A,H,-,A,D,0,NA,NA,NA,NA,Y,NA,A,01,0,0,1,0,0,0,0,0,0,-,-,NA,NA,LOS ANGELES,LOS ANGELES,-118.24610137939452,33.95100784301758
9150662,2020,2020-09-22,1942,2020-07-23,1355,37724,1823,4,5,7,1942,0,0,0,R,0,18A3,S SAN PEDRO ST,E CENTURY BL,80,N,N,A,-,N,NA,NA,NA,NA,NA,NA,NA,NA,NA,N,4,0,2,2,A,-,03,22350,NA,F,C,C,A,A,H,-,A,D,0,NA,NA,NA,NA,Y,NA,-,99,0,0,2,0,0,0,0,0,0,-,-,NA,NA,LOS ANGELES,LOS ANGELES,-118.26953125,33.94580841064453
9150663,2020,2020-09-22,1900,2020-07-31,1350,610410,0333,5,5,4,1939,0,0,0,NA,0,035,HAWTHORNE BL,169TH ST,20,N,N,A,-,N,NA,NA,NA,NA,NA,NA,NA,NA,NA,N,3,0,1,3,A,-,04,21703,NA,N,C,C,A,A,H,-,A,A,0,NA,NA,NA,NA,Y,NA,A,08,0,1,0,0,0,0,0,0,0,-,-,NA,NA,LOS ANGELES,LAWNDALE,-118.35270690917967,33.87762451171875
9150664,2020,2020-10-05,1942,2020-07-22,2035,43613,1863,3,5,7,1942,0,0,0,R,0,18X5,120TH ST,AVALON,3,S,N,A,-,N,NA,NA,NA,NA,NA,NA,NA,NA,NA,N,2,0,1,2,A,-,10,21950,A,N,G,B,B,A,H,-,C,A,0,Y,NA,NA,NA,Y,Y,A,01,1,0,0,0,1,0,0,0,0,-,-,NA,NA,LOS ANGELES,LOS ANGELES,-118.26524353027344,33.923709869384766
9150665,2020,2020-09-28,1942,2020-07-22,2000,44286,18A63,3,5,7,1942,0,0,0,R,0,18A63,W 120TH ST,BROADWAY,231,W,N,A,-,N,NA,NA,NA,NA,NA,NA,NA,NA,NA,N,4,0,1,2,A,-,03,22350,NA,F,B,G,A,A,H,-,C,-,0,NA,Y,NA,NA,Y,NA,-,99,0,0,1,0,0,0,1,0,0,-,-,NA,NA,LOS ANGELES,LOS ANGELES,-118.2790069580078,33.92374038696289
9150666,2020,2020-09-22,1942,2020-07-23,0130,42694,1823,4,5,7,1942,0,0,0,R,0,1803,102ND ST,SAN PEDRO,10,W,N,A,-,N,NA,NA,NA,NA,NA,NA,NA,NA,NA,Y,4,0,2,2,A,-,03,22350,NA,F,C,E,A,A,H,-,C,D,0,NA,NA,NA,NA,Y,NA,-,99,0,0,2,0,0,0,0,0,0,-,-,NA,NA,LOS ANGELES,LOS ANGELES,-118.2695541381836,33.94377136230469
9150667,2020,2020-09-25,1942,2020-07-20,1400,44290,1838,1,5,7,1942,0,0,0,R,0,18X36,LOU DILLON AV,107TH ST,10,S,N,A,-,N,NA,NA,NA,NA,NA,NA,NA,NA,NA,Y,4,0,1,2,A,-,12,22450,A,N,B,C,A,A,H,-,A,A,0,NA,NA,NA,NA,Y,NA,A,01,0,0,1,0,0,0,0,0,0,-,-,NA,NA,LOS ANGELES,LOS ANGELES,-118.23486328125,33.9388427734375
9150668,2020,2020-09-28,1942,2020-07-20,1300,43243,1823,1,5,7,1942,0,0,0,R,0,18A49,E CENTURY BL,TOWNE AV,10,E,N,A,-,N,NA,NA,NA,NA,NA,NA,NA,NA,NA,Y,4,0,3,3,A,-,07,21658,A,N,C,C,A,A,H,-,A,A,0,NA,NA,NA,NA,Y,NA,A,01,0,0,3,0,0,0,0,0,0,-,-,NA,NA,LOS ANGELES,LOS ANGELES,-118.26734924316406,33.94559097290039
9150669,2020,2021-05-26,1942,2020-07-20,0920,40151,1802,1,5,7,1942,0,0,0,R,0,18A1,92ND ST,GRAND AV,0,NA,Y,A,-,N,NA,NA,NA,NA,NA,NA,NA,NA,NA,Y,4,0,1,2,A,-,09,21801,A,F,B,C,A,A,H,-,A,D,0,NA,NA,NA,NA,Y,NA,-,99,0,0,1,0,0,0,0,0,0,-,-,NA,NA,LOS ANGELES,LOS ANGELES,-118.27986145019533,33.95280075073242
9150670,2020,2020-09-22,1942,2020-07-19,0310,44038,1826,7,5,7,1942,0,0,0,R,0,18A3,GRANDEE AV,103RD ST,100,N,N,A,-,N,NA,NA,NA,NA,NA,NA,NA,NA,NA,Y,4,0,3,2,A,-,09,21801,A,N,D,C,A,A,H,-,C,D,0,NA,NA,NA,NA,Y,NA,A,01,0,0,3,0,0,0,0,0,0,-,-,NA,NA,LOS ANGELES,LOS ANGELES,-118.24344635009766,33.943485260009766
9150671,2020,2020-09-22,1942,2020-07-19,0430,43106,18A97,7,5,7,1942,0,0,0,R,0,1849,WILMINGTON BL,114TH ST,100,S,N,A,-,N,NA,NA,NA,NA,NA,NA,NA,NA,NA,Y,4,0,1,1,A,-,03,22350,NA,N,E,I,A,A,H,-,C,A,0,NA,NA,NA,NA,Y,NA,A,01,0,0,1,0,0,0,0,0,0,-,-,NA,NA,LOS ANGELES,LOS ANGELES,-118.23909759521484,33.931236267089844
9150672,2020,2020-09-28,1942,2020-07-18,0512,43437,1846,6,5,7,1942,0,0,0,R,0,18A63,IMPERIAL HWY,SUCCESS AV,0,NA,Y,A,-,N,NA,NA,NA,NA,NA,NA,NA,NA,NA,N,3,0,1,2,A,-,11,21954,A,F,A,B,D,A,H,-,C,D,0,Y,NA,NA,NA,Y,NA,N,60,0,1,0,0,1,0,0,0,0,-,-,NA,NA,LOS ANGELES,LOS ANGELES,-118.24932098388672,33.92947006225586
9150673,2020,2020-10-05,1942,2020-07-17,1735,42229,1801,5,5,7,1942,0,0,0,R,0,18A1,HOOVER ST,90TH ST,0,NA,N,A,-,N,NA,NA,NA,NA,NA,NA,NA,NA,NA,N,4,0,1,3,A,-,12,22450,A,N,A,C,A,A,H,-,A,D,0,NA,NA,NA,NA,Y,NA,A,01,0,0,1,0,0,0,0,0,0,-,-,NA,NA,LOS ANGELES,LOS ANGELES,-118.28697204589844,33.95505905151367
9150674,2020,2020-09-22,1942,2020-07-14,1825,43889,1842,2,5,7,1942,0,0,0,R,0,18A44,GRAND AV,111TH PL,0,NA,Y,A,-,N,NA,NA,NA,NA,NA,NA,NA,NA,NA,Y,4,0,1,2,A,-,12,21453,A,N,D,C,A,A,C,-,A,A,0,NA,NA,NA,NA,Y,NA,A,01,0,0,1,0,0,0,0,0,0,-,-,NA,NA,LOS ANGELES,LOS ANGELES,-118.28115081787108,33.93389892578125
9150675,2020,2020-09-28,1942,2020-07-15,1445,44162,LOSAN,3,5,7,1942,0,0,0,NA,0,18A63,CENTRAL AV,120TH ST,90,S,N,A,-,N,NA,NA,NA,NA,NA,NA,NA,NA,NA,Y,4,0,1,2,A,-,09,21804,A,N,D,C,A,A,H,-,A,D,0,NA,NA,NA,NA,Y,NA,A,01,0,0,1,0,0,0,0,0,0,-,-,NA,NA,LOS ANGELES,LOS ANGELES,-118.25435638427734,33.923484802246094
9150676,2020,2020-09-22,1942,2020-07-15,1250,44184,NA,3,5,7,1942,0,0,0,NA,0,18A3,CENTURY,TOWNE,0,NA,Y,A,-,N,NA,NA,NA,NA,NA,NA,NA,NA,NA,N,4,0,1,2,A,-,09,21801,A,N,D,C,A,A,H,-,A,D,0,NA,NA,NA,NA,Y,NA,A,01,0,0,1,0,0,0,0,0,0,-,-,NA,NA,LOS ANGELES,LOS ANGELES,-118.2673797607422,33.94559097290039
9150677,2020,2020-09-22,1942,2020-07-15,1530,43243,1837,3,5,7,1942,0,0,0,R,0,18A35,COMPTON AV,110TH ST,0,NA,Y,A,-,N,NA,NA,NA,NA,NA,NA,NA,NA,NA,Y,3,0,2,2,A,-,06,21751,NA,N,D,C,A,A,H,-,A,A,0,NA,NA,NA,NA,Y,NA,A,01,0,1,1,0,0,0,0,0,0,-,-,NA,NA,LOS ANGELES,LOS ANGELES,-118.24630737304688,33.93579864501953
9150679,2020,2020-09-22,1900,2020-07-29,2349,645631,2812,3,5,5,1915,0,0,0,NA,0,281T1,WILMINGTON AV,131ST ST,40,N,N,A,-,N,NA,NA,NA,NA,NA,NA,NA,NA,NA,N,4,0,1,2,A,-,11,21954,A,N,G,B,D,A,H,-,C,A,0,Y,NA,NA,NA,Y,NA,N,60,0,0,1,0,1,0,0,0,0,-,-,NA,NA,LOS ANGELES,COMPTON,-118.23915100097656,33.91341018676758
9150680,2020,2020-11-25,1900,2020-07-25,1830,552721,2831,6,5,5,1915,0,0,0,NA,0,283T3,ALONDRA BL,MCKINLEY AV,5,E,N,A,-,N,NA,NA,NA,NA,NA,NA,NA,NA,NA,N,4,0,1,2,-,-,-,NA,NA,N,B,C,A,A,H,-,A,D,0,NA,NA,NA,NA,Y,NA,-,-,0,0,1,0,0,0,0,0,0,-,-,NA,NA,LOS ANGELES,COMPTON,-118.25946044921876,33.8862190246582
9150718,2020,2020-10-12,1900,2020-08-23,0500,550550,0331,7,5,4,1939,0,0,0,NA,0,35T1,ROSECRANS AV,LARCH AV,629,E,N,A,-,N,NA,NA,NA,NA,NA,NA,NA,NA,NA,Y,4,0,1,2,A,-,03,22350,NA,M,C,E,A,A,H,-,C,D,0,NA,NA,NA,NA,Y,NA,A,01,0,0,1,0,0,0,0,0,0,-,-,33.90201187133789,-118.34819793701172,LOS ANGELES,LAWNDALE,-118.34824371337892,33.90190887451172
9150733,2020,2020-09-23,1942,2020-06-03,0830,42786,0307,3,5,7,1942,0,0,0,C,0,3A73W2,CRENSHAW BL,ADAMS BL,0,NA,Y,A,-,N,NA,NA,NA,NA,NA,NA,NA,NA,NA,Y,3,0,1,2,-,-,-,NA,NA,N,A,C,A,A,H,-,A,A,0,NA,NA,NA,NA,Y,NA,D,22,0,1,0,0,0,0,0,0,0,-,-,NA,NA,LOS ANGELES,LOS ANGELES,-118.3350067138672,34.0325813293457
9150737,2020,2020-10-09,1942,2020-06-04,1715,43230,0373,4,5,7,1942,0,0,0,C,0,3A73,MARTIN LUTHER KING BL,CRENSHAW,100,E,N,A,-,N,NA,NA,NA,NA,NA,NA,NA,NA,NA,N,4,0,1,4,A,-,03,22350,NA,N,C,C,A,A,H,-,A,D,0,NA,NA,NA,NA,Y,NA,A,01,0,0,1,0,0,0,0,0,0,-,-,NA,NA,LOS ANGELES,LOS ANGELES,-118.33479309082033,34.01092529296875