CASE_ID,ACCIDENT_YEAR,PROC_DATE,JURIS,COLLISION_DATE,COLLISION_TIME,OFFICER_ID,REPORTING_DISTRICT,DAY_OF_WEEK,CHP_SHIFT,POPULATION,CNTY_CITY_LOC,SPECIAL_COND,BEAT_TYPE,CHP_BEAT_TYPE,CITY_DIVISION_LAPD,CHP_BEAT_CLASS,BEAT_NUMBER,PRIMARY_RD,SECONDARY_RD,DISTANCE,DIRECTION,INTERSECTION,WEATHER_1,WEATHER_2,STATE_HWY_IND,CALTRANS_COUNTY,CALTRANS_DISTRICT,STATE_ROUTE,ROUTE_SUFFIX,POSTMILE_PREFIX,POSTMILE,LOCATION_TYPE,RAMP_INTERSECTION,SIDE_OF_HWY,TOW_AWAY,COLLISION_SEVERITY,NUMBER_KILLED,NUMBER_INJURED,PARTY_COUNT,PRIMARY_COLL_FACTOR,PCF_CODE_OF_VIOL,PCF_VIOL_CATEGORY,PCF_VIOLATION,PCF_VIOL_SUBSECTION,HIT_AND_RUN,TYPE_OF_COLLISION,MVIW,PED_ACTION,ROAD_SURFACE,ROAD_COND_1,ROAD_COND_2,LIGHTING,CONTROL_DEVICE,CHP_ROAD_TYPE,PEDESTRIAN_ACCIDENT,BICYCLE_ACCIDENT,MOTORCYCLE_ACCIDENT,TRUCK_ACCIDENT,NOT_PRIVATE_PROPERTY,ALCOHOL_INVOLVED,STWD_VEHTYPE_AT_FAULT,CHP_VEHTYPE_AT_FAULT,COUNT_SEVERE_INJ,COUNT_VISIBLE_INJ,COUNT_COMPLAINT_PAIN,COUNT_PED_KILLED,COUNT_PED_INJURED,COUNT_BICYCLIST_KILLED,COUNT_BICYCLIST_INJURED,COUNT_MC_KILLED,COUNT_MC_INJURED,PRIMARY_RAMP,SECONDARY_RAMP,LATITUDE,LONGITUDE,COUNTY,CITY,POINT_X,POINT_Y
9152112,2020,2020-11-13,1942,2020-08-20,1047,44327,0362,4,5,7,1942,0,0,0,C,0,3A63,OBAMA BL,FARMDALE AV,470,W,N,A,-,N,NA,NA,NA,NA,NA,NA,NA,NA,NA,Y,3,0,2,2,A,-,09,21804,NA,N,D,C,A,A,H,-,A,A,0,NA,NA,NA,NA,Y,NA,A,01,0,2,0,0,0,0,0,0,0,-,-,NA,NA,LOS ANGELES,LOS ANGELES,-118.347615,34.021497
9152113,2020,2020-11-13,1942,2020-08-20,1155,43723,0316,4,5,7,1942,0,0,0,C,0,3A55,LA SALLE AV,25TH ST,0,NA,Y,A,-,N,NA,NA,NA,NA,NA,NA,NA,NA,NA,N,3,0,1,2,A,-,12,22450,A,N,D,C,A,-,H,-,A,A,0,NA,NA,Y,NA,Y,NA,C,03,0,1,0,0,0,0,0,0,1,-,-,NA,NA,LOS ANGELES,LOS ANGELES,-118.30577850341795,34.033660888671875
9152114,2020,2020-11-13,1942,2020-08-19,1800,42925,0396,3,5,7,1942,0,0,0,C,0,3A99,42ND PL,MENLO,0,NA,-,A,-,N,NA,NA,NA,NA,NA,NA,NA,NA,NA,N,4,0,1,2,A,-,03,22350,NA,N,-,C,A,A,H,-,A,D,0,NA,NA,NA,NA,Y,NA,-,-,0,0,1,0,0,0,0,0,0,-,-,NA,NA,LOS ANGELES,LOS ANGELES,-118.29002380371094,34.00638961791992
9152115,2020,2020-11-13,1942,2020-08-06,1950,43644,0396,4,5,7,1942,0,0,0,C,0,3X95,HOOVER AV,43RD ST,0,NA,Y,A,-,N,NA,NA,NA,NA,NA,NA,NA,NA,NA,N,4,0,1,2,A,-,10,21950,A,N,G,B,D,A,H,-,B,D,0,Y,NA,NA,NA,Y,NA,A,01,0,0,1,0,1,0,0,0,0,-,-,NA,NA,LOS ANGELES,LOS ANGELES,-118.28720855712892,34.00550079345703
9152116,2020,2020-11-13,1942,2020-08-06,1030,44093,0325,4,5,7,1942,0,0,0,C,0,0326,ADAMS BL,WESTERN,200,E,N,A,-,N,NA,NA,NA,NA,NA,NA,NA,NA,NA,N,3,0,1,2,A,-,08,22107,NA,N,D,C,A,A,H,-,A,D,0,NA,NA,NA,NA,Y,NA,A,01,0,1,0,0,0,0,0,0,0,-,-,NA,NA,LOS ANGELES,LOS ANGELES,-118.30831909179688,34.032691955566406
9152117,2020,2020-11-13,1942,2020-08-02,1720,43210,0328,7,5,7,1942,0,0,0,C,0,50W,ADAMS BL,FIGUEROA,0,NA,N,A,-,N,NA,NA,NA,NA,NA,NA,NA,NA,NA,N,4,0,1,2,A,-,12,21453,A,N,A,C,A,A,H,-,A,A,0,NA,NA,NA,NA,Y,NA,A,01,0,0,1,0,0,0,0,0,0,-,-,NA,NA,LOS ANGELES,LOS ANGELES,-118.27601623535156,34.028160095214844
9152118,2020,2020-11-13,1942,2020-08-31,2230,43309,0392,1,5,7,1942,0,0,0,C,0,3A73,ARLINGTON AV,48TH,0,NA,N,A,-,N,NA,NA,NA,NA,NA,NA,NA,NA,NA,Y,4,0,2,2,A,-,06,21750,NA,N,B,C,A,A,H,-,C,D,0,NA,NA,NA,NA,Y,NA,-,-,0,0,2,0,0,0,0,0,0,-,-,NA,NA,LOS ANGELES,LOS ANGELES,-118.3181610107422,34.000030517578125
9152119,2020,2020-11-13,1942,2020-08-30,1515,43721,0326,7,5,7,1942,0,0,0,C,0,003,NORMANDIE AV,27TH ST,0,NA,Y,A,-,N,NA,NA,NA,NA,NA,NA,NA,NA,NA,Y,3,0,3,2,A,-,09,21802,A,N,D,D,A,A,H,-,A,A,0,NA,NA,NA,NA,Y,NA,A,07,0,2,1,0,0,0,0,0,0,-,-,NA,NA,LOS ANGELES,LOS ANGELES,-118.30023956298828,34.03089904785156
9152120,2020,2020-11-14,1942,2020-08-30,0320,43913,0363,7,5,7,1942,0,0,0,C,0,003,HILLCREST DR,SANTA ROSILIA,400,N,-,A,-,N,NA,NA,NA,NA,NA,NA,NA,NA,NA,N,4,0,1,2,A,-,00,20015,A,F,C,C,A,A,H,-,C,D,0,NA,NA,NA,NA,Y,NA,-,99,0,0,1,0,0,0,0,0,0,-,-,NA,NA,LOS ANGELES,LOS ANGELES,-118.34563446044922,34.01457214355469
9152129,2020,2020-09-29,1942,2020-07-29,2100,44319,0162,3,5,7,1942,0,0,0,A,0,1861,9TH ST,FIGUEROA ST,0,NA,Y,B,-,N,NA,NA,NA,NA,NA,NA,NA,NA,NA,N,4,0,1,2,A,-,10,21950,NA,F,G,B,B,A,H,-,C,A,0,Y,NA,NA,NA,Y,Y,-,99,0,0,1,0,1,0,0,0,0,-,-,NA,NA,LOS ANGELES,LOS ANGELES,-118.26283264160156,34.046241760253906
9152130,2020,2020-09-30,1942,2020-07-30,1805,41691,0111,4,5,7,1942,0,0,0,A,0,1X95,BROADWAY ST,E CESAR E CHAVEZ AV,0,NA,Y,A,-,N,NA,NA,NA,NA,NA,NA,NA,NA,NA,Y,3,0,4,2,A,-,09,21453,C,N,D,C,A,A,H,-,A,A,0,NA,NA,NA,NA,Y,NA,A,01,0,2,2,0,0,0,0,0,0,-,-,NA,NA,LOS ANGELES,LOS ANGELES,-118.24027252197266,34.05854034423828
9152131,2020,2020-09-30,1942,2020-07-31,1410,43391,0373,5,5,7,1942,0,0,0,C,0,3A32,COLISEUM ST,BRONSON AV,0,NA,Y,A,-,N,NA,NA,NA,NA,NA,NA,NA,NA,NA,Y,4,0,2,2,A,-,09,21801,A,N,D,C,A,A,H,-,A,A,0,NA,NA,NA,NA,Y,NA,A,01,0,0,2,0,0,0,0,0,0,-,-,NA,NA,LOS ANGELES,LOS ANGELES,-118.3339385986328,34.018218994140625
9152132,2020,2020-09-30,1942,2020-07-30,1350,42996,0363,4,5,7,1942,0,0,0,C,0,3A62,SANTA ROSALIA DR,MARLTON AV,5,E,N,A,-,N,NA,NA,NA,NA,NA,NA,NA,NA,NA,N,4,0,2,3,A,-,05,21651,B,N,A,C,A,A,H,-,A,D,0,NA,NA,NA,NA,Y,NA,A,01,0,0,2,0,0,0,0,0,0,-,-,NA,NA,LOS ANGELES,LOS ANGELES,-118.3397979736328,34.010379791259766
9152133,2020,2020-09-30,1942,2020-07-30,1240,44093,0396,4,5,7,1942,0,0,0,C,0,3A15,42ND ST,VERMONT,200,NA,N,A,-,N,NA,NA,NA,NA,NA,NA,NA,NA,NA,N,4,0,1,2,A,-,06,21751,NA,N,B,C,A,A,H,-,A,D,0,NA,NA,NA,NA,Y,NA,A,01,0,0,1,0,0,0,0,0,0,-,-,NA,NA,LOS ANGELES,LOS ANGELES,-118.29155731201172,34.007301330566406
9152134,2020,2020-09-30,1942,2020-07-29,1810,43480,0334,3,5,7,1942,0,0,0,C,0,3A32,CRENSHAW BL,29TH ST,0,NA,Y,A,-,N,NA,NA,NA,NA,NA,NA,NA,NA,NA,N,4,0,4,2,A,-,12,21453,NA,N,D,C,A,A,H,-,A,A,0,NA,NA,NA,NA,Y,NA,A,07,0,0,4,0,0,0,0,0,0,-,-,NA,NA,LOS ANGELES,LOS ANGELES,-118.33509826660156,34.02946090698242
9152135,2020,2020-10-06,1942,2020-07-15,1900,43509,0329,3,5,7,1942,0,0,0,C,0,3A92,FIGUEROA ST,27TH ST,0,NA,Y,A,-,N,NA,NA,NA,NA,NA,NA,NA,NA,NA,N,3,0,1,2,A,-,08,22107,NA,N,B,G,A,A,H,-,A,D,0,NA,Y,NA,NA,Y,NA,A,01,0,1,0,0,0,0,1,0,0,-,-,NA,NA,LOS ANGELES,LOS ANGELES,-118.27670288085938,34.027099609375
9152136,2020,2020-09-30,1942,2020-07-30,1738,44176,LOSAN,4,5,7,1942,0,0,0,NA,0,1A2,SPRING ST,ALISO ST,0,NA,Y,A,-,N,NA,NA,NA,NA,NA,NA,NA,NA,NA,Y,4,0,3,2,A,-,12,21453,NA,N,D,D,A,A,H,-,A,A,0,NA,NA,NA,NA,Y,NA,A,01,0,0,3,0,0,0,0,0,0,-,-,NA,NA,LOS ANGELES,LOS ANGELES,-118.2415008544922,34.05609130859375
9152138,2020,2020-09-30,1942,2020-07-31,1440,34426,0151,5,5,7,1942,0,0,0,A,0,1A41,7TH ST,FIGUEROA ST,184,E,N,A,-,N,NA,NA,NA,NA,NA,NA,NA,NA,NA,N,4,0,1,2,A,-,08,22102,NA,N,D,G,A,A,H,-,A,D,0,NA,Y,NA,NA,Y,NA,A,01,0,0,1,0,0,0,1,0,0,-,-,NA,NA,LOS ANGELES,LOS ANGELES,-118.25942230224608,34.04911804199219
9152139,2020,2020-09-30,1942,2020-07-30,1240,34458,0171,4,5,7,1942,0,0,0,A,0,1A61,S FIGUEROA ST,W CHICK HEARN CT,0,NA,Y,A,-,N,NA,NA,NA,NA,NA,NA,NA,NA,NA,Y,4,0,1,2,A,-,12,21453,A,N,D,C,A,A,H,-,A,A,0,NA,NA,NA,NA,Y,NA,A,01,0,0,1,0,0,0,0,0,0,-,-,NA,NA,LOS ANGELES,LOS ANGELES,-118.26519012451172,34.04370880126953
9152140,2020,2020-10-06,1942,2020-07-30,1610,37952,0195,4,5,7,1942,0,0,0,A,0,13A13,MAPLE AV,EAST 15TH ST,0,NA,Y,A,-,N,NA,NA,NA,NA,NA,NA,NA,NA,NA,Y,4,0,1,2,A,-,09,21802,A,N,D,C,A,A,H,-,A,A,0,NA,NA,NA,NA,Y,NA,-,-,0,0,1,0,0,0,0,0,0,-,-,NA,NA,LOS ANGELES,LOS ANGELES,-118.25887298583984,34.03252029418945
9152141,2020,2020-09-24,1942,2020-06-27,1255,43905,1821,6,5,7,1942,0,0,0,R,0,18A35W,FIGUEROA ST,COLDEN AV,0,NA,Y,A,-,N,NA,NA,NA,NA,NA,NA,NA,NA,NA,N,4,0,1,2,A,-,09,21800,D,N,D,C,A,A,H,-,A,B,0,NA,NA,NA,NA,Y,NA,A,01,0,0,1,0,0,0,0,0,0,-,-,NA,NA,LOS ANGELES,LOS ANGELES,-118.28269958496094,33.949161529541016
9152144,2020,2020-11-30,1941,2020-06-16,1619,11528,NA,2,5,7,1941,0,0,0,NA,0,NA,RT 1,JUNIPERO AV,0,NA,N,A,-,Y,LA,7,1,-,-,4.771,I,5,S,Y,4,0,1,2,A,-,08,22107,NA,N,D,C,A,A,H,-,A,A,0,NA,NA,NA,NA,Y,NA,A,NA,0,0,1,0,0,0,0,0,0,-,-,NA,NA,LOS ANGELES,LONG BEACH,-118.16332244873048,33.7898063659668
9152145,2020,2020-09-24,1944,2020-06-10,1607,353,M5,3,5,4,1944,0,0,0,NA,0,003,OAK AV,ROSECRANS AV,0,NA,Y,A,-,N,NA,NA,NA,NA,NA,NA,NA,NA,NA,N,3,0,1,2,A,-,05,21650,NA,N,D,G,A,A,H,-,A,A,0,NA,Y,NA,NA,Y,NA,L,04,0,1,0,0,0,0,1,0,0,-,-,NA,NA,LOS ANGELES,MANHATTAN BEACH,-118.3972396850586,33.90180969238281
9152146,2020,2020-09-24,1944,2020-06-07,1403,345,SOUTH,7,5,4,1944,0,0,0,NA,0,003,HIGHLAND AV,35TH ST,34,E,N,A,-,N,NA,NA,NA,NA,NA,NA,NA,NA,NA,N,4,0,1,2,A,-,10,21950,A,F,G,B,B,A,H,-,A,D,0,Y,NA,NA,NA,Y,NA,A,01,0,0,1,0,1,0,0,0,0,-,-,NA,NA,LOS ANGELES,MANHATTAN BEACH,-118.4172134399414,33.899593353271484
9152152,2020,2020-09-25,1941,2020-06-29,2220,11528,NA,1,5,7,1941,0,0,0,NA,0,NA,E 57H ST,ORANGE AV,0,NA,N,A,-,N,NA,NA,NA,NA,NA,NA,NA,NA,NA,Y,3,0,1,5,A,-,03,22350,NA,N,A,E,A,A,H,-,C,D,0,NA,NA,NA,NA,Y,NA,A,NA,0,1,0,0,0,0,0,0,0,-,-,NA,NA,LOS ANGELES,LONG BEACH,-118.17729949951172,33.85926818847656
9152154,2020,2020-09-25,1972,2020-06-01,0930,12825,NA,1,5,6,1972,0,0,0,NA,0,NA,CRENSHAW BL,232ND ST,0,NA,Y,A,-,N,NA,NA,NA,NA,NA,NA,NA,NA,NA,N,4,0,2,2,A,-,09,21802,A,N,D,C,A,A,H,-,A,D,0,NA,NA,NA,NA,Y,NA,A,NA,0,0,2,0,0,0,0,0,0,-,-,NA,NA,LOS ANGELES,TORRANCE,-118.32805633544922,33.815120697021484
9152157,2020,2020-09-25,1900,2020-06-27,1908,642808,2837,6,5,5,1915,0,0,0,NA,0,283T1,ARTESIA BL,ACACIA AV,1056,E,N,A,-,N,NA,NA,NA,NA,NA,NA,NA,NA,NA,Y,4,0,1,2,D,-,00,NA,NA,N,C,C,A,A,H,-,A,A,0,NA,NA,Y,NA,Y,NA,-,-,0,0,1,0,0,0,0,0,1,-,-,NA,NA,LOS ANGELES,COMPTON,-118.2248306274414,33.873600006103516
9152161,2020,2020-09-25,1900,2020-05-09,2128,636465,0562,6,5,3,1968,0,0,0,NA,0,55T1P,DURFEE AV,RUSH ST,246,N,N,A,-,N,NA,NA,NA,NA,NA,NA,NA,NA,NA,Y,3,0,1,1,A,-,03,22350,NA,N,E,I,A,A,H,-,C,A,0,NA,NA,NA,NA,Y,NA,A,01,0,1,0,0,0,0,0,0,0,-,-,34.046268463134766,-118.02921295166016,LOS ANGELES,SOUTH EL MONTE,-118.0293197631836,34.04619216918945
9152171,2020,2020-09-25,1942,2020-05-27,2115,43092,0328,3,5,7,1942,0,0,0,C,0,12X4W7,VERMONT,MARTIN LUTHER KING BL,0,NA,Y,A,-,N,NA,NA,NA,NA,NA,NA,NA,NA,NA,Y,4,0,1,2,A,-,09,21801,A,N,A,C,A,A,H,-,C,A,0,NA,NA,NA,NA,Y,NA,A,01,0,0,1,0,0,0,0,0,0,-,-,NA,NA,LOS ANGELES,LOS ANGELES,-118.2915267944336,34.01087188720703
9152172,2020,2020-09-25,1942,2020-05-29,0045,41969,0337,5,5,7,1942,0,0,0,C,0,3A1,JEFFERSON,BUDLONG,0,NA,Y,A,-,N,NA,NA,NA,NA,NA,NA,NA,NA,NA,N,4,0,4,2,A,-,12,21453,NA,N,D,C,A,A,H,-,C,A,0,NA,NA,NA,NA,Y,NA,A,01,0,0,4,0,0,0,0,0,0,-,-,NA,NA,LOS ANGELES,LOS ANGELES,-118.29588317871094,34.02552032470703
9152173,2020,2020-09-25,1942,2020-05-25,1430,43855,0375,1,5,7,1942,0,0,0,C,0,3A28,39TH PL,GRAMERCY PL,10,E,N,A,-,N,NA,NA,NA,NA,NA,NA,NA,NA,NA,N,3,0,1,2,A,-,11,21954,A,N,G,B,D,A,H,-,C,D,0,Y,NA,NA,NA,Y,NA,N,60,0,1,0,0,1,0,0,0,0,-,-,NA,NA,LOS ANGELES,LOS ANGELES,-118.31322479248048,34.01372146606445
9152179,2020,2020-09-25,1941,2020-05-25,1859,5226,NA,1,5,7,1941,0,0,0,NA,0,NA,ANAHEIM ST,HOFFMAN AV,64,E,N,A,-,N,NA,NA,NA,NA,NA,NA,NA,NA,NA,N,4,0,1,2,A,-,21,22106,NA,N,B,C,A,A,H,-,A,A,0,NA,NA,NA,NA,Y,NA,A,NA,0,0,1,0,0,0,0,0,0,-,-,NA,NA,LOS ANGELES,LONG BEACH,-118.17341613769533,33.78261184692383
9152180,2020,2020-11-30,1900,2020-05-26,1600,63665,0562,2,5,3,1968,0,0,0,NA,0,55T1P,RT 60,PECK RD,7,E,N,A,-,Y,LA,7,60,-,-,11.183,R,4,W,N,3,0,1,2,A,-,09,21453,B,N,D,G,A,A,H,-,A,A,0,NA,Y,NA,NA,Y,NA,A,01,0,1,0,0,0,0,1,0,0,WF,-,34.03868103027344,-118.03774261474608,LOS ANGELES,SOUTH EL MONTE,-118.03553771972656,34.03702926635742
9152181,2020,2020-11-14,1942,2020-08-30,0800,26347,1762,7,5,7,1942,0,0,0,Q,0,17A81,MASON AV,LASSEN ST,300,S,N,A,-,N,NA,NA,NA,NA,NA,NA,NA,NA,NA,Y,2,0,1,2,A,-,08,22107,NA,F,E,I,A,A,H,-,A,A,0,NA,NA,NA,NA,Y,Y,A,01,1,0,0,0,0,0,0,0,0,-,-,NA,NA,LOS ANGELES,LOS ANGELES,-118.5798110961914,34.2491569519043
9152182,2020,2020-11-14,1942,2020-08-23,2345,34350,0442,7,5,7,1942,0,0,0,D,0,4A15,MARENGO ST,N STATE ST,60,W,N,A,-,N,NA,NA,NA,NA,NA,NA,NA,NA,NA,N,3,0,1,2,A,-,11,21954,A,N,G,B,D,A,H,-,C,A,0,Y,NA,NA,NA,Y,Y,N,60,0,1,0,0,1,0,0,0,0,-,-,NA,NA,LOS ANGELES,LOS ANGELES,-118.21037292480467,34.05791473388672
9152183,2020,2020-11-14,1942,2020-08-28,0920,41629,0497,5,5,7,1942,0,0,0,D,0,4A97,S EVERGREEN AV,E 11TH ST,0,NA,Y,A,-,N,NA,NA,NA,NA,NA,NA,NA,NA,NA,N,4,0,1,2,A,-,09,21804,A,N,D,G,A,A,H,-,A,D,0,NA,Y,NA,NA,Y,NA,L,04,0,0,1,0,0,0,1,0,0,-,-,NA,NA,LOS ANGELES,LOS ANGELES,-118.2145538330078,34.02098083496094
9152184,2020,2020-11-14,1942,2020-08-27,1440,40289,0491,4,5,7,1942,0,0,0,D,0,4A97,E 11TH ST,S SOTO ST,0,NA,Y,A,-,N,NA,NA,NA,NA,NA,NA,NA,NA,NA,Y,4,0,1,2,A,-,09,21802,A,N,D,C,A,A,H,-,A,D,0,NA,NA,NA,NA,Y,NA,A,07,0,0,1,0,0,0,0,0,0,-,-,NA,NA,LOS ANGELES,LOS ANGELES,-118.219970703125,34.023250579833984
9152185,2020,2020-11-14,1942,2020-08-23,0135,39062,0437,7,5,7,1942,0,0,0,D,0,4A59,VALLEY BL,BOCA AV,290,E,N,A,-,N,NA,NA,NA,NA,NA,NA,NA,NA,NA,Y,3,0,2,2,A,-,03,22350,NA,F,C,C,A,A,H,-,C,D,0,NA,NA,NA,NA,Y,NA,-,99,0,1,1,0,0,0,0,0,0,-,-,NA,NA,LOS ANGELES,LOS ANGELES,-118.18515777587892,34.062435150146484
9152186,2020,2020-11-14,1942,2020-08-15,2035,41661,0441,6,5,7,1942,0,0,0,D,0,4A15,E CESAR E CHAVEZ AV,N MISSION RD,30,W,N,A,-,N,NA,NA,NA,NA,NA,NA,NA,NA,NA,Y,3,0,1,1,A,-,01,23152,A,N,E,I,A,A,G,-,C,D,0,NA,NA,NA,NA,Y,Y,A,01,0,1,0,0,0,0,0,0,0,-,-,NA,NA,LOS ANGELES,LOS ANGELES,-118.2258529663086,34.054378509521484
9152187,2020,2020-11-14,1942,2020-08-09,0500,43204,0192,7,5,7,1942,0,0,0,A,0,1A1,WASHINGTON BL,HILL ST,0,NA,Y,A,-,N,NA,NA,NA,NA,NA,NA,NA,NA,NA,Y,3,0,2,2,A,-,12,21453,NA,N,D,C,A,A,-,-,B,A,0,NA,NA,NA,NA,Y,NA,A,01,0,1,1,0,0,0,0,0,0,-,-,NA,NA,LOS ANGELES,LOS ANGELES,-118.26677703857422,34.03192138671875
9152200,2020,2020-11-14,1942,2020-08-09,1620,37952,0467,7,5,7,1942,0,0,0,D,0,4A71,E 1ST ST,N SOTO ST,100,E,N,A,-,N,NA,NA,NA,NA,NA,NA,NA,NA,NA,N,3,0,1,2,A,-,08,22107,NA,F,D,C,A,A,H,-,A,D,0,NA,NA,NA,NA,Y,NA,-,99,0,1,0,0,0,0,0,0,0,-,-,NA,NA,LOS ANGELES,LOS ANGELES,-118.20948791503906,34.043617248535156
9152201,2020,2020-11-14,1941,2020-09-03,0829,5661,NA,4,5,7,1941,0,0,0,NA,0,NA,10TH,LOCUST,45,W,N,A,-,N,NA,NA,NA,NA,NA,NA,NA,NA,NA,Y,3,0,2,3,A,-,03,22350,NA,N,C,C,A,A,H,-,A,A,0,NA,NA,NA,NA,Y,NA,A,NA,0,1,1,0,0,0,0,0,0,-,-,NA,NA,LOS ANGELES,LONG BEACH,-118.19123840332033,33.77898025512695
9152202,2020,2020-11-14,1941,2020-09-02,1726,5771,NA,3,5,7,1941,0,0,0,NA,0,NA,ANAHEIM,HAYES AV,0,NA,Y,A,-,N,NA,NA,NA,NA,NA,NA,NA,NA,NA,Y,4,0,1,2,A,-,09,21801,A,N,D,-,A,A,H,-,A,D,0,NA,NA,NA,NA,Y,NA,A,NA,0,0,1,0,0,0,0,0,0,-,-,NA,NA,LOS ANGELES,LONG BEACH,-118.21878051757813,33.78276062011719
9152203,2020,2020-11-14,1941,2020-09-02,2107,6319,NA,3,5,7,1941,0,0,0,NA,0,NA,LOS COYOTES DIAGONAL,SPRING ST,0,NA,Y,A,-,N,NA,NA,NA,NA,NA,NA,NA,NA,NA,Y,3,0,1,3,A,-,12,21453,A,N,D,C,A,A,H,-,C,A,0,NA,NA,NA,NA,Y,NA,A,NA,0,1,0,0,0,0,0,0,0,-,-,NA,NA,LOS ANGELES,LONG BEACH,-118.1175537109375,33.81045913696289
9152216,2020,2020-11-14,1942,2020-09-07,1200,42718,341,1,5,7,1942,0,0,0,NA,0,3A41,LA BREA,COLISEUM,0,NA,Y,A,-,N,NA,NA,NA,NA,NA,NA,NA,NA,NA,N,4,0,1,2,A,-,08,22100,A,N,C,C,A,A,H,-,A,A,0,NA,NA,NA,NA,Y,NA,A,01,0,0,1,0,0,0,0,0,0,-,-,NA,NA,LOS ANGELES,LOS ANGELES,-118.3555908203125,34.018310546875
9152217,2020,2020-11-14,1942,2020-09-04,2320,43521,396,5,5,7,1942,0,0,0,NA,0,3Z4,MENLO AV,40TH PL,0,NA,Y,A,-,N,NA,NA,NA,NA,NA,NA,NA,NA,NA,N,4,0,1,2,A,-,08,22103,NA,F,C,C,A,A,H,-,C,D,0,NA,NA,NA,NA,Y,NA,A,01,0,0,1,0,0,0,0,0,0,-,-,NA,NA,LOS ANGELES,LOS ANGELES,-118.29000091552734,34.01002883911133
9152218,2020,2020-11-14,1942,2020-09-04,1050,42786,373,5,5,7,1942,0,0,0,NA,0,3X21,DEGNAN BL,COLISEUM ST,0,NA,Y,A,-,N,NA,NA,NA,NA,NA,NA,NA,NA,NA,N,4,0,2,2,A,-,12,21453,NA,N,D,C,A,A,H,-,A,A,0,NA,NA,NA,NA,Y,NA,A,01,0,0,2,0,0,0,0,0,0,-,-,NA,NA,LOS ANGELES,LOS ANGELES,-118.33003997802734,34.01823043823242
9152219,2020,2020-11-14,1942,2020-09-04,2005,42888,335,5,5,7,1942,0,0,0,NA,0,3A57W3,ARLINGTON AV,29TH ST,0,NA,Y,A,-,N,NA,NA,NA,NA,NA,NA,NA,NA,NA,N,3,0,5,2,A,-,09,21801,NA,N,D,C,A,A,H,-,C,D,0,NA,NA,NA,NA,Y,NA,A,01,0,2,3,0,0,0,0,0,0,-,-,NA,NA,LOS ANGELES,LOS ANGELES,-118.3176727294922,34.02906036376953
9152220,2020,2020-11-14,1942,2020-09-02,1415,39678,336,3,5,7,1942,0,0,0,NA,0,3E5,WESTERN AV,29TH ST,60,N,N,A,-,N,NA,NA,NA,NA,NA,NA,NA,NA,NA,N,3,0,1,2,A,-,05,21202,NA,N,C,G,A,A,H,-,A,D,0,NA,Y,NA,NA,Y,NA,L,04,0,1,0,0,0,0,1,0,0,-,-,NA,NA,LOS ANGELES,LOS ANGELES,-118.30894470214844,34.02925491333008
9152281,2020,2020-11-05,1942,2020-09-06,1350,38357,0182,7,5,7,1942,0,0,0,A,0,1A61,W OLYMPIC BL,S FLOWER ST,0,NA,Y,A,-,N,NA,NA,NA,NA,NA,NA,NA,NA,NA,N,4,0,2,2,A,-,01,23152,F,N,D,C,A,A,H,-,A,D,0,NA,NA,NA,NA,Y,NA,A,01,0,0,2,0,0,0,0,0,0,-,-,NA,NA,LOS ANGELES,LOS ANGELES,-118.26278686523438,34.04438018798828
9152342,2020,2020-10-23,1942,2020-08-24,1115,37505,0138,1,5,7,1942,0,0,0,A,0,1A39,S ALAMEDA ST,EAST 4TH ST,175,N,N,A,-,N,NA,NA,NA,NA,NA,NA,NA,NA,NA,Y,4,0,1,2,A,-,07,21658,A,N,B,C,A,A,H,-,A,A,0,NA,NA,NA,NA,Y,NA,A,01,0,0,1,0,0,0,0,0,0,-,-,NA,NA,LOS ANGELES,LOS ANGELES,-118.23809051513672,34.04377746582031
9152355,2020,2020-10-23,1942,2020-08-02,2310,44252,0331,7,5,7,1942,0,0,0,C,0,0312,LA BREA BL,VEFFERSON BL,0,NA,N,A,-,N,NA,NA,NA,NA,NA,NA,NA,NA,NA,N,4,0,1,2,A,-,05,21460,A,N,A,C,A,A,H,-,C,A,0,NA,NA,NA,NA,Y,NA,-,NA,0,0,1,0,0,0,0,0,0,-,-,NA,NA,LOS ANGELES,LOS ANGELES,-118.35487,34.02552
9152381,2020,2020-12-01,1941,2020-09-01,1830,5226,NA,2,5,7,1941,0,0,0,NA,0,NA,7TH ST,ALAMITOS,60,E,N,A,-,N,NA,NA,NA,NA,NA,NA,NA,NA,NA,N,4,0,1,2,D,-,00,NA,NA,N,C,C,A,A,H,-,A,A,0,NA,NA,NA,NA,Y,NA,-,-,0,0,1,0,0,0,0,0,0,-,-,NA,NA,LOS ANGELES,LONG BEACH,-118.18000030517578,33.77534103393555
9152382,2020,2020-12-01,1941,2020-09-08,1739,11539,NA,2,5,7,1941,0,0,0,NA,0,NA,PACIFIC COAST HWY,CLARK AV,0,NA,Y,A,-,N,NA,NA,NA,NA,NA,NA,NA,NA,NA,Y,3,0,2,2,A,-,09,21804,A,N,D,C,A,A,H,-,A,A,0,NA,NA,NA,NA,Y,NA,A,NA,0,2,0,0,0,0,0,0,0,-,-,NA,NA,LOS ANGELES,LONG BEACH,-118.13410186767578,33.783851623535156
9152383,2020,2020-12-14,1941,2020-09-08,1810,10037,NA,2,5,7,1941,0,0,0,NA,0,NA,CALIFORNIA AV,SAN ANTONIO DR,5,N,N,A,-,N,NA,NA,NA,NA,NA,NA,NA,NA,NA,N,4,0,1,2,A,-,08,22107,NA,N,D,G,A,A,H,-,A,A,0,NA,Y,NA,NA,Y,NA,A,NA,0,0,1,0,0,0,1,0,0,-,-,NA,NA,LOS ANGELES,LONG BEACH,-118.18179321289064,33.838661193847656
9152384,2020,2020-12-01,1941,2020-09-18,0000,10667,NA,5,5,7,1941,0,0,0,NA,0,NA,ATLANTIC AV,NEW YORK ST,0,NA,Y,A,-,N,NA,NA,NA,NA,NA,NA,NA,NA,NA,N,4,0,1,2,A,-,09,21802,A,N,D,G,A,A,H,-,A,A,0,NA,Y,NA,NA,Y,NA,A,NA,0,0,1,0,0,0,1,0,0,-,-,NA,NA,LOS ANGELES,LONG BEACH,-118.18504333496094,33.78485870361328
9152385,2020,2020-12-01,1941,2020-09-08,1935,5145,NA,2,5,7,1941,0,0,0,NA,0,NA,W 23RD ST,SANTA FE AV,120,E,N,A,-,N,NA,NA,NA,NA,NA,NA,NA,NA,NA,N,4,0,1,2,D,-,00,NA,NA,N,D,G,A,A,H,-,C,D,0,NA,Y,NA,NA,Y,NA,-,-,0,0,1,0,0,0,1,0,0,-,-,NA,NA,LOS ANGELES,LONG BEACH,-118.21512603759766,33.79893112182617