CASE_ID,ACCIDENT_YEAR,PROC_DATE,JURIS,COLLISION_DATE,COLLISION_TIME,OFFICER_ID,REPORTING_DISTRICT,DAY_OF_WEEK,CHP_SHIFT,POPULATION,CNTY_CITY_LOC,SPECIAL_COND,BEAT_TYPE,CHP_BEAT_TYPE,CITY_DIVISION_LAPD,CHP_BEAT_CLASS,BEAT_NUMBER,PRIMARY_RD,SECONDARY_RD,DISTANCE,DIRECTION,INTERSECTION,WEATHER_1,WEATHER_2,STATE_HWY_IND,CALTRANS_COUNTY,CALTRANS_DISTRICT,STATE_ROUTE,ROUTE_SUFFIX,POSTMILE_PREFIX,POSTMILE,LOCATION_TYPE,RAMP_INTERSECTION,SIDE_OF_HWY,TOW_AWAY,COLLISION_SEVERITY,NUMBER_KILLED,NUMBER_INJURED,PARTY_COUNT,PRIMARY_COLL_FACTOR,PCF_CODE_OF_VIOL,PCF_VIOL_CATEGORY,PCF_VIOLATION,PCF_VIOL_SUBSECTION,HIT_AND_RUN,TYPE_OF_COLLISION,MVIW,PED_ACTION,ROAD_SURFACE,ROAD_COND_1,ROAD_COND_2,LIGHTING,CONTROL_DEVICE,CHP_ROAD_TYPE,PEDESTRIAN_ACCIDENT,BICYCLE_ACCIDENT,MOTORCYCLE_ACCIDENT,TRUCK_ACCIDENT,NOT_PRIVATE_PROPERTY,ALCOHOL_INVOLVED,STWD_VEHTYPE_AT_FAULT,CHP_VEHTYPE_AT_FAULT,COUNT_SEVERE_INJ,COUNT_VISIBLE_INJ,COUNT_COMPLAINT_PAIN,COUNT_PED_KILLED,COUNT_PED_INJURED,COUNT_BICYCLIST_KILLED,COUNT_BICYCLIST_INJURED,COUNT_MC_KILLED,COUNT_MC_INJURED,PRIMARY_RAMP,SECONDARY_RAMP,LATITUDE,LONGITUDE,COUNTY,CITY,POINT_X,POINT_Y
9152516,2020,2020-11-24,1942,2020-09-16,1450,41125,1794,3,5,7,1942,0,0,0,Q,0,17A67,CHASE ST,RESEDA BL,100,W,N,A,-,N,NA,NA,NA,NA,NA,NA,NA,NA,NA,Y,4,0,2,2,A,-,08,22107,NA,F,B,C,A,A,H,-,A,D,0,NA,NA,NA,NA,Y,NA,-,99,0,0,2,0,0,0,0,0,0,-,-,NA,NA,LOS ANGELES,LOS ANGELES,-118.5364227294922,34.224605560302734
9152524,2020,2020-11-24,1942,2020-09-14,1115,27792,1798,1,5,7,1942,0,0,0,Q,0,17A95,WOODLEY AV,PARTHENIA ST,200,S,N,B,-,N,NA,NA,NA,NA,NA,NA,NA,NA,NA,Y,4,0,2,2,A,-,09,21804,A,N,D,C,A,A,H,-,A,A,0,NA,NA,NA,NA,Y,NA,A,01,0,0,2,0,0,0,0,0,0,-,-,NA,NA,LOS ANGELES,LOS ANGELES,-118.48516082763672,34.22783279418945
9152525,2020,2020-11-25,1953,2020-09-17,0939,3775,NA,4,5,6,1953,0,0,0,NA,0,001,LINDA VISTA AV,HEATHERSIDE RD,150,N,N,A,-,N,NA,NA,NA,NA,NA,NA,NA,NA,NA,Y,3,0,1,2,A,-,03,22350,NA,N,C,E,A,A,H,-,A,A,0,NA,NA,NA,NA,Y,NA,A,01,0,1,0,0,0,0,0,0,0,-,-,NA,NA,LOS ANGELES,PASADENA,-118.17250823974608,34.158294677734375
9152526,2020,2021-01-16,1953,2020-09-10,1902,8500,1953,4,5,6,1953,0,0,0,NA,0,003,WASHINGTON BL,LAKE AV,0,NA,Y,B,-,N,NA,NA,NA,NA,NA,NA,NA,NA,NA,N,4,0,1,2,A,-,21,22106,NA,N,D,B,B,A,H,-,B,A,0,Y,NA,NA,NA,Y,NA,D,22,0,0,1,0,1,0,0,0,0,-,-,NA,NA,LOS ANGELES,PASADENA,-118.13224792480467,34.16897964477539
9152529,2020,2020-11-25,1953,2020-09-20,1257,7404,1953,7,5,6,1953,0,0,0,NA,0,005,LAKE AV,GREEN ST,40,N,N,A,-,N,NA,NA,NA,NA,NA,NA,NA,NA,NA,Y,4,0,1,2,A,-,03,22350,NA,N,C,C,A,A,H,-,A,A,0,NA,NA,NA,NA,Y,NA,D,22,0,0,1,0,0,0,0,0,0,-,-,NA,NA,LOS ANGELES,PASADENA,-118.13240051269533,34.14466857910156
9152533,2020,2020-10-30,1942,2020-06-19,1600,42996,0307,5,5,7,1942,0,0,0,C,0,3A62,ADAMS BL,CRENSHAW BL,20,W,N,A,-,N,NA,NA,NA,NA,NA,NA,NA,NA,NA,N,4,0,6,4,A,-,12,21453,A,N,D,B,B,A,H,-,A,A,0,Y,NA,NA,NA,Y,NA,D,22,0,0,6,0,1,0,0,0,0,-,-,NA,NA,LOS ANGELES,LOS ANGELES,-118.33507537841795,34.0325813293457
9152537,2020,2020-10-19,1942,2020-06-22,1715,44327,0355,1,5,7,1942,0,0,0,C,0,3A73,EXPOSITION BL,WESTERN AV,300,E,N,A,-,N,NA,NA,NA,NA,NA,NA,NA,NA,NA,Y,4,0,1,2,A,-,03,22350,NA,N,B,E,A,A,H,-,A,A,0,NA,NA,NA,Y,Y,NA,A,01,0,0,1,0,0,0,0,0,0,-,-,NA,NA,LOS ANGELES,LOS ANGELES,-118.30793762207033,34.01840591430664
9152538,2020,2020-10-24,1900,2020-08-19,0940,623588,0629,3,5,6,1985,0,0,0,NA,0,62T1,LYONS AV,WALNUT ST,0,NA,Y,A,-,N,NA,NA,NA,NA,NA,NA,NA,NA,NA,Y,3,0,1,3,A,-,09,21802,A,N,D,C,A,A,H,-,A,A,0,NA,NA,NA,NA,Y,NA,D,22,0,1,0,0,0,0,0,0,0,-,-,34.38090896606445,-118.53090667724608,LOS ANGELES,SANTA CLARITA,-118.5309600830078,34.380950927734375
9152541,2020,2020-10-19,1942,2020-06-15,2130,41969,0357,1,5,7,1942,0,0,0,C,0,0357,EXPOSITION BL,FIGUEROA,5,E,N,A,-,N,NA,NA,NA,NA,NA,NA,NA,NA,NA,N,4,0,1,2,A,-,10,21950,A,F,G,G,A,A,H,-,C,A,0,NA,Y,NA,NA,Y,NA,-,99,0,0,1,0,0,0,1,0,0,-,-,NA,NA,LOS ANGELES,LOS ANGELES,-118.28241729736328,34.018150329589844
9152545,2020,2020-10-19,1942,2020-06-17,1920,43500,0337,3,5,7,1942,0,0,0,C,0,3A15W3,NORMANDIE AV,JEFFERSON BLVD,0,NA,Y,A,-,N,NA,NA,NA,NA,NA,NA,NA,NA,NA,Y,4,0,2,3,A,-,09,21801,A,N,A,C,A,A,H,-,A,A,0,NA,NA,NA,NA,Y,NA,A,07,0,0,2,0,0,0,0,0,0,-,-,NA,NA,LOS ANGELES,LOS ANGELES,-118.30023193359376,34.025508880615234
9152553,2020,2020-10-26,1942,2020-07-11,1215,38794,0333,6,5,7,1942,0,0,0,C,0,3A31W2,CRENSHAW BL,W JEFFERSON BL,0,NA,Y,A,-,N,NA,NA,NA,NA,NA,NA,NA,NA,NA,Y,4,0,1,2,A,-,12,21453,NA,N,D,C,A,A,H,-,A,A,0,NA,NA,NA,NA,Y,NA,D,22,0,0,1,0,0,0,0,0,0,-,-,NA,NA,LOS ANGELES,LOS ANGELES,-118.33511352539064,34.02558135986328
9152621,2020,2020-11-23,1967,2020-09-13,1903,160,NA,7,5,2,1967,0,0,0,NA,0,SOUTH,21ST,CHERRY AV,0,NA,Y,A,-,N,NA,NA,NA,NA,NA,NA,NA,NA,NA,N,4,0,1,2,A,-,03,22350,NA,N,C,C,A,A,H,-,B,A,0,NA,NA,NA,NA,Y,NA,A,07,0,0,1,0,0,0,0,0,0,-,-,NA,NA,LOS ANGELES,SIGNAL HILL,-118.16779327392578,33.795318603515625
9152649,2020,2020-11-20,1900,2020-09-03,2039,636151,0610,4,5,6,1985,0,0,0,NA,0,61T1,LAKEMORE DR,OAKGALE AV,0,NA,Y,A,-,N,NA,NA,NA,NA,NA,NA,NA,NA,NA,Y,3,0,1,3,A,-,01,23152,A,M,B,C,A,-,H,-,C,D,0,NA,NA,NA,NA,Y,Y,A,01,0,1,0,0,0,0,0,0,0,-,-,34.42621994018555,-118.48783111572266,LOS ANGELES,SANTA CLARITA,-118.48780822753906,34.426151275634766
9152650,2020,2020-11-20,1900,2020-09-05,1550,4807,NA,6,5,6,1985,0,0,0,NA,0,00T,SIERRA HWY,AVALON DR,350,S,N,A,-,N,NA,NA,NA,NA,NA,NA,NA,NA,NA,Y,3,0,1,1,A,-,08,22107,NA,N,E,I,A,A,H,-,A,A,0,NA,NA,NA,NA,Y,NA,A,01,0,1,0,0,0,0,0,0,0,-,-,34.42179870605469,-118.45275115966795,LOS ANGELES,SANTA CLARITA,-118.45274353027344,34.42182159423828
9152651,2020,2020-12-02,1900,2020-09-15,0655,623588,0617,2,5,6,1985,0,0,0,NA,0,61T1,SIERRA HWY,RT 14,11,N,N,F,-,Y,LA,7,14,-,R,27.876,R,4,S,Y,4,0,2,2,A,-,09,21801,A,N,D,C,A,A,H,-,A,D,0,NA,NA,NA,NA,Y,NA,A,01,0,0,2,0,0,0,0,0,0,-,NO,34.378150939941406,-118.49420928955078,LOS ANGELES,SANTA CLARITA,-118.49630737304688,34.3754768371582
9152652,2020,2020-11-20,1900,2020-09-14,1250,612139,0641,1,5,6,1985,0,0,0,NA,0,64T1,BOUQUET CANYON RD,CENTRAL PARK,200,S,N,A,-,N,NA,NA,NA,NA,NA,NA,NA,NA,NA,Y,3,0,1,2,A,-,03,22350,NA,N,C,C,A,A,H,-,A,D,0,NA,NA,NA,NA,Y,NA,A,01,0,1,0,0,0,0,0,0,0,-,-,34.33530044555664,-118.52169799804688,LOS ANGELES,SANTA CLARITA,-118.52191925048828,34.43534469604492
9152653,2020,2020-11-23,1900,2020-09-13,1844,577057,0624,7,5,6,1985,0,0,0,NA,0,64T1,LYONS AV,AVENIDA ROTELLA,0,NA,Y,A,-,N,NA,NA,NA,NA,NA,NA,NA,NA,NA,Y,4,0,1,3,A,-,09,21801,A,N,A,C,A,A,H,-,B,A,0,NA,NA,NA,NA,Y,NA,-,99,0,0,1,0,0,0,0,0,0,-,-,34.37948989868164,-118.54596710205078,LOS ANGELES,SANTA CLARITA,-118.54602813720705,34.379520416259766
9152654,2020,2020-11-23,1900,2020-09-15,1742,653491,0612,2,5,6,1985,0,0,0,NA,0,61T1,WHITES CANYON RD,DELIGHT ST,0,NA,Y,A,-,N,NA,NA,NA,NA,NA,NA,NA,NA,NA,N,4,0,1,2,A,-,03,22350,NA,N,C,A,A,A,H,-,A,A,0,NA,NA,NA,NA,Y,NA,A,01,0,0,1,0,0,0,0,0,0,-,-,34.42369842529297,-118.47200012207033,LOS ANGELES,SANTA CLARITA,-118.47206115722656,34.42369842529297
9152659,2020,2020-11-23,1900,2020-09-06,1021,605584,0814,7,5,4,1960,0,0,0,NA,0,81K3,BADIUO ST,COVINA BL,0,NA,Y,A,-,N,NA,NA,NA,NA,NA,NA,NA,NA,NA,Y,4,0,1,2,A,-,12,21453,A,N,D,C,A,A,H,-,A,A,0,NA,NA,NA,NA,Y,NA,A,01,0,0,1,0,0,0,0,0,0,-,-,34.098941802978516,-117.83419799804688,LOS ANGELES,SAN DIMAS,-117.83427,34.099034
9152664,2020,2020-11-19,1956,2020-09-15,0520,1292,31,2,5,5,1956,0,0,0,NA,0,002,ANITA ST,HARKNESS LN,0,NA,Y,A,-,N,NA,NA,NA,NA,NA,NA,NA,NA,NA,N,4,0,1,1,A,-,03,22350,NA,N,F,A,A,A,D,-,C,D,0,NA,NA,Y,NA,Y,NA,C,02,0,0,1,0,0,0,0,0,1,-,-,NA,NA,LOS ANGELES,REDONDO BEACH,-118.3811264038086,33.85734939575195
9152665,2020,2020-11-19,1956,2020-09-19,1609,1292,51,6,5,5,1956,0,0,0,NA,0,003,ROCKEFELLER LN,FELTON LN,74,E,N,A,-,N,NA,NA,NA,NA,NA,NA,NA,NA,NA,Y,3,0,1,2,-,-,-,NA,NA,N,C,E,A,A,H,-,A,D,0,NA,NA,NA,NA,Y,NA,A,01,0,1,0,0,0,0,0,0,0,-,-,NA,NA,LOS ANGELES,REDONDO BEACH,-118.36407470703124,33.87001037597656
9152673,2020,2020-11-23,1924,2020-09-09,2040,80405,48,3,5,5,1924,0,0,0,NA,0,005,GARDENA BL,VERMONT AV,0,NA,Y,A,-,N,NA,NA,NA,NA,NA,NA,NA,NA,NA,Y,3,0,1,2,D,-,00,NA,NA,F,G,B,E,A,H,-,C,A,0,Y,NA,NA,NA,Y,NA,-,-,0,1,0,0,1,0,0,0,0,-,-,33.892478942871094,-118.29727935791016,LOS ANGELES,GARDENA,-118.29131317138672,33.881591796875
9152674,2020,2020-11-30,1924,2020-09-01,0544,80405,36,2,5,5,1924,0,0,0,NA,0,005,WESTERN AV,158TH ST,290,S,N,A,-,N,NA,NA,NA,NA,NA,NA,NA,NA,NA,Y,3,0,1,2,A,-,01,23152,F,M,C,C,A,A,H,-,C,D,0,NA,NA,NA,NA,Y,NA,A,01,0,1,0,0,0,0,0,0,0,-,-,33.88740158081055,-118.30914306640624,LOS ANGELES,GARDENA,-118.30915832519533,33.88661575317383
9152675,2020,2020-12-07,1924,2020-09-03,1701,80454,23,4,5,5,1924,0,0,0,NA,0,8T5,WESTERN AV,150TH ST,61,N,N,A,-,N,NA,NA,NA,NA,NA,NA,NA,NA,NA,Y,4,0,2,4,A,-,03,22350,NA,N,C,A,A,A,H,-,A,A,0,NA,NA,NA,NA,Y,NA,A,01,0,0,2,0,0,0,0,0,0,-,-,33.895538330078125,-118.30912017822266,LOS ANGELES,GARDENA,-118.30915069580078,33.89584732055664
9152676,2020,2020-11-24,1924,2020-09-05,1835,80453,G26,6,5,5,1924,0,0,0,NA,0,0G4,MARINE AV,NORMANDIE AV,0,NA,Y,A,-,N,NA,NA,NA,NA,NA,NA,NA,NA,NA,Y,4,0,3,2,A,-,09,21804,A,N,D,C,A,A,H,-,A,A,0,NA,NA,NA,NA,Y,NA,A,01,0,0,3,0,0,0,0,0,0,-,-,33.894710540771484,-118.30039978027344,LOS ANGELES,GARDENA,-118.30045318603516,33.894649505615234
9152677,2020,2020-11-19,1900,2020-09-01,1412,533847,1622,2,5,5,1977,0,0,0,NA,0,164T,CARSON ST,SANTA FE AV,107,W,N,A,-,N,NA,NA,NA,NA,NA,NA,NA,NA,NA,N,4,0,4,2,A,-,09,21804,A,N,D,C,A,A,H,-,A,D,0,NA,NA,NA,NA,Y,NA,A,01,0,0,4,0,0,0,0,0,0,-,-,33.8317985534668,-118.21764373779295,LOS ANGELES,CARSON,-118.21733856201172,33.831729888916016
9152679,2020,2020-11-19,1900,2020-09-02,0800,430275,1518,3,5,5,1954,0,0,0,NA,0,151T1,BURKE ST,BEQUETTE ST,0,NA,Y,A,-,N,NA,NA,NA,NA,NA,NA,NA,NA,NA,N,4,0,1,4,A,-,09,21801,A,N,D,C,A,A,H,-,A,D,0,NA,NA,NA,NA,Y,NA,A,01,0,0,1,0,0,0,0,0,0,-,-,NA,NA,LOS ANGELES,PICO RIVERA,-118.10340118408205,33.96944046020508
9152692,2020,2020-10-21,1900,2020-08-07,0148,600271,0613,5,5,6,1985,0,0,0,NA,0,61T1,PLEASANTODALE ST,EVENINGSHADE AV,165,W,N,A,-,N,NA,NA,NA,NA,NA,NA,NA,NA,NA,Y,3,0,1,3,A,NA,01,23152,A,N,C,E,A,A,A,-,C,D,0,NA,NA,NA,NA,Y,Y,A,01,0,1,0,0,0,0,0,0,0,-,-,34.420860290527344,-118.47492980957033,LOS ANGELES,SANTA CLARITA,-118.47492980957033,34.420753479003906
9152697,2020,2020-10-21,1900,2020-08-27,1235,540312,1622,4,5,5,1977,0,0,0,NA,0,166T,DELAMO BL,SANTA FE AV,0,NA,Y,A,-,N,NA,NA,NA,NA,NA,NA,NA,NA,NA,N,4,0,1,2,A,-,08,22107,NA,N,G,B,B,A,H,-,A,A,0,Y,NA,NA,NA,Y,NA,A,01,0,0,1,0,1,0,0,0,0,-,-,33.50474166870117,-118.12418365478516,LOS ANGELES,CARSON,-118.21172332763672,33.8465690612793
9152700,2020,2020-10-21,1900,2020-08-31,1135,455303,1516,1,5,5,1954,0,0,0,NA,0,N151T1,PARAMOUNT BL,TROJAN,193,N,N,A,-,N,NA,NA,NA,NA,NA,NA,NA,NA,NA,Y,3,0,1,2,A,-,03,22350,NA,N,B,C,A,A,H,-,A,D,0,NA,NA,NA,NA,Y,NA,A,01,0,1,0,0,0,0,0,0,0,-,-,33.97595977783203,-118.1160888671875,LOS ANGELES,PICO RIVERA,-118.11149597167967,33.97633743286133
9152704,2020,2020-10-22,1942,2020-07-12,1500,44030,1842,7,5,7,1942,0,0,0,R,0,18A49,BROADWAY,109TH PL,15,N,N,A,-,N,NA,NA,NA,NA,NA,NA,NA,NA,NA,N,4,0,4,2,A,-,09,21802,A,N,D,C,A,A,-,-,A,A,0,NA,NA,NA,NA,Y,NA,A,01,0,0,4,0,0,0,0,0,0,-,-,NA,NA,LOS ANGELES,LOS ANGELES,-118.27838134765624,33.93655014038086
9152705,2020,2020-10-07,1942,2020-07-10,1115,44162,LOSA,5,5,7,1942,0,0,0,NA,0,18A63,SAN PEDRO ST,99TH ST,0,NA,Y,A,-,N,NA,NA,NA,NA,NA,NA,NA,NA,NA,N,3,0,1,2,A,-,09,21804,NA,N,D,C,A,A,H,-,A,D,0,NA,NA,NA,NA,Y,NA,-,-,0,1,0,0,0,0,0,0,0,-,-,NA,NA,LOS ANGELES,LOS ANGELES,-118.26952362060548,33.94649124145508
9152706,2020,2020-10-07,1942,2020-07-10,1500,43171,1861,5,5,7,1942,0,0,0,R,0,18X4,IMPERIAL HWY,FIGUEROA ST,50,W,N,A,-,N,NA,NA,NA,NA,NA,NA,NA,NA,NA,N,4,0,1,2,A,-,03,22350,NA,F,C,C,A,A,H,-,A,A,0,NA,NA,NA,NA,Y,NA,A,01,0,0,1,0,0,0,0,0,0,-,-,NA,NA,LOS ANGELES,LOS ANGELES,-118.28276824951172,33.930999755859375
9152707,2020,2020-10-07,1942,2020-07-11,0634,44112,1891,6,5,7,1942,0,0,0,R,0,5A59,VERMONT,ARTESIA,0,NA,Y,A,-,N,NA,NA,NA,NA,NA,NA,NA,NA,NA,Y,4,0,1,2,D,-,00,NA,NA,N,-,C,A,A,H,-,A,A,0,NA,NA,NA,NA,Y,NA,-,-,0,0,1,0,0,0,0,0,0,-,-,NA,NA,LOS ANGELES,LOS ANGELES,-118.29093170166016,33.87287139892578
9152708,2020,2020-10-14,1942,2020-07-08,2130,42392,1837,3,5,7,1942,0,0,0,R,0,18A35,WILMINGTON AV,115TH  ST,0,NA,Y,A,-,N,NA,NA,NA,NA,NA,NA,NA,NA,NA,Y,4,0,1,2,A,-,09,21802,A,N,B,C,A,A,H,-,C,A,0,NA,NA,NA,NA,Y,NA,-,-,0,0,1,0,0,0,0,0,0,-,-,NA,NA,LOS ANGELES,LOS ANGELES,-118.23908233642578,33.930328369140625
9152709,2020,2020-10-26,1942,2020-07-07,0235,42181,1841,2,5,7,1942,0,0,0,R,0,18A41,FIGUEROA,110TH ST,0,NA,Y,A,-,N,NA,NA,NA,NA,NA,NA,NA,NA,NA,Y,3,0,1,3,A,-,03,22350,NA,F,B,E,A,A,H,-,C,D,0,NA,NA,NA,NA,Y,Y,A,01,0,1,0,0,0,0,0,0,0,-,-,NA,NA,LOS ANGELES,LOS ANGELES,-118.28260803222656,33.935630798339844
9152710,2020,2020-10-13,1924,2020-07-07,1700,43904,1831,2,5,5,1924,0,0,0,NA,0,NA,MENLO AV,EL SEGUNDO BL,0,NA,Y,A,-,N,NA,NA,NA,NA,NA,NA,NA,NA,NA,N,4,0,1,2,A,-,03,22350,NA,F,C,C,A,A,H,-,A,A,0,NA,NA,NA,NA,Y,NA,-,99,0,0,1,0,0,0,0,0,0,-,-,NA,NA,LOS ANGELES,GARDENA,-118.34716796875,33.916419982910156
9152711,2020,2020-10-07,1942,2020-07-07,0025,43664,RD182,2,5,7,1942,0,0,0,NA,0,18X64,MAIN ST,103RD ST,0,NA,Y,A,-,N,NA,NA,NA,NA,NA,NA,NA,NA,NA,N,4,0,1,2,A,-,03,22350,NA,F,B,C,A,A,H,-,C,A,0,NA,NA,NA,NA,Y,NA,-,NA,0,0,1,0,0,0,0,0,0,-,-,NA,NA,LOS ANGELES,LOS ANGELES,-118.27388763427734,33.942848205566406
9152712,2020,2020-10-07,1942,2020-07-07,1240,43004,1804,2,5,7,1942,0,0,0,R,0,12A69,AVALON,MANCHESTER,0,S,N,-,-,N,NA,NA,NA,NA,NA,NA,NA,NA,NA,N,4,0,1,2,A,-,03,22350,NA,N,E,C,A,-,-,-,-,-,0,NA,NA,NA,NA,Y,NA,-,-,0,0,1,0,0,0,0,0,0,-,-,NA,NA,LOS ANGELES,LOS ANGELES,-118.26512908935548,33.96012878417969
9152713,2020,2020-10-07,1942,2020-07-01,2220,43209,1864,3,5,7,1942,0,0,0,R,0,18A41,CENTRAL,120TH ST,0,NA,Y,A,-,N,NA,NA,NA,NA,NA,NA,NA,NA,NA,N,4,0,2,2,A,-,03,22350,NA,F,C,C,A,A,H,-,C,A,0,NA,NA,NA,NA,Y,NA,-,99,0,0,2,0,0,0,0,0,0,-,-,NA,NA,LOS ANGELES,LOS ANGELES,-118.25435638427734,33.923728942871094
9152714,2020,2020-10-07,1942,2020-07-06,1620,26539,1838,1,5,7,1942,0,0,0,R,0,18A26,WILMINGTON,SANTA ANA ST,0,NA,Y,A,-,N,NA,NA,NA,NA,NA,NA,NA,NA,NA,N,4,0,1,2,A,-,03,22350,NA,N,C,C,A,A,H,-,A,A,0,NA,NA,NA,NA,Y,NA,-,-,0,0,1,0,0,0,0,0,0,-,-,NA,NA,LOS ANGELES,LOS ANGELES,-118.23902893066406,33.938228607177734
9152715,2020,2020-10-07,1942,2020-07-04,1625,43037,1842,6,5,7,1942,0,0,0,R,0,18A34,113TH ST,MAIN  ST,10,W,N,A,-,N,NA,NA,NA,NA,NA,NA,NA,NA,NA,Y,3,0,3,3,A,-,03,22350,NA,N,-,B,F,A,H,-,A,D,0,Y,NA,NA,NA,Y,NA,A,01,0,1,2,0,2,0,0,0,0,-,-,NA,NA,LOS ANGELES,LOS ANGELES,-118.27391052246094,33.93204879760742
9152716,2020,2020-10-07,1942,2020-07-04,0907,44086,1822,6,5,7,1942,0,0,0,R,0,18A17,W 95TH ST,BROADWAY,37,E,N,A,-,N,NA,NA,NA,NA,NA,NA,NA,NA,NA,Y,4,0,1,4,A,-,03,22350,NA,N,C,-,A,A,H,-,A,A,0,NA,NA,NA,NA,Y,NA,-,-,0,0,1,0,0,0,0,0,0,-,-,NA,NA,LOS ANGELES,LOS ANGELES,-118.27828979492188,33.95008850097656
9152717,2020,2020-10-07,1942,2020-07-02,0025,42332,1822,4,5,7,1942,0,0,0,R,0,18A49,CENTURY,MAIN ST,100,W,N,A,-,N,NA,NA,NA,NA,NA,NA,NA,NA,NA,Y,4,0,2,2,A,-,09,21804,NA,N,A,C,A,A,H,-,C,A,0,NA,NA,NA,NA,Y,NA,-,-,0,0,2,0,0,0,0,0,0,-,-,NA,NA,LOS ANGELES,LOS ANGELES,-118.2742156982422,33.945560455322266
9152718,2020,2020-10-07,1942,2020-07-02,1635,43889,1835,4,5,7,1942,0,0,0,R,0,NA,109TH ST,CENTRAL AV,10,W,N,A,-,N,NA,NA,NA,NA,NA,NA,NA,NA,NA,Y,4,0,2,3,A,-,09,21801,A,N,D,C,A,A,H,-,A,D,0,NA,NA,NA,NA,Y,NA,A,01,0,0,2,0,0,0,0,0,0,-,-,NA,NA,LOS ANGELES,LOS ANGELES,-118.25421142578124,33.936790466308594
9152719,2020,2020-10-07,1942,2020-07-02,1920,43003,1827,4,5,7,1942,0,0,0,R,0,18A44,WILMINGTON AV,E 103RD ST,0,NA,Y,A,-,N,NA,NA,NA,NA,NA,NA,NA,NA,NA,Y,4,0,2,2,A,-,00,21801,D,N,D,C,A,A,H,-,A,A,0,NA,NA,NA,NA,Y,NA,-,-,0,0,2,0,0,0,0,0,0,-,-,NA,NA,LOS ANGELES,LOS ANGELES,-118.23908996582033,33.94316101074219
9152721,2020,2020-10-21,1900,2020-08-17,1240,455303,1520,1,5,5,1954,0,0,0,NA,0,151T1,WASHINTON BL,TOWN CENTER DR,316,W,N,A,-,N,NA,NA,NA,NA,NA,NA,NA,NA,NA,N,4,0,1,3,A,-,03,22350,NA,N,C,C,A,A,H,-,A,A,0,NA,NA,NA,NA,Y,NA,-,NA,0,0,1,0,0,0,0,0,0,-,-,NA,NA,LOS ANGELES,PICO RIVERA,-118.10118103027344,33.98534393310547
9152722,2020,2020-10-28,1900,2020-08-21,1600,524199,1516,5,5,5,1954,0,0,0,NA,0,151T2,PARAMOUNT BL,MAXINE ST,10,S,N,A,-,N,NA,NA,NA,NA,NA,NA,NA,NA,NA,Y,4,0,2,3,A,-,03,22350,NA,F,D,C,A,A,H,-,A,D,0,NA,NA,NA,NA,Y,NA,A,07,0,0,2,0,0,0,0,0,0,-,-,NA,NA,LOS ANGELES,PICO RIVERA,-118.1140594482422,33.96916580200195
9152728,2020,2020-10-20,1942,2020-08-10,1845,34426,0236,1,5,7,1942,0,0,0,B,0,2A47,ALVARADO ST,COURT ST,80,N,N,A,-,N,NA,NA,NA,NA,NA,NA,NA,NA,NA,N,4,0,1,2,A,-,04,21703,NA,N,C,C,A,A,H,-,A,D,0,NA,NA,Y,NA,Y,NA,C,02,0,0,1,0,0,0,0,0,1,-,-,NA,NA,LOS ANGELES,LOS ANGELES,-118.26856231689452,34.069461822509766
9152729,2020,2020-10-20,1942,2020-09-01,2000,37618,0525,2,5,7,1942,0,0,0,E,0,25T35,W HARRY BRIDGES BL,ISLAND AV,4,W,N,A,-,N,NA,NA,NA,NA,NA,NA,NA,NA,NA,N,2,0,1,2,A,-,10,21950,A,F,G,B,B,A,H,-,C,A,0,Y,NA,NA,NA,Y,NA,-,99,1,0,0,0,1,0,0,0,0,-,-,NA,NA,LOS ANGELES,LOS ANGELES,-118.26572418212892,33.771080017089844
9152730,2020,2020-11-06,1942,2020-08-19,1830,42268,1APD,3,5,7,1942,0,0,0,NA,0,11X58,ALVARADO ST,TEMPLE ST,0,NA,Y,A,-,N,NA,NA,NA,NA,NA,NA,NA,NA,NA,Y,4,0,2,2,D,-,00,NA,NA,N,-,-,A,A,H,-,A,-,0,NA,NA,NA,NA,Y,NA,-,-,0,0,2,0,0,0,0,0,0,-,-,NA,NA,LOS ANGELES,LOS ANGELES,-118.26805114746094,34.07027053833008
9152731,2020,2020-11-06,1942,2020-08-19,2010,40932,0266,3,5,7,1942,0,0,0,B,0,2A75,JAMES M WOOD BL,BEACON AV,0,NA,Y,A,-,N,NA,NA,NA,NA,NA,NA,NA,NA,NA,N,3,0,1,2,A,-,10,21950,C,N,G,B,D,A,H,-,C,D,0,Y,NA,NA,NA,Y,NA,A,01,0,1,0,0,1,0,0,0,0,-,-,NA,NA,LOS ANGELES,LOS ANGELES,-118.27434,34.05135
9152732,2020,2020-10-20,1942,2020-08-18,0800,400008,0256,2,5,7,1942,0,0,0,B,0,2A75,S BONNIE BRAE ST,W 7TH ST,300,N,N,A,-,N,NA,NA,NA,NA,NA,NA,NA,NA,NA,N,3,0,4,2,A,-,09,21801,A,N,A,C,A,A,H,-,A,D,0,NA,NA,NA,NA,Y,NA,A,01,0,1,3,0,0,0,0,0,0,-,-,NA,NA,LOS ANGELES,LOS ANGELES,-118.27410888671876,34.056175231933594
9152733,2020,2020-11-06,1942,2020-08-18,1435,43030,0295,2,5,7,1942,0,0,0,B,0,2A38N4,ALVARADO,7TH ST,0,NA,Y,A,-,N,NA,NA,NA,NA,NA,NA,NA,NA,NA,N,4,0,1,2,A,-,21,22106,NA,N,C,C,A,A,H,-,A,D,0,NA,NA,NA,NA,Y,NA,A,01,0,0,1,0,0,0,0,0,0,-,-,NA,NA,LOS ANGELES,LOS ANGELES,-118.2768096923828,34.056480407714844
9152734,2020,2020-10-20,1942,2020-08-18,2130,40865,0245,2,5,7,1942,0,0,0,B,0,2A45,WILSHIRE BL,S ALVARADO ST,0,NA,Y,A,-,N,NA,NA,NA,NA,NA,NA,NA,NA,NA,Y,4,0,3,2,A,-,09,21801,A,N,D,C,A,A,H,-,C,A,0,NA,NA,NA,NA,Y,NA,A,01,0,0,3,0,0,0,0,0,0,-,-,NA,NA,LOS ANGELES,LOS ANGELES,-118.27587127685548,34.05794143676758