CASE_ID,ACCIDENT_YEAR,PROC_DATE,JURIS,COLLISION_DATE,COLLISION_TIME,OFFICER_ID,REPORTING_DISTRICT,DAY_OF_WEEK,CHP_SHIFT,POPULATION,CNTY_CITY_LOC,SPECIAL_COND,BEAT_TYPE,CHP_BEAT_TYPE,CITY_DIVISION_LAPD,CHP_BEAT_CLASS,BEAT_NUMBER,PRIMARY_RD,SECONDARY_RD,DISTANCE,DIRECTION,INTERSECTION,WEATHER_1,WEATHER_2,STATE_HWY_IND,CALTRANS_COUNTY,CALTRANS_DISTRICT,STATE_ROUTE,ROUTE_SUFFIX,POSTMILE_PREFIX,POSTMILE,LOCATION_TYPE,RAMP_INTERSECTION,SIDE_OF_HWY,TOW_AWAY,COLLISION_SEVERITY,NUMBER_KILLED,NUMBER_INJURED,PARTY_COUNT,PRIMARY_COLL_FACTOR,PCF_CODE_OF_VIOL,PCF_VIOL_CATEGORY,PCF_VIOLATION,PCF_VIOL_SUBSECTION,HIT_AND_RUN,TYPE_OF_COLLISION,MVIW,PED_ACTION,ROAD_SURFACE,ROAD_COND_1,ROAD_COND_2,LIGHTING,CONTROL_DEVICE,CHP_ROAD_TYPE,PEDESTRIAN_ACCIDENT,BICYCLE_ACCIDENT,MOTORCYCLE_ACCIDENT,TRUCK_ACCIDENT,NOT_PRIVATE_PROPERTY,ALCOHOL_INVOLVED,STWD_VEHTYPE_AT_FAULT,CHP_VEHTYPE_AT_FAULT,COUNT_SEVERE_INJ,COUNT_VISIBLE_INJ,COUNT_COMPLAINT_PAIN,COUNT_PED_KILLED,COUNT_PED_INJURED,COUNT_BICYCLIST_KILLED,COUNT_BICYCLIST_INJURED,COUNT_MC_KILLED,COUNT_MC_INJURED,PRIMARY_RAMP,SECONDARY_RAMP,LATITUDE,LONGITUDE,COUNTY,CITY,POINT_X,POINT_Y
9153015,2020,2020-11-09,1900,2020-08-29,1815,610418,1137,6,5,6,1992,0,0,0,NA,0,111T1,CHALLENGER WY,AVENUE 0-8,0,NA,Y,A,-,N,NA,NA,NA,NA,NA,NA,NA,NA,NA,Y,3,0,5,3,A,-,12,21453,NA,N,A,C,A,A,H,-,A,A,0,NA,NA,NA,NA,Y,NA,A,01,0,1,4,0,0,0,0,0,0,-,-,NA,NA,LOS ANGELES,LANCASTER,NA,NA
9153016,2020,2020-11-09,1900,2020-08-30,0038,636283,1120,7,5,6,1992,0,0,0,NA,0,111T1,AVENUE G,45TH ST WEST,0,NA,Y,A,-,N,NA,NA,NA,NA,NA,NA,NA,NA,NA,N,3,0,4,2,A,-,09,21802,A,N,D,C,A,A,H,-,C,A,0,NA,NA,NA,NA,Y,NA,A,01,0,1,3,0,0,0,0,0,0,-,-,NA,NA,LOS ANGELES,LANCASTER,-118.21076965332033,34.733028411865234
9153017,2020,2020-11-09,1900,2020-08-25,1535,510509,1132,2,5,6,1992,0,0,0,NA,0,112T4,AVENUE J-8,DIVISION ST,28,E,N,A,-,N,NA,NA,NA,NA,NA,NA,NA,NA,NA,Y,4,0,1,1,A,-,08,22107,NA,N,E,I,A,A,H,-,A,A,0,NA,NA,NA,NA,Y,NA,A,07,0,0,1,0,0,0,0,0,0,-,-,NA,NA,LOS ANGELES,LANCASTER,-118.13018035888672,34.68183898925781
9153018,2020,2020-11-09,1900,2020-08-20,1426,510509,1122,4,5,6,1992,0,0,0,NA,0,112T4,AVENUE I,SIERRA HWY,45,W,N,A,-,N,NA,NA,NA,NA,NA,NA,NA,NA,NA,Y,4,0,2,2,A,-,03,22350,NA,N,C,C,A,A,H,-,A,A,0,NA,NA,NA,NA,Y,NA,A,01,0,0,2,0,0,0,0,0,0,-,-,NA,NA,LOS ANGELES,LANCASTER,-118.13800048828124,34.70392990112305
9153019,2020,2020-11-09,1900,2020-08-28,1952,627967,1127,5,5,6,1992,0,0,0,NA,0,112T1,AVENUE J,40TH ST WEST,0,NA,Y,A,-,N,NA,NA,NA,NA,NA,NA,NA,NA,NA,Y,3,0,2,2,A,-,09,21801,A,N,D,C,A,A,H,-,B,A,0,NA,NA,NA,NA,Y,NA,A,01,0,1,1,0,0,0,0,0,0,-,-,NA,NA,LOS ANGELES,LANCASTER,-118.20152282714844,34.68931198120117
9153020,2020,2020-11-09,1900,2020-08-28,2317,610418,1139,5,5,6,1992,0,0,0,NA,0,111T1,AVENUE L,55TH ST WEST,49,E,N,A,-,N,NA,NA,NA,NA,NA,NA,NA,NA,NA,Y,4,0,1,4,A,-,03,22350,NA,N,C,C,A,A,H,-,C,D,0,NA,NA,NA,NA,Y,NA,A,01,0,0,1,0,0,0,0,0,0,-,-,NA,NA,LOS ANGELES,LANCASTER,-118.22745513916016,34.660240173339844
9153022,2020,2020-10-29,1900,2020-08-26,1825,533418,2318,3,5,5,1919,0,0,0,NA,0,230T,ARTESIA BL,MARQUARDT AV,0,NA,Y,A,-,N,NA,NA,NA,NA,NA,NA,NA,NA,NA,Y,4,0,2,2,A,-,12,21453,A,N,D,C,A,A,H,-,A,A,0,NA,NA,NA,NA,Y,NA,A,01,0,0,2,0,0,0,0,0,0,-,-,NA,NA,LOS ANGELES,CERRITOS,-118.03777313232422,33.873348236083984
9153023,2020,2020-10-29,1900,2020-08-05,2120,632890,2316,3,5,5,1919,0,0,0,NA,0,230K2,SOUTH ST,CARMENITA RD,0,NA,Y,A,-,N,NA,NA,NA,NA,NA,NA,NA,NA,NA,Y,4,0,1,2,A,-,12,21453,A,N,D,C,A,A,H,-,C,A,0,NA,NA,NA,NA,Y,NA,A,01,0,0,1,0,0,0,0,0,0,-,-,NA,NA,LOS ANGELES,CERRITOS,-118.04627990722656,33.858760833740234
9153024,2020,2020-10-29,1900,2020-08-25,1540,525741,1431,2,5,4,1937,0,0,0,NA,0,143T1,HACIENDA BL,GLENDORA AV,0,NA,Y,A,-,N,NA,NA,NA,NA,NA,NA,NA,NA,NA,Y,2,0,1,3,A,-,12,21453,A,N,B,C,A,A,H,-,A,A,0,NA,NA,NA,NA,Y,NA,A,01,1,0,0,0,0,0,0,0,0,-,-,34.03348159790039,-117.95049285888672,LOS ANGELES,LA PUENTE,-117.95062255859376,34.03356170654297
9153027,2020,2020-10-29,1900,2020-08-27,1550,525741,1431,4,5,4,1937,0,0,0,NA,0,143K7,GREENBERRY DR,LAS VECINAS DR,1,N,N,A,-,N,NA,NA,NA,NA,NA,NA,NA,NA,NA,Y,3,0,1,2,A,-,07,21658,A,N,A,E,A,A,H,-,A,D,0,NA,NA,NA,NA,Y,NA,A,01,0,1,0,0,0,0,0,0,0,-,-,34.03499984741211,-117.96730041503906,LOS ANGELES,LA PUENTE,-117.96733856201172,34.0349235534668
9153028,2020,2020-10-29,1900,2020-08-30,1300,600059,1419,7,5,1,1932,0,0,0,NA,0,141T3,VALLEY BL,GRAND AV,0,NA,Y,A,-,N,NA,NA,NA,NA,NA,NA,NA,NA,NA,Y,3,0,1,4,A,-,12,21453,A,N,D,C,A,A,H,-,A,A,0,NA,NA,Y,NA,Y,NA,C,02,0,1,0,0,0,0,0,0,1,-,-,34.02724075317383,-117.83553314208984,LOS ANGELES,INDUSTRY,-118.03971862792967,34.07659912109375
9153030,2020,2020-10-29,1975,2020-08-27,2242,436,WCPD,4,5,6,1975,0,0,0,NA,0,006,WOODGATE DR,BROOKFIELD PL,150,N,N,A,-,N,NA,NA,NA,NA,NA,NA,NA,NA,NA,Y,2,0,1,2,A,-,03,22350,NA,N,-,E,A,B,H,-,C,D,0,NA,NA,Y,NA,Y,NA,C,02,1,0,0,0,0,0,0,0,1,-,-,34.0241584777832,-117.90949249267578,LOS ANGELES,WEST COVINA,-117.90956115722656,34.024497985839844
9153031,2020,2020-11-19,1975,2020-08-28,0929,463,NA,5,5,6,1975,0,0,0,NA,0,001,AZUSA AV,ROWLAND AV,55,N,N,A,-,N,NA,NA,NA,NA,NA,NA,NA,NA,NA,Y,4,0,1,3,A,-,09,21804,A,N,D,C,A,A,H,-,A,D,0,NA,NA,NA,NA,Y,NA,A,01,0,0,1,0,0,0,0,0,0,-,-,34.08293151855469,-117.94229125976564,LOS ANGELES,WEST COVINA,-117.90779876708984,34.079341888427734
9153032,2020,2020-10-29,1975,2020-08-22,1320,686,CITRU,6,5,6,1975,0,0,0,NA,0,004,CAMERON AV,LARK ELLEN AV,0,NA,Y,A,-,N,NA,NA,NA,NA,NA,NA,NA,NA,NA,Y,4,0,3,2,A,-,09,21801,A,N,B,C,A,A,H,-,A,A,0,NA,NA,NA,NA,Y,NA,A,01,0,0,3,0,0,0,0,0,0,-,-,NA,NA,LOS ANGELES,WEST COVINA,-117.91673278808594,34.0611686706543
9153034,2020,2020-10-29,1900,2020-08-07,0300,533021,814,5,5,4,1960,0,0,0,NA,0,81K2,EUCLA AV,ARROW HWY,0,NA,Y,A,-,N,NA,NA,NA,NA,NA,NA,NA,NA,NA,Y,2,0,1,1,A,-,03,22350,NA,N,F,A,A,A,H,-,C,A,0,NA,NA,Y,NA,Y,NA,C,02,1,0,0,0,0,0,0,0,1,-,-,34.035030364990234,-117.81648254394533,LOS ANGELES,SAN DIMAS,-117.81645965576172,34.103458404541016
9153035,2020,2020-10-29,1900,2020-08-05,1035,528125,815,3,5,4,1960,0,0,0,NA,0,86B1,ARROW HWY,WALNUT AV,0,NA,Y,A,-,N,NA,NA,NA,NA,NA,NA,NA,NA,NA,Y,3,0,3,2,A,-,09,21453,C,N,A,C,A,A,H,-,A,A,0,NA,NA,NA,NA,Y,NA,A,01,0,3,0,0,0,0,0,0,0,-,-,34.10327911376953,-117.80277252197266,LOS ANGELES,SAN DIMAS,-117.8027801513672,34.10313034057617
9153036,2020,2020-10-29,1900,2020-08-18,0825,434609,813,2,5,4,1960,0,0,0,NA,0,81T1,SAN DIMAS CANYON RD,ALLEN AV,0,NA,Y,A,-,N,NA,NA,NA,NA,NA,NA,NA,NA,NA,Y,3,0,1,2,A,-,12,21453,A,N,D,C,A,A,H,-,A,A,0,NA,NA,NA,NA,Y,NA,-,-,0,1,0,0,0,0,0,0,0,-,-,NA,NA,LOS ANGELES,SAN DIMAS,-117.79412078857422,34.11756134033203
91530517,2020,2021-07-28,9565,2020-12-30,1417,022145,NA,3,2,9,1900,0,2,4,NA,2,021,VERMONT AVENUE S/B,103RD STREET,4,N,N,A,-,N,NA,NA,NA,NA,NA,NA,NA,NA,NA,N,1,1,0,2,A,-,10,21950,A,N,G,B,B,A,H,-,A,A,0,Y,NA,NA,NA,Y,NA,A,01,0,0,0,1,0,0,0,0,0,-,-,33.94327163696289,-118.29190826416016,LOS ANGELES,UNINCORPORATED,-118.29190826416016,33.94321060180664
9153059,2020,2020-09-21,1925,2020-08-27,1605,21995,240,4,5,6,1925,0,0,0,NA,0,003,BROADWAY,WILSON AVE,10,W,N,A,-,N,NA,NA,NA,NA,NA,NA,NA,NA,NA,N,4,0,3,2,A,-,03,22350,NA,N,C,C,A,A,H,-,A,D,0,NA,NA,NA,NA,Y,NA,A,01,0,0,3,0,0,0,0,0,0,-,-,NA,NA,LOS ANGELES,GLENDALE,-118.22959899902344,34.14664840698242
9153071,2020,2020-09-17,1900,2020-08-21,1618,451343,1348,5,5,3,1903,0,0,0,NA,0,238,PIONEER BL,183RD ST,0,NA,Y,A,-,N,NA,NA,NA,NA,NA,NA,NA,NA,NA,Y,3,0,3,2,A,-,09,21453,C,N,D,C,A,A,H,-,A,A,0,NA,NA,NA,NA,Y,NA,J,48,0,2,1,0,0,0,0,0,0,-,-,NA,NA,LOS ANGELES,ARTESIA,-118.08220672607422,33.8657112121582
9153079,2020,2020-09-22,1900,2020-08-27,1900,621337,0455,4,5,6,1949,0,0,0,NA,0,45T1,STUDEBAKER RD,ALONDA DR,24,N,N,A,-,N,NA,NA,NA,NA,NA,NA,NA,NA,NA,N,4,0,1,2,A,-,08,22107,NA,N,D,C,A,A,H,-,B,D,0,NA,NA,NA,NA,Y,NA,J,48,0,0,1,0,0,0,0,0,0,-,-,NA,NA,LOS ANGELES,NORWALK,-118.09998321533205,33.887664794921875
9153090,2020,2020-09-23,1900,2020-08-28,1800,527057,0643,5,5,6,1985,0,0,0,NA,0,62T1,SOLEDAD CANYON RD,BOUQUET CANYON RD,178,E,N,A,-,N,NA,NA,NA,NA,NA,NA,NA,NA,NA,Y,4,0,1,1,-,B,-,NA,NA,N,E,I,A,A,H,-,A,D,0,NA,NA,NA,NA,Y,NA,J,48,0,0,1,0,0,0,0,0,0,-,-,34.387699127197266,-118.54570770263672,LOS ANGELES,SANTA CLARITA,-118.54051971435548,34.4224853515625
9153105,2020,2020-10-17,1909,2020-08-28,1922,589,1909,5,5,4,1909,0,0,0,NA,0,NA,GARFIELD AV,FELIX AV,100,S,N,A,-,N,NA,NA,NA,NA,NA,NA,NA,NA,NA,Y,4,0,2,2,A,-,08,22107,NA,N,C,C,A,A,H,-,B,D,0,NA,NA,NA,Y,Y,NA,G,25,0,0,2,0,0,0,0,0,0,-,-,NA,NA,LOS ANGELES,BELL GARDENS,-118.15795135498048,33.95846176147461
9153106,2020,2020-10-17,1975,2020-07-08,0110,437,1975,3,5,6,1975,0,0,0,NA,0,004,AZUSA AV,SOUTH GARVEY AV,6,S,N,-,-,N,NA,NA,NA,NA,NA,NA,NA,NA,NA,N,2,0,1,2,A,-,11,21954,A,F,G,B,D,A,H,-,C,A,0,Y,NA,NA,NA,Y,NA,N,60,1,0,0,0,1,0,0,0,0,-,-,NA,NA,LOS ANGELES,WEST COVINA,-117.90779876708984,34.073814392089844
9153170,2020,2020-11-30,1944,2020-08-10,1138,345,M7,1,5,4,1944,0,0,0,NA,0,002,SEPULVEDA BL,VALLEY DR,10,S,N,A,-,Y,LA,7,1,-,-,23.831,I,5,S,Y,4,0,2,3,A,-,12,22450,A,N,D,C,A,A,H,-,A,A,0,NA,NA,NA,NA,Y,NA,A,01,0,0,2,0,0,0,0,0,0,-,-,NA,NA,LOS ANGELES,MANHATTAN BEACH,-118.39620208740234,33.900413513183594
9153174,2020,2020-10-15,1944,2020-07-24,0239,313,M1,5,5,4,1944,0,0,0,NA,0,003,HIGHLAND AV,SHELL ST,58,N,N,A,-,N,NA,NA,NA,NA,NA,NA,NA,NA,NA,Y,2,0,2,2,A,-,01,23152,A,N,C,E,A,A,H,-,C,D,0,NA,NA,NA,NA,Y,Y,A,01,2,0,0,0,0,0,0,0,0,-,-,NA,NA,LOS ANGELES,MANHATTAN BEACH,-118.4198760986328,33.9051628112793
9153204,2020,2020-10-22,1900,2020-08-05,2145,632970,2826,3,5,5,1915,0,0,0,NA,0,283T1,BULLIS RD,PATTIE CT,100,S,N,A,-,N,NA,NA,NA,NA,NA,NA,NA,NA,NA,N,4,0,2,2,A,-,04,21703,NA,N,C,C,A,A,H,-,C,D,0,NA,NA,NA,NA,Y,NA,A,07,0,0,2,0,0,0,0,0,0,-,-,NA,NA,LOS ANGELES,COMPTON,-118.20697784423828,33.90164566040039
9153210,2020,2020-10-23,1900,2020-08-12,1350,602404,2261,3,5,2,1993,0,0,0,NA,0,226,AGOURA RD,LAKEVIEW CANYON RD,20,E,N,-,-,N,NA,NA,NA,NA,NA,NA,NA,NA,NA,Y,4,0,1,2,A,-,03,22350,NA,N,C,C,A,A,H,-,-,A,0,NA,NA,NA,NA,Y,Y,A,01,0,0,1,0,0,0,0,0,0,-,-,34.148170471191406,-118.81884765625,LOS ANGELES,WESTLAKE VILLAGE,-118.81922912597656,34.14807891845703
9153211,2020,2020-10-20,1900,2020-08-18,1643,507732,2241,2,5,3,1989,0,0,0,NA,0,224T2,AGOURA RD,LOST HILLS RD,0,NA,Y,A,-,N,NA,NA,NA,NA,NA,NA,NA,NA,NA,Y,4,0,1,3,A,-,12,21453,A,N,D,C,A,A,H,-,A,A,0,NA,NA,NA,NA,Y,NA,A,07,0,0,1,0,0,0,0,0,0,-,-,34.13920974731445,-118.78875732421876,LOS ANGELES,CALABASAS,-118.70867156982422,34.13924026489258
9153217,2020,2020-10-20,1900,2020-08-08,1750,552721,2846,6,5,5,1915,0,0,0,NA,0,283T3,BULLIS RD,CYPRESS ST,0,NA,Y,A,-,N,NA,NA,NA,NA,NA,NA,NA,NA,NA,N,4,0,1,2,A,-,09,21802,A,N,D,C,A,A,H,-,A,A,0,NA,NA,NA,NA,Y,NA,A,01,0,0,1,0,0,0,0,0,0,-,-,NA,NA,LOS ANGELES,COMPTON,-118.20623779296876,33.89059066772461
9153341,2020,2020-11-04,1942,2020-09-09,1210,43278,15,3,5,7,1942,0,0,0,O,0,15A39,LANKERSHIM BL,CUMPSTON ST,0,NA,Y,A,-,N,NA,NA,NA,NA,NA,NA,NA,NA,NA,Y,4,0,1,2,A,-,12,21453,A,N,B,C,A,A,H,-,A,A,0,NA,NA,NA,NA,Y,NA,A,07,0,0,1,0,0,0,0,0,0,-,-,NA,NA,LOS ANGELES,LOS ANGELES,-118.37770080566406,34.16999053955078
9153342,2020,2020-11-04,1942,2020-09-08,1945,40928,1677,2,5,7,1942,0,0,0,P,0,16A77,ROSCOE BL,ECHELON PL,150,E,N,A,-,N,NA,NA,NA,NA,NA,NA,NA,NA,NA,Y,3,0,1,2,A,-,03,22350,NA,N,C,E,A,A,H,-,C,D,0,NA,NA,NA,NA,Y,NA,A,01,0,1,0,0,0,0,0,0,0,-,-,NA,NA,LOS ANGELES,LOS ANGELES,-118.35064697265624,34.22164535522461
9153343,2020,2020-11-04,1942,2020-09-06,0500,44130,1723,7,5,7,1942,0,0,0,Q,0,1723,DEVONSHIRE ST,MASON AV,180,E,N,A,-,N,NA,NA,NA,NA,NA,NA,NA,NA,NA,Y,2,0,1,1,B,-,22,NA,NA,N,E,J,A,A,H,-,C,D,0,NA,NA,NA,NA,Y,NA,A,01,1,0,0,0,0,0,0,0,0,-,-,NA,NA,LOS ANGELES,LOS ANGELES,-118.57924652099608,34.257259368896484
9153344,2020,2020-11-04,1942,2020-09-05,1520,43755,1792,6,5,7,1942,0,0,0,Q,0,17A95W,TAMPA AV,PARTHENIA ST,0,NA,Y,A,-,N,NA,NA,NA,NA,NA,NA,NA,NA,NA,Y,4,0,1,3,A,-,04,21703,NA,F,C,C,A,A,H,-,A,A,0,NA,NA,NA,NA,Y,NA,-,99,0,0,1,0,0,0,0,0,0,-,-,NA,NA,LOS ANGELES,LOS ANGELES,-118.55355072021484,34.22822952270508
9153347,2020,2020-11-10,1942,2020-09-04,0635,44397,2132,5,5,7,1942,0,0,0,NA,0,21A1,VALLEY CIRCLE BL,DORIE DR,0,NA,Y,A,-,N,NA,NA,NA,NA,NA,NA,NA,NA,NA,Y,3,0,1,2,A,-,12,21453,A,F,D,C,A,A,H,-,A,A,0,NA,NA,NA,NA,Y,NA,-,99,0,1,0,0,0,0,0,0,0,-,-,NA,NA,LOS ANGELES,LOS ANGELES,-118.64829254150392,34.20832824707031
9153348,2020,2020-11-04,1942,2020-09-09,1630,39062,1116,3,5,7,1942,0,0,0,K,0,11A37,N AVENUE 50,MILO TER,0,NA,Y,A,-,N,NA,NA,NA,NA,NA,NA,NA,NA,NA,N,3,0,1,2,A,-,09,21801,A,F,H,G,A,A,H,-,A,D,0,NA,Y,NA,NA,Y,NA,-,99,0,1,0,0,0,0,1,0,0,-,-,NA,NA,LOS ANGELES,LOS ANGELES,-118.20767974853516,34.11220169067383
9153349,2020,2020-11-04,1942,2020-09-05,2000,42876,0409,6,5,7,1942,0,0,0,D,0,4A9,HUNTINGTON AV,KENDALL AV,0,NA,Y,A,-,N,NA,NA,NA,NA,NA,NA,NA,NA,NA,N,4,0,2,2,A,-,09,21800,D,N,D,C,A,A,H,-,C,B,0,NA,NA,NA,NA,Y,NA,A,01,0,0,2,0,0,0,0,0,0,-,-,NA,NA,LOS ANGELES,LOS ANGELES,-118.15541076660156,34.09857177734375
9153350,2020,2020-11-04,1942,2020-09-01,1550,38171,0437,2,5,7,1942,0,0,0,D,0,4A59,N EASTERN AV,KLAMATH PL,300,S,N,A,-,N,NA,NA,NA,NA,NA,NA,NA,NA,NA,Y,4,0,3,2,A,-,03,22350,NA,N,C,C,A,A,H,-,A,D,0,NA,NA,NA,NA,Y,NA,A,01,0,0,3,0,0,0,0,0,0,-,-,NA,NA,LOS ANGELES,LOS ANGELES,-118.18029022216795,34.0742301940918
9153351,2020,2020-11-04,1942,2020-08-25,1130,39710,0147,2,5,7,1942,0,0,0,A,0,1A35,4TH ST,WALL ST,30,W,N,A,-,N,NA,NA,NA,NA,NA,NA,NA,NA,NA,N,4,0,1,2,A,-,08,22107,NA,N,B,C,A,A,H,-,A,D,0,NA,NA,NA,NA,Y,NA,A,01,0,0,1,0,0,0,0,0,0,-,-,NA,NA,LOS ANGELES,LOS ANGELES,-118.2447509765625,34.04648208618164
9153352,2020,2020-11-04,1942,2020-08-24,0930,39710,121,1,5,7,1942,0,0,0,L,0,1X45,NORTH FIGUEROA ST,DIAMOND ST,0,NA,Y,A,-,N,NA,NA,NA,NA,NA,NA,NA,NA,NA,N,4,0,1,2,A,-,08,22107,NA,N,D,C,A,A,H,-,A,D,0,NA,NA,NA,NA,Y,NA,A,07,0,0,1,0,0,0,0,0,0,-,-,NA,NA,LOS ANGELES,LOS ANGELES,-118.2513427734375,34.05836868286133
9153354,2020,2020-12-07,1942,2020-09-13,1550,34265,0941,7,5,7,1942,0,0,0,I,0,9A41,OXNARD ST,VAN NUYS BL,0,NA,Y,B,-,N,NA,NA,NA,NA,NA,NA,NA,NA,NA,Y,4,0,3,2,A,-,12,21453,A,N,D,C,A,A,H,-,A,A,0,NA,NA,NA,NA,Y,NA,-,-,0,0,3,0,0,0,0,0,0,-,-,NA,NA,LOS ANGELES,LOS ANGELES,-118.44873809814452,34.17940139770508
9153355,2020,2020-11-04,1942,2020-09-12,1425,43822,1035,6,5,7,1942,0,0,0,J,0,10A21,LINDLEY AV,VICTORY BL,0,NA,Y,B,-,N,NA,NA,NA,NA,NA,NA,NA,NA,NA,Y,4,0,5,2,A,-,09,21801,A,N,A,C,A,A,H,-,A,A,0,NA,NA,NA,NA,Y,NA,A,07,0,0,5,0,0,0,0,0,0,-,-,NA,NA,LOS ANGELES,LOS ANGELES,-118.52728271484376,34.18661117553711
9153356,2020,2020-11-04,1942,2020-09-12,1840,42460,1061,6,5,7,1942,0,0,0,J,0,10A83,VENTURA BL,SHIRLEY AV,0,NA,Y,A,-,N,NA,NA,NA,NA,NA,NA,NA,NA,NA,Y,3,0,1,2,A,-,09,21801,A,N,D,C,A,A,H,-,C,A,0,NA,NA,Y,NA,Y,NA,A,01,0,1,0,0,0,0,0,0,1,-,-,NA,NA,LOS ANGELES,LOS ANGELES,-118.5578384399414,34.17277145385742
9153357,2020,2020-11-10,1942,2020-09-12,1415,40165,0906,6,5,7,1942,0,0,0,I,0,9A19,SHERMAN WY,TYRONE AV,0,NA,Y,A,-,N,NA,NA,NA,NA,NA,NA,NA,NA,NA,N,4,0,2,2,A,-,00,21100,E,N,A,C,A,A,G,-,A,A,0,NA,NA,NA,NA,Y,NA,A,01,0,0,2,0,0,0,0,0,0,-,-,NA,NA,LOS ANGELES,LOS ANGELES,-118.4443588256836,34.20119857788086
9153358,2020,2020-11-04,1942,2020-09-12,1525,40165,0926,6,5,7,1942,0,0,0,I,0,9A19,VAN NUYS BL,VANOWEN ST,0,NA,Y,A,-,N,NA,NA,NA,NA,NA,NA,NA,NA,NA,Y,4,0,2,3,A,-,09,21801,A,N,D,C,A,A,H,-,A,A,0,NA,NA,NA,NA,Y,NA,A,08,0,0,2,0,0,0,0,0,0,-,-,NA,NA,LOS ANGELES,LOS ANGELES,-118.44873809814452,34.19390869140625
9153359,2020,2020-11-04,1942,2020-09-11,1715,40398,1693,5,5,7,1942,0,0,0,P,0,16A81,WHITSETT AV,LULL ST,0,NA,Y,A,-,N,NA,NA,NA,NA,NA,NA,NA,NA,NA,N,3,0,1,2,A,-,09,21801,A,N,D,C,A,A,H,-,A,D,0,NA,NA,NA,NA,Y,NA,A,01,0,1,0,0,0,0,0,0,0,-,-,NA,NA,LOS ANGELES,LOS ANGELES,-118.4052505493164,34.209381103515625
9153360,2020,2020-11-04,1942,2020-09-11,1400,36678,1523,5,5,7,1942,0,0,0,O,0,15A33,VICTORY BL,WHITSETT AV,0,NA,Y,A,-,N,NA,NA,NA,NA,NA,NA,NA,NA,NA,Y,4,0,3,3,A,-,09,21801,A,N,D,C,A,A,H,-,A,A,0,NA,NA,NA,NA,Y,NA,A,01,0,0,3,0,0,0,0,0,0,-,-,NA,NA,LOS ANGELES,LOS ANGELES,-118.40525817871094,34.18667984008789
9153381,2020,2020-11-07,1942,2020-09-11,2010,38010,1958,5,5,7,1942,0,0,0,NA,0,19A75,WOODMAN AV,LASSEN ST,0,NA,Y,A,-,N,NA,NA,NA,NA,NA,NA,NA,NA,NA,Y,4,0,3,3,A,-,09,21801,A,N,D,C,A,A,H,-,C,A,0,NA,NA,NA,NA,Y,NA,A,01,0,0,3,0,0,0,0,0,0,-,-,NA,NA,LOS ANGELES,LOS ANGELES,-118.4505615234375,34.25065994262695
9153382,2020,2020-12-02,1942,2020-09-10,2355,39410,1918,4,5,7,1942,0,0,0,NA,0,19A7,HUBBARD ST,RT 210,0,NA,Y,A,-,Y,LA,7,210,-,R,3.969,R,4,E,N,3,0,1,2,A,-,12,21453,A,N,D,C,A,-,H,-,C,A,0,NA,NA,NA,NA,Y,NA,A,01,0,1,0,0,0,0,0,0,0,-,EF,NA,NA,LOS ANGELES,LOS ANGELES,-118.4311981201172,34.30968475341797
9153383,2020,2020-11-07,1942,2020-09-13,1350,36599,0941,7,5,7,1942,0,0,0,I,0,26TL73,KESTER AV,BURBANK BL,0,NA,Y,A,-,N,NA,NA,NA,NA,NA,NA,NA,NA,NA,Y,3,0,1,2,A,-,01,23152,A,N,D,C,A,A,H,-,A,A,0,NA,NA,NA,NA,Y,NA,A,07,0,1,0,0,0,0,0,0,0,-,-,NA,NA,LOS ANGELES,LOS ANGELES,-118.45745086669922,34.17211151123047
9153384,2020,2020-11-07,1942,2020-09-10,1920,42251,1006,4,5,7,1942,0,0,0,J,0,10A17,ROSCOE BL,WHITE OAK AV,0,NA,Y,A,-,N,NA,NA,NA,NA,NA,NA,NA,NA,NA,Y,3,0,2,2,A,-,09,21801,A,N,D,C,A,A,H,-,C,A,0,NA,NA,NA,NA,Y,NA,A,01,0,1,1,0,0,0,0,0,0,-,-,NA,NA,LOS ANGELES,LOS ANGELES,-118.51863098144533,34.22100067138672
9153385,2020,2020-11-07,1942,2020-09-10,2155,40876,1989,4,5,7,1942,0,0,0,NA,0,19A79,ROSCOE BL,COLDWATER CANYON AV,75,E,N,A,-,N,NA,NA,NA,NA,NA,NA,NA,NA,NA,N,4,0,1,2,A,-,03,22350,NA,N,C,C,A,A,H,-,C,D,0,NA,NA,NA,NA,Y,NA,A,07,0,0,1,0,0,0,0,0,0,-,-,NA,NA,LOS ANGELES,LOS ANGELES,-118.41416168212892,34.2216796875
9153386,2020,2020-11-07,1942,2020-09-10,0600,30452,1723,4,5,7,1942,0,0,0,Q,0,17A23,DEVONSHIRE ST,MASON AV,8,E,N,B,-,N,NA,NA,NA,NA,NA,NA,NA,NA,NA,N,4,0,1,2,A,-,05,21650,1,N,H,G,A,A,H,-,C,D,0,NA,Y,NA,NA,Y,NA,L,04,0,0,1,0,0,0,1,0,0,-,-,NA,NA,LOS ANGELES,LOS ANGELES,-118.5798110961914,34.257259368896484
9153387,2020,2020-11-07,1942,2020-09-10,1110,41316,1637,4,5,7,1942,0,0,0,P,0,16A35,FOOTHILL BL,WHITEGATE AV,100,W,N,A,-,N,NA,NA,NA,NA,NA,NA,NA,NA,NA,Y,4,0,2,2,A,-,08,22107,NA,N,C,C,A,A,H,-,A,D,0,NA,NA,NA,NA,Y,NA,A,01,0,0,2,0,0,0,0,0,0,-,-,NA,NA,LOS ANGELES,LOS ANGELES,-118.30557250976564,34.259639739990234
9153388,2020,2020-11-07,1942,2020-09-10,1730,40141,1917,4,5,7,1942,0,0,0,NA,0,19A7,FOOTHILL BL,POLK ST,40,N,N,A,B,N,NA,NA,NA,NA,NA,NA,NA,NA,NA,Y,4,0,2,2,A,-,09,21801,A,F,D,C,A,A,H,-,A,D,0,NA,NA,NA,NA,Y,NA,A,07,0,0,2,0,0,0,0,0,0,-,-,NA,NA,LOS ANGELES,LOS ANGELES,-118.44088745117188,34.31562805175781
9153389,2020,2020-11-07,1942,2020-09-10,2030,32774,1961,4,5,7,1942,0,0,0,NA,0,19A61,NORDHOFF ST,SEPULVEDA BL,0,NA,Y,A,-,N,NA,NA,NA,NA,NA,NA,NA,NA,NA,N,4,0,1,2,A,-,08,22107,NA,F,D,C,A,A,H,-,B,D,0,NA,NA,NA,NA,Y,NA,-,99,0,0,1,0,0,0,0,0,0,-,-,NA,NA,LOS ANGELES,LOS ANGELES,-118.46771240234376,34.235530853271484