CASE_ID,ACCIDENT_YEAR,PROC_DATE,JURIS,COLLISION_DATE,COLLISION_TIME,OFFICER_ID,REPORTING_DISTRICT,DAY_OF_WEEK,CHP_SHIFT,POPULATION,CNTY_CITY_LOC,SPECIAL_COND,BEAT_TYPE,CHP_BEAT_TYPE,CITY_DIVISION_LAPD,CHP_BEAT_CLASS,BEAT_NUMBER,PRIMARY_RD,SECONDARY_RD,DISTANCE,DIRECTION,INTERSECTION,WEATHER_1,WEATHER_2,STATE_HWY_IND,CALTRANS_COUNTY,CALTRANS_DISTRICT,STATE_ROUTE,ROUTE_SUFFIX,POSTMILE_PREFIX,POSTMILE,LOCATION_TYPE,RAMP_INTERSECTION,SIDE_OF_HWY,TOW_AWAY,COLLISION_SEVERITY,NUMBER_KILLED,NUMBER_INJURED,PARTY_COUNT,PRIMARY_COLL_FACTOR,PCF_CODE_OF_VIOL,PCF_VIOL_CATEGORY,PCF_VIOLATION,PCF_VIOL_SUBSECTION,HIT_AND_RUN,TYPE_OF_COLLISION,MVIW,PED_ACTION,ROAD_SURFACE,ROAD_COND_1,ROAD_COND_2,LIGHTING,CONTROL_DEVICE,CHP_ROAD_TYPE,PEDESTRIAN_ACCIDENT,BICYCLE_ACCIDENT,MOTORCYCLE_ACCIDENT,TRUCK_ACCIDENT,NOT_PRIVATE_PROPERTY,ALCOHOL_INVOLVED,STWD_VEHTYPE_AT_FAULT,CHP_VEHTYPE_AT_FAULT,COUNT_SEVERE_INJ,COUNT_VISIBLE_INJ,COUNT_COMPLAINT_PAIN,COUNT_PED_KILLED,COUNT_PED_INJURED,COUNT_BICYCLIST_KILLED,COUNT_BICYCLIST_INJURED,COUNT_MC_KILLED,COUNT_MC_INJURED,PRIMARY_RAMP,SECONDARY_RAMP,LATITUDE,LONGITUDE,COUNTY,CITY,POINT_X,POINT_Y
9153587,2020,2020-09-22,1900,2020-07-26,2357,622067,2611,7,5,6,1950,0,0,0,NA,0,263T1,EAST AV S,SIERRA HWY,0,NA,Y,A,-,N,NA,NA,NA,NA,NA,NA,NA,NA,NA,Y,4,0,2,2,A,-,09,21453,C,N,D,C,A,A,H,-,C,A,0,NA,NA,NA,NA,Y,NA,A,01,0,0,2,0,0,0,0,0,0,-,-,34.55796813964844,-118.11425018310548,LOS ANGELES,PALMDALE,-118.11418914794922,34.55805969238281
9153588,2020,2020-09-25,1969,2020-07-15,2144,10226,PATRO,3,5,5,1969,0,0,0,NA,0,003,TWEEDY BL,SAAN LUIS AV,72,E,N,A,-,N,NA,NA,NA,NA,NA,NA,NA,NA,NA,N,3,0,2,2,A,-,07,21658,A,N,B,C,A,A,H,-,C,D,0,NA,NA,NA,NA,Y,NA,-,-,0,2,0,0,0,0,0,0,0,-,-,NA,NA,LOS ANGELES,SOUTH GATE,-118.20176696777344,33.943782806396484
9153589,2020,2020-09-25,1969,2020-07-26,1620,10228,PATRO,7,5,5,1969,0,0,0,NA,0,002,STATE ST,FIRESTONE BL,400,S,N,A,-,N,NA,NA,NA,NA,NA,NA,NA,NA,NA,Y,3,0,1,3,A,-,08,22107,NA,N,D,C,A,A,H,-,A,D,0,NA,NA,NA,NA,Y,NA,A,01,0,1,0,0,0,0,0,0,0,-,-,NA,NA,LOS ANGELES,SOUTH GATE,-118.21236419677734,33.953731536865234
9153590,2020,2020-09-22,1900,2020-07-11,1930,632970,2844,6,5,5,1915,0,0,0,NA,0,283T1,BURRIS AV,GREENLEAF BL,15,N,N,A,-,N,NA,NA,NA,NA,NA,NA,NA,NA,NA,N,3,0,1,2,A,-,10,21950,A,F,G,B,C,A,H,-,A,D,0,Y,NA,NA,NA,Y,NA,-,99,0,1,0,0,1,0,0,0,0,-,-,NA,NA,LOS ANGELES,COMPTON,-118.21002960205078,33.88130187988281
9153591,2020,2020-09-22,1900,2020-07-23,0556,641166,1137,4,5,6,1992,0,0,0,NA,0,111T1,AVENUE J,30TH ST E,20,E,N,A,-,N,NA,NA,NA,NA,NA,NA,NA,NA,NA,Y,3,0,2,2,A,-,03,22350,NA,N,C,C,A,A,H,-,A,A,0,NA,NA,NA,NA,Y,NA,A,01,0,2,0,0,0,0,0,0,0,-,-,NA,NA,LOS ANGELES,LANCASTER,-118.07697296142578,34.6898307800293
9153592,2020,2020-09-22,1900,2020-07-29,0735,620752,1125,3,5,6,1992,0,0,0,NA,0,112T2,10TH ST W,NORBERRY ST,160,S,N,A,-,N,NA,NA,NA,NA,NA,NA,NA,NA,NA,Y,4,0,1,2,A,-,08,22107,NA,N,-,C,A,A,H,-,A,D,0,NA,NA,NA,NA,Y,NA,A,01,0,0,1,0,0,0,0,0,0,-,-,NA,NA,LOS ANGELES,LANCASTER,-118.14804840087892,34.69206237792969
9153593,2020,2020-09-22,1900,2020-07-28,1224,620752,1192,2,5,6,1992,0,0,0,NA,0,112T2,AVENUE L,30TH ST W,100,W,N,A,-,N,NA,NA,NA,NA,NA,NA,NA,NA,NA,Y,4,0,1,2,A,-,03,22350,NA,N,C,C,A,A,H,-,A,A,0,NA,NA,NA,NA,Y,Y,A,01,0,0,1,0,0,0,0,0,0,-,-,NA,NA,LOS ANGELES,LANCASTER,-118.1838150024414,34.66027069091797
9153616,2020,2021-01-20,1929,2020-09-01,1748,196,1929,2,5,3,1929,0,0,0,NA,0,001,VALLEY DR,HERONDO AV,246,N,N,A,-,N,NA,NA,NA,NA,NA,NA,NA,NA,NA,Y,3,0,1,2,A,-,01,23152,F,N,B,E,A,A,H,-,A,D,0,NA,NA,NA,NA,Y,NA,A,07,0,1,0,0,0,0,0,0,0,-,-,NA,NA,LOS ANGELES,HERMOSA BEACH,-118.39394378662108,33.85426330566406
9153617,2020,2021-02-01,1929,2020-09-04,0718,201,1929,5,5,3,1929,0,0,0,NA,0,001,PIER AV,PACIFIC COAST HWY,100,W,N,A,-,Y,LA,7,1,-,-,21.341,I,6,S,Y,3,0,1,2,A,-,08,22107,NA,N,D,G,A,A,H,-,A,D,0,NA,Y,NA,NA,Y,NA,L,04,0,1,0,0,0,0,1,0,0,-,-,NA,NA,LOS ANGELES,HERMOSA BEACH,-118.39313507080078,33.86480712890625
9153618,2020,2021-01-20,1929,2020-09-04,1118,201,1929,5,5,3,1929,0,0,0,NA,0,001,MONTEREY BL,2ND ST,0,NA,Y,A,-,N,NA,NA,NA,NA,NA,NA,NA,NA,NA,N,3,0,1,2,A,-,09,21800,B,N,D,G,A,A,H,-,A,A,0,NA,Y,NA,NA,Y,NA,L,04,0,1,0,0,0,0,1,0,0,-,-,NA,NA,LOS ANGELES,HERMOSA BEACH,-118.39627075195313,33.85525894165039
9153619,2020,2021-01-20,1929,2020-09-05,1815,209,1929,6,5,3,1929,0,0,0,NA,0,001,PIER AV,MANHATTAN AV,24,E,N,A,-,N,NA,NA,NA,NA,NA,NA,NA,NA,NA,N,3,0,1,2,A,-,08,22107,NA,N,D,G,A,A,H,-,A,A,0,NA,Y,NA,NA,Y,NA,A,01,0,1,0,0,0,0,1,0,0,-,-,NA,NA,LOS ANGELES,HERMOSA BEACH,-118.39920043945313,33.86279296875
91536548,2020,2021-08-04,9550,2020-09-25,0156,022139,NA,5,3,5,1908,0,1,3,NA,2,090,STATE ROUTE 91 WESTBOUND,LAKEWOOD BOULEVARD,694,W,N,A,-,Y,NA,NA,91,NA,NA,NA,NA,NA,W,Y,4,0,1,2,A,-,03,22350,NA,N,C,C,A,A,C,-,C,D,0,NA,NA,NA,NA,Y,Y,D,22,0,0,1,0,0,0,0,0,0,-,-,33.87712860107422,-118.14530181884766,LOS ANGELES,BELLFLOWER,-118.14530181884766,33.87722396850586
91536549,2020,2021-08-04,9550,2020-09-25,0157,022139,NA,5,3,5,1908,0,1,3,NA,2,090,STATE ROUTE 91 WESTBOUND,LAKEWOOD BOULEVARD,792,W,N,A,-,Y,NA,NA,91,NA,NA,NA,NA,NA,W,Y,1,1,4,3,A,-,03,22350,NA,N,D,C,E,A,C,-,C,D,0,Y,NA,NA,NA,Y,Y,A,08,1,1,2,1,0,0,0,0,0,-,-,33.87710952758789,-118.14586639404295,LOS ANGELES,BELLFLOWER,-118.1458740234375,33.877220153808594
9153683,2020,2021-01-20,1942,2020-09-02,1525,38017,1589,3,5,7,1942,0,0,0,O,0,15A67,FOREST LAWN DR,BARHAM BL,1100,S,N,A,-,N,NA,NA,NA,NA,NA,NA,NA,NA,NA,Y,4,0,2,2,A,-,09,21804,A,N,D,C,A,A,H,-,A,D,0,NA,NA,NA,NA,Y,NA,A,01,0,0,2,0,0,0,0,0,0,-,-,NA,NA,LOS ANGELES,LOS ANGELES,-118.3414306640625,34.14316940307617
9153687,2020,2021-01-19,1942,2020-09-08,0650,41158,1505,2,5,7,1942,0,0,0,O,0,15A3,SHERMAN WY,KRAFT AV,0,NA,Y,B,-,N,NA,NA,NA,NA,NA,NA,NA,NA,NA,Y,4,0,1,3,A,-,09,21802,A,N,D,C,A,A,H,-,C,A,0,NA,NA,NA,NA,Y,NA,A,01,0,0,1,0,0,0,0,0,0,-,-,NA,NA,LOS ANGELES,LOS ANGELES,-118.3801498413086,34.20119094848633
9153688,2020,2020-11-14,1925,2020-09-03,1330,26039,163,4,5,6,1925,0,0,0,NA,0,004,GLENOAKS BL,HOWARD ST,80,W,N,A,-,N,NA,NA,NA,NA,NA,NA,NA,NA,NA,Y,3,0,2,3,A,-,08,22107,NA,N,B,E,A,A,H,-,A,D,0,NA,NA,NA,NA,Y,NA,A,01,0,2,0,0,0,0,0,0,0,-,-,NA,NA,LOS ANGELES,GLENDALE,-118.24821472167967,34.15827178955078
9153692,2020,2020-10-22,1900,2020-08-28,0805,623582,0560,5,5,3,1968,0,0,0,NA,0,55T1AM,ROSEMEAD BL,FERN ST,446,S,N,A,-,N,NA,NA,164,NA,NA,NA,NA,NA,NA,Y,3,0,1,2,A,-,09,21804,A,N,D,C,A,A,H,-,A,D,0,NA,NA,NA,NA,Y,NA,D,22,0,1,0,0,0,0,0,0,0,-,-,34.05780029296875,-118.06448364257813,LOS ANGELES,SOUTH EL MONTE,-118.0644302368164,34.05780029296875
9153702,2020,2021-01-15,1942,2020-09-03,1540,40165,1987,4,5,7,1942,0,0,0,NA,0,19A75,COMMUMITY ST,WOODMAN AV,0,NA,Y,A,-,N,NA,NA,NA,NA,NA,NA,NA,NA,NA,Y,4,0,2,2,A,-,09,21802,A,N,D,C,A,A,H,-,A,A,0,NA,NA,NA,NA,Y,NA,A,07,0,0,2,0,0,0,0,0,0,-,-,NA,NA,LOS ANGELES,LOS ANGELES,-118.4327392578125,34.2227897644043
9153706,2020,2020-11-12,1942,2020-09-08,1440,32263,1672,2,5,7,1942,0,0,0,P,0,26M24,LANKERSHIM BL,RT 5,0,NA,Y,A,-,N,NA,NA,NA,NA,NA,NA,NA,NA,NA,Y,3,0,2,2,A,-,12,21453,A,N,A,C,A,A,H,-,A,A,0,NA,NA,NA,NA,Y,NA,D,22,0,1,1,0,0,0,0,0,0,-,NO,NA,NA,LOS ANGELES,LOS ANGELES,-118.38777160644533,34.22676086425781
9153710,2020,2021-01-19,1942,2020-09-01,1745,33143,1634,2,5,7,1942,0,0,0,P,0,16A59,FOOTHILL BL,RT 210,0,NA,Y,A,-,N,NA,NA,NA,NA,NA,NA,NA,NA,NA,Y,4,0,2,2,A,-,12,21453,A,N,D,C,A,A,H,-,A,A,0,NA,NA,NA,NA,Y,NA,A,07,0,0,2,0,0,0,0,0,0,-,-,NA,NA,LOS ANGELES,LOS ANGELES,-118.48441314697266,34.31940841674805
9153714,2020,2021-01-19,1942,2020-09-04,1500,40141,1675,5,5,7,1942,0,0,0,P,0,16A77,SUNLAND BL,LA TUNA CANYON RD,0,NA,Y,A,-,N,NA,NA,NA,NA,NA,NA,NA,NA,NA,Y,3,0,1,2,A,-,09,21801,A,N,A,C,A,A,H,-,A,A,0,NA,NA,NA,NA,Y,NA,D,22,0,1,0,0,0,0,0,0,0,-,-,NA,NA,LOS ANGELES,LOS ANGELES,-118.36711883544922,34.23421096801758
9153718,2020,2021-01-19,1942,2020-09-06,0555,41158,1775,7,5,7,1942,0,0,0,Q,0,17A95,PLUMMER ST,BIANCA AV,90,E,N,A,-,N,NA,NA,NA,NA,NA,NA,NA,NA,NA,Y,3,0,1,1,A,-,05,21650,NA,N,E,I,A,A,H,-,C,A,0,NA,NA,NA,NA,Y,NA,D,22,0,1,0,0,0,0,0,0,0,-,-,NA,NA,LOS ANGELES,LOS ANGELES,-118.51403045654295,34.24306869506836
9153722,2020,2021-01-20,1942,2020-09-08,1510,35391,1708,2,5,7,1942,0,0,0,Q,0,26M27,SAN FERNANDO RD,SEPULVEDA BL,0,NA,Y,A,-,N,NA,NA,NA,NA,NA,NA,NA,NA,NA,Y,4,0,2,2,A,-,09,21802,A,N,D,C,A,A,H,-,A,A,0,NA,NA,NA,NA,Y,NA,D,22,0,0,2,0,0,0,0,0,0,-,-,NA,NA,LOS ANGELES,LOS ANGELES,-118.49066162109376,34.31510925292969
9153724,2020,2020-10-22,1900,2020-08-14,1600,630211,0453,5,5,6,1949,0,0,0,NA,0,43T1/P,STUDEBAKER RD,RATLIFFE ST,97,N,N,A,-,N,NA,NA,NA,NA,NA,NA,NA,NA,NA,N,4,0,1,2,A,-,00,23153,F,N,C,E,A,A,H,-,A,D,0,NA,NA,NA,NA,Y,NA,A,01,0,0,1,0,0,0,0,0,0,-,-,NA,NA,LOS ANGELES,NORWALK,-118.09947967529295,33.91361618041992
9153726,2020,2021-01-19,1942,2020-09-03,1725,44248,2185,4,5,7,1942,0,0,0,NA,0,21X62,CLARENDON ST,TOPANGA CYN BL,60,W,N,A,-,N,NA,NA,NA,NA,NA,NA,NA,NA,NA,N,4,0,1,2,A,-,05,21650,NA,N,D,C,A,A,H,-,A,D,0,NA,NA,NA,NA,Y,NA,D,22,0,0,1,0,0,0,0,0,0,-,-,NA,NA,LOS ANGELES,LOS ANGELES,-118.60611724853516,34.16962432861328
9153738,2020,2021-01-19,1942,2020-09-06,0430,30452,1999,7,5,7,1942,0,0,0,NA,0,19A93,CANTALOUPE AV,LANARK ST,20,S,N,A,-,N,NA,NA,NA,NA,NA,NA,NA,NA,NA,N,3,0,1,3,A,-,08,22107,NA,F,C,E,A,A,H,-,C,D,0,NA,NA,NA,NA,Y,NA,A,07,0,1,0,0,0,0,0,0,0,-,-,NA,NA,LOS ANGELES,LOS ANGELES,-118.4341049194336,34.21784973144531
9153743,2020,2020-11-12,1962,2020-08-05,1650,138,1962,3,5,4,1962,0,0,0,NA,0,004,VALLEY BL,GLADYS AV W,69,E,N,A,-,N,NA,NA,NA,NA,NA,NA,NA,NA,NA,N,4,0,1,2,B,-,22,NA,NA,N,C,E,A,A,H,-,A,D,0,NA,NA,NA,Y,Y,NA,F,26,0,0,1,0,0,0,0,0,0,-,-,34.08021926879883,-118.08950042724608,LOS ANGELES,SAN GABRIEL,-118.08919525146484,34.080230712890625
9153746,2020,2021-01-15,1942,2020-09-04,1730,40141,1005,5,5,7,1942,0,0,0,J,0,10A3,LINDLEY AV,CANTARA ST,65,S,N,A,-,N,NA,NA,NA,NA,NA,NA,NA,NA,NA,Y,4,0,1,3,A,-,01,23152,A,N,B,E,A,A,H,-,A,D,0,NA,NA,NA,NA,Y,Y,A,01,0,0,1,0,0,0,0,0,0,-,-,NA,NA,LOS ANGELES,LOS ANGELES,-118.52734375,34.219093322753906
9153750,2020,2021-01-20,1942,2020-09-07,2140,3652,1008,1,5,7,1942,0,0,0,J,0,10A39,VANOWEN ST,VALJEAN AV,60,W,N,A,-,N,NA,NA,NA,NA,NA,NA,NA,NA,NA,Y,3,0,1,3,A,-,01,23152,F,N,A,E,A,A,H,-,C,D,0,NA,NA,NA,NA,Y,NA,D,22,0,1,0,0,0,0,0,0,0,-,-,NA,NA,LOS ANGELES,LOS ANGELES,-118.48606872558594,34.19390869140625
9153754,2020,2021-01-20,1942,2020-09-03,0700,42818,1505,4,5,7,1942,0,0,0,O,0,15A3,SHERMAN WY,TUJUNGA AV,0,NA,Y,A,-,N,NA,NA,NA,NA,NA,NA,NA,NA,NA,Y,4,0,1,2,A,-,12,21453,A,N,D,C,A,A,H,-,A,A,0,NA,NA,NA,NA,Y,NA,A,01,0,0,1,0,0,0,0,0,0,-,-,NA,NA,LOS ANGELES,LOS ANGELES,-118.3790283203125,34.20117950439453
9153758,2020,2020-10-19,1942,2020-08-28,1800,44099,1555,5,5,7,1942,0,0,0,O,0,15A12,CAMARILLO ST,BAKMAN AV,175,E,N,A,-,N,NA,NA,NA,NA,NA,NA,NA,NA,NA,Y,3,0,2,3,A,-,09,21804,A,N,B,E,A,A,H,-,A,D,0,NA,NA,NA,NA,Y,NA,-,NA,0,2,0,0,0,0,0,0,0,-,-,NA,NA,LOS ANGELES,LOS ANGELES,-118.37684631347656,34.15764617919922
9153763,2020,2020-09-21,1900,2020-07-24,1630,492606,1332,5,5,5,1908,0,0,0,NA,0,133T2,SOMERSET BL,BLAINE AV,70,E,N,A,-,N,NA,NA,NA,NA,NA,NA,NA,NA,NA,Y,4,0,1,2,A,-,09,21804,A,M,-,C,A,H,H,-,A,D,0,NA,NA,NA,NA,Y,NA,D,22,0,0,1,0,0,0,0,0,0,-,-,NA,NA,LOS ANGELES,BELLFLOWER,-118.12622833251952,33.89657211303711
9153764,2020,2020-10-30,1924,2020-08-05,0509,80405,17,3,5,5,1924,0,0,0,NA,0,002,NORMANDIE AV,141ST ST,443,N,N,A,-,N,NA,NA,NA,NA,NA,NA,NA,NA,NA,N,2,0,1,2,A,-,11,21954,A,N,G,B,E,A,H,-,C,D,0,Y,NA,NA,NA,Y,NA,N,60,1,0,0,0,1,0,0,0,0,-,-,33.90378189086914,-118.30039978027344,LOS ANGELES,GARDENA,-118.30040740966795,33.90498352050781
9153768,2020,2020-10-30,1924,2020-08-31,1500,80450,02,1,5,5,1924,0,0,0,NA,0,8L2D,EL SEGUNDO BL,VERMONT AV,34,W,N,A,-,N,NA,NA,NA,NA,NA,NA,NA,NA,NA,NA,4,0,1,2,A,-,03,22350,NA,N,C,C,A,A,H,-,A,A,0,NA,NA,NA,NA,Y,NA,-,NA,0,0,1,0,0,0,0,0,0,-,-,33.91645812988281,-118.29161071777344,LOS ANGELES,GARDENA,-118.29195404052734,33.916419982910156
9153775,2020,2020-10-22,1900,2020-08-22,1350,647144,1328,6,5,5,1935,0,0,0,NA,0,132B,CENTRALIA ST,BLOOMFIELD AV,630,W,N,A,-,N,NA,NA,NA,NA,NA,NA,NA,NA,NA,Y,3,0,1,2,A,-,04,21703,NA,N,C,C,A,A,H,-,A,D,0,NA,NA,NA,NA,Y,NA,D,22,0,1,0,0,0,0,0,0,0,-,-,NA,NA,LOS ANGELES,LAKEWOOD,-118.0655517578125,33.838741302490234
9153778,2020,2020-10-23,1900,2020-08-03,1426,649306,1352,1,5,3,1927,0,0,0,NA,0,135A,CARSON ST,JUAN AV,0,NA,Y,A,-,N,NA,NA,NA,NA,NA,NA,NA,NA,NA,Y,4,0,1,3,C,-,18,NA,NA,N,C,D,A,A,H,-,A,D,0,NA,NA,NA,NA,Y,NA,-,-,0,0,1,0,0,0,0,0,0,-,-,NA,NA,LOS ANGELES,HAWAIIAN GARDENS,-118.07559967041016,33.8315315246582
9153781,2020,2020-09-23,1900,2020-06-30,2200,619533,2611,2,5,6,1950,0,0,0,NA,0,264A,PALMDALE BL,5TH ST WEST,360,E,N,A,-,N,NA,NA,NA,NA,NA,NA,NA,NA,NA,Y,4,0,1,2,A,-,05,21651,B,M,B,C,A,A,H,-,C,D,0,NA,NA,NA,NA,Y,Y,A,01,0,0,1,0,0,0,0,0,0,-,-,NA,NA,LOS ANGELES,PALMDALE,-118.13751220703124,34.583065032958984
9153789,2020,2020-09-23,1900,2020-06-13,1923,609281,2843,6,5,5,1915,0,0,0,NA,0,283T1,SANTA FE AV,LAUREL ST,200,S,N,A,-,N,NA,NA,NA,NA,NA,NA,NA,NA,NA,N,4,0,1,2,A,-,03,22350,NA,N,C,C,A,A,H,-,A,D,0,NA,NA,NA,NA,Y,NA,A,01,0,0,1,0,0,0,0,0,0,-,-,NA,NA,LOS ANGELES,COMPTON,-118.21583557128906,33.89359664916992
9153791,2020,2020-10-22,1900,2020-08-25,0358,648076,1334,2,5,5,1908,0,0,0,NA,0,133T1,SANTA ANA AV,HIGHDDALE ST,0,NA,Y,A,-,N,NA,NA,NA,NA,NA,NA,NA,NA,NA,Y,2,0,1,2,A,-,03,22350,NA,N,A,C,A,A,H,-,C,A,0,NA,NA,NA,NA,Y,NA,D,22,1,0,0,0,0,0,0,0,0,-,-,NA,NA,LOS ANGELES,BELLFLOWER,-118.13622283935548,33.89345932006836
9153795,2020,2020-10-22,1900,2020-08-22,0840,654683,1328,6,5,5,1935,0,0,0,NA,0,132T1,BLOOMFIELD AV,CENTRALIA ST,0,NA,Y,A,-,N,NA,NA,NA,NA,NA,NA,NA,NA,NA,N,4,0,1,2,A,-,09,21801,A,M,D,C,A,A,H,-,A,A,0,NA,NA,NA,NA,Y,NA,A,01,0,0,1,0,0,0,0,0,0,-,-,NA,NA,LOS ANGELES,LAKEWOOD,-118.0634765625,33.83876037597656
9153798,2020,2020-10-22,1900,2020-08-10,1330,648564,1348,1,5,3,1903,0,0,0,NA,0,134,PIONEER BL,168TH ST,14,N,N,A,-,N,NA,NA,NA,NA,NA,NA,NA,NA,NA,N,4,0,1,2,A,-,04,21703,NA,N,C,C,A,A,H,-,A,D,0,NA,NA,NA,Y,Y,NA,F,25,0,0,1,0,0,0,0,0,0,-,-,33.87813949584961,-118.08226776123048,LOS ANGELES,ARTESIA,-118.08238983154295,33.87807846069336
9153799,2020,2020-10-22,1900,2020-08-24,1430,641584,1327,1,5,5,1935,0,0,0,NA,0,132B,CARSON ST,PIONEER BL,25,W,N,A,-,N,NA,NA,NA,NA,NA,NA,NA,NA,NA,N,4,0,1,2,A,-,03,22350,NA,M,C,C,A,A,H,-,A,A,0,NA,NA,NA,Y,Y,NA,F,26,0,0,1,0,0,0,0,0,0,-,-,NA,NA,LOS ANGELES,LAKEWOOD,-118.08199310302734,33.831520080566406
9153805,2019,2020-09-24,1972,2019-06-13,1909,20987,NA,4,5,6,1972,0,0,0,NA,0,NA,DEL AMO BL,VAN NESS AV,0,NA,Y,A,-,N,NA,NA,NA,NA,NA,NA,NA,NA,NA,Y,2,0,2,2,A,-,01,23153,A,N,D,C,A,A,H,-,A,A,0,NA,NA,NA,NA,Y,Y,A,NA,2,0,0,0,0,0,0,0,0,-,-,NA,NA,LOS ANGELES,TORRANCE,-118.31777191162108,33.846839904785156
9153815,2020,2020-10-22,1900,2020-08-12,1530,643951,1348,3,5,3,1903,0,0,0,NA,0,134A,PIONEER BL,167TH ST,0,NA,Y,A,-,N,NA,NA,NA,NA,NA,NA,NA,NA,NA,N,4,0,1,2,A,-,04,21703,NA,M,C,C,A,A,H,-,A,A,0,NA,NA,NA,NA,Y,NA,D,22,0,0,1,0,0,0,0,0,0,-,-,NA,NA,LOS ANGELES,ARTESIA,-118.08241271972656,33.87887191772461
9153834,2020,2020-09-21,1900,2020-07-01,1430,551664,1331,3,5,5,1908,0,0,0,NA,0,133T1,ROSECRANS AV,WOODRUFF AV,521,W,N,A,-,N,NA,NA,NA,NA,NA,NA,NA,NA,NA,Y,4,0,1,3,A,-,03,22350,NA,N,C,C,A,A,H,-,A,A,0,NA,NA,NA,NA,Y,NA,A,01,0,0,1,0,0,0,0,0,0,-,-,NA,NA,LOS ANGELES,BELLFLOWER,-118.11839294433594,33.90202331542969
9153847,2020,2020-10-22,1955,2020-08-27,1953,42689,5,4,5,6,1955,0,0,0,NA,0,004,TOWNE AV,MISSON BL,42,N,N,A,-,N,NA,NA,NA,NA,NA,NA,NA,NA,NA,Y,3,0,1,3,A,-,09,21801,A,N,D,C,A,A,H,-,B,A,0,NA,NA,NA,NA,Y,NA,A,01,0,1,0,0,0,0,0,0,0,-,-,NA,NA,LOS ANGELES,POMONA,-117.7413330078125,34.05543518066406
9153855,2020,2020-10-22,1955,2020-08-27,1332,42655,98,4,5,6,1955,0,0,0,NA,0,003,HOLT AV,EAST END AV,18,E,N,A,-,N,NA,NA,NA,NA,NA,NA,NA,NA,NA,Y,4,0,2,5,A,-,03,22350,NA,N,C,-,A,A,H,-,A,A,0,NA,NA,NA,NA,Y,NA,A,01,0,0,2,0,0,0,0,0,0,-,-,NA,NA,LOS ANGELES,POMONA,-117.723876953125,34.06300354003906
9153859,2020,2020-10-19,1955,2020-08-29,2140,42690,0098,6,5,6,1955,0,0,0,NA,0,003,EAST END AV,HOLT AV,27,S,N,A,-,N,NA,NA,NA,NA,NA,NA,NA,NA,NA,Y,3,0,1,2,A,-,01,23152,A,N,C,-,A,A,H,-,C,A,0,NA,NA,NA,NA,Y,Y,D,22,0,1,0,0,0,0,0,0,0,-,-,NA,NA,LOS ANGELES,POMONA,-117.72396850585938,34.06295394897461
9153863,2020,2020-10-06,1913,2020-07-20,1530,3845,28,1,5,4,1913,0,0,0,NA,0,NA,INDIAN HILL BL,2ND ST,0,NA,Y,A,-,N,NA,NA,NA,NA,NA,NA,NA,NA,NA,N,3,0,1,2,A,-,12,21453,A,N,G,B,B,A,H,-,A,A,0,Y,NA,NA,NA,Y,NA,D,22,0,1,0,0,1,0,0,0,0,-,-,NA,NA,LOS ANGELES,CLAREMONT,-117.71930694580078,34.095611572265625
9153871,2020,2020-10-05,1913,2020-07-12,1401,4084,42,7,5,4,1913,0,0,0,NA,0,NA,INDIAN HILL BL,FOOTHILL BL,97,N,N,A,-,N,NA,NA,NA,NA,NA,NA,NA,NA,NA,N,4,0,2,3,A,-,03,22350,NA,N,C,C,A,A,H,-,A,A,0,NA,NA,NA,Y,Y,NA,F,76,0,0,2,0,0,0,0,0,0,-,-,NA,NA,LOS ANGELES,CLAREMONT,-117.72038269042967,34.10742950439453
9153898,2020,2020-10-19,1955,2020-08-23,1930,41788,97,7,5,6,1955,0,0,0,NA,0,004,RESERVOIR ST,MISSION BL,0,NA,Y,A,-,N,NA,NA,NA,NA,NA,NA,NA,NA,NA,Y,3,0,2,2,A,-,12,21453,A,N,D,C,A,A,H,-,C,A,0,NA,NA,NA,Y,Y,NA,A,01,0,2,0,0,0,0,0,0,0,-,-,NA,NA,LOS ANGELES,POMONA,-117.73261260986328,34.0555419921875
9153906,2020,2020-10-29,1955,2020-08-11,1604,42609,30,2,5,6,1955,0,0,0,NA,0,002,FOOTHILL BL,SUMNER AV,640,W,N,A,-,N,NA,NA,NA,NA,NA,NA,NA,NA,NA,N,2,0,2,1,C,-,18,NA,NA,N,H,A,A,A,H,-,A,A,0,NA,NA,NA,Y,Y,NA,-,-,1,1,0,0,0,0,0,0,0,-,-,34.10717010498047,-117.74212646484376,LOS ANGELES,POMONA,-117.74423217773438,34.10712814331055
9153910,2020,2020-10-14,1955,2020-08-15,2314,42690,217,6,5,6,1955,0,0,0,NA,0,003,KINGSLEY AV,MOUNTAIN DR,60,W,N,A,-,N,NA,NA,NA,NA,NA,NA,NA,NA,NA,Y,4,0,1,3,A,-,01,23152,A,N,C,E,A,A,H,-,C,A,0,NA,NA,NA,NA,Y,Y,A,01,0,0,1,0,0,0,0,0,0,-,-,NA,NA,LOS ANGELES,POMONA,-117.7283172607422,34.066654205322266
9153914,2020,2020-10-19,1955,2020-09-09,0801,42314,97,3,5,6,1955,0,0,0,NA,0,004,MISSION BL,RESERVOIR ST,0,NA,Y,A,-,N,NA,NA,NA,NA,NA,NA,NA,NA,NA,Y,3,0,2,2,A,-,12,21453,A,N,A,C,A,A,H,-,-,A,0,NA,NA,NA,NA,Y,NA,D,22,0,2,0,0,0,0,0,0,0,-,-,NA,NA,LOS ANGELES,POMONA,-117.73261260986328,34.0555419921875
9154027,2020,2020-10-28,1972,2020-08-29,0852,19767,NA,6,5,6,1972,0,0,0,NA,0,NA,HAWTHORNE BL,244TH ST,0,NA,Y,A,-,N,NA,NA,NA,NA,NA,NA,NA,NA,NA,Y,4,0,2,2,A,-,12,21453,A,N,D,C,A,A,H,-,A,A,0,NA,NA,NA,NA,Y,NA,A,NA,0,0,2,0,0,0,0,0,0,-,-,NA,NA,LOS ANGELES,TORRANCE,-118.3511962890625,33.80181884765625
9154034,2020,2020-10-28,1900,2020-08-26,1737,616639,453,3,5,6,1949,0,0,0,NA,0,45K2P,IMPERIAL HWY,JERSEY AV,411,W,N,A,-,N,NA,NA,NA,NA,NA,NA,NA,NA,NA,Y,4,0,1,2,A,-,07,21658,A,M,F,C,A,A,H,-,A,D,0,NA,NA,NA,NA,Y,NA,A,01,0,0,1,0,0,0,0,0,0,-,-,NA,NA,LOS ANGELES,NORWALK,-118.08753967285156,33.917266845703125