CASE_ID,ACCIDENT_YEAR,PROC_DATE,JURIS,COLLISION_DATE,COLLISION_TIME,OFFICER_ID,REPORTING_DISTRICT,DAY_OF_WEEK,CHP_SHIFT,POPULATION,CNTY_CITY_LOC,SPECIAL_COND,BEAT_TYPE,CHP_BEAT_TYPE,CITY_DIVISION_LAPD,CHP_BEAT_CLASS,BEAT_NUMBER,PRIMARY_RD,SECONDARY_RD,DISTANCE,DIRECTION,INTERSECTION,WEATHER_1,WEATHER_2,STATE_HWY_IND,CALTRANS_COUNTY,CALTRANS_DISTRICT,STATE_ROUTE,ROUTE_SUFFIX,POSTMILE_PREFIX,POSTMILE,LOCATION_TYPE,RAMP_INTERSECTION,SIDE_OF_HWY,TOW_AWAY,COLLISION_SEVERITY,NUMBER_KILLED,NUMBER_INJURED,PARTY_COUNT,PRIMARY_COLL_FACTOR,PCF_CODE_OF_VIOL,PCF_VIOL_CATEGORY,PCF_VIOLATION,PCF_VIOL_SUBSECTION,HIT_AND_RUN,TYPE_OF_COLLISION,MVIW,PED_ACTION,ROAD_SURFACE,ROAD_COND_1,ROAD_COND_2,LIGHTING,CONTROL_DEVICE,CHP_ROAD_TYPE,PEDESTRIAN_ACCIDENT,BICYCLE_ACCIDENT,MOTORCYCLE_ACCIDENT,TRUCK_ACCIDENT,NOT_PRIVATE_PROPERTY,ALCOHOL_INVOLVED,STWD_VEHTYPE_AT_FAULT,CHP_VEHTYPE_AT_FAULT,COUNT_SEVERE_INJ,COUNT_VISIBLE_INJ,COUNT_COMPLAINT_PAIN,COUNT_PED_KILLED,COUNT_PED_INJURED,COUNT_BICYCLIST_KILLED,COUNT_BICYCLIST_INJURED,COUNT_MC_KILLED,COUNT_MC_INJURED,PRIMARY_RAMP,SECONDARY_RAMP,LATITUDE,LONGITUDE,COUNTY,CITY,POINT_X,POINT_Y
9154035,2020,2020-10-28,1900,2020-08-28,2334,632948,453,5,5,6,1949,0,0,0,NA,0,43T1,FLALLON AV,SENWOOD ST,132,N,N,A,-,N,NA,NA,NA,NA,NA,NA,NA,NA,NA,Y,2,0,1,1,A,-,03,22350,NA,N,E,I,A,A,H,-,C,D,0,NA,NA,NA,NA,Y,NA,A,07,1,0,0,0,0,0,0,0,0,-,-,NA,NA,LOS ANGELES,NORWALK,-118.08511352539064,33.90766143798828
9154036,2020,2020-10-28,1900,2020-08-21,0315,612130,460,5,5,4,1936,0,0,0,NA,0,46T1E,LEFFINGWELL RD,ARMSDALE AV,210,E,N,A,-,N,NA,NA,NA,NA,NA,NA,NA,NA,NA,Y,3,0,1,1,A,-,03,22350,NA,N,E,I,A,A,H,-,C,D,0,NA,NA,NA,NA,Y,NA,A,01,0,1,0,0,0,0,0,0,0,-,-,NA,NA,LOS ANGELES,LA MIRADA,-118.02002716064452,33.92494201660156
9154037,2020,2020-10-28,1900,2020-08-22,1920,602224,561,6,5,3,1968,0,0,0,NA,0,55T1PM,CHICO AV,ALPACA ST,72,N,N,A,-,N,NA,NA,NA,NA,NA,NA,NA,NA,NA,Y,3,0,2,1,A,-,03,22350,NA,N,A,I,A,A,H,-,B,D,0,NA,NA,NA,NA,Y,NA,D,22,0,2,0,0,0,0,0,0,0,-,-,34.04936981201172,-118.05991363525392,LOS ANGELES,SOUTH EL MONTE,-118.05998992919922,34.04929733276367
9154038,2020,2020-10-28,1900,2020-08-27,1003,499592,521,4,5,4,1971,0,0,0,NA,0,52T1AM,TEMPLE CITY BL,LAS TUNAS DR,183,N,N,A,-,N,NA,NA,NA,NA,NA,NA,NA,NA,NA,N,3,0,2,3,A,-,04,21703,NA,N,C,C,A,A,H,-,A,A,0,NA,NA,NA,NA,Y,NA,A,01,0,1,1,0,0,0,0,0,0,-,-,34.106689453125,-118.06086730957033,LOS ANGELES,TEMPLE CITY,-118.06100463867188,34.107173919677734
9154039,2020,2020-10-28,1900,2020-08-28,1000,602224,530,5,5,5,1959,0,0,0,NA,0,53T1DA,MISSION DR,ROSEMEAD AV,0,NA,Y,A,-,N,NA,NA,NA,NA,NA,NA,NA,NA,NA,Y,3,0,1,2,A,-,12,21453,A,N,D,C,A,A,H,-,A,A,0,NA,NA,NA,NA,Y,NA,A,01,0,1,0,0,0,0,0,0,0,-,-,34.0843391418457,-118.07335662841795,LOS ANGELES,ROSEMEAD,-118.07334899902344,34.08428955078125
9154040,2020,2020-10-28,1900,2020-08-31,2107,617953,540,1,5,3,1921,0,0,0,NA,0,58T1PM,DUARTE RD,PARK ROSE AV,0,NA,Y,A,-,N,NA,NA,NA,NA,NA,NA,NA,NA,NA,Y,3,0,1,2,A,-,09,21802,A,N,A,C,A,A,H,-,C,A,0,NA,NA,NA,NA,Y,NA,A,01,0,1,0,0,0,0,0,0,0,-,-,34.132171630859375,-117.98493194580078,LOS ANGELES,DUARTE,-117.98493957519533,34.13228988647461
9154041,2020,2020-11-12,1900,2020-08-31,1330,623201,0531,1,5,5,1959,0,0,0,NA,0,53T1/D,TEMPLE CITY BL,MARSHALL ST,26,S,N,A,-,N,NA,NA,NA,NA,NA,NA,NA,NA,NA,Y,3,0,1,2,A,-,04,21703,NA,N,C,C,A,A,H,-,A,A,0,NA,NA,NA,NA,Y,NA,A,08,0,1,0,0,0,0,0,0,0,-,-,34.07569885253906,-118.05860137939452,LOS ANGELES,ROSEMEAD,-118.0585708618164,34.075748443603516
9154042,2020,2020-11-10,1900,2020-08-26,1219,478087,0523,3,5,4,1971,0,0,0,NA,0,52T1/A,LAS TUNAS DR,OAK AV,186,W,N,A,-,N,NA,NA,NA,NA,NA,NA,NA,NA,NA,Y,4,0,2,3,A,-,04,21703,NA,N,C,C,A,A,H,-,A,D,0,NA,NA,NA,NA,Y,NA,A,07,0,0,2,0,0,0,0,0,0,-,-,34.10609817504883,-118.06420135498048,LOS ANGELES,TEMPLE CITY,-118.06576538085938,34.106014251708984
9154043,2020,2020-11-12,1910,2020-08-31,1830,03410,NA,1,5,4,1910,0,0,0,NA,0,004,CRESCENT DR,ELEVADO AV,0,NA,Y,A,-,N,NA,NA,NA,NA,NA,NA,NA,NA,NA,Y,3,0,2,2,A,-,12,22450,A,N,D,C,A,A,H,-,A,A,0,NA,Y,NA,NA,Y,NA,L,04,0,1,1,0,0,0,1,0,0,-,-,NA,NA,LOS ANGELES,BEVERLY HILLS,-118.40664672851564,34.079158782958984
9154046,2020,2020-11-20,1962,2020-08-22,1224,078,1962,6,5,4,1962,0,0,0,NA,0,002,BROADWAY,SAN GABRIEL BL,0,NA,Y,A,-,N,NA,NA,NA,NA,NA,NA,NA,NA,NA,Y,4,0,1,2,A,-,12,21453,A,N,D,C,A,A,H,-,A,A,0,NA,NA,NA,NA,Y,NA,A,07,0,0,1,0,0,0,0,0,0,-,-,34.099029541015625,-118.09098815917967,LOS ANGELES,SAN GABRIEL,-118.09095001220705,34.09904098510742
9154047,2020,2020-11-20,1962,2020-08-24,1854,136,1962,1,5,4,1962,0,0,0,NA,0,004,E VALLEY RD,LAFAYETTE ST,161,E,N,A,-,N,NA,NA,NA,NA,NA,NA,NA,NA,NA,N,4,0,1,2,A,-,03,22350,NA,N,C,C,A,A,H,-,A,D,0,NA,NA,NA,NA,Y,NA,A,01,0,0,1,0,0,0,0,0,0,-,-,NA,NA,LOS ANGELES,SAN GABRIEL,-118.09300994873048,34.080055236816406
9154048,2020,2020-11-20,1962,2020-08-17,1817,126,1962,1,5,4,1962,0,0,0,NA,0,003,DEL MAR AV,VALLEY BL,244,N,N,A,-,N,NA,NA,NA,NA,NA,NA,NA,NA,NA,N,2,0,1,1,B,-,22,NA,NA,N,H,A,A,A,H,-,A,D,0,NA,Y,NA,NA,Y,NA,L,04,1,0,0,0,0,0,1,0,0,-,-,34.079769134521484,-118.099609375,LOS ANGELES,SAN GABRIEL,-118.09957122802734,34.08041763305664
9154049,2020,2020-11-20,1962,2020-08-15,1306,152,1962,6,5,4,1962,0,0,0,NA,0,004,DEL MAR AV,COMMERCIAL CENTER,209,N,N,A,-,N,NA,NA,NA,NA,NA,NA,NA,NA,NA,Y,3,0,1,3,A,-,09,21804,A,N,D,C,A,A,H,-,A,D,0,NA,NA,NA,NA,Y,NA,A,01,0,1,0,0,0,0,0,0,0,-,-,NA,NA,LOS ANGELES,SAN GABRIEL,NA,NA
9154050,2020,2020-11-20,1962,2020-08-11,1120,138,1962,2,5,4,1962,0,0,0,NA,0,001,LAS TUNAS DR,DEL MAR AV,0,NA,Y,A,-,N,NA,NA,NA,NA,NA,NA,NA,NA,NA,N,2,0,3,3,A,-,-,NA,NA,N,D,C,A,A,H,-,A,A,0,NA,NA,NA,NA,Y,NA,A,01,1,1,1,0,0,0,0,0,0,-,-,34.10279846191406,-118.09969329833984,LOS ANGELES,SAN GABRIEL,-118.09967803955078,34.10279846191406
9154051,2020,2020-11-20,1962,2020-08-05,1817,157,1962,3,5,4,1962,0,0,0,NA,0,001,LAS TUNAS DR,SANTA ANITA ST,0,NA,Y,A,-,N,NA,NA,NA,NA,NA,NA,NA,NA,NA,N,3,0,1,2,-,-,-,NA,A,N,A,C,A,A,H,-,A,A,0,NA,NA,NA,NA,Y,NA,A,01,0,1,0,0,0,0,0,0,0,-,-,34.10247039794922,-118.10610198974608,LOS ANGELES,SAN GABRIEL,-118.10606384277344,34.10245895385742
9154072,2020,2020-11-12,1924,2020-08-16,1752,80349,12,7,5,5,1924,0,0,0,NA,0,001,135TH PL,DAPHINE AV,43,E,N,A,-,N,NA,NA,NA,NA,NA,NA,NA,NA,NA,Y,2,0,2,1,A,-,08,22107,NA,N,E,I,A,A,H,-,A,D,0,NA,NA,NA,NA,Y,Y,A,01,1,1,0,0,0,0,0,0,0,-,-,NA,NA,LOS ANGELES,GARDENA,-118.31965637207033,33.909210205078125
9154075,2020,2020-10-22,1900,2020-08-03,1656,649306,1352,1,5,3,1927,0,0,0,NA,0,135A,NORWALK BL,214TH ST,0,NA,Y,A,-,N,NA,NA,NA,NA,NA,NA,NA,NA,NA,Y,4,0,1,2,A,-,09,21801,A,N,D,C,A,A,H,-,A,A,0,NA,NA,NA,NA,Y,NA,-,NA,0,0,1,0,0,0,0,0,0,-,-,NA,NA,LOS ANGELES,HAWAIIAN GARDENS,-118.07203674316406,33.83509063720703
9154076,2020,2020-10-22,1900,2020-08-23,1746,648564,1351,7,5,3,1927,0,0,0,NA,0,134,CARSON ST,NORWALK BL,34,E,N,A,-,N,NA,NA,NA,NA,NA,NA,NA,NA,NA,N,4,0,1,2,A,-,11,21456,C,N,D,G,A,A,H,-,B,A,0,NA,Y,NA,NA,Y,NA,L,04,0,0,1,0,0,0,1,0,0,-,-,33.831321716308594,-118.07203674316406,LOS ANGELES,HAWAIIAN GARDENS,-118.07196807861328,33.8314208984375
9154077,2020,2020-10-22,1900,2020-08-24,1625,647531,1364,1,5,5,1952,0,0,0,NA,0,136F,GARFIELD AV,SOMERSET BL,0,NA,Y,A,-,N,NA,NA,NA,NA,NA,NA,NA,NA,NA,Y,3,0,1,2,D,-,00,NA,NA,N,D,C,A,A,H,-,A,A,0,NA,NA,NA,NA,Y,NA,-,-,0,1,0,0,0,0,0,0,0,-,-,NA,NA,LOS ANGELES,PARAMOUNT,-118.16883850097656,33.89643096923828
9154078,2020,2020-10-22,1900,2020-08-23,1845,948679,1363,7,5,5,1952,0,0,0,NA,0,136B,SOMERSET BL,SAN JOSE AV,1550,W,N,A,-,N,NA,NA,NA,NA,NA,NA,NA,NA,NA,Y,4,0,1,3,A,-,08,22102,NA,M,D,C,A,A,H,-,A,D,0,NA,NA,NA,NA,Y,NA,-,99,0,0,1,0,0,0,0,0,0,-,-,NA,NA,LOS ANGELES,PARAMOUNT,-118.18692016601564,33.896236419677734
9154079,2020,2020-10-22,1900,2020-08-28,1135,647144,1337,5,5,5,1908,0,0,0,NA,0,133,ALONDRA BL,EUCALYPTUS AV,240,E,N,A,-,N,NA,NA,NA,NA,NA,NA,NA,NA,NA,Y,3,0,1,2,A,-,09,21804,A,N,D,C,A,A,H,-,A,D,0,NA,NA,NA,NA,Y,NA,A,01,0,1,0,0,0,0,0,0,0,-,-,NA,NA,LOS ANGELES,BELLFLOWER,-118.12125396728516,33.88936996459961
9154080,2020,2020-10-22,1900,2020-08-24,1036,643411,1367,1,5,5,1952,0,0,0,NA,0,136A,GARFIELD AV,ALONDRA BL,0,NA,Y,A,-,N,NA,NA,NA,NA,NA,NA,NA,NA,NA,Y,3,0,2,2,C,-,18,NA,NA,N,B,C,A,A,H,-,A,A,0,NA,NA,NA,NA,Y,NA,-,-,0,1,1,0,0,0,0,0,0,-,-,NA,NA,LOS ANGELES,PARAMOUNT,-118.16879272460938,33.88920974731445
9154081,2020,2020-10-21,1900,2020-08-23,1405,647144,1352,7,5,3,1927,0,0,0,NA,0,135B,CENTRALIA ST,NORWALK BL,600,E,N,A,-,N,NA,NA,NA,NA,NA,NA,NA,NA,NA,N,3,0,2,2,A,-,09,21804,A,N,D,C,A,A,H,-,A,D,0,NA,NA,NA,NA,Y,NA,-,NA,0,2,0,0,0,0,0,0,0,-,-,NA,NA,LOS ANGELES,HAWAIIAN GARDENS,-118.07010650634766,33.838741302490234
9154082,2020,2020-10-21,1900,2020-08-23,0110,616065,1321,7,5,5,1935,0,0,0,NA,0,132E,CLARK AV,SOUTH ST,75,S,N,A,-,N,NA,NA,NA,NA,NA,NA,NA,NA,NA,Y,3,0,2,3,A,-,08,22107,NA,N,C,E,A,A,H,-,C,A,0,NA,NA,NA,NA,Y,NA,A,01,0,2,0,0,0,0,0,0,0,-,-,33.859901428222656,-118.13390350341795,LOS ANGELES,LAKEWOOD,-118.13377380371094,33.860084533691406
9154083,2020,2020-10-21,1900,2020-08-18,1433,647531,1368,2,5,5,1952,0,0,0,NA,0,136F1,SOMERSET BL,GEORGIA AV,60,E,N,A,-,N,NA,NA,NA,NA,NA,NA,NA,NA,NA,Y,3,0,1,2,A,-,09,21802,A,N,D,B,A,A,H,-,A,A,0,NA,NA,Y,NA,Y,NA,A,01,0,1,0,0,0,0,0,0,1,-,-,NA,NA,LOS ANGELES,PARAMOUNT,-118.15595245361328,33.896461486816406
9154084,2020,2020-10-21,1900,2020-08-22,1900,551664,1348,6,5,3,1903,0,0,0,NA,0,134A,PIONEER BL,166TH ST,0,NA,Y,A,-,N,NA,NA,NA,NA,NA,NA,NA,NA,NA,Y,4,0,1,2,A,-,12,21453,A,N,D,C,A,A,H,-,A,A,0,NA,NA,NA,NA,Y,NA,A,01,0,0,1,0,0,0,0,0,0,-,-,NA,NA,LOS ANGELES,ARTESIA,-118.08242034912108,33.88037872314453
9154085,2020,2020-10-21,1900,2020-08-03,1058,648564,1348,1,5,3,1903,0,0,0,NA,0,134,PIONEER BL,175TH ST,10,N,N,A,-,N,NA,NA,NA,NA,NA,NA,NA,NA,NA,Y,4,0,2,2,A,-,09,21802,A,N,D,C,A,A,H,-,A,D,0,NA,NA,NA,NA,Y,NA,A,08,0,0,2,0,0,0,0,0,0,-,-,33.872100830078125,-118.08232879638672,LOS ANGELES,ARTESIA,-118.0822982788086,33.87208557128906
9154086,2020,2020-10-23,1941,2020-08-02,1846,647587,1399,7,5,7,1941,0,0,0,NA,0,132T1,CARSON ST,PALO VERDE AV,60,W,N,A,-,N,NA,NA,NA,NA,NA,NA,NA,NA,NA,N,3,0,1,2,A,-,03,22350,NA,N,C,C,A,A,H,-,A,A,0,NA,NA,NA,NA,Y,NA,A,08,0,1,0,0,0,0,0,0,0,-,-,NA,NA,LOS ANGELES,LONG BEACH,-118.10798645019533,33.83230972290039
9154087,2020,2020-10-21,1900,2020-08-13,2200,654683,1335,4,5,5,1908,0,0,0,NA,0,NA,CLARK AV,PALM ST,0,NA,Y,A,-,N,NA,NA,NA,NA,NA,NA,NA,NA,NA,N,2,0,1,2,D,-,00,NA,NA,M,G,B,B,A,H,-,C,A,0,Y,NA,NA,NA,Y,NA,-,-,1,0,0,0,1,0,0,0,0,-,-,NA,NA,LOS ANGELES,BELLFLOWER,-118.13390350341795,33.87657165527344
9154096,2020,2020-11-10,1928,2020-08-19,2314,50419,515,3,5,5,1928,0,0,0,NA,0,503,HAWTHORNE BL,135TH ST,194,S,N,A,-,N,NA,NA,NA,NA,NA,NA,NA,NA,NA,Y,4,0,1,1,A,-,08,22107,NA,N,E,I,A,A,H,-,C,A,0,NA,NA,NA,NA,Y,NA,A,01,0,0,1,0,0,0,0,0,0,-,-,33.909828186035156,-118.35259246826172,LOS ANGELES,HAWTHORNE,-118.3527603149414,33.90930938720703
9154097,2020,2020-10-29,1928,2020-08-17,1741,50420,520,1,5,5,1928,0,0,0,NA,0,503,ROSECRANS AV,LEMOLI AV,0,NA,Y,A,-,N,NA,NA,NA,NA,NA,NA,NA,NA,NA,Y,4,0,2,2,A,-,12,21453,A,N,D,C,A,A,H,-,A,A,0,NA,NA,NA,NA,Y,NA,-,-,0,0,2,0,0,0,0,0,0,-,-,33.90188980102539,-118.33077239990234,LOS ANGELES,HAWTHORNE,-118.33087158203124,33.90193176269531
9154098,2020,2020-10-22,1928,2020-08-24,1505,50420,519,1,5,5,1928,0,0,0,NA,0,503,PRAIRIE AV,112TH ST,0,NA,Y,A,-,N,NA,NA,NA,NA,NA,NA,NA,NA,NA,Y,3,0,1,2,A,-,12,21453,A,N,D,C,A,A,H,-,A,A,0,NA,NA,Y,NA,Y,NA,C,03,0,1,0,0,0,0,0,0,1,-,-,33.93296813964844,-118.34382629394533,LOS ANGELES,HAWTHORNE,-118.34391021728516,33.93291091918945
9154099,2020,2020-10-22,1928,2020-08-21,1648,50384,506,5,5,5,1928,0,0,0,NA,0,501,INGLEWOOD AV,119TH ST,0,NA,Y,B,-,N,NA,NA,NA,NA,NA,NA,NA,NA,NA,Y,3,0,1,2,A,-,03,22350,NA,N,C,C,A,A,H,-,A,A,0,NA,NA,Y,NA,Y,NA,C,02,0,1,0,0,0,0,0,0,1,-,-,33.92552947998047,-118.36134338378906,LOS ANGELES,HAWTHORNE,-118.36132049560548,33.92546844482422
9154100,2020,2020-10-21,1902,2020-08-30,1435,786,14,7,5,5,1902,0,0,0,NA,0,002,S SANTA ANITA AV,HUNTINGTON DR,32,S,N,A,-,N,NA,NA,NA,NA,NA,NA,NA,NA,NA,N,4,0,2,2,D,-,00,NA,NA,N,B,C,A,A,H,-,A,D,0,NA,NA,NA,NA,Y,NA,-,-,0,0,2,0,0,0,0,0,0,-,-,NA,NA,LOS ANGELES,ARCADIA,-118.03150939941406,34.13995361328125
9154120,2020,2020-10-21,1902,2020-08-31,1034,755,26,1,5,5,1902,0,0,0,NA,0,004,W NAOMI AV,GOLDENWEST,390,E,N,A,-,N,NA,NA,NA,NA,NA,NA,NA,NA,NA,Y,3,0,2,3,A,-,09,21804,A,N,D,C,A,A,H,-,A,D,0,NA,NA,NA,NA,Y,NA,A,01,0,1,1,0,0,0,0,0,0,-,-,NA,NA,LOS ANGELES,ARCADIA,-118.05853271484376,34.123558044433594
9154196,2020,2020-11-17,1925,2020-09-03,1745,27561,4,4,5,6,1925,0,0,0,NA,0,159,HARVEY DR,CHEVY CHASE DR,0,NA,Y,A,-,N,NA,NA,NA,NA,NA,NA,NA,NA,NA,N,4,0,1,2,A,-,03,22350,A,M,C,C,A,A,H,-,A,A,0,NA,NA,NA,NA,Y,NA,A,01,0,0,1,0,0,0,0,0,0,-,-,NA,NA,LOS ANGELES,GLENDALE,-118.22531127929688,34.15509033203125
9154201,2020,2020-09-22,1900,2020-06-12,1430,636465,0531,5,5,5,1959,0,0,0,NA,0,54PM,ROSEMEAD AV,MARSHALL ST,46,N,N,A,-,N,NA,NA,NA,NA,NA,NA,NA,NA,NA,N,4,0,1,2,A,-,04,21703,NA,F,C,C,A,A,H,-,A,A,0,NA,NA,NA,NA,Y,NA,A,01,0,0,1,0,0,0,0,0,0,-,-,34.07583999633789,-118.0731964111328,LOS ANGELES,ROSEMEAD,-118.07315063476564,34.075767517089844
9154220,2020,2020-09-22,1900,2020-06-30,1513,643702,1349,2,5,3,1903,0,0,0,NA,0,132D,187TH ST,GRIDLEY AV,0,E,N,A,-,N,NA,NA,NA,NA,NA,NA,NA,NA,NA,N,3,0,1,2,A,-,09,21804,A,N,B,C,A,A,H,-,A,D,0,NA,NA,NA,NA,Y,NA,A,07,0,1,0,0,0,0,0,0,0,-,-,NA,NA,LOS ANGELES,ARTESIA,-118.0908203125,33.86130142211914
9154221,2020,2020-09-21,1907,2020-07-19,2116,250,2,7,5,4,1907,0,0,0,NA,0,NA,FLORENCE AV,WALKER AV,0,NA,Y,A,-,N,NA,NA,NA,NA,NA,NA,NA,NA,NA,Y,3,0,2,2,A,-,09,21801,A,N,D,C,A,A,H,-,C,A,0,NA,NA,NA,NA,Y,NA,A,01,0,2,0,0,0,0,0,0,0,-,-,33.96881866455078,-118.1739501953125,LOS ANGELES,BELL,-118.17398834228516,33.96881866455078
9154227,2020,2020-09-21,1900,2020-07-01,1612,652887,1367,3,5,5,1952,0,0,0,NA,0,136,GARFIEL AV,MOTZ ST,75,NA,N,A,-,N,NA,NA,NA,NA,NA,NA,NA,NA,NA,Y,2,0,2,2,A,-,09,21801,A,N,D,C,A,A,H,-,A,D,0,NA,NA,NA,NA,Y,NA,A,01,1,0,1,0,0,0,0,0,0,-,-,33.70500946044922,-117.92012786865234,LOS ANGELES,PARAMOUNT,NA,NA
9154228,2020,2020-09-21,1900,2020-07-29,1230,647531,1332,3,5,5,1908,0,0,0,NA,0,133T2,ALONDRA BL,BELLFLOWER BL,280,E,N,A,-,N,NA,NA,NA,NA,NA,NA,NA,NA,NA,N,4,0,1,2,A,-,03,22350,NA,N,C,D,A,A,H,-,A,D,0,NA,NA,NA,NA,Y,NA,A,01,0,0,1,0,0,0,0,0,0,-,-,NA,NA,LOS ANGELES,BELLFLOWER,-118.12438201904295,33.88935852050781
9154229,2020,2021-06-04,1900,2020-07-06,1245,534813,1367,1,5,5,1952,0,0,0,NA,0,136D,GARFIELD AV,MONROE ST,240,N,N,A,-,N,NA,NA,NA,NA,NA,NA,NA,NA,NA,N,4,0,2,2,A,-,09,21804,A,N,D,C,A,A,H,-,A,D,0,NA,NA,NA,NA,Y,NA,A,07,0,0,2,0,0,0,0,0,0,-,-,33.887901306152344,-118.16879272460938,LOS ANGELES,PARAMOUNT,-118.16876983642578,33.887908935546875
9154230,2020,2020-09-21,1900,2020-07-17,1500,643794,1349,5,5,3,1903,0,0,0,NA,0,134A,SOUTH ST,GRAYLAND AV,0,NA,Y,A,-,N,NA,NA,NA,NA,NA,NA,NA,NA,NA,Y,4,0,1,2,A,-,12,21453,A,M,B,I,A,A,H,-,A,A,0,NA,NA,NA,NA,Y,NA,A,01,0,0,1,0,0,0,0,0,0,-,-,NA,NA,LOS ANGELES,ARTESIA,-118.07560729980467,33.858551025390625
9154235,2020,2020-09-21,1913,2020-07-27,1503,3835,65,1,5,4,1913,0,0,0,NA,0,002,FOOTHILL BL,CLAREMONT BL,182,W,N,A,-,N,NA,NA,NA,NA,NA,NA,NA,NA,NA,Y,3,0,1,2,A,-,03,22350,NA,N,C,C,A,-,H,-,A,A,0,NA,NA,NA,NA,Y,NA,A,01,0,1,0,0,0,0,0,0,0,-,-,NA,NA,LOS ANGELES,CLAREMONT,-117.70360565185548,34.106849670410156
9154236,2020,2020-09-21,1913,2020-07-21,1331,4006,25,2,5,4,1913,0,0,0,NA,0,002,MILLS AV,MORENO ST,206,N,N,A,-,N,NA,NA,NA,NA,NA,NA,NA,NA,NA,Y,4,0,2,2,A,-,03,22350,NA,N,C,-,A,A,H,-,A,D,0,NA,NA,NA,NA,Y,NA,A,01,0,0,2,0,0,0,0,0,0,-,-,NA,NA,LOS ANGELES,CLAREMONT,-117.70691680908205,34.08941650390625
9154237,2020,2020-09-21,1913,2020-07-16,1635,3584,30,4,5,4,1913,0,0,0,NA,0,NA,FOOTHILL BL,MILLS AV,0,NA,Y,A,-,N,NA,NA,NA,NA,NA,NA,NA,NA,NA,Y,3,0,2,2,A,-,17,21451,A,N,D,C,A,A,H,-,A,A,0,NA,NA,NA,NA,Y,NA,A,01,0,2,0,0,0,0,0,0,0,-,-,NA,NA,LOS ANGELES,CLAREMONT,-117.70713043212892,34.107051849365234
9154238,2020,2020-09-21,1913,2020-07-13,2000,3740,26,1,5,4,1913,0,0,0,NA,0,002,COLLEGE AV,ARROW HWY,546,NA,N,A,-,N,NA,NA,NA,NA,NA,NA,NA,NA,NA,N,4,0,1,2,A,-,11,21954,A,N,G,B,E,A,H,-,A,D,0,Y,NA,NA,NA,Y,NA,N,60,0,0,1,0,1,0,0,0,0,-,-,NA,NA,LOS ANGELES,CLAREMONT,-117.71489715576172,34.09043884277344
9154239,2020,2020-09-23,1913,2020-07-13,1857,4019,11,1,5,4,1913,0,0,0,NA,0,NA,BONITA AV,MOUNTAIN AV,26,W,N,A,-,N,NA,NA,NA,NA,NA,NA,NA,NA,NA,Y,4,0,3,2,-,-,-,NA,A,N,D,C,A,A,A,-,A,A,0,NA,NA,NA,NA,Y,NA,A,01,0,0,3,0,0,0,0,0,0,-,-,NA,NA,LOS ANGELES,CLAREMONT,-117.72918701171876,34.096317291259766
9154241,2020,2020-09-21,1900,2020-07-25,1225,602218,0468,6,5,4,1936,0,0,0,NA,0,46T1,SANTA GERTRUDES AV,ASHGROVE DR,341,S,N,A,-,N,NA,NA,NA,NA,NA,NA,NA,NA,NA,Y,4,0,1,1,A,-,03,22350,NA,N,E,I,A,A,H,-,A,D,0,NA,NA,NA,NA,Y,NA,A,07,0,0,1,0,0,0,0,0,0,-,-,33.895450592041016,-117.99877166748048,LOS ANGELES,LA MIRADA,-117.99892425537108,33.8951416015625
9154249,2020,2020-09-21,1913,2020-07-02,1739,3479,11,4,5,4,1913,0,0,0,NA,0,000,BONITA AV,BERKELEY AV,0,NA,Y,A,-,N,NA,NA,NA,NA,NA,NA,NA,NA,NA,Y,4,0,2,2,A,-,12,22450,A,N,D,C,A,A,H,-,A,A,0,NA,NA,NA,NA,Y,NA,A,01,0,0,2,0,0,0,0,0,0,-,-,NA,NA,LOS ANGELES,CLAREMONT,-117.72324371337892,34.09648895263672
9154253,2020,2020-09-21,1913,2020-07-11,1134,4084,04,6,5,4,1913,0,0,0,NA,0,001,INDIAN HILL BL,SAN JOSE AV,0,NA,Y,A,-,N,NA,NA,NA,NA,NA,NA,NA,NA,NA,Y,4,0,1,2,A,-,12,21453,A,N,D,C,A,A,H,-,A,A,0,NA,NA,NA,NA,Y,NA,A,01,0,0,1,0,0,0,0,0,0,-,-,NA,NA,LOS ANGELES,CLAREMONT,-117.7193603515625,34.08320999145508
9154256,2020,2020-11-25,1900,2020-08-29,1100,602995,2611,6,5,6,1950,0,0,0,NA,0,262T1,AVENUE S,RT 14,0,NA,Y,A,-,Y,LA,7,14,-,R,58.398,R,4,N,N,4,0,3,2,A,-,03,22350,NA,N,C,C,A,A,H,-,A,A,0,NA,NA,NA,NA,Y,NA,D,22,0,0,3,0,0,0,0,0,0,-,NO,34.55796813964844,-118.1315689086914,LOS ANGELES,PALMDALE,-118.13262176513672,34.56097412109375
9154257,2020,2021-01-21,1900,2020-09-03,1516,626490,0521,4,5,4,1971,0,0,0,NA,0,52T1PM,LAS TUNAS DR,CLOVERLY AV,48,W,N,A,-,N,NA,NA,NA,NA,NA,NA,NA,NA,NA,N,3,0,1,2,A,-,09,21804,A,N,A,C,A,A,H,-,A,D,0,NA,NA,NA,NA,Y,NA,A,07,0,1,0,0,0,0,0,0,0,-,-,34.106170654296875,-118.06427764892578,LOS ANGELES,TEMPLE CITY,-118.06387329101564,34.106266021728516
9154261,2020,2021-02-01,1925,2020-09-05,1811,22882,157,6,5,6,1925,0,0,0,NA,0,004,HARVEY DR,RT 134,0,NA,Y,A,-,Y,LA,7,134,-,R,8.666,R,4,E,N,3,0,1,2,A,-,12,21453,A,N,D,C,A,A,H,-,A,A,0,NA,NA,NA,NA,Y,NA,A,08,0,1,0,0,0,0,0,0,0,-,EF,NA,NA,LOS ANGELES,GLENDALE,-118.23074340820313,34.14849090576172
9154265,2020,2021-01-25,1925,2020-09-01,1207,21089,237,2,5,6,1925,0,0,0,NA,0,004,ISABEL ST,CALIFORNIA AV,0,NA,Y,A,-,N,NA,NA,NA,NA,NA,NA,NA,NA,NA,N,4,0,1,2,A,-,12,21453,A,N,D,C,A,A,H,-,A,A,0,NA,NA,NA,NA,Y,NA,-,-,0,0,1,0,0,0,0,0,0,-,-,NA,NA,LOS ANGELES,GLENDALE,-118.24889373779295,34.14997100830078