CASE_ID,ACCIDENT_YEAR,PROC_DATE,JURIS,COLLISION_DATE,COLLISION_TIME,OFFICER_ID,REPORTING_DISTRICT,DAY_OF_WEEK,CHP_SHIFT,POPULATION,CNTY_CITY_LOC,SPECIAL_COND,BEAT_TYPE,CHP_BEAT_TYPE,CITY_DIVISION_LAPD,CHP_BEAT_CLASS,BEAT_NUMBER,PRIMARY_RD,SECONDARY_RD,DISTANCE,DIRECTION,INTERSECTION,WEATHER_1,WEATHER_2,STATE_HWY_IND,CALTRANS_COUNTY,CALTRANS_DISTRICT,STATE_ROUTE,ROUTE_SUFFIX,POSTMILE_PREFIX,POSTMILE,LOCATION_TYPE,RAMP_INTERSECTION,SIDE_OF_HWY,TOW_AWAY,COLLISION_SEVERITY,NUMBER_KILLED,NUMBER_INJURED,PARTY_COUNT,PRIMARY_COLL_FACTOR,PCF_CODE_OF_VIOL,PCF_VIOL_CATEGORY,PCF_VIOLATION,PCF_VIOL_SUBSECTION,HIT_AND_RUN,TYPE_OF_COLLISION,MVIW,PED_ACTION,ROAD_SURFACE,ROAD_COND_1,ROAD_COND_2,LIGHTING,CONTROL_DEVICE,CHP_ROAD_TYPE,PEDESTRIAN_ACCIDENT,BICYCLE_ACCIDENT,MOTORCYCLE_ACCIDENT,TRUCK_ACCIDENT,NOT_PRIVATE_PROPERTY,ALCOHOL_INVOLVED,STWD_VEHTYPE_AT_FAULT,CHP_VEHTYPE_AT_FAULT,COUNT_SEVERE_INJ,COUNT_VISIBLE_INJ,COUNT_COMPLAINT_PAIN,COUNT_PED_KILLED,COUNT_PED_INJURED,COUNT_BICYCLIST_KILLED,COUNT_BICYCLIST_INJURED,COUNT_MC_KILLED,COUNT_MC_INJURED,PRIMARY_RAMP,SECONDARY_RAMP,LATITUDE,LONGITUDE,COUNTY,CITY,POINT_X,POINT_Y
9154280,2020,2020-10-24,1900,2020-08-16,2331,625464,2603,7,5,6,1950,0,0,0,NA,0,263T1,AVENUE S,30TH ST E,0,NA,Y,A,-,N,NA,NA,NA,NA,NA,NA,NA,NA,NA,Y,4,0,1,1,A,-,08,22107,NA,N,E,I,A,A,H,-,C,A,0,NA,NA,NA,NA,Y,NA,D,22,0,0,1,0,0,0,0,0,0,-,-,34.332801818847656,-118.04329681396484,LOS ANGELES,PALMDALE,-118.07627105712892,34.558128356933594
9154304,2020,2020-10-26,1931,2020-08-29,1958,5325,1931,6,5,5,1931,0,0,0,NA,0,001,SLAUSON AV,SANTA FE AV,256,W,N,A,-,N,NA,NA,NA,NA,NA,NA,NA,NA,NA,Y,2,0,3,4,A,-,08,22107,NA,N,C,E,A,A,H,-,C,A,0,NA,NA,NA,Y,Y,NA,-,NA,1,0,2,0,0,0,0,0,0,-,-,NA,NA,LOS ANGELES,HUNTINGTON PARK,-118.23116302490234,33.98920822143555
9154325,2020,2020-10-27,1976,2020-08-29,0730,410,NA,6,5,5,1976,0,0,0,NA,0,004,LEFFINGWELL RD,1ST AV,0,NA,Y,A,-,N,NA,NA,NA,NA,NA,NA,NA,NA,NA,Y,3,0,1,2,A,-,12,21453,A,N,D,C,A,A,H,-,A,A,0,NA,NA,NA,NA,Y,NA,A,07,0,1,0,0,0,0,0,0,0,-,-,NA,NA,LOS ANGELES,WHITTIER,-117.98541259765624,33.93206024169922
9154326,2020,2020-10-27,1976,2020-08-21,1130,410,NA,5,5,5,1976,0,0,0,NA,0,004,LEFFINGWELL RD,1ST AV,0,NA,Y,A,-,N,NA,NA,NA,NA,NA,NA,NA,NA,NA,Y,3,0,2,2,A,-,12,21453,A,N,D,C,A,A,H,-,A,A,0,NA,NA,NA,NA,Y,NA,A,07,0,1,1,0,0,0,0,0,0,-,-,NA,NA,LOS ANGELES,WHITTIER,-117.98541259765624,33.93206024169922
9154331,2020,2020-10-29,1955,2020-08-04,0642,41138,43,2,5,6,1955,0,0,0,NA,0,002,FAIRPLEX DR,GILLETTE RD,44,N,N,A,-,N,NA,NA,NA,NA,NA,NA,NA,NA,NA,Y,3,0,2,2,A,-,08,22107,NA,N,D,C,A,A,H,-,A,A,0,NA,NA,NA,NA,Y,NA,A,01,0,1,1,0,0,0,0,0,0,-,-,34.074729919433594,-117.78627014160156,LOS ANGELES,POMONA,-117.78621673583984,34.074825286865234
9154332,2020,2020-10-27,1955,2020-08-11,1059,40624,26,2,5,6,1955,0,0,0,NA,0,002,GAREY AV,LA VERNE AV,0,NA,Y,A,-,N,NA,NA,NA,NA,NA,NA,NA,NA,NA,N,3,0,1,2,A,-,10,21950,A,N,G,B,B,A,H,-,A,A,0,Y,NA,NA,NA,Y,NA,A,01,0,1,0,0,1,0,0,0,0,-,-,NA,NA,LOS ANGELES,POMONA,-117.75148010253906,34.085601806640625
9154333,2020,2020-10-29,1955,2020-08-15,2030,41788,5,6,5,6,1955,0,0,0,NA,0,004,TOWNE AVE,6TH ST,0,NA,Y,A,-,N,NA,NA,NA,NA,NA,NA,NA,NA,NA,Y,3,0,2,3,A,-,09,21802,A,N,-,C,A,A,H,-,C,A,0,NA,NA,NA,NA,Y,NA,A,01,0,2,0,0,0,0,0,0,0,-,-,NA,NA,LOS ANGELES,POMONA,-117.74128723144533,34.05440902709961
9154334,2020,2020-10-27,1955,2020-08-30,1841,41788,49,7,5,6,1955,0,0,0,NA,0,001,HOLT AV,HAMILTON BL,150,E,N,A,-,N,NA,NA,NA,NA,NA,NA,NA,NA,NA,N,3,0,1,2,A,-,03,22350,NA,N,C,C,A,A,H,-,A,A,0,NA,NA,NA,NA,Y,NA,A,01,0,1,0,0,0,0,0,0,0,-,-,NA,NA,LOS ANGELES,POMONA,-117.7629165649414,34.06205749511719
9154336,2020,2020-10-27,1955,2020-08-16,0240,42416,098,7,5,6,1955,0,0,0,NA,0,003,HOLT AV,HERSHEY ST,120,E,N,A,-,N,NA,NA,NA,NA,NA,NA,NA,NA,NA,N,2,0,1,2,A,-,11,21954,A,N,G,B,D,A,H,-,C,A,0,Y,NA,NA,NA,Y,NA,N,60,1,0,0,0,1,0,0,0,0,-,-,NA,NA,LOS ANGELES,POMONA,-117.72644805908205,34.06297302246094
9154337,2020,2020-10-27,1955,2020-08-30,2320,42416,94,7,5,6,1955,0,0,0,NA,0,004,TOWNE AV,8TH ST,86,N,N,A,-,N,NA,NA,NA,NA,NA,NA,NA,NA,NA,N,3,0,1,2,A,-,11,21954,A,N,G,B,D,A,H,-,C,A,0,Y,NA,NA,NA,Y,Y,N,60,0,1,0,0,1,0,0,0,0,-,-,NA,NA,LOS ANGELES,POMONA,-117.7412338256836,34.05279541015625
9154338,2020,2020-10-27,1955,2020-08-02,0306,42613,2,7,5,6,1955,0,0,0,NA,0,001,BONITA AV,CARNEGIE AV,132,W,N,A,-,N,NA,NA,NA,NA,NA,NA,NA,NA,NA,Y,3,0,1,1,A,-,03,22350,NA,N,E,I,A,A,H,-,C,A,0,NA,NA,NA,NA,Y,NA,A,01,0,1,0,0,0,0,0,0,0,-,-,NA,NA,LOS ANGELES,POMONA,-117.73233795166016,34.09621810913086
9154382,2020,2021-01-21,1976,2020-09-08,0952,424,1976,2,5,5,1976,0,0,0,NA,0,002,LAMBERT RD,GREENLEAF AV,0,NA,Y,B,-,N,NA,NA,NA,NA,NA,NA,NA,NA,NA,Y,3,0,2,2,A,-,12,21453,A,N,D,C,A,A,H,-,A,A,0,NA,NA,NA,NA,Y,NA,A,01,0,1,1,0,0,0,0,0,0,-,-,NA,NA,LOS ANGELES,WHITTIER,-118.04190063476564,33.96091079711914
9154383,2020,2021-01-21,1976,2020-09-05,2208,530,NA,6,5,5,1976,0,0,0,NA,0,003,LAMBERT RD,CALMADA AV,0,NA,Y,A,-,N,NA,NA,NA,NA,NA,NA,NA,NA,NA,Y,4,0,2,2,A,-,09,21801,A,N,D,C,A,A,H,-,C,A,0,NA,NA,NA,NA,Y,NA,A,07,0,0,2,0,0,0,0,0,0,-,-,NA,NA,LOS ANGELES,WHITTIER,-118.02899169921876,33.951961517333984
9154384,2020,2021-01-21,1976,2020-09-02,1420,576,1976,3,5,5,1976,0,0,0,NA,0,003,COLIMA RD,YOUNGWOOD DR,130,S,N,A,-,N,NA,NA,NA,NA,NA,NA,NA,NA,NA,N,4,0,1,4,A,-,03,22350,NA,N,C,C,A,A,H,-,A,D,0,NA,NA,NA,NA,Y,NA,A,07,0,0,1,0,0,0,0,0,0,-,-,NA,NA,LOS ANGELES,WHITTIER,-118.002685546875,33.95471954345703
9154489,2020,2020-12-07,1900,2020-07-05,1020,650374,0245,7,5,3,1914,0,0,0,NA,0,27T,GARFIELD AV,WASHINGTON BL,18,N,N,A,-,N,NA,NA,NA,NA,NA,NA,NA,NA,NA,Y,4,0,1,2,-,-,-,NA,NA,N,D,C,A,A,H,-,A,B,0,NA,NA,NA,NA,Y,NA,D,22,0,0,1,0,0,0,0,0,0,-,-,34.000308990478516,-118.13282012939452,LOS ANGELES,COMMERCE,-118.13291168212892,34.000484466552734
9154495,2020,2020-10-23,1942,2020-08-30,1350,38633,0392,7,5,7,1942,0,0,0,C,0,25MQ56,LEIMERT ST,VERNON AV,0,NA,Y,A,-,N,NA,NA,NA,NA,NA,NA,NA,NA,NA,Y,4,0,1,2,A,-,09,21801,A,N,D,C,A,A,H,-,A,A,0,NA,NA,NA,NA,Y,NA,D,22,0,0,1,0,0,0,0,0,0,-,-,NA,NA,LOS ANGELES,LOS ANGELES,-118.33084106445313,34.003658294677734
9154499,2020,2020-10-23,1942,2020-08-29,0555,40475,0376,6,5,7,1942,0,0,0,C,0,3A55W3,EXPOSITION BL,MORMANDIE BL,400,W,N,B,-,N,NA,NA,NA,NA,NA,NA,NA,NA,NA,Y,2,0,1,5,B,-,22,NA,NA,N,B,E,A,A,H,-,B,D,0,NA,NA,NA,NA,Y,NA,-,-,1,0,0,0,0,0,0,0,0,-,-,NA,NA,LOS ANGELES,LOS ANGELES,-118.3014678955078,34.018375396728516
9154503,2020,2021-01-19,1942,2020-09-05,2010,41844,0341,6,5,7,1942,0,0,0,C,0,3A41,S LA BREA AV,COLISEUM ST,0,NA,Y,A,-,N,NA,NA,NA,NA,NA,NA,NA,NA,NA,Y,4,0,2,2,C,-,18,NA,NA,N,D,C,A,A,H,-,E,B,0,NA,NA,NA,NA,Y,NA,-,-,0,0,2,0,0,0,0,0,0,-,-,NA,NA,LOS ANGELES,LOS ANGELES,-118.3555908203125,34.018310546875
9154511,2020,2021-01-20,1942,2020-09-06,2051,42309,1985,7,5,7,1942,0,0,0,NA,0,19A93,VAN NUYS BL,ROSCOE BL,120,N,N,B,-,N,NA,NA,NA,NA,NA,NA,NA,NA,NA,Y,4,0,3,2,A,-,01,23152,A,F,C,E,A,A,H,-,C,A,0,NA,NA,NA,NA,Y,Y,A,01,0,0,3,0,0,0,0,0,0,-,-,NA,NA,LOS ANGELES,LOS ANGELES,-118.44876861572266,34.221858978271484
9154515,2020,2021-01-20,1942,2020-09-05,0730,30452,0933,6,5,7,1942,0,0,0,I,0,9A41,VAN NUYS BL,FRIAR ST,0,NA,Y,A,-,N,NA,NA,NA,NA,NA,NA,NA,NA,NA,N,4,0,2,2,A,-,12,21453,A,N,D,C,A,A,H,-,A,A,0,NA,NA,NA,NA,Y,NA,A,01,0,0,2,0,0,0,0,0,0,-,-,NA,NA,LOS ANGELES,LOS ANGELES,-118.44873046875,34.1856803894043
9154519,2020,2021-01-20,1942,2020-09-02,1340,36733,0916,3,5,7,1942,0,0,0,I,0,9A19,VANOWEN ST,COSTELLO AV,0,NA,Y,A,-,N,NA,NA,NA,NA,NA,NA,NA,NA,NA,Y,3,0,2,2,A,-,09,21801,A,N,D,C,A,A,H,-,A,D,0,NA,NA,NA,NA,Y,NA,A,07,0,2,0,0,0,0,0,0,0,-,-,NA,NA,LOS ANGELES,LOS ANGELES,-118.43782043457033,34.193939208984375
9154520,2020,2020-12-15,1941,2020-08-14,1545,6075,NA,5,5,7,1941,0,0,0,NA,0,NA,RT 710,6TH ST,600,S,N,A,-,Y,LA,7,710,-,-,5.98,R,2,N,Y,3,0,2,2,A,-,07,21658,A,N,B,C,A,A,H,-,A,A,0,NA,NA,NA,Y,Y,NA,D,NA,0,1,1,0,0,0,0,0,0,-,-,NA,NA,LOS ANGELES,LONG BEACH,-118.2069091796875,33.77690124511719
9154523,2020,2021-01-20,1942,2020-09-06,0705,39217,0914,7,5,7,1942,0,0,0,I,0,9A23,VANOWEN ST,KESTER AV,0,NA,Y,A,-,N,NA,NA,NA,NA,NA,NA,NA,NA,NA,N,4,0,1,2,A,-,12,21453,A,N,D,C,A,A,H,-,A,A,0,NA,NA,NA,NA,Y,NA,D,22,0,0,1,0,0,0,0,0,0,-,-,NA,NA,LOS ANGELES,LOS ANGELES,-118.45744323730467,34.19392013549805
9154525,2020,2020-10-07,1900,2020-07-20,0945,648688,0247,1,5,3,1914,0,0,0,NA,0,27T D,GAGE AV,ZINDELL AV,30,W,N,A,-,N,NA,NA,NA,NA,NA,NA,NA,NA,NA,Y,4,0,1,2,A,-,03,22350,NA,N,D,C,A,A,H,-,A,A,0,NA,NA,Y,NA,Y,NA,D,22,0,0,1,0,0,0,0,0,1,-,-,NA,NA,LOS ANGELES,COMMERCE,-118.12843322753906,33.97404479980469
9154527,2020,2021-01-25,1942,2020-09-05,1505,34265,1004,6,5,7,1942,0,0,0,J,0,10A3,LINDLEY AV,SATICOY ST,0,NA,Y,A,-,N,NA,NA,NA,NA,NA,NA,NA,NA,NA,Y,4,0,2,2,A,-,12,21453,A,N,D,C,A,A,H,-,A,A,0,NA,NA,NA,NA,Y,NA,-,-,0,0,2,0,0,0,0,0,0,-,-,NA,NA,LOS ANGELES,LOS ANGELES,-118.52734375,34.20840072631836
9154529,2020,2020-10-15,1900,2020-06-22,1141,629167,0246,1,5,3,1914,0,0,0,NA,0,27M1,SLAUSON AV,EASTERN AV,2080,W,N,A,-,N,NA,NA,NA,NA,NA,NA,NA,NA,NA,Y,4,0,1,2,A,-,03,22350,A,N,C,C,A,A,H,-,A,-,0,NA,NA,NA,NA,Y,Y,A,01,0,0,1,0,0,0,0,0,0,-,-,NA,NA,LOS ANGELES,COMMERCE,-118.16079711914064,33.985774993896484
9154531,2020,2021-01-19,1942,2020-09-05,1830,42460,1008,6,5,7,1942,0,0,0,J,0,NA,SATICOY ST,GLORIA AV,0,NA,Y,A,-,N,NA,NA,NA,NA,NA,NA,NA,NA,NA,Y,3,0,2,2,A,-,12,21453,A,N,D,C,A,A,H,-,A,A,0,NA,NA,NA,NA,Y,NA,D,22,0,1,1,0,0,0,0,0,0,-,-,NA,NA,LOS ANGELES,LOS ANGELES,-118.47931671142578,34.20845031738281
9154533,2020,2020-10-14,1900,2020-06-26,1800,649318,0263,5,5,4,1917,0,0,0,NA,0,26T,ATLANTIC AV,CECILIA ST,100,S,N,A,-,N,NA,NA,NA,NA,NA,NA,NA,NA,NA,N,4,0,2,2,A,-,08,22107,NA,N,A,C,A,A,-,-,A,D,0,NA,NA,NA,NA,Y,NA,D,22,0,0,2,0,0,0,0,0,0,-,-,NA,NA,LOS ANGELES,CUDAHY,-118.18509674072266,33.95868682861328
9154535,2020,2021-01-20,1942,2020-09-06,1250,41125,1008,7,5,7,1942,0,0,0,J,0,10A39,SATICOY ST,HAYVENHURST AV,0,NA,Y,A,-,N,NA,NA,NA,NA,NA,NA,NA,NA,NA,Y,4,0,1,2,A,-,12,21453,A,N,A,C,A,A,H,-,A,A,0,NA,NA,NA,NA,Y,NA,A,01,0,0,1,0,0,0,0,0,0,-,-,NA,NA,LOS ANGELES,LOS ANGELES,-118.49442291259766,34.20841979980469
9154539,2020,2021-01-19,1942,2020-09-07,2211,44066,1525,1,5,7,1942,0,0,0,O,0,15A23,OXNARD ST,COLFAX AV,0,NA,Y,A,-,N,NA,NA,NA,NA,NA,NA,NA,NA,NA,Y,4,0,1,5,A,-,01,23152,A,N,A,C,A,A,H,-,C,A,0,NA,NA,NA,NA,Y,Y,D,22,0,0,1,0,0,0,0,0,0,-,-,NA,NA,LOS ANGELES,LOS ANGELES,-118.38780212402344,34.17940902709961
9154544,2020,2020-11-20,1942,2020-09-02,0955,40008,1309,3,5,7,1942,0,0,0,M,0,13A9,S ALAMEDA ST,E 16TH ST,0,NA,Y,A,-,N,NA,NA,NA,NA,NA,NA,NA,NA,NA,Y,4,0,2,2,A,-,09,21801,A,N,D,C,A,A,H,-,A,D,0,NA,NA,NA,NA,Y,NA,A,07,0,0,2,0,0,0,0,0,0,-,-,NA,NA,LOS ANGELES,LOS ANGELES,-118.23941040039064,34.022090911865234
9154548,2020,2021-01-15,1942,2020-09-02,1230,40008,1383,3,5,7,1942,0,0,0,M,0,13A93,E 62ND ST,S MAIN ST,0,NA,Y,A,-,N,NA,NA,NA,NA,NA,NA,NA,NA,NA,N,4,0,1,3,A,-,09,21802,A,F,D,C,A,A,H,-,A,A,0,NA,NA,NA,NA,Y,NA,-,99,0,0,1,0,0,0,0,0,0,-,-,NA,NA,LOS ANGELES,LOS ANGELES,-118.27394104003906,33.98331832885742
9154552,2020,2020-11-06,1942,2020-08-31,0855,37505,1129,1,5,7,1942,0,0,0,K,0,11A25,FISHER ST,VIDETTE ST,23,S,N,A,-,N,NA,NA,NA,NA,NA,NA,NA,NA,NA,Y,4,0,1,2,A,-,03,22350,NA,N,C,E,A,A,H,-,A,D,0,NA,NA,NA,NA,Y,NA,-,99,0,0,1,0,0,0,0,0,0,-,-,NA,NA,LOS ANGELES,LOS ANGELES,-118.18219757080078,34.12187957763672
9154560,2020,2020-10-23,1942,2020-08-27,1225,39746,0153,4,5,7,1942,0,0,0,A,0,1A41,LOS ANGELES,S SPRING ST,50,W,N,A,-,N,NA,NA,NA,NA,NA,NA,NA,NA,NA,N,4,0,2,2,A,-,00,22210,NA,N,H,C,A,A,H,-,A,A,0,NA,NA,NA,Y,Y,NA,F,24,0,0,2,0,0,0,0,0,0,-,-,NA,NA,LOS ANGELES,LOS ANGELES,NA,NA
9154561,2020,2020-11-20,1942,2020-08-13,1555,34426,112,4,5,7,1942,0,0,0,K,0,1A1,NORTH SPRING ST,ALISO ST,0,NA,Y,A,-,N,NA,NA,NA,NA,NA,NA,NA,NA,NA,Y,3,0,2,2,A,-,12,21453,A,N,D,C,A,A,H,-,A,A,0,NA,NA,NA,NA,Y,NA,A,01,0,1,1,0,0,0,0,0,0,-,-,NA,NA,LOS ANGELES,LOS ANGELES,-118.2415008544922,34.05609130859375
9154565,2020,2020-10-09,1942,2020-09-02,1155,34458,0112,3,5,7,1942,0,0,0,A,0,1A1,N BROADWAH,W 103RD ST,0,NA,Y,A,-,N,NA,NA,NA,NA,NA,NA,NA,NA,NA,Y,3,0,1,2,A,-,09,21801,A,N,D,C,A,A,D,-,A,A,0,NA,NA,NA,NA,Y,NA,I,20,0,1,0,0,0,0,0,0,0,-,-,NA,NA,LOS ANGELES,LOS ANGELES,-118.278143,33.942819
9154570,2020,2020-10-23,1900,2020-08-24,0955,630453,1352,1,5,3,1927,0,0,0,NA,0,135B,CARSON ST,PIONEER BL,75,E,N,A,-,N,NA,NA,NA,NA,NA,NA,NA,NA,NA,Y,3,0,2,5,A,-,03,22350,NA,N,C,C,A,A,H,-,A,A,0,NA,NA,NA,NA,Y,NA,A,01,0,1,1,0,0,0,0,0,0,-,-,NA,NA,LOS ANGELES,HAWAIIAN GARDENS,-118.08159637451172,33.83140182495117
9154578,2020,2020-11-24,1900,2020-09-11,1915,647531,1321,5,5,5,1935,0,0,0,NA,0,132T1,BELLFLOWER BL,SOUTH ST,0,NA,Y,A,-,N,NA,NA,NA,NA,NA,NA,NA,NA,NA,N,3,0,1,2,A,-,11,21456,B,N,D,G,A,A,H,-,C,A,0,NA,Y,NA,NA,Y,NA,L,04,0,1,0,0,0,0,1,0,0,-,-,NA,NA,LOS ANGELES,LAKEWOOD,-118.12516021728516,33.860328674316406
9154594,2020,2020-10-28,1900,2020-08-23,0840,647144,1352,7,5,3,1927,0,0,0,NA,0,135B,CARSON ST,JUAN AV,0,NA,Y,A,-,N,NA,NA,NA,NA,NA,NA,NA,NA,NA,Y,3,0,1,3,A,-,12,21453,A,N,A,C,A,A,H,-,A,A,0,NA,NA,NA,NA,Y,NA,A,01,0,1,0,0,0,0,0,0,0,-,-,NA,NA,LOS ANGELES,HAWAIIAN GARDENS,-118.07559967041016,33.8315315246582
91545977,2020,2021-08-16,9530,2020-12-26,0208,022083,NA,6,3,7,1942,0,1,1,NA,2,110,I-110 SOUTHBOUND TO I-405,182ND STREET,1300,S,N,A,-,Y,NA,NA,110,NA,NA,NA,R,NA,S,Y,1,1,4,1,A,-,08,22107,NA,N,E,I,A,A,H,-,C,D,0,NA,NA,NA,NA,Y,NA,A,01,4,0,0,0,0,0,0,0,0,-,-,33.86833953857422,-118.28536987304688,LOS ANGELES,LOS ANGELES,-118.28536987304688,33.86833953857422
9154600,2020,2020-11-24,1942,2020-09-08,1814,38135,0946,2,5,7,1942,0,0,0,I,0,9X16,OXNARD ST,COSTELLO AV,75,W,N,A,-,N,NA,NA,NA,NA,NA,NA,NA,NA,NA,N,3,0,2,2,A,-,09,21804,A,N,C,C,A,A,H,-,A,D,0,NA,NA,NA,NA,Y,NA,A,07,0,2,0,0,0,0,0,0,0,-,-,NA,NA,LOS ANGELES,LOS ANGELES,-118.43795013427734,34.17940139770508
9154602,2020,2020-10-29,1900,2020-08-30,1120,602250,1321,7,5,5,1935,0,0,0,NA,0,132T1,CANDLEWOOD ST,GRAYWOOD AV,700,W,N,A,-,N,NA,NA,NA,NA,NA,NA,NA,NA,NA,N,3,0,1,2,A,-,09,21804,A,N,D,C,A,A,H,-,A,D,0,NA,NA,NA,NA,Y,NA,A,01,0,1,0,0,0,0,0,0,0,-,-,NA,NA,LOS ANGELES,LAKEWOOD,-118.14037322998048,33.85380935668945
9154604,2020,2020-11-24,1942,2020-09-09,1510,43816,NA,3,5,7,1942,0,0,0,NA,0,9X14,OXNARD ST,CEDROS AV,0,NA,Y,-,-,N,NA,NA,NA,NA,NA,NA,NA,NA,NA,N,3,0,1,2,A,-,05,21650,NA,N,D,G,A,A,H,-,A,D,0,NA,Y,NA,NA,Y,NA,L,04,0,1,0,0,0,0,1,0,0,-,-,NA,NA,LOS ANGELES,LOS ANGELES,-118.45310974121094,34.179378509521484
9154612,2020,2021-02-02,1942,2020-09-12,1510,40073,VANNU,6,5,7,1942,0,0,0,NA,0,0906,TYRONE AV,SHERMAN WY,50,N,N,B,-,N,NA,NA,NA,NA,NA,NA,NA,NA,NA,N,4,0,1,2,A,-,21,22106,NA,N,A,C,A,A,H,-,A,D,0,NA,NA,NA,NA,Y,NA,D,22,0,0,1,0,0,0,0,0,0,-,-,NA,NA,LOS ANGELES,LOS ANGELES,-118.44436645507813,34.20133590698242
9154620,2020,2021-02-01,1942,2020-09-15,0545,38947,1663,2,5,7,1942,0,0,0,P,0,16A77,SHELDON ST,LAUREL CANYON BL,0,NA,Y,A,-,N,NA,NA,NA,NA,NA,NA,NA,NA,NA,N,4,0,2,2,A,-,04,21703,NA,N,C,C,A,A,H,-,A,A,0,NA,NA,NA,NA,Y,NA,D,22,0,0,2,0,0,0,0,0,0,-,-,NA,NA,LOS ANGELES,LOS ANGELES,-118.40373229980467,34.23196029663086
9154624,2020,2021-02-01,1942,2020-09-15,1550,38191,1781,2,5,7,1942,0,0,0,Q,0,17A81,DE SOTO AV,NORDHOFF ST,0,NA,Y,A,-,N,NA,NA,NA,NA,NA,NA,NA,NA,NA,N,4,0,1,3,A,-,09,21801,A,N,D,C,A,A,H,-,A,A,0,NA,NA,NA,NA,Y,NA,A,01,0,0,1,0,0,0,0,0,0,-,-,NA,NA,LOS ANGELES,LOS ANGELES,-118.58854675292967,34.23548126220703
9154628,2020,2021-02-01,1942,2020-09-15,1415,38687,1775,2,5,7,1942,0,0,0,Q,0,17A95,PRAIRIE ST,WISH AV,90,E,N,A,-,N,NA,NA,NA,NA,NA,NA,NA,NA,NA,N,4,0,2,2,A,-,08,22107,NA,N,C,E,A,A,H,-,A,D,0,NA,NA,NA,NA,Y,NA,A,01,0,0,2,0,0,0,0,0,0,-,-,NA,NA,LOS ANGELES,LOS ANGELES,-118.50812530517578,34.239444732666016
9154632,2020,2021-06-24,1942,2020-09-16,1150,37686,1764,3,5,7,1942,0,0,0,Q,0,17A81,NORDHOFF ST,TAMPA AVE,300,W,N,A,-,N,NA,NA,NA,NA,NA,NA,NA,NA,NA,N,4,0,1,2,A,-,04,21703,NA,F,C,C,A,A,H,-,A,D,0,NA,NA,NA,NA,Y,NA,-,99,0,0,1,0,0,0,0,0,0,-,-,NA,NA,LOS ANGELES,LOS ANGELES,-118.55455017089844,34.235450744628906
9154636,2020,2020-10-29,1942,2020-08-15,1945,41688,1203,6,5,7,1942,0,0,0,L,0,12A15,WESTERN AV,VERNON AV,20,S,N,A,-,N,NA,NA,NA,NA,NA,NA,NA,NA,NA,Y,3,0,1,1,A,-,-,NA,NA,N,E,I,A,A,H,-,A,A,0,NA,NA,NA,NA,Y,NA,A,01,0,1,0,0,0,0,0,0,0,-,-,NA,NA,LOS ANGELES,LOS ANGELES,-118.30892944335938,34.003665924072266
9154722,2020,2020-10-20,1942,2020-08-26,1515,44200,1215,3,5,7,1942,0,0,0,L,0,12A31,NORMANDIE AV,55TH ST,75,N,N,A,-,N,NA,NA,NA,NA,NA,NA,NA,NA,NA,N,4,0,1,2,A,-,08,22107,NA,F,D,C,A,A,H,-,A,D,0,NA,NA,Y,NA,Y,NA,-,99,0,0,1,0,0,0,0,0,1,-,-,NA,NA,LOS ANGELES,LOS ANGELES,-118.30020904541016,33.99252700805664
9154731,2020,2020-10-19,1942,2020-08-08,2115,42214,1806,6,5,7,1942,0,0,0,R,0,12XL7,AVALON,89TH ST,25,S,N,A,-,N,NA,NA,NA,NA,NA,NA,NA,NA,NA,N,4,0,1,2,A,-,03,22350,NA,M,A,C,A,A,H,-,C,A,0,NA,NA,NA,NA,Y,NA,-,99,0,0,1,0,0,0,0,0,0,-,-,NA,NA,LOS ANGELES,LOS ANGELES,-118.26513671875,33.95552062988281
9154818,2020,2020-10-21,1942,2020-08-04,1850,43820,0152,2,5,7,1942,0,0,0,A,0,1A2W5,7TH ST,HILL ST,0,NA,Y,A,-,N,NA,NA,NA,NA,NA,NA,NA,NA,NA,N,3,0,1,2,A,-,08,22107,NA,N,B,G,A,A,H,-,A,D,0,NA,Y,NA,NA,Y,NA,L,04,0,1,0,0,0,0,1,0,0,-,-,NA,NA,LOS ANGELES,LOS ANGELES,-118.25449371337892,34.045928955078125
9154961,2020,2020-10-13,1941,2020-08-21,2005,10237,NA,5,5,7,1941,0,0,0,NA,0,NA,OCEAN BL,PINE AV,0,NA,Y,B,-,N,NA,NA,NA,NA,NA,NA,NA,NA,NA,N,3,0,1,2,A,-,08,22107,NA,N,D,G,A,A,H,-,B,A,0,NA,NA,Y,NA,Y,NA,C,NA,0,1,0,0,0,0,0,0,1,-,-,NA,NA,LOS ANGELES,LONG BEACH,-118.19239807128906,33.7671012878418
9154962,2020,2020-10-13,1941,2020-08-13,1927,5771,901T,4,5,7,1941,0,0,0,NA,0,NA,LONG BEACH AV,3RD ST,0,NA,Y,A,-,N,NA,NA,NA,NA,NA,NA,NA,NA,NA,Y,4,0,1,2,D,-,00,NA,NA,N,D,C,A,A,H,-,C,A,0,NA,NA,NA,NA,Y,NA,-,-,0,0,1,0,0,0,0,0,0,-,-,NA,NA,LOS ANGELES,LONG BEACH,-118.18946838378906,33.770511627197266
9154963,2020,2020-10-13,1941,2020-08-13,1624,5771,901T,4,5,7,1941,0,0,0,NA,0,NA,LONG BEACH BL,WARDLOW,342,S,N,A,-,N,NA,NA,NA,NA,NA,NA,NA,NA,NA,Y,3,0,3,2,A,-,09,21804,A,N,D,C,A,A,H,-,A,D,0,NA,NA,NA,NA,Y,NA,A,NA,0,1,2,0,0,0,0,0,0,-,-,NA,NA,LOS ANGELES,LONG BEACH,-118.18932342529295,33.81797409057617
9154964,2020,2020-10-13,1941,2020-08-13,1302,11528,NA,4,5,7,1941,0,0,0,NA,0,NA,10TH ST,CHERRY AV,0,NA,-,A,-,N,NA,NA,NA,NA,NA,NA,NA,NA,NA,N,4,0,1,2,D,-,00,NA,NA,N,-,G,A,A,H,-,A,A,0,NA,Y,NA,NA,Y,NA,-,-,0,0,1,0,0,0,1,0,0,-,-,NA,NA,LOS ANGELES,LONG BEACH,-118.16766357421876,33.778968811035156
9154965,2020,2020-10-13,1941,2020-08-14,0603,11569,NA,5,5,7,1941,0,0,0,NA,0,NA,ANAHEIM ST,OBISPO AV,0,NA,Y,A,-,N,NA,NA,NA,NA,NA,NA,NA,NA,NA,Y,3,0,4,2,D,-,00,NA,NA,N,D,C,A,A,H,-,A,A,0,NA,NA,NA,NA,Y,NA,-,-,0,3,1,0,0,0,0,0,0,-,-,NA,NA,LOS ANGELES,LONG BEACH,-118.1545867919922,33.78260040283203