CASE_ID,ACCIDENT_YEAR,PROC_DATE,JURIS,COLLISION_DATE,COLLISION_TIME,OFFICER_ID,REPORTING_DISTRICT,DAY_OF_WEEK,CHP_SHIFT,POPULATION,CNTY_CITY_LOC,SPECIAL_COND,BEAT_TYPE,CHP_BEAT_TYPE,CITY_DIVISION_LAPD,CHP_BEAT_CLASS,BEAT_NUMBER,PRIMARY_RD,SECONDARY_RD,DISTANCE,DIRECTION,INTERSECTION,WEATHER_1,WEATHER_2,STATE_HWY_IND,CALTRANS_COUNTY,CALTRANS_DISTRICT,STATE_ROUTE,ROUTE_SUFFIX,POSTMILE_PREFIX,POSTMILE,LOCATION_TYPE,RAMP_INTERSECTION,SIDE_OF_HWY,TOW_AWAY,COLLISION_SEVERITY,NUMBER_KILLED,NUMBER_INJURED,PARTY_COUNT,PRIMARY_COLL_FACTOR,PCF_CODE_OF_VIOL,PCF_VIOL_CATEGORY,PCF_VIOLATION,PCF_VIOL_SUBSECTION,HIT_AND_RUN,TYPE_OF_COLLISION,MVIW,PED_ACTION,ROAD_SURFACE,ROAD_COND_1,ROAD_COND_2,LIGHTING,CONTROL_DEVICE,CHP_ROAD_TYPE,PEDESTRIAN_ACCIDENT,BICYCLE_ACCIDENT,MOTORCYCLE_ACCIDENT,TRUCK_ACCIDENT,NOT_PRIVATE_PROPERTY,ALCOHOL_INVOLVED,STWD_VEHTYPE_AT_FAULT,CHP_VEHTYPE_AT_FAULT,COUNT_SEVERE_INJ,COUNT_VISIBLE_INJ,COUNT_COMPLAINT_PAIN,COUNT_PED_KILLED,COUNT_PED_INJURED,COUNT_BICYCLIST_KILLED,COUNT_BICYCLIST_INJURED,COUNT_MC_KILLED,COUNT_MC_INJURED,PRIMARY_RAMP,SECONDARY_RAMP,LATITUDE,LONGITUDE,COUNTY,CITY,POINT_X,POINT_Y
9154966,2020,2020-10-13,1941,2020-08-14,0007,11342,NA,5,5,7,1941,0,0,0,NA,0,NA,LONG BEACH BL,ANAHEIM ST,0,NA,Y,A,-,N,NA,NA,NA,NA,NA,NA,NA,NA,NA,N,4,0,1,2,A,-,08,22107,NA,N,D,G,A,A,H,-,C,A,0,NA,Y,NA,NA,Y,NA,A,NA,0,0,1,0,0,0,1,0,0,-,-,NA,NA,LOS ANGELES,LONG BEACH,-118.18949127197266,33.78261184692383
9154967,2020,2020-10-13,1941,2020-08-14,0234,6033,NA,5,5,7,1941,0,0,0,NA,0,NA,WALNUT,MARSHALL PL,265,S,N,A,-,N,NA,NA,NA,NA,NA,NA,NA,NA,NA,Y,3,0,1,2,-,-,-,NA,NA,N,A,E,A,A,H,-,A,D,0,NA,NA,NA,NA,Y,NA,-,-,0,1,0,0,0,0,0,0,0,-,-,NA,NA,LOS ANGELES,LONG BEACH,-118.17205047607422,33.830753326416016
9154968,2020,2020-10-13,1941,2020-08-14,1844,5771,NA,5,5,7,1941,0,0,0,NA,0,NA,CARSON ST,FAUST,415,E,N,A,-,N,NA,NA,NA,NA,NA,NA,NA,NA,NA,Y,3,0,4,1,A,-,07,21658,A,N,E,J,A,A,H,-,B,D,0,NA,NA,NA,NA,Y,NA,A,NA,0,4,0,0,0,0,0,0,0,-,-,NA,NA,LOS ANGELES,LONG BEACH,-118.11304473876952,33.832454681396484
9154969,2020,2020-10-13,1941,2020-08-14,2124,11273,NA,5,5,7,1941,0,0,0,NA,0,NA,OCEAN BL,ALAMITOS AV,0,NA,Y,A,-,N,NA,NA,NA,NA,NA,NA,NA,NA,NA,Y,3,0,4,2,D,-,00,NA,NA,N,A,C,A,A,H,-,C,A,0,NA,NA,NA,NA,Y,NA,-,-,0,1,3,0,0,0,0,0,0,-,-,NA,NA,LOS ANGELES,LONG BEACH,-118.18311309814452,33.7663688659668
9154970,2020,2020-10-13,1941,2020-08-12,1807,11553,NA,3,5,7,1941,0,0,0,NA,0,NA,CHERRY AV,ARTESIA BL,0,NA,Y,A,-,N,NA,NA,NA,NA,NA,NA,NA,NA,NA,Y,4,0,2,3,A,-,12,21453,A,N,B,C,A,A,H,-,A,A,0,NA,NA,NA,NA,Y,NA,A,NA,0,0,2,0,0,0,0,0,0,-,-,NA,NA,LOS ANGELES,LONG BEACH,-118.16867065429688,33.87471008300781
9154973,2020,2020-10-13,1942,2020-08-19,1520,34458,0152,3,5,7,1942,0,0,0,A,0,1A41,S OLIVE ST,W 6TH ST,300,S,N,A,-,N,NA,NA,NA,NA,NA,NA,NA,NA,NA,N,3,0,1,2,A,-,17,21228,NA,N,D,C,A,A,H,-,A,D,0,NA,NA,Y,NA,Y,NA,C,03,0,1,0,0,0,0,0,0,1,-,-,NA,NA,LOS ANGELES,LOS ANGELES,-118.25479888916016,34.047386169433594
9154974,2020,2020-10-13,1942,2020-08-28,1210,42121,1785,5,5,7,1942,0,0,0,Q,0,17X64,NORDHOFF ST,LINDLEY AV,0,NA,Y,A,-,N,NA,NA,NA,NA,NA,NA,NA,NA,NA,N,3,0,1,2,A,-,12,21453,A,F,D,C,A,A,H,-,A,A,0,NA,NA,NA,NA,Y,NA,-,99,0,1,0,0,0,0,0,0,0,-,-,NA,NA,LOS ANGELES,LOS ANGELES,-118.52732849121094,34.23550033569336
9154975,2020,2020-11-25,1942,2020-08-31,1810,44098,0974,1,5,7,1942,0,0,0,I,0,09X84,VAN NUY BL,RT 101,0,NA,Y,A,-,Y,LA,7,101,-,-,15.794,R,4,N,N,4,0,2,2,A,-,12,21453,A,N,B,C,A,A,H,-,A,A,0,NA,NA,NA,NA,Y,NA,-,-,0,0,2,0,0,0,0,0,0,-,-,NA,NA,LOS ANGELES,LOS ANGELES,-118.44677734375,34.156272888183594
9154976,2020,2020-10-13,1942,2020-08-30,1455,42579,0994,7,5,7,1942,0,0,0,I,0,9A5,BEVERLY GLEN BL,KNOBHILL DR,0,NA,Y,A,-,N,NA,NA,NA,NA,NA,NA,NA,NA,NA,Y,3,0,4,2,A,-,09,21802,A,N,D,C,A,A,H,-,A,D,0,NA,NA,NA,NA,Y,NA,A,01,0,1,3,0,0,0,0,0,0,-,-,NA,NA,LOS ANGELES,LOS ANGELES,-118.45269012451172,34.13602828979492
9154977,2020,2020-10-19,1942,2020-08-30,0920,44264,4209,7,5,7,1942,0,0,0,NA,0,9A37,COLDWATER CANYON AV,COLDWATER CANYON AV 5415,0,NA,-,A,-,N,NA,NA,NA,NA,NA,NA,NA,NA,NA,N,4,0,1,3,A,-,03,22350,NA,N,B,B,E,A,H,-,A,D,0,Y,NA,NA,NA,Y,NA,-,-,0,0,1,0,1,0,0,0,0,-,-,NA,NA,LOS ANGELES,LOS ANGELES,-118.413804,34.169191
9154978,2020,2020-10-13,1942,2020-08-24,1710,43617,0916,1,5,7,1942,0,0,0,I,0,9A63,WOODMAN AV,VAN OWEN ST,0,NA,Y,A,-,N,NA,NA,NA,NA,NA,NA,NA,NA,NA,Y,4,0,1,2,A,-,09,21801,A,N,A,C,A,A,H,-,A,A,0,NA,NA,NA,NA,Y,NA,A,01,0,0,1,0,0,0,0,0,0,-,-,NA,NA,LOS ANGELES,LOS ANGELES,-118.43126678466795,34.193939208984375
9154979,2020,2020-10-13,1942,2020-08-28,1815,43270,0337,5,5,7,1942,0,0,0,C,0,75TL58,S NORMANDIE AV,W JEFFERSON BL,0,NA,Y,A,-,N,NA,NA,NA,NA,NA,NA,NA,NA,NA,Y,4,0,2,2,A,-,09,21801,A,N,D,C,A,A,H,-,A,A,0,NA,NA,NA,NA,Y,NA,A,07,0,0,2,0,0,0,0,0,0,-,-,NA,NA,LOS ANGELES,LOS ANGELES,-118.30023193359376,34.025508880615234
9154980,2020,2020-10-13,1942,2020-08-27,1820,37954,1977,4,5,7,1942,0,0,0,NA,0,19X12,BRANFORD ST,SNOWDEN AV,0,NA,Y,A,-,N,NA,NA,NA,NA,NA,NA,NA,NA,NA,N,4,0,3,2,A,-,09,21802,A,N,D,C,A,A,H,-,A,D,0,NA,NA,NA,NA,Y,NA,A,01,0,0,3,0,0,0,0,0,0,-,-,NA,NA,LOS ANGELES,LOS ANGELES,-118.43205261230467,34.22718048095703
9154981,2020,2020-10-14,1942,2020-08-28,1945,43161,1548,5,5,7,1942,0,0,0,O,0,15A27,LANKERSHIM BL,WEDDINGTON ST,0,NA,Y,A,-,N,NA,NA,NA,NA,NA,NA,NA,NA,NA,N,3,0,1,2,A,-,09,21801,A,N,D,C,A,A,H,-,A,A,0,NA,NA,NA,NA,Y,NA,A,01,0,1,0,0,0,0,0,0,0,-,-,NA,NA,LOS ANGELES,LOS ANGELES,-118.37590789794922,34.16699981689453
9154982,2020,2020-10-14,1942,2020-08-27,1615,44181,1987,4,5,7,1942,0,0,0,NA,0,19A79,ROSCOE BL,WOODMAN AV,300,E,N,A,-,N,NA,NA,NA,NA,NA,NA,NA,NA,NA,Y,4,0,1,2,A,-,09,21801,A,N,A,C,A,A,H,-,A,D,0,NA,NA,NA,NA,Y,NA,A,01,0,0,1,0,0,0,0,0,0,-,-,NA,NA,LOS ANGELES,LOS ANGELES,-118.4317626953125,34.2216796875
9154983,2020,2020-10-14,1942,2020-08-31,1805,44248,2183,1,5,7,1942,0,0,0,NA,0,21X62,MULHOLLAND DR,SPIELBERG DR,0,NA,Y,A,-,N,NA,NA,NA,NA,NA,NA,NA,NA,NA,N,4,0,1,3,A,-,12,21453,A,N,D,C,A,A,H,-,A,A,0,NA,NA,NA,NA,Y,NA,A,01,0,0,1,0,0,0,0,0,0,-,-,NA,NA,LOS ANGELES,LOS ANGELES,-118.63433837890624,34.1562614440918
9155008,2020,2020-10-28,1941,2020-08-28,1516,10549,NA,5,5,7,1941,0,0,0,NA,0,NA,ATLANTIC AV,ATLANTIC AV 3845,0,NA,Y,A,-,N,NA,NA,NA,NA,NA,NA,NA,NA,NA,N,3,0,1,2,A,-,04,21703,NA,M,C,C,A,A,H,-,A,D,0,NA,NA,NA,NA,Y,NA,A,NA,0,1,0,0,0,0,0,0,0,-,-,NA,NA,LOS ANGELES,LONG BEACH,-118.185069,33.828412
9155011,2020,2020-10-28,1972,2020-08-17,0957,18263,NA,1,5,6,1972,0,0,0,NA,0,NA,VISTA MONTANA,NEWTON,0,NA,Y,A,-,N,NA,NA,NA,NA,NA,NA,NA,NA,NA,N,4,0,1,2,A,-,10,21950,A,N,G,B,B,A,H,-,A,D,0,Y,NA,NA,NA,Y,NA,A,NA,0,0,1,0,1,0,0,0,0,-,-,NA,NA,LOS ANGELES,TORRANCE,-118.35865783691406,33.805728912353516
9155012,2020,2020-10-28,1972,2020-08-14,0723,15555,NA,5,5,6,1972,0,0,0,NA,0,NA,SEPULVEDA BL,HAWTHORNE BL,130,E,N,A,-,N,NA,NA,NA,NA,NA,NA,NA,NA,NA,Y,3,0,2,8,C,-,18,NA,NA,N,B,C,A,A,H,-,A,A,0,NA,NA,NA,NA,Y,NA,-,-,0,2,0,0,0,0,0,0,0,-,-,NA,NA,LOS ANGELES,TORRANCE,-118.35117340087892,33.825531005859375
9155013,2020,2020-11-04,1972,2020-08-16,2341,21946,NA,7,5,6,1972,0,0,0,NA,0,NA,SEPULVEDA BL,WESTERN BL,20,W,N,A,-,N,NA,NA,NA,NA,NA,NA,NA,NA,NA,Y,3,0,1,1,A,-,01,23152,A,N,E,I,A,A,H,-,C,A,0,NA,NA,NA,NA,Y,Y,A,NA,0,1,0,0,0,0,0,0,0,-,-,NA,NA,LOS ANGELES,TORRANCE,-118.30899047851564,33.816993713378906
9155014,2020,2020-11-06,1931,2020-08-24,0940,5141,1931,1,5,5,1931,0,0,0,NA,0,001,PACIFIC BL,56TH ST,67,N,N,A,-,N,NA,NA,NA,NA,NA,NA,NA,NA,NA,N,4,0,1,3,A,-,09,21801,A,N,D,E,A,A,H,-,A,D,0,NA,NA,NA,NA,Y,NA,A,01,0,0,1,0,0,0,0,0,0,-,-,NA,NA,LOS ANGELES,HUNTINGTON PARK,-118.22524261474608,33.99219512939453
9155015,2020,2020-10-28,1900,2020-08-12,1642,611140,2607,3,5,6,1950,0,0,0,NA,0,264T1,ADOBE DR,42ND ST EAST,269,W,N,A,-,N,NA,NA,NA,NA,NA,NA,NA,NA,NA,N,4,0,1,2,A,-,06,21750,NA,N,B,C,A,A,H,-,A,D,0,NA,NA,NA,NA,Y,NA,A,01,0,0,1,0,0,0,0,0,0,-,-,34.5743293762207,-118.05541229248048,LOS ANGELES,PALMDALE,-118.05529022216795,34.57436752319336
9155016,2020,2020-10-28,1900,2020-08-13,0807,601485,2611,4,5,6,1950,0,0,0,NA,0,263T1,PALMDALE BL,2ND ST EAST,0,NA,Y,A,-,N,NA,NA,138,NA,NA,NA,NA,NA,NA,Y,4,0,1,2,A,-,03,22350,NA,N,D,C,A,B,H,-,A,D,0,NA,NA,NA,NA,Y,NA,A,01,0,0,1,0,0,0,0,0,0,-,-,34.57994079589844,-118.12763214111328,LOS ANGELES,PALMDALE,-118.12763214111328,34.579837799072266
9155017,2020,2020-10-28,1900,2020-08-25,1355,514671,2608,2,5,6,1950,0,0,0,NA,0,264T1,30TH ST EAST,AVENUE R-12,0,NA,Y,A,-,N,NA,NA,NA,NA,NA,NA,NA,NA,NA,Y,3,0,1,2,A,-,09,21802,A,N,D,C,A,A,H,-,A,A,0,NA,NA,NA,NA,Y,NA,A,01,0,1,0,0,0,0,0,0,0,-,-,34.5618782043457,-118.07627105712892,LOS ANGELES,PALMDALE,-118.07630157470705,34.5618782043457
9155018,2020,2020-10-28,1900,2020-08-25,1045,514671,2603,2,5,6,1950,0,0,0,NA,0,264T1,CHESEBORO RD,PEARBLOSSOM HWY,482,S,N,A,-,N,NA,NA,NA,NA,NA,NA,NA,NA,NA,N,4,0,1,2,C,-,18,NA,NA,N,C,E,A,A,H,-,A,D,0,NA,NA,NA,NA,Y,NA,-,-,0,0,1,0,0,0,0,0,0,-,-,34.5394287109375,-118.02765655517578,LOS ANGELES,PALMDALE,-118.0277099609375,34.53955841064453
9155019,2020,2020-10-28,1900,2020-08-30,2003,590658,2608,7,5,6,1950,0,0,0,NA,0,264T1,30TH ST EAST,PALMDALE BL,239,S,N,A,-,N,NA,NA,NA,NA,NA,NA,NA,NA,NA,N,4,0,1,2,A,-,07,21658,A,N,B,C,A,A,H,-,C,D,0,NA,NA,NA,NA,Y,NA,A,01,0,0,1,0,0,0,0,0,0,-,-,34.529449462890625,-118.07631683349608,LOS ANGELES,PALMDALE,-118.07624816894533,34.57956314086914
9155020,2020,2020-10-28,1941,2020-08-31,0424,11399,NA,1,5,7,1941,0,0,0,NA,0,NA,MOLINO AV,OCEAN BL,0,NA,Y,-,-,N,NA,NA,NA,NA,NA,NA,NA,NA,NA,Y,4,0,1,1,-,-,-,NA,NA,N,A,I,A,A,H,-,C,D,0,NA,NA,NA,NA,Y,NA,-,-,0,0,1,0,0,0,0,0,0,-,-,NA,NA,LOS ANGELES,LONG BEACH,-118.16145324707033,33.7628288269043
9155021,2020,2020-10-27,1941,2020-08-30,0248,11396,NA,7,5,7,1941,0,0,0,NA,0,NA,E CARSON ST,E CARSON ST 710,0,NA,Y,A,-,N,NA,NA,NA,NA,NA,NA,NA,NA,NA,Y,2,0,1,3,A,-,-,NA,NA,N,A,E,A,A,H,-,C,D,0,NA,NA,NA,NA,Y,NA,A,NA,1,0,0,0,0,0,0,0,0,-,-,NA,NA,LOS ANGELES,LONG BEACH,NA,NA
9155022,2020,2020-11-03,1941,2020-08-31,1541,7580,NA,1,5,7,1941,0,0,0,NA,0,NA,ATLANTIC AV,HARDING ST,0,NA,Y,A,-,N,NA,NA,NA,NA,NA,NA,NA,NA,NA,N,3,0,1,2,A,-,10,21950,A,N,A,B,B,A,H,-,A,A,0,Y,NA,NA,NA,Y,NA,A,NA,0,1,0,0,1,0,0,0,0,-,-,NA,NA,LOS ANGELES,LONG BEACH,-118.18551635742188,33.867279052734375
9155030,2020,2020-10-27,1913,2020-08-02,1146,3835,28,7,5,4,1913,0,0,0,NA,0,002,BONITA AV,INDIAN HILL BL,33,E,N,A,-,N,NA,NA,NA,NA,NA,NA,NA,NA,NA,Y,3,0,2,6,A,-,03,22350,NA,N,B,C,A,A,H,-,A,A,0,NA,NA,NA,NA,Y,NA,A,01,0,1,1,0,0,0,0,0,0,-,-,NA,NA,LOS ANGELES,CLAREMONT,-117.71920776367188,34.09661102294922
9155031,2020,2020-10-27,1913,2020-08-20,0740,3679,POMON,4,5,4,1913,0,0,0,NA,0,004,MONTE VISTA AV,BASELINE RD,27,S,N,-,-,N,NA,NA,NA,NA,NA,NA,NA,NA,NA,Y,3,0,1,1,A,-,08,22107,NA,N,E,I,A,A,H,-,A,A,0,NA,NA,NA,NA,Y,NA,A,01,0,1,0,0,0,0,0,0,0,-,-,NA,NA,LOS ANGELES,CLAREMONT,-117.6984405517578,34.121524810791016
9155042,2020,2020-10-14,1942,2020-08-18,2225,44199,1273,2,5,7,1942,0,0,0,L,0,12A53,91ST ST,WESTERN AV,0,NA,Y,A,-,N,NA,NA,NA,NA,NA,NA,NA,NA,NA,N,4,0,1,2,A,-,10,21950,A,F,B,G,A,A,H,-,C,A,0,NA,Y,NA,NA,Y,NA,-,99,0,0,1,0,0,0,1,0,0,-,-,NA,NA,LOS ANGELES,LOS ANGELES,-118.30902099609376,33.95450973510742
9155046,2020,2020-10-26,1942,2020-08-17,1900,42650,1207,1,5,7,1942,0,0,0,L,0,3A58,HOOVER AV,VERNON AV,0,NA,Y,A,-,N,NA,NA,NA,NA,NA,NA,NA,NA,NA,Y,4,0,2,2,A,-,01,23153,A,F,D,C,A,A,H,-,B,A,0,NA,NA,NA,NA,Y,Y,A,07,0,0,2,0,0,0,0,0,0,-,-,NA,NA,LOS ANGELES,LOS ANGELES,-118.28717041015624,34.003719329833984
9155050,2020,2020-10-26,1942,2020-08-17,2015,42945,1273,1,5,7,1942,0,0,0,L,0,12A73,MANCHESTER AV,WESTERN AV,0,NA,Y,A,-,N,NA,NA,NA,NA,NA,NA,NA,NA,NA,N,4,0,1,2,A,-,03,22350,NA,N,A,C,A,A,H,-,C,A,0,NA,NA,NA,NA,Y,NA,A,01,0,0,1,0,0,0,0,0,0,-,-,NA,NA,LOS ANGELES,LOS ANGELES,-118.30901336669922,33.95996856689453
9155052,2020,2020-11-20,1900,2020-09-09,1500,608275,1328,3,5,5,1935,0,0,0,NA,0,132A,DEL AMO BL,BLOOMFIELD AV,0,NA,Y,F,-,N,NA,NA,NA,NA,NA,NA,NA,NA,NA,Y,3,0,1,2,A,-,09,21801,A,N,A,C,A,A,H,-,A,A,0,NA,NA,NA,NA,Y,NA,A,01,0,1,0,0,0,0,0,0,0,-,-,NA,NA,LOS ANGELES,LAKEWOOD,-118.06350708007813,33.846221923828125
9155054,2020,2020-10-14,1942,2020-08-13,2348,41792,1215,4,5,7,1942,0,0,0,L,0,77TH,VERMONT AV,56TH ST,0,NA,Y,A,-,N,NA,NA,NA,NA,NA,NA,NA,NA,NA,Y,3,0,3,2,A,-,03,22350,NA,N,A,C,A,A,H,-,B,D,0,NA,NA,NA,NA,Y,NA,A,01,0,3,0,0,0,0,0,0,0,-,-,NA,NA,LOS ANGELES,LOS ANGELES,-118.29148864746094,33.99140167236328
9155056,2020,2020-11-20,1900,2020-09-06,2000,637314,1332,7,5,5,1908,0,0,0,NA,0,133T2,LAKEWOOD BL,SOMERSET BL,15,S,N,A,-,N,NA,NA,19,NA,NA,NA,NA,NA,NA,Y,4,0,1,2,A,-,21,22106,NA,N,C,C,A,A,-,-,C,A,0,NA,NA,NA,NA,Y,NA,A,01,0,0,1,0,0,0,0,0,0,-,-,33.89630126953125,-118.1427001953125,LOS ANGELES,BELLFLOWER,-118.14264678955078,33.89630126953125
9155058,2020,2020-10-14,1942,2020-08-14,1005,43645,1273,5,5,7,1942,0,0,0,L,0,NA,MANCHESTER AV,GRAMERCY PL,0,NA,Y,A,-,N,NA,NA,NA,NA,NA,NA,NA,NA,NA,N,4,0,1,2,A,-,00,20015,NA,F,A,C,A,A,H,-,A,D,0,NA,NA,NA,NA,Y,NA,-,99,0,0,1,0,0,0,0,0,0,-,-,NA,NA,LOS ANGELES,LOS ANGELES,-118.31337738037108,33.9599609375
9155060,2020,2020-11-20,1900,2020-09-02,1513,407852,1321,3,5,5,1935,0,0,0,NA,0,132T1,CLARK AV,DEL AMO BL,0,NA,Y,A,-,N,NA,NA,NA,NA,NA,NA,NA,NA,NA,Y,4,0,1,2,A,-,09,21801,A,N,D,C,A,A,H,-,A,A,0,NA,NA,NA,NA,Y,NA,A,01,0,0,1,0,0,0,0,0,0,-,-,NA,NA,LOS ANGELES,LAKEWOOD,-118.13379669189452,33.84714126586914
9155062,2020,2020-10-14,1942,2020-08-15,0346,43582,1245,6,5,7,1942,0,0,0,L,0,1245W,VERMONT,73RD ST,15,N,N,A,-,N,NA,NA,NA,NA,NA,NA,NA,NA,NA,N,4,0,1,2,A,-,14,21201,D,F,-,J,A,A,H,-,D,D,0,NA,Y,NA,NA,Y,NA,-,99,0,0,1,0,0,0,1,0,0,-,-,NA,NA,LOS ANGELES,LOS ANGELES,-118.29188537597656,33.97371292114258
9155085,2020,2020-10-19,1942,2020-08-24,1035,43791,1269,1,5,7,1942,0,0,0,L,0,25T21W,AVALON BL,E 80TH ST,120,S,N,A,-,N,NA,NA,NA,NA,NA,NA,NA,NA,NA,Y,3,0,1,2,A,-,08,22102,NA,N,C,C,A,A,H,-,A,D,0,NA,NA,NA,NA,Y,NA,A,01,0,1,0,0,0,0,0,0,0,-,-,NA,NA,LOS ANGELES,LOS ANGELES,-118.26515197753906,33.96614074707031
9155089,2020,2020-10-15,1942,2020-08-24,0740,43791,1263,1,5,7,1942,0,0,0,L,0,25T21W,S WESTERN AV,W MANCHESTER AV,0,NA,Y,B,-,N,NA,NA,NA,NA,NA,NA,NA,NA,NA,N,3,0,1,2,A,-,05,21650,NA,N,H,G,A,A,H,-,A,A,0,NA,Y,NA,NA,Y,NA,L,04,0,1,0,0,0,0,1,0,0,-,-,NA,NA,LOS ANGELES,LOS ANGELES,-118.30901336669922,33.95996856689453
9155091,2020,2020-11-20,1925,2020-09-01,1635,21089,276,2,5,6,1925,0,0,0,NA,0,003,LOS FELIZ RD,BRAND BL,0,NA,Y,A,-,N,NA,NA,NA,NA,NA,NA,NA,NA,NA,Y,4,0,2,2,A,-,09,21801,A,N,D,C,A,A,H,-,A,A,0,NA,NA,NA,NA,Y,NA,A,01,0,0,2,0,0,0,0,0,0,-,-,NA,NA,LOS ANGELES,GLENDALE,-118.25496673583984,34.12868881225586
9155093,2020,2020-10-14,1942,2020-08-24,1710,43258,1266,1,5,7,1942,0,0,0,L,0,12X4W7,FIGUEROA ST,81ST ST,20,S,N,A,-,N,NA,NA,NA,NA,NA,NA,NA,NA,NA,N,3,0,1,2,A,-,03,22350,NA,F,B,B,E,A,H,-,A,-,0,Y,NA,NA,NA,Y,Y,-,99,0,1,0,0,1,0,0,0,0,-,-,NA,NA,LOS ANGELES,LOS ANGELES,-118.28272247314452,33.965885162353516
9155097,2020,2020-10-19,1942,2020-08-24,1400,43039,1242,1,5,7,1942,0,0,0,L,0,12A69,65TH PL,VAN NESS,150,W,N,A,-,N,NA,NA,NA,NA,NA,NA,NA,NA,NA,N,4,0,1,2,A,-,09,21804,A,N,A,C,A,A,H,-,A,D,0,NA,NA,NA,NA,Y,NA,A,01,0,0,1,0,0,0,0,0,0,-,-,NA,NA,LOS ANGELES,LOS ANGELES,-118.31821441650392,33.97999954223633
9155101,2020,2020-10-14,1942,2020-08-24,1500,42458,1243,1,5,7,1942,0,0,0,L,0,12A577,WESTERN AV,64TH ST,0,NA,Y,A,-,N,NA,NA,NA,NA,NA,NA,NA,NA,NA,Y,4,0,2,3,A,-,12,22450,A,F,A,C,A,A,H,-,A,D,0,NA,NA,NA,NA,Y,NA,-,99,0,0,2,0,0,0,0,0,0,-,-,NA,NA,LOS ANGELES,LOS ANGELES,-118.3089599609375,33.98139953613281
9155105,2020,2020-10-19,1942,2020-08-23,1706,42127,1249,7,5,7,1942,0,0,0,L,0,12X42,S FIGUEROA ST,W 62ND ST,0,NA,Y,A,-,N,NA,NA,NA,NA,NA,NA,NA,NA,NA,Y,4,0,1,3,A,-,03,22350,NA,N,A,C,A,A,H,-,A,D,0,NA,NA,NA,NA,Y,NA,A,01,0,0,1,0,0,0,0,0,0,-,-,NA,NA,LOS ANGELES,LOS ANGELES,-118.2826690673828,33.98324966430664
9155109,2020,2020-10-19,1942,2020-08-21,1205,44346,1259,5,5,7,1942,0,0,0,L,0,12A57,AVALON BL,76TH PL,0,NA,Y,A,-,N,NA,NA,NA,NA,NA,NA,NA,NA,NA,N,4,0,1,2,A,-,03,22350,NA,N,C,C,A,A,H,-,A,D,0,NA,NA,NA,NA,Y,NA,A,01,0,0,1,0,0,0,0,0,0,-,-,NA,NA,LOS ANGELES,LOS ANGELES,-118.26516723632813,33.97023010253906
9155113,2020,2020-10-26,1942,2020-08-19,0940,38979,1268,3,5,7,1942,0,0,0,L,0,12A69,MAIN ST,85TH ST,30,N,N,A,-,N,NA,NA,NA,NA,NA,NA,NA,NA,NA,N,4,0,1,3,A,-,09,21804,NA,M,D,C,A,A,H,-,A,D,0,NA,NA,NA,NA,Y,NA,A,01,0,0,1,0,0,0,0,0,0,-,-,NA,NA,LOS ANGELES,LOS ANGELES,-118.27388763427734,33.961612701416016
9155117,2020,2020-10-14,1942,2020-08-19,1430,44267,1268,3,5,7,1942,0,0,0,L,0,12A73,79TH ST,MAIN ST,0,NA,Y,A,-,N,NA,NA,NA,NA,NA,NA,NA,NA,NA,N,4,0,1,2,A,-,12,21453,A,F,D,C,A,A,H,-,A,A,0,NA,NA,NA,NA,Y,NA,-,99,0,0,1,0,0,0,0,0,0,-,-,NA,NA,LOS ANGELES,LOS ANGELES,-118.27391052246094,33.96786880493164
9155161,2020,2021-01-20,1942,2020-09-03,0340,31652,1525,4,5,7,1942,0,0,0,O,0,15A33,BURBANK BL,COLFAX AV,0,NA,Y,A,-,N,NA,NA,NA,NA,NA,NA,NA,NA,NA,Y,4,0,1,6,A,-,12,21453,A,F,A,C,A,A,H,-,C,A,0,NA,NA,NA,NA,Y,NA,A,01,0,0,1,0,0,0,0,0,0,-,-,NA,NA,LOS ANGELES,LOS ANGELES,-118.38777160644533,34.17216110229492
9155162,2020,2021-01-20,1942,2020-09-01,2025,44090,1519,2,5,7,1942,0,0,0,O,0,15A24,VINELAND AV,ARCHWOOD ST,130,N,N,A,-,N,NA,NA,NA,NA,NA,NA,NA,NA,NA,N,4,0,2,2,A,-,09,21804,A,N,D,C,A,A,H,-,C,D,0,NA,NA,NA,NA,Y,NA,-,99,0,0,2,0,0,0,0,0,0,-,-,NA,NA,LOS ANGELES,LOS ANGELES,-118.37030792236328,34.192466735839844
9155163,2020,2021-01-20,1942,2020-09-04,1740,38010,1606,5,5,7,1942,0,0,0,P,0,16A36,OSBORNE ST,OSBORNE PL,150,E,N,A,-,N,NA,NA,NA,NA,NA,NA,NA,NA,NA,N,4,0,2,2,A,-,07,21658,A,F,C,C,A,A,H,-,A,D,0,NA,NA,NA,NA,Y,NA,-,99,0,0,2,0,0,0,0,0,0,-,-,NA,NA,LOS ANGELES,LOS ANGELES,-118.4034423828125,34.258731842041016
9155164,2020,2021-01-20,1942,2020-09-05,1300,43822,1588,6,5,7,1942,0,0,0,O,0,15A67,FOREST LAWN DR,BARHAM BL,30,W,N,A,-,N,NA,NA,NA,NA,NA,NA,NA,NA,NA,N,4,0,1,2,A,-,07,21658,A,F,B,C,A,A,H,-,A,A,0,NA,NA,NA,NA,Y,NA,-,99,0,0,1,0,0,0,0,0,0,-,-,NA,NA,LOS ANGELES,LOS ANGELES,-118.3414306640625,34.14316940307617
9155165,2020,2021-01-20,1942,2020-09-07,1330,34265,1689,1,5,7,1942,0,0,0,P,0,16A81,SUNLAND BL,ROSALES ST,180,S,N,A,-,N,NA,NA,NA,NA,NA,NA,NA,NA,NA,N,4,0,1,2,A,-,03,22350,NA,F,C,C,A,A,H,-,A,D,0,NA,NA,NA,NA,Y,NA,-,99,0,0,1,0,0,0,0,0,0,-,-,NA,NA,LOS ANGELES,LOS ANGELES,NA,NA
9155166,2020,2021-01-20,1942,2020-09-03,2002,38010,1004,4,5,7,1942,0,0,0,J,0,10A3,RESEDA BL,LANARK ST,250,N,N,A,-,N,NA,NA,NA,NA,NA,NA,NA,NA,NA,Y,3,0,1,2,A,-,08,22107,NA,F,B,C,A,A,H,-,C,D,0,NA,NA,NA,NA,Y,NA,-,99,0,1,0,0,0,0,0,0,0,-,-,NA,NA,LOS ANGELES,LOS ANGELES,-118.53607940673828,34.21814727783203