CASE_ID,ACCIDENT_YEAR,PROC_DATE,JURIS,COLLISION_DATE,COLLISION_TIME,OFFICER_ID,REPORTING_DISTRICT,DAY_OF_WEEK,CHP_SHIFT,POPULATION,CNTY_CITY_LOC,SPECIAL_COND,BEAT_TYPE,CHP_BEAT_TYPE,CITY_DIVISION_LAPD,CHP_BEAT_CLASS,BEAT_NUMBER,PRIMARY_RD,SECONDARY_RD,DISTANCE,DIRECTION,INTERSECTION,WEATHER_1,WEATHER_2,STATE_HWY_IND,CALTRANS_COUNTY,CALTRANS_DISTRICT,STATE_ROUTE,ROUTE_SUFFIX,POSTMILE_PREFIX,POSTMILE,LOCATION_TYPE,RAMP_INTERSECTION,SIDE_OF_HWY,TOW_AWAY,COLLISION_SEVERITY,NUMBER_KILLED,NUMBER_INJURED,PARTY_COUNT,PRIMARY_COLL_FACTOR,PCF_CODE_OF_VIOL,PCF_VIOL_CATEGORY,PCF_VIOLATION,PCF_VIOL_SUBSECTION,HIT_AND_RUN,TYPE_OF_COLLISION,MVIW,PED_ACTION,ROAD_SURFACE,ROAD_COND_1,ROAD_COND_2,LIGHTING,CONTROL_DEVICE,CHP_ROAD_TYPE,PEDESTRIAN_ACCIDENT,BICYCLE_ACCIDENT,MOTORCYCLE_ACCIDENT,TRUCK_ACCIDENT,NOT_PRIVATE_PROPERTY,ALCOHOL_INVOLVED,STWD_VEHTYPE_AT_FAULT,CHP_VEHTYPE_AT_FAULT,COUNT_SEVERE_INJ,COUNT_VISIBLE_INJ,COUNT_COMPLAINT_PAIN,COUNT_PED_KILLED,COUNT_PED_INJURED,COUNT_BICYCLIST_KILLED,COUNT_BICYCLIST_INJURED,COUNT_MC_KILLED,COUNT_MC_INJURED,PRIMARY_RAMP,SECONDARY_RAMP,LATITUDE,LONGITUDE,COUNTY,CITY,POINT_X,POINT_Y
9157264,2020,2020-11-18,1942,2020-09-15,1340,44338,1532,2,5,7,1942,0,0,0,O,0,15A68,LAUREL CANYON BL,CALIFA,166,N,N,A,-,N,NA,NA,NA,NA,NA,NA,NA,NA,NA,N,4,0,1,2,A,-,08,22102,NA,N,D,C,A,A,H,-,A,A,0,NA,NA,NA,NA,Y,NA,A,07,0,0,1,0,0,0,0,0,0,-,-,NA,NA,LOS ANGELES,LOS ANGELES,-118.3965072631836,34.177764892578125
9157271,2020,2020-11-23,1902,2020-09-07,1740,710,15,1,5,5,1902,0,0,0,NA,0,003,HOLLY AV,HUNTINGTON DR,0,NA,Y,B,-,N,NA,NA,NA,NA,NA,NA,NA,NA,NA,Y,4,0,1,2,A,-,12,21453,A,N,D,C,A,A,H,-,A,A,0,NA,NA,NA,NA,Y,NA,-,-,0,0,1,0,0,0,0,0,0,-,-,NA,NA,LOS ANGELES,ARCADIA,-118.04592895507813,34.13153839111328
9157272,2020,2020-11-18,1902,2020-09-17,2343,779,12,4,5,5,1902,0,0,0,NA,0,003,SANTA ANITA AV,COLORADO BL,0,NA,Y,A,-,N,NA,NA,NA,NA,NA,NA,NA,NA,NA,Y,3,0,2,2,A,-,12,21453,A,N,D,C,A,A,H,-,C,A,0,NA,NA,NA,NA,Y,NA,A,01,0,1,1,0,0,0,0,0,0,-,-,NA,NA,LOS ANGELES,ARCADIA,-118.03160858154295,34.14548873901367
9157273,2020,2020-11-18,1902,2020-09-17,0912,798,24,4,5,5,1902,0,0,0,NA,0,004,CAMINO REAL AV,SANTA ANITA AV,0,NA,Y,A,-,N,NA,NA,NA,NA,NA,NA,NA,NA,NA,Y,3,0,1,2,A,-,12,21453,A,N,D,C,A,A,H,-,A,A,0,NA,NA,NA,NA,Y,NA,A,01,0,1,0,0,0,0,0,0,0,-,-,NA,NA,LOS ANGELES,ARCADIA,-118.03115844726564,34.12179946899414
9157344,2020,2020-10-16,1900,2020-08-24,1827,526486,0977,1,5,4,1979,0,0,0,NA,0,93T1,HOLLOWAY DR,WESTBOURNE DR,0,NA,Y,A,-,N,NA,NA,NA,NA,NA,NA,NA,NA,NA,N,4,0,1,2,A,-,10,21950,A,N,G,B,B,A,H,-,A,D,0,Y,NA,NA,NA,Y,NA,A,01,0,0,1,0,1,0,0,0,0,-,-,34.09029006958008,-118.3789520263672,LOS ANGELES,WEST HOLLYWOOD,-118.37923,34.09059
9157345,2020,2020-10-16,1900,2020-08-14,1529,620929,0974,5,5,4,1979,0,0,0,NA,0,92T3,FOUNTAIN AV,GARDNER ST,0,NA,Y,A,-,N,NA,NA,NA,NA,NA,NA,NA,NA,NA,Y,3,0,1,2,A,-,12,21453,A,N,D,C,A,A,H,-,A,A,0,NA,NA,NA,NA,Y,NA,A,01,0,1,0,0,0,0,0,0,0,-,-,34.094398498535156,-118.35279846191406,LOS ANGELES,WEST HOLLYWOOD,-118.35285186767578,34.09437942504883
9157348,2020,2020-10-16,1900,2020-08-29,1115,527698,0974,6,5,4,1979,0,0,0,NA,0,92T4,FOUNTAIN AV,FAIRFAX AV,0,NA,Y,A,-,N,NA,NA,NA,NA,NA,NA,NA,NA,NA,Y,3,0,1,2,A,-,08,22100,B,N,A,C,A,A,H,-,A,A,0,NA,NA,NA,NA,Y,NA,A,01,0,1,0,0,0,0,0,0,0,-,-,34.094520568847656,-118.36151885986328,LOS ANGELES,WEST HOLLYWOOD,-118.36154174804688,34.094459533691406
9157349,2020,2020-10-16,1900,2020-08-27,1345,527698,0973,4,5,4,1979,0,0,0,NA,0,92T4,FOUNTAIN AV,FORMOSA AV,0,NA,Y,A,-,N,NA,NA,NA,NA,NA,NA,NA,NA,NA,N,3,0,1,2,A,-,10,21950,A,N,G,B,B,A,H,-,A,A,0,Y,NA,NA,NA,Y,NA,A,07,0,1,0,0,1,0,0,0,0,-,-,34.09437942504883,-118.34619140625,LOS ANGELES,WEST HOLLYWOOD,-118.34626007080078,34.0943489074707
9157350,2020,2020-10-16,1900,2020-08-25,1353,620929,0972,2,5,4,1979,0,0,0,NA,0,92T2,SAN VICENTE BL,DORRINGTON AV,0,NA,Y,A,-,N,NA,NA,NA,NA,NA,NA,NA,NA,NA,Y,3,0,1,2,A,-,09,21802,A,N,D,C,A,A,H,-,A,D,0,NA,NA,Y,NA,Y,NA,A,01,0,1,0,0,0,0,0,0,1,-,-,34.08000183105469,-118.38224792480467,LOS ANGELES,WEST HOLLYWOOD,-118.38224792480467,34.07999038696289
9157351,2020,2020-10-16,1900,2020-08-28,1600,547642,0973,5,5,4,1979,0,0,0,NA,0,93T4,LA BREA AV,SANTA MONICA BL,382,N,N,A,-,N,NA,NA,NA,NA,NA,NA,NA,NA,NA,N,4,0,1,2,A,-,00,21952,A,N,G,B,F,A,H,-,A,D,0,Y,NA,NA,NA,Y,NA,A,01,0,0,1,0,1,0,0,0,0,-,-,NA,NA,LOS ANGELES,WEST HOLLYWOOD,-118.34408569335938,34.09174728393555
9157354,2020,2020-10-16,1948,2020-08-03,1300,420,1948,1,5,5,1948,0,0,0,NA,0,002,HELLMAN AV,MCPHERRIN AV,0,NA,Y,A,-,N,NA,NA,NA,NA,NA,NA,NA,NA,NA,NA,4,0,1,2,A,-,09,21801,A,N,A,C,A,A,H,-,A,A,0,NA,NA,NA,NA,Y,NA,-,NA,0,0,1,0,0,0,0,0,0,-,-,NA,NA,LOS ANGELES,MONTEREY PARK,-118.12764739990234,34.06975173950195
9157357,2020,2020-10-16,1948,2020-08-28,0652,449,1948,5,5,5,1948,0,0,0,NA,0,001,1ST ST,SCHOOLSIDE AV,13,E,N,A,-,N,NA,NA,NA,NA,NA,NA,NA,NA,NA,Y,3,0,2,3,A,-,08,22107,NA,N,B,E,A,A,H,-,A,D,0,NA,NA,NA,NA,Y,NA,A,01,0,1,1,0,0,0,0,0,0,-,-,NA,NA,LOS ANGELES,MONTEREY PARK,-118.15126800537108,34.037574768066406
9157358,2020,2020-10-16,1948,2020-08-31,1107,398,1948,1,5,5,1948,0,0,0,NA,0,001,MONTEREY PASS RD,VAGABOND RD,0,NA,Y,A,-,N,NA,NA,NA,NA,NA,NA,NA,NA,NA,Y,3,0,1,2,A,-,12,21453,A,N,D,C,A,A,H,-,A,A,0,NA,NA,NA,NA,Y,NA,A,08,0,1,0,0,0,0,0,0,0,-,-,NA,NA,LOS ANGELES,MONTEREY PARK,-118.1510009765625,34.05331039428711
9157360,2020,2020-10-16,1948,2020-08-25,0117,470,1948,2,5,5,1948,0,0,0,NA,0,002,ATLANTIC BL,MABEL AV,214,S,N,A,-,N,NA,NA,NA,NA,NA,NA,NA,NA,NA,Y,3,0,1,1,A,-,01,23152,A,N,F,J,A,A,H,-,C,D,0,NA,NA,NA,NA,Y,Y,A,01,0,1,0,0,0,0,0,0,0,-,-,NA,NA,LOS ANGELES,MONTEREY PARK,-118.13385772705078,34.061031341552734
9157381,2020,2021-01-11,1942,2020-10-03,1900,44208,1519,6,5,7,1942,0,0,0,O,0,15A27,VICTORY BL,CLEON AV,0,NA,Y,A,-,N,NA,NA,NA,NA,NA,NA,NA,NA,NA,N,4,0,3,2,A,-,09,21802,A,N,D,C,A,A,H,-,C,A,0,NA,NA,NA,NA,Y,NA,-,NA,0,0,3,0,0,0,0,0,0,-,-,NA,NA,LOS ANGELES,LOS ANGELES,-118.36815643310548,34.18672180175781
9157387,2020,2021-01-12,1942,2020-10-02,1855,39410,1718,5,5,7,1942,0,0,0,Q,0,17A49,SAN FERNANDO MISSION BL,GAYNOR AV,48,E,N,A,-,N,NA,NA,NA,NA,NA,NA,NA,NA,NA,N,2,0,2,3,A,-,09,21453,B,N,H,G,A,A,H,-,C,A,0,NA,Y,NA,NA,Y,Y,L,04,1,0,1,0,0,0,1,0,0,-,-,NA,NA,LOS ANGELES,LOS ANGELES,-118.48020935058594,34.271888732910156
9157388,2020,2021-01-12,1942,2020-10-02,2000,34561,1063,5,5,7,1942,0,0,0,J,0,10A83,VENTURA BL,RESEDA BL,0,NA,Y,A,-,N,NA,NA,NA,NA,NA,NA,NA,NA,NA,Y,2,0,1,2,A,-,09,21801,A,N,A,C,A,A,H,-,C,A,0,NA,NA,Y,NA,Y,NA,A,08,1,0,0,0,0,0,0,0,1,-,-,NA,NA,LOS ANGELES,LOS ANGELES,-118.53607940673828,34.168758392333984
9157396,2020,2021-02-02,1924,2020-10-03,0924,80434,03,6,5,5,1924,0,0,0,NA,0,002,NORMANDIE AV,EL SEGUNDO BL,244,S,N,A,-,N,NA,NA,NA,NA,NA,NA,NA,NA,NA,Y,4,0,2,2,A,-,01,23152,B,N,D,C,A,A,H,-,A,D,0,NA,NA,NA,NA,Y,Y,A,01,0,0,2,0,0,0,0,0,0,-,-,33.91643142700195,-118.30039215087892,LOS ANGELES,GARDENA,-118.30039978027344,33.9157600402832
9157397,2020,2021-02-02,1924,2020-10-02,2040,80453,G6,5,5,5,1924,0,0,0,NA,0,0G1,ARTESIA BL,VERMONT AV,91,W,N,A,-,N,NA,NA,NA,NA,NA,NA,NA,NA,NA,N,4,0,1,3,A,-,03,22350,NA,N,C,C,A,A,H,-,C,A,0,NA,NA,NA,NA,Y,NA,A,07,0,0,1,0,0,0,0,0,0,-,-,33.87276840209961,-118.29090118408205,LOS ANGELES,GARDENA,-118.29122924804688,33.87287521362305
9157398,2020,2021-02-01,1931,2020-10-02,0852,5315,1931,5,5,5,1931,0,0,0,NA,0,001,PACIFIC BL,SLAUSON AV,380,S,N,A,-,N,NA,NA,NA,NA,NA,NA,NA,NA,NA,N,4,0,1,2,A,-,09,21801,A,N,D,C,A,A,H,-,A,D,0,NA,NA,NA,NA,Y,NA,A,01,0,0,1,0,0,0,0,0,0,-,-,NA,NA,LOS ANGELES,HUNTINGTON PARK,-118.22521209716795,33.9881591796875
9157399,2020,2021-02-01,1929,2020-10-03,1008,178,NA,6,5,3,1929,0,0,0,NA,0,002,HERMOSA AV,26TH ST,50,N,N,A,-,N,NA,NA,NA,NA,NA,NA,NA,NA,NA,N,4,0,1,2,D,-,00,NA,NA,N,A,G,A,A,H,-,A,A,0,NA,Y,NA,NA,Y,NA,-,-,0,0,1,0,0,0,1,0,0,-,-,NA,NA,LOS ANGELES,HERMOSA BEACH,-118.4052276611328,33.87213134765625
9157421,2020,2020-10-15,1948,2020-07-22,1126,469,1948,3,5,5,1948,0,0,0,NA,0,002,EMERSON AV,SIERRA VISTA ST,23,E,N,A,-,N,NA,NA,NA,NA,NA,NA,NA,NA,NA,Y,4,0,2,2,A,-,03,22350,NA,N,C,C,A,A,H,-,A,A,0,NA,NA,NA,NA,Y,NA,-,NA,0,0,2,0,0,0,0,0,0,-,-,NA,NA,LOS ANGELES,MONTEREY PARK,-118.11528778076172,34.06617736816406
9157422,2020,2020-10-15,1948,2020-07-23,1412,423,NA,4,5,5,1948,0,0,0,NA,0,001,MONTEREY PASS RD,FREMONT AV,0,NA,Y,A,-,N,NA,NA,NA,NA,NA,NA,NA,NA,NA,Y,3,0,1,3,A,-,22,23123,A,N,C,D,A,A,H,-,A,A,0,NA,NA,NA,NA,Y,NA,-,NA,0,1,0,0,0,0,0,0,0,-,-,NA,NA,LOS ANGELES,MONTEREY PARK,-118.14463043212892,34.05855178833008
9157423,2020,2020-10-15,1948,2020-07-23,1743,468,1948,4,5,5,1948,0,0,0,NA,0,013,GARFIELD AV,GRAVES AV,0,NA,Y,A,-,N,NA,NA,NA,NA,NA,NA,NA,NA,NA,N,4,0,1,2,A,-,08,22107,NA,M,D,C,A,A,H,-,A,A,0,NA,NA,NA,NA,Y,NA,-,NA,0,0,1,0,0,0,0,0,0,-,-,NA,NA,LOS ANGELES,MONTEREY PARK,-118.12583923339844,34.05519104003906
9157425,2020,2020-10-15,1948,2020-07-28,0851,468,1948,2,5,5,1948,0,0,0,NA,0,003,ATLANTIC BL,EL REPETTO DR,276,S,N,A,-,N,NA,NA,NA,NA,NA,NA,NA,NA,NA,Y,4,0,1,3,A,-,08,22107,NA,M,C,E,A,A,H,-,A,A,0,NA,NA,NA,NA,Y,NA,A,01,0,0,1,0,0,0,0,0,0,-,-,NA,NA,LOS ANGELES,MONTEREY PARK,-118.14051818847656,34.0457649230957
9157427,2020,2020-10-16,1948,2020-07-23,1447,463,1948,4,5,5,1948,0,0,0,NA,0,004,GRAVES AV,ORANGE AV,154,W,N,A,-,N,NA,NA,NA,NA,NA,NA,NA,NA,NA,N,4,0,1,2,A,-,11,21954,A,N,G,B,E,A,H,-,A,D,0,Y,NA,NA,NA,Y,NA,N,60,0,0,1,0,1,0,0,0,0,-,-,NA,NA,LOS ANGELES,MONTEREY PARK,-118.11290740966795,34.055320739746094
9157428,2020,2020-10-15,1948,2020-07-31,0925,356,1948,5,5,5,1948,0,0,0,NA,0,001,1ST ST,WOODS AV,0,NA,Y,A,-,N,NA,NA,NA,NA,NA,NA,NA,NA,NA,Y,4,0,2,2,A,-,09,21801,A,N,D,C,A,A,H,-,A,A,0,NA,NA,NA,NA,Y,NA,A,01,0,0,2,0,0,0,0,0,0,-,-,34.03710174560547,-118.15586853027344,LOS ANGELES,MONTEREY PARK,-118.1558837890625,34.037071228027344
9157430,2020,2020-10-20,1948,2020-07-11,2125,464,1948,6,5,5,1948,0,0,0,NA,0,003,ATLANTIC BL,RIGGIN ST,496,N,N,A,-,N,NA,NA,NA,NA,NA,NA,NA,NA,NA,Y,3,0,4,4,A,-,03,22350,NA,N,D,C,A,A,H,-,C,A,0,NA,NA,NA,NA,Y,NA,A,01,0,2,2,0,0,0,0,0,0,-,-,34.03750991821289,-118.14644622802734,LOS ANGELES,MONTEREY PARK,-118.14513397216795,34.038326263427734
9157431,2020,2020-10-15,1948,2020-07-19,2112,425,1948,7,5,5,1948,0,0,0,NA,0,002,GARVEY AV,ABAJO DR,40,E,N,A,-,N,NA,NA,NA,NA,NA,NA,NA,NA,NA,Y,4,0,2,2,A,-,09,21801,A,N,D,C,A,A,H,-,C,A,0,NA,NA,NA,NA,Y,NA,A,07,0,0,2,0,0,0,0,0,0,-,-,NA,NA,LOS ANGELES,MONTEREY PARK,-118.14557647705078,34.059959411621094
9157432,2020,2020-10-15,1948,2020-07-04,1321,455,1948,6,5,5,1948,0,0,0,NA,0,002,HELLMAN AV,CHANDLER AV,17,E,N,A,-,N,NA,NA,NA,NA,NA,NA,NA,NA,NA,Y,4,0,1,2,A,-,09,21802,A,N,D,C,A,A,H,-,A,A,0,NA,NA,Y,NA,Y,NA,C,02,0,0,1,0,0,0,0,0,0,-,-,NA,NA,LOS ANGELES,MONTEREY PARK,-118.13208770751952,34.06975173950195
9157433,2020,2020-10-15,1948,2020-07-07,1004,356,1948,2,5,5,1948,0,0,0,NA,0,001,ATLANTIC BL,EL REPETTO DR,200,S,N,A,-,N,NA,NA,NA,NA,NA,NA,NA,NA,NA,N,4,0,2,3,A,-,03,22350,NA,N,C,C,A,A,H,-,A,A,0,NA,NA,NA,NA,Y,NA,A,01,0,0,2,0,0,0,0,0,0,-,-,34.04648971557617,-118.14031219482422,LOS ANGELES,MONTEREY PARK,-118.14045715332033,34.04596710205078
9157434,2020,2020-10-21,1948,2020-07-28,1453,469,1948,2,5,5,1948,0,0,0,NA,0,002,ATLANTIC BL,EMERSON AV,0,NA,Y,A,-,N,NA,NA,NA,NA,NA,NA,NA,NA,NA,N,4,0,1,2,A,-,12,21453,A,N,D,C,A,A,H,-,A,A,0,NA,NA,NA,NA,Y,NA,-,-,0,0,1,0,0,0,0,0,0,-,-,NA,NA,LOS ANGELES,MONTEREY PARK,-118.13433074951172,34.06610870361328
9157435,2020,2020-10-15,1948,2020-07-24,0943,455,1948,5,5,5,1948,0,0,0,NA,0,002,GARVEY AV,RURAL DR,3,W,N,A,-,N,NA,NA,NA,NA,NA,NA,NA,NA,NA,N,4,0,1,2,A,-,09,21802,A,N,D,C,A,A,H,-,A,D,0,NA,NA,NA,NA,Y,NA,A,01,0,0,1,0,0,0,0,0,0,-,-,NA,NA,LOS ANGELES,MONTEREY PARK,-118.11409759521484,34.062591552734375
9157614,2020,2020-12-02,1942,2020-09-30,2220,33504,1767,3,5,7,1942,0,0,0,Q,0,17A67,PLUMMER ST,WILBUR AV,0,NA,Y,A,-,N,NA,NA,NA,NA,NA,NA,NA,NA,NA,N,3,0,1,2,A,-,09,21801,A,N,D,G,A,A,H,-,C,A,0,NA,Y,NA,NA,Y,NA,A,01,0,1,0,0,0,0,1,0,0,-,-,NA,NA,LOS ANGELES,LOS ANGELES,-118.54483032226564,34.24272918701172
9157615,2020,2020-12-02,1942,2020-09-30,1130,31392,1018,3,5,7,1942,0,0,0,J,0,10A39,SHERMAN WY,WOODLEY AV,0,NA,Y,A,-,N,NA,NA,NA,NA,NA,NA,NA,NA,NA,Y,3,0,3,3,A,-,09,21801,A,N,D,C,A,A,H,-,A,A,0,NA,NA,NA,NA,Y,NA,A,01,0,1,2,0,0,0,0,0,0,-,-,NA,NA,LOS ANGELES,LOS ANGELES,-118.48368072509766,34.201171875
9157616,2020,2020-12-02,1942,2020-09-30,1345,38687,0914,3,5,7,1942,0,0,0,I,0,9A23,HARTLAND ST,VAN NUYS BL,35,W,N,A,-,N,NA,NA,NA,NA,NA,NA,NA,NA,NA,N,4,0,1,2,A,-,03,22350,NA,N,C,C,A,A,H,-,A,D,0,NA,NA,NA,NA,Y,NA,A,01,0,0,1,0,0,0,0,0,0,-,-,NA,NA,LOS ANGELES,LOS ANGELES,-118.44886779785156,34.19514083862305
9157617,2020,2020-12-02,1942,2020-09-30,0720,38326,1677,3,5,7,1942,0,0,0,P,0,16A77,GLENOAK BL,HOLLYWOOD WY,0,NA,Y,A,-,N,NA,NA,NA,NA,NA,NA,NA,NA,NA,N,3,0,2,2,A,-,08,22100,NA,N,D,C,A,A,H,-,A,D,0,NA,NA,NA,NA,Y,NA,A,01,0,1,1,0,0,0,0,0,0,-,-,NA,NA,LOS ANGELES,LOS ANGELES,-118.34893035888672,34.21350860595703
9157618,2020,2020-12-02,1942,2020-09-29,1855,40972,0939,2,5,7,1942,0,0,0,I,0,9A37,ERWIN ST,FULTON AV,100,W,N,A,-,N,NA,NA,NA,NA,NA,NA,NA,NA,NA,Y,4,0,2,2,A,-,21,22106,NA,N,D,C,A,A,H,-,A,D,0,NA,NA,NA,NA,Y,NA,A,01,0,0,2,0,0,0,0,0,0,-,-,NA,NA,LOS ANGELES,LOS ANGELES,-118.4228286743164,34.183040618896484
9157619,2020,2020-12-02,1942,2020-09-29,1125,31392,1633,2,5,7,1942,0,0,0,P,0,16A23,BORDEN AV,TERRA BELLA ST,100,N,N,A,-,N,NA,NA,NA,NA,NA,NA,NA,NA,NA,N,3,0,1,2,A,-,21,22106,NA,N,B,G,A,A,H,-,A,D,0,NA,Y,NA,NA,Y,NA,A,01,0,1,0,0,0,0,1,0,0,-,-,NA,NA,LOS ANGELES,LOS ANGELES,-118.40233612060548,34.27029800415039
9157620,2020,2020-12-02,1942,2020-09-29,1005,43300,1684,2,5,7,1942,0,0,0,P,0,16A81,LAUREL CANYON BL,ROSCOE BL,0,NA,Y,A,-,N,NA,NA,NA,NA,NA,NA,NA,NA,NA,Y,4,0,1,3,A,-,12,21453,A,N,D,C,A,A,H,-,A,A,0,NA,NA,NA,NA,Y,NA,A,01,0,0,1,0,0,0,0,0,0,-,-,NA,NA,LOS ANGELES,LOS ANGELES,-118.3965072631836,34.221649169921875
9157621,2020,2020-12-04,1942,2020-09-29,2235,40065,1931,2,5,7,1942,0,0,0,NA,0,19A43,RINALDI ST,N SEPULVEDA BL,24,W,N,A,-,N,NA,NA,NA,NA,NA,NA,NA,NA,NA,Y,4,0,1,1,C,-,18,NA,NA,N,E,I,A,A,H,-,C,A,0,NA,NA,NA,NA,Y,NA,-,-,0,0,1,0,0,0,0,0,0,-,-,NA,NA,LOS ANGELES,LOS ANGELES,-118.4688720703125,34.279090881347656
9157622,2020,2020-12-01,1942,2020-09-29,0900,44393,1916,2,5,7,1942,0,0,0,NA,0,NA,HUBBARD ST,GLENOAKS BL,0,NA,Y,A,-,N,NA,NA,NA,NA,NA,NA,NA,NA,NA,Y,4,0,2,2,A,-,09,21801,NA,N,D,C,A,A,H,-,A,D,0,NA,NA,NA,NA,Y,NA,A,07,0,0,2,0,0,0,0,0,0,-,-,NA,NA,LOS ANGELES,LOS ANGELES,-118.4392318725586,34.29949188232422
9157623,2020,2020-12-01,1942,2020-09-29,1935,44210,2149,2,5,7,1942,0,0,0,NA,0,21A56,CORBIN AV,SHERMAN WAY,0,NA,Y,A,-,N,NA,NA,NA,NA,NA,NA,NA,NA,NA,Y,4,0,5,2,A,-,09,21801,A,N,B,C,A,A,H,-,C,A,0,NA,NA,NA,NA,Y,NA,A,01,0,0,5,0,0,0,0,0,0,-,-,NA,NA,LOS ANGELES,LOS ANGELES,-118.56224060058594,34.201148986816406
9157624,2020,2020-12-01,1942,2020-09-28,1950,42939,1905,1,5,7,1942,0,0,0,NA,0,19A7,FOOTHILL BL,ASTORIA ST,400,S,N,A,-,N,NA,NA,NA,NA,NA,NA,NA,NA,NA,N,2,0,1,2,A,-,11,21955,NA,N,G,B,D,A,H,-,C,D,0,Y,NA,NA,NA,Y,NA,N,60,1,0,0,0,1,0,0,0,0,-,-,NA,NA,LOS ANGELES,LOS ANGELES,-118.43629455566406,34.31208801269531
9157625,2020,2020-12-01,1942,2020-09-28,1800,44026,1035,1,5,7,1942,0,0,0,J,0,10X18,LINDLEY AV,VICTORY BL,0,NA,Y,A,-,N,NA,NA,NA,NA,NA,NA,NA,NA,NA,Y,3,0,2,3,A,-,09,21801,A,N,A,C,A,A,H,-,A,A,0,NA,NA,NA,NA,Y,NA,A,01,0,1,1,0,0,0,0,0,0,-,-,NA,NA,LOS ANGELES,LOS ANGELES,-118.52728271484376,34.18661117553711
9157626,2020,2020-12-01,1942,2020-09-28,1940,40972,1961,1,5,7,1942,0,0,0,NA,0,19A61,NORDHOFF ST,LANGDON AV,50,E,N,A,-,N,NA,NA,NA,NA,NA,NA,NA,NA,NA,N,4,0,2,2,A,-,04,21703,NA,F,C,C,A,A,H,-,C,A,0,NA,NA,NA,NA,Y,NA,-,99,0,0,2,0,0,0,0,0,0,-,-,NA,NA,LOS ANGELES,LOS ANGELES,-118.46961212158205,34.23554611206055
9157627,2020,2020-12-04,1942,2020-09-28,1640,41368,1735,1,5,7,1942,0,0,0,Q,0,17X82,CHATSWORTH ST,ETIWANDA AV,0,NA,Y,A,-,N,NA,NA,NA,NA,NA,NA,NA,NA,NA,Y,3,0,3,2,A,-,12,21453,A,N,D,C,A,A,H,-,A,A,0,NA,NA,NA,NA,Y,NA,-,-,0,3,0,0,0,0,0,0,0,-,-,NA,NA,LOS ANGELES,LOS ANGELES,-118.53173065185548,34.26454162597656
9157628,2020,2020-12-01,1942,2020-09-28,1905,37613,2129,1,5,7,1942,0,0,0,NA,0,21A29,CORBIN AV,SATICOY ST,0,NA,Y,A,-,N,NA,NA,NA,NA,NA,NA,NA,NA,NA,Y,4,0,2,2,A,-,09,21801,A,N,D,C,A,A,H,-,A,A,0,NA,NA,NA,NA,Y,NA,A,01,0,0,2,0,0,0,0,0,0,-,-,NA,NA,LOS ANGELES,LOS ANGELES,-118.56227111816406,34.20833969116211
9157629,2020,2020-12-10,1942,2020-09-28,1300,38398,1547,1,5,7,1942,0,0,0,O,0,15X5,BURBANK,TROOST AVE,0,NA,Y,A,-,N,NA,NA,NA,NA,NA,NA,NA,NA,NA,Y,4,0,1,2,D,-,00,NA,NA,N,B,D,A,A,H,-,A,A,0,NA,NA,NA,NA,Y,NA,-,-,0,0,1,0,0,0,0,0,0,-,-,NA,NA,LOS ANGELES,LOS ANGELES,-118.38661956787108,34.172149658203125
9157630,2020,2020-12-01,1942,2020-09-27,1210,44431,1021,7,5,7,1942,0,0,0,J,0,10A21,VANOWEN ST,CORBIN AV,0,NA,Y,A,-,N,NA,NA,NA,NA,NA,NA,NA,NA,NA,Y,4,0,2,2,A,-,09,21801,A,N,A,C,A,A,H,-,A,A,0,NA,NA,NA,NA,Y,NA,A,01,0,0,2,0,0,0,0,0,0,-,-,NA,NA,LOS ANGELES,LOS ANGELES,-118.56224822998048,34.19382095336914
9157631,2020,2020-12-01,1942,2020-09-27,0200,44130,1723,7,5,7,1942,0,0,0,Q,0,17A23,DELCO AV,BERMUDA ST,559,N,N,A,-,N,NA,NA,NA,NA,NA,NA,NA,NA,NA,Y,4,0,3,2,A,-,05,21650,NA,N,B,C,A,A,H,-,C,D,0,NA,NA,NA,NA,Y,NA,A,01,0,0,3,0,0,0,0,0,0,-,-,NA,NA,LOS ANGELES,LOS ANGELES,-118.57897186279295,34.26756286621094
9157632,2020,2020-12-04,1942,2020-09-27,2000,43876,TOPAN,7,5,7,1942,0,0,0,NA,0,21X56,CANOGA AV,VENTURA BL,0,NA,Y,A,-,N,NA,NA,NA,NA,NA,NA,NA,NA,NA,N,4,0,2,2,A,-,09,21801,A,N,A,C,A,A,H,-,B,A,0,NA,NA,NA,NA,Y,NA,A,07,0,0,2,0,0,0,0,0,0,-,-,NA,NA,LOS ANGELES,LOS ANGELES,-118.59744262695313,34.16786193847656
9157633,2020,2020-12-01,1942,2020-09-27,1720,33294,1612,7,5,7,1942,0,0,0,P,0,26M34,VAN NUYS BL,HERRICK AV,100,W,N,A,-,N,NA,NA,NA,NA,NA,NA,NA,NA,NA,N,4,0,1,2,A,-,04,21703,NA,F,C,C,A,A,H,-,A,A,0,NA,NA,NA,NA,Y,NA,-,99,0,0,1,0,0,0,0,0,0,-,-,NA,NA,LOS ANGELES,LOS ANGELES,-118.41522979736328,34.271114349365234
9157634,2020,2020-12-01,1942,2020-09-26,1950,44114,2125,6,5,7,1942,0,0,0,NA,0,21X62,TOPANGA CANYON BL,SATICOY ST,600,N,N,A,-,N,NA,NA,NA,NA,NA,NA,NA,NA,NA,Y,4,0,1,2,A,-,04,21703,NA,N,A,C,A,A,H,-,C,A,0,NA,NA,NA,NA,Y,NA,A,01,0,0,1,0,0,0,0,0,0,-,-,NA,NA,LOS ANGELES,LOS ANGELES,-118.60597229003906,34.209957122802734
9157635,2020,2020-12-02,1942,2020-09-26,1500,42491,2126,6,5,7,1942,0,0,0,NA,0,21A43,SATICOY ST,DE SOTO AV,0,NA,Y,A,-,N,NA,NA,NA,NA,NA,NA,NA,NA,NA,Y,3,0,1,2,A,-,12,21453,A,N,D,C,A,A,H,-,A,A,0,NA,NA,NA,NA,Y,NA,A,07,0,1,0,0,0,0,0,0,0,-,-,NA,NA,LOS ANGELES,LOS ANGELES,-118.58847808837892,34.20832824707031
9157636,2020,2020-12-01,1942,2020-09-25,0945,43924,2143,5,5,7,1942,0,0,0,NA,0,21A43W,ROYER AV,VICTORY BL,0,NA,Y,A,-,N,NA,NA,NA,NA,NA,NA,NA,NA,NA,Y,4,0,1,2,A,-,09,21801,A,N,A,C,A,A,H,-,A,A,0,NA,NA,NA,NA,Y,NA,A,07,0,0,1,0,0,0,0,0,0,-,-,NA,NA,LOS ANGELES,LOS ANGELES,-118.62772369384766,34.186439514160156