CASE_ID,ACCIDENT_YEAR,PROC_DATE,JURIS,COLLISION_DATE,COLLISION_TIME,OFFICER_ID,REPORTING_DISTRICT,DAY_OF_WEEK,CHP_SHIFT,POPULATION,CNTY_CITY_LOC,SPECIAL_COND,BEAT_TYPE,CHP_BEAT_TYPE,CITY_DIVISION_LAPD,CHP_BEAT_CLASS,BEAT_NUMBER,PRIMARY_RD,SECONDARY_RD,DISTANCE,DIRECTION,INTERSECTION,WEATHER_1,WEATHER_2,STATE_HWY_IND,CALTRANS_COUNTY,CALTRANS_DISTRICT,STATE_ROUTE,ROUTE_SUFFIX,POSTMILE_PREFIX,POSTMILE,LOCATION_TYPE,RAMP_INTERSECTION,SIDE_OF_HWY,TOW_AWAY,COLLISION_SEVERITY,NUMBER_KILLED,NUMBER_INJURED,PARTY_COUNT,PRIMARY_COLL_FACTOR,PCF_CODE_OF_VIOL,PCF_VIOL_CATEGORY,PCF_VIOLATION,PCF_VIOL_SUBSECTION,HIT_AND_RUN,TYPE_OF_COLLISION,MVIW,PED_ACTION,ROAD_SURFACE,ROAD_COND_1,ROAD_COND_2,LIGHTING,CONTROL_DEVICE,CHP_ROAD_TYPE,PEDESTRIAN_ACCIDENT,BICYCLE_ACCIDENT,MOTORCYCLE_ACCIDENT,TRUCK_ACCIDENT,NOT_PRIVATE_PROPERTY,ALCOHOL_INVOLVED,STWD_VEHTYPE_AT_FAULT,CHP_VEHTYPE_AT_FAULT,COUNT_SEVERE_INJ,COUNT_VISIBLE_INJ,COUNT_COMPLAINT_PAIN,COUNT_PED_KILLED,COUNT_PED_INJURED,COUNT_BICYCLIST_KILLED,COUNT_BICYCLIST_INJURED,COUNT_MC_KILLED,COUNT_MC_INJURED,PRIMARY_RAMP,SECONDARY_RAMP,LATITUDE,LONGITUDE,COUNTY,CITY,POINT_X,POINT_Y
9158449,2020,2020-10-14,1942,2020-07-17,0805,38503,0333,5,5,7,1942,0,0,0,C,0,25T21,JEFFERSON BL,12TH AV,0,NA,Y,B,-,N,NA,NA,NA,NA,NA,NA,NA,NA,NA,Y,4,0,3,3,A,-,12,21453,A,N,D,C,A,A,H,-,A,A,0,NA,NA,NA,NA,Y,NA,A,01,0,0,3,0,0,0,0,0,0,-,-,NA,NA,LOS ANGELES,LOS ANGELES,-118.33167266845705,34.02558898925781
9158461,2020,2020-10-14,1942,2020-07-22,1710,37724,0343,3,5,7,1942,0,0,0,C,0,3A41,COLISEUM ST,S LA BREA AV,60,W,N,A,-,N,NA,NA,NA,NA,NA,NA,NA,NA,NA,N,4,0,1,2,A,-,03,22350,NA,N,C,C,A,A,H,-,A,D,0,NA,NA,NA,NA,Y,NA,A,07,0,0,1,0,0,0,0,0,0,-,-,NA,NA,LOS ANGELES,LOS ANGELES,-118.35578918457033,34.018310546875
9158463,2020,2020-12-12,1972,2020-09-23,1217,14197,NA,3,5,6,1972,0,0,0,NA,0,NA,TORRANCE BL,CRAVENS AV,68,W,N,A,-,N,NA,NA,NA,NA,NA,NA,NA,NA,NA,Y,4,0,3,3,A,-,07,21658,A,N,F,C,A,A,H,-,A,A,0,NA,NA,NA,NA,Y,NA,A,NA,0,0,3,0,0,0,0,0,0,-,-,NA,NA,LOS ANGELES,TORRANCE,-118.31999206542967,33.8364143371582
9158464,2020,2021-03-08,1920,2020-08-21,1201,13321,1920,5,5,6,1920,0,0,0,NA,0,006,BARLIN AV,GARDENDALE ST,707,S,N,A,-,N,NA,NA,NA,NA,NA,NA,NA,NA,NA,N,4,0,1,2,A,-,09,21804,A,N,H,G,A,A,H,-,A,D,0,NA,Y,NA,NA,Y,NA,D,22,0,0,1,0,0,0,1,0,0,-,-,NA,NA,LOS ANGELES,DOWNEY,-118.1466064453125,33.91023635864258
9158465,2020,2020-10-14,1942,2020-07-27,1900,37724,0326,1,5,7,1942,0,0,0,C,0,3A15,S WESTERN AV,W 27TH ST,300,N,N,A,-,N,NA,NA,NA,NA,NA,NA,NA,NA,NA,N,4,0,1,3,A,-,21,22106,NA,N,G,C,E,A,H,-,A,D,0,Y,NA,NA,NA,Y,NA,I,20,0,0,1,0,1,0,0,0,0,-,-,NA,NA,LOS ANGELES,LOS ANGELES,-118.30896759033205,34.031681060791016
9158468,2020,2021-03-05,1920,2020-08-23,1521,12605,DOWNE,7,5,6,1920,0,0,0,NA,0,001,WOODRUFF AV,FOSTER RD,0,NA,Y,A,-,Y,NA,NA,NA,NA,NA,NA,NA,NA,NA,Y,4,0,1,3,A,-,01,23152,G,N,C,C,A,A,H,-,A,A,0,NA,NA,NA,NA,Y,Y,A,07,0,0,1,0,0,0,0,0,0,-,-,NA,NA,LOS ANGELES,DOWNEY,-118.1166763305664,33.9097785949707
9158472,2020,2021-03-08,1920,2020-08-24,0956,13118,1920,1,5,6,1920,0,0,0,NA,0,006,LAKEWOOD BL,STEWART AND GRAY RD,0,NA,Y,A,-,N,NA,NA,NA,NA,NA,NA,NA,NA,NA,Y,4,0,1,2,A,-,09,21801,A,N,D,C,A,A,H,-,A,A,0,NA,NA,NA,Y,Y,NA,F,26,0,0,1,0,0,0,0,0,0,-,-,NA,NA,LOS ANGELES,DOWNEY,-118.12949371337892,33.928138732910156
9158475,2020,2020-11-30,1942,2020-09-28,1235,36678,1061,1,5,7,1942,0,0,0,J,0,10A83,VENTURA BL,BECKFORD AV,0,NA,Y,A,-,N,NA,NA,NA,NA,NA,NA,NA,NA,NA,Y,4,0,1,2,A,-,09,21801,A,N,D,C,A,A,H,-,A,D,0,NA,NA,NA,NA,Y,NA,D,22,0,0,1,0,0,0,0,0,0,-,-,NA,NA,LOS ANGELES,LOS ANGELES,-118.55120849609376,34.17258834838867
9158476,2020,2020-10-23,1920,2020-08-25,1223,12609,1920,2,5,6,1920,0,0,0,NA,0,004,FLORENCE AV,STUDEBAKER RD,440,E,N,A,-,N,NA,NA,NA,NA,NA,NA,NA,NA,NA,Y,4,0,1,2,A,-,08,22107,NA,N,B,C,A,A,H,-,A,D,0,NA,NA,NA,Y,Y,NA,A,01,0,0,1,0,0,0,0,0,0,-,-,NA,NA,LOS ANGELES,DOWNEY,-118.09548950195313,33.93643569946289
9158480,2020,2020-11-30,1925,2020-09-18,1059,22783,220,5,5,6,1925,0,0,0,NA,0,001,BRAND BL,SANCHEZ DR,0,NA,Y,A,-,N,NA,NA,NA,NA,NA,NA,NA,NA,NA,Y,4,0,1,2,A,-,12,21453,A,N,D,C,A,A,H,-,A,A,0,NA,NA,NA,NA,Y,NA,D,22,0,0,1,0,0,0,0,0,0,-,-,NA,NA,LOS ANGELES,GLENDALE,-118.25514221191406,34.155941009521484
91585536,2020,2021-10-01,9540,2020-11-11,1800,019508,NA,3,2,6,1985,0,2,S,NA,2,901,HASKELL CANYON RD (28200 BLOCK),W. BRISTOL PKWY,0,NA,Y,A,-,N,NA,NA,NA,NA,NA,NA,NA,NA,NA,Y,1,1,1,2,A,-,03,22350,NA,N,D,C,A,A,H,-,C,D,0,NA,NA,Y,NA,Y,NA,C,02,0,0,1,0,0,0,0,1,0,-,-,34.45566177368164,-118.51187133789064,LOS ANGELES,SANTA CLARITA,-118.51181793212892,34.455589294433594
9158585,2020,2020-11-17,1941,2020-09-26,1022,6185,901,6,5,7,1941,0,0,0,NA,0,NA,SANTA FE,BURNETT,0,NA,Y,A,-,N,NA,NA,NA,NA,NA,NA,NA,NA,NA,Y,4,0,1,2,A,-,12,21453,A,N,D,C,A,A,A,-,A,A,0,NA,NA,NA,NA,Y,NA,A,NA,0,0,1,0,0,0,0,0,0,-,-,NA,NA,LOS ANGELES,LONG BEACH,-118.21552276611328,33.80073928833008
9158586,2020,2020-11-17,1941,2020-09-19,0400,5307,NA,6,5,7,1941,0,0,0,NA,0,NA,STUDEBAKER RD,LCD,271,S,N,A,-,N,NA,NA,NA,NA,NA,NA,NA,NA,NA,Y,3,0,2,1,A,-,01,23152,A,N,E,I,A,A,H,-,C,D,0,NA,NA,NA,NA,Y,Y,A,NA,0,2,0,0,0,0,0,0,0,-,-,NA,NA,LOS ANGELES,LONG BEACH,-118.09921264648438,33.828765869140625
9158587,2020,2020-11-17,1941,2020-09-19,1145,11132,NA,6,5,7,1941,0,0,0,NA,0,200045,SANTA FE AV,23RD ST,0,NA,Y,A,-,N,NA,NA,NA,NA,NA,NA,NA,NA,NA,N,4,0,1,2,-,-,-,NA,NA,N,D,C,A,A,H,-,A,A,0,NA,NA,NA,NA,Y,NA,-,-,0,0,1,0,0,0,0,0,0,-,-,NA,NA,LOS ANGELES,LONG BEACH,-118.21552276611328,33.79893112182617
9158588,2020,2020-11-17,1941,2020-09-18,0844,11571,NA,5,5,7,1941,0,0,0,NA,0,NA,ATLANTIC AV,E 35TH ST,60,S,N,A,-,N,NA,NA,NA,NA,NA,NA,NA,NA,NA,Y,3,0,2,2,A,-,08,22107,NA,N,D,C,A,A,H,-,A,D,0,NA,NA,NA,NA,Y,NA,A,NA,0,1,1,0,0,0,0,0,0,-,-,NA,NA,LOS ANGELES,LONG BEACH,-118.18502807617188,33.81989669799805
9158589,2020,2020-11-17,1941,2020-09-18,1118,11009,NA,5,5,7,1941,0,0,0,NA,0,NA,WILLOW ST,LAKEWOOD BL,0,NA,Y,A,-,N,NA,NA,NA,NA,NA,NA,NA,NA,NA,N,3,0,1,2,A,-,09,21804,A,N,A,G,A,A,H,-,A,D,0,NA,Y,NA,NA,Y,NA,A,NA,0,1,0,0,0,0,1,0,0,-,-,NA,NA,LOS ANGELES,LONG BEACH,-118.14279174804688,33.803409576416016
9158590,2020,2020-11-17,1941,2020-09-20,1200,11132,NA,7,5,7,1941,0,0,0,NA,0,NA,ANAHEIM ST,WALNUT AV,0,NA,Y,A,-,N,NA,NA,NA,NA,NA,NA,NA,NA,NA,N,3,0,1,2,A,-,-,NA,NA,N,D,B,B,A,H,-,A,A,0,Y,NA,NA,NA,Y,NA,A,NA,0,1,0,0,1,0,0,0,0,-,-,NA,NA,LOS ANGELES,LONG BEACH,-118.1719970703125,33.78261184692383
9158592,2020,2021-02-09,1941,2020-09-20,1934,11005,NA,7,5,7,1941,0,0,0,NA,0,NA,ATLANTIC AV,HILL ST,0,NA,Y,A,-,N,NA,NA,NA,NA,NA,NA,NA,NA,NA,Y,4,0,2,2,A,-,09,21801,A,N,D,C,A,A,H,-,C,A,0,NA,NA,NA,NA,Y,NA,A,NA,0,0,2,0,0,0,0,0,0,-,-,NA,NA,LOS ANGELES,LONG BEACH,-118.18502807617188,33.7971305847168
9158593,2020,2020-11-17,1941,2020-09-20,2128,11539,NA,7,5,7,1941,0,0,0,NA,0,NA,XIMENO AV,PACIFIC COAST HWY,0,NA,Y,A,-,N,NA,NA,NA,NA,NA,NA,NA,NA,NA,Y,3,0,1,2,A,-,03,22350,NA,N,B,C,A,A,H,-,C,A,0,NA,NA,NA,NA,Y,NA,D,NA,0,1,0,0,0,0,0,0,0,-,-,NA,NA,LOS ANGELES,LONG BEACH,-118.13951873779295,33.78778839111328
9158594,2020,2020-11-17,1941,2020-09-04,1334,10238,NA,5,5,7,1941,0,0,0,NA,0,NA,THE TOLEDO,SANTA ANA AV,0,NA,Y,A,-,N,NA,NA,NA,NA,NA,NA,NA,NA,NA,N,3,0,1,2,A,-,12,22450,NA,N,D,G,A,A,-,-,A,A,0,NA,Y,NA,NA,Y,NA,L,NA,0,1,0,0,0,0,1,0,0,-,-,NA,NA,LOS ANGELES,LONG BEACH,-118.13057708740234,33.7601203918457
9158595,2020,2020-11-17,1941,2020-09-13,1303,11012,NA,7,5,7,1941,0,0,0,NA,0,NA,QUEENSWAY DR,LIGHT POLE #347-89-03,150,S,N,A,-,N,NA,NA,NA,NA,NA,NA,NA,NA,NA,N,4,0,2,2,A,-,-,NA,NA,N,B,C,A,A,H,-,A,D,0,NA,NA,NA,NA,Y,NA,A,NA,0,0,2,0,0,0,0,0,0,-,-,NA,NA,LOS ANGELES,LONG BEACH,NA,NA
9158596,2020,2020-11-17,1941,2020-09-17,1126,5685,NA,4,5,7,1941,0,0,0,NA,0,NA,BELLFLOWER AV,27TH ST,0,NA,-,A,-,N,NA,NA,NA,NA,NA,NA,NA,NA,NA,N,4,0,1,2,A,-,07,21658,A,N,B,C,A,A,H,-,A,A,0,NA,NA,NA,NA,Y,NA,A,NA,0,0,1,0,0,0,0,0,0,-,-,NA,NA,LOS ANGELES,LONG BEACH,-118.12535095214844,33.80506134033203
9158597,2020,2020-11-20,1941,2020-09-09,0736,5617,NA,3,5,7,1941,0,0,0,NA,0,NA,ATLANTIC AV,MARKET ST,0,NA,Y,A,-,N,NA,NA,NA,NA,NA,NA,NA,NA,NA,Y,3,0,3,3,A,-,12,21453,A,N,D,C,A,A,H,-,A,A,0,NA,NA,NA,NA,Y,NA,A,NA,0,1,2,0,0,0,0,0,0,-,-,NA,NA,LOS ANGELES,LONG BEACH,-118.18499755859376,33.854339599609375
9158598,2020,2020-11-17,1941,2020-09-17,1219,11600,NA,4,5,7,1941,0,0,0,NA,0,NA,SOUTH ARROYO PKWY,W DOWNEY AV,600,W,N,A,-,N,NA,NA,NA,NA,NA,NA,NA,NA,NA,Y,4,0,2,2,A,-,09,21804,A,N,D,C,A,A,H,-,A,D,0,NA,NA,NA,NA,Y,NA,-,-,0,0,2,0,0,0,0,0,0,-,-,NA,NA,LOS ANGELES,LONG BEACH,NA,NA
9158599,2020,2020-11-17,1942,2020-09-13,2230,44176,0385,7,5,7,1942,0,0,0,C,0,3A99,WESTERN AV,41ST DR,11,S,N,A,-,N,NA,NA,NA,NA,NA,NA,NA,NA,NA,Y,2,0,1,2,A,-,03,22350,NA,F,G,B,B,A,H,-,C,D,0,Y,NA,NA,NA,Y,NA,A,01,1,0,0,0,1,0,0,0,0,-,-,NA,NA,LOS ANGELES,LOS ANGELES,-118.30893707275392,34.00897979736328
9158600,2020,2020-11-17,1942,2020-09-13,1255,37679,1824,7,5,7,1942,0,0,0,R,0,25T29,CENTURY BL,MCKINLEY AV,0,NA,Y,A,-,N,NA,NA,NA,NA,NA,NA,NA,NA,NA,N,4,0,3,2,A,-,01,23152,A,N,D,C,A,A,H,-,A,D,0,NA,NA,NA,NA,Y,Y,A,01,0,0,3,0,0,0,0,0,0,-,-,NA,NA,LOS ANGELES,LOS ANGELES,-118.26085662841795,33.94581985473633
9158601,2020,2020-11-23,1942,2020-09-16,0920,33599,0551,3,5,7,1942,0,0,0,E,0,5A55,S WESTERN AV,S WEYMOUTH AVE,0,NA,Y,A,-,N,NA,NA,NA,NA,NA,NA,NA,NA,NA,N,4,0,2,2,A,-,01,23152,A,N,C,C,A,A,H,-,A,D,0,NA,NA,NA,NA,Y,NA,A,01,0,0,2,0,0,0,0,0,0,-,-,NA,NA,LOS ANGELES,LOS ANGELES,-118.31021118164064,33.742069244384766
9158602,2020,2020-11-23,1942,2020-09-24,0830,39217,0933,4,5,7,1942,0,0,0,I,0,9A23,KESTER AVE,CALVERT ST,0,NA,Y,A,-,N,NA,NA,NA,NA,NA,NA,NA,NA,NA,N,2,0,1,2,A,-,09,21801,A,F,D,C,A,A,H,-,A,A,0,NA,NA,NA,NA,Y,NA,-,99,1,0,0,0,0,0,0,0,0,-,-,NA,NA,LOS ANGELES,LOS ANGELES,-118.45744323730467,34.18164825439453
9158603,2020,2020-11-23,1942,2020-09-23,1730,44096,1511,3,5,7,1942,0,0,0,O,0,NA,SHERMAN WAY,FULTON AVE,0,NA,Y,A,-,N,NA,NA,NA,NA,NA,NA,NA,NA,NA,Y,4,0,1,2,A,-,12,21453,A,N,D,C,A,A,H,-,A,D,0,NA,NA,NA,NA,Y,NA,A,01,0,0,1,0,0,0,0,0,0,-,-,NA,NA,LOS ANGELES,LOS ANGELES,-118.42253875732422,34.20119857788086
9158604,2020,2020-11-23,1942,2020-09-23,1505,38876,1637,3,5,7,1942,0,0,0,P,0,19A75,FOOTHILL BL,MCVINE AV,404,W,N,A,-,N,NA,NA,NA,NA,NA,NA,NA,NA,NA,Y,3,0,2,2,A,-,09,21804,A,N,A,C,A,A,H,-,A,D,0,NA,NA,NA,NA,Y,NA,A,01,0,2,0,0,0,0,0,0,0,-,-,NA,NA,LOS ANGELES,LOS ANGELES,-118.31271362304688,34.25967788696289
9158605,2020,2020-11-23,1942,2020-09-22,1715,34792,2141,2,5,7,1942,0,0,0,NA,0,21A42,VANOWEN ST,PLATT AVE,0,NA,Y,A,-,N,NA,NA,NA,NA,NA,NA,NA,NA,NA,Y,4,0,2,2,A,-,12,21453,NA,N,A,C,A,A,H,-,A,A,0,NA,NA,NA,NA,Y,NA,A,01,0,0,2,0,0,0,0,0,0,-,-,NA,NA,LOS ANGELES,LOS ANGELES,-118.64248657226564,34.1932487487793
9158606,2020,2020-11-23,1942,2020-09-18,1730,42402,1539,5,5,7,1942,0,0,0,O,0,15A38,BURBANK BL,CAHUENGA BL,0,NA,Y,A,-,N,NA,NA,NA,NA,NA,NA,NA,NA,NA,Y,4,0,2,2,A,-,12,21453,A,N,D,C,A,A,H,-,A,A,0,NA,NA,NA,NA,Y,NA,A,01,0,0,2,0,0,0,0,0,0,-,-,NA,NA,LOS ANGELES,LOS ANGELES,-118.36158752441406,34.17213821411133
9158607,2020,2020-11-23,1942,2020-09-22,1750,39142,0551,2,5,7,1942,0,0,0,E,0,5A58,MIRALESTE DR,CHANDELEUR DR,5,W,N,A,-,N,NA,NA,NA,NA,NA,NA,NA,NA,NA,N,2,0,1,1,A,-,03,22350,NA,N,F,I,A,A,H,-,A,D,0,NA,NA,NA,NA,Y,NA,A,01,1,0,0,0,0,0,0,0,0,-,-,NA,NA,LOS ANGELES,LOS ANGELES,-118.3188018798828,33.73923110961914
9158608,2020,2020-11-23,1942,2020-09-22,1900,42863,0341,2,5,7,1942,0,0,0,C,0,25T35,S LA BREA AVE,VERONICA ST,690,N,N,A,-,N,NA,NA,NA,NA,NA,NA,NA,NA,NA,Y,2,0,3,1,A,-,03,22350,NA,N,D,I,A,A,H,-,C,D,0,NA,NA,NA,NA,Y,NA,A,07,1,1,1,0,0,0,0,0,0,-,-,NA,NA,LOS ANGELES,LOS ANGELES,-118.35559844970705,34.01475143432617
9158609,2020,2020-11-23,1942,2020-09-21,2025,41747,1836,1,5,7,1942,0,0,0,R,0,18A35,COMPTON AV,E 104TH ST,11,S,N,A,-,N,NA,NA,NA,NA,NA,NA,NA,NA,NA,Y,2,0,1,2,A,-,10,21950,A,F,G,B,B,A,H,-,C,A,0,Y,NA,NA,NA,Y,NA,-,99,1,0,0,0,1,0,0,0,0,-,-,NA,NA,LOS ANGELES,LOS ANGELES,-118.24623870849608,33.941410064697266
9158610,2020,2020-11-23,1942,2020-09-08,0420,42265,0318,2,5,7,1942,0,0,0,C,0,3A19-W,W ADAMS BLVD,ORCHARD AVE,120,E,N,A,-,N,NA,NA,NA,NA,NA,NA,NA,NA,NA,Y,2,0,1,4,A,-,03,22350,A,N,C,E,A,A,H,-,B,A,0,NA,NA,NA,NA,Y,NA,A,01,1,0,0,0,0,0,0,0,0,-,-,NA,NA,LOS ANGELES,LOS ANGELES,-118.28705596923828,34.03276443481445
9158611,2020,2020-11-23,1942,2020-09-01,1850,41253,0373,2,5,7,1942,0,0,0,C,0,3A58-W,COLISEUM,BRONSON AVE,0,NA,Y,A,-,N,NA,NA,NA,NA,NA,NA,NA,NA,NA,N,3,0,1,2,A,-,03,22350,NA,N,G,G,A,A,H,-,A,D,0,NA,Y,NA,NA,Y,NA,A,01,0,1,0,0,0,0,1,0,0,-,-,NA,NA,LOS ANGELES,LOS ANGELES,-118.3339385986328,34.018218994140625
9158612,2020,2020-11-23,1942,2020-09-28,1845,33504,1972,1,5,7,1942,0,0,0,NA,0,19A61,NORDHOFF ST,NOBLE AVE,125,E,N,A,-,N,NA,NA,NA,NA,NA,NA,NA,NA,NA,Y,3,0,2,3,A,-,05,21650,NA,N,B,C,A,A,H,-,B,A,0,NA,NA,NA,NA,Y,NA,A,01,0,1,1,0,0,0,0,0,0,-,-,NA,NA,LOS ANGELES,LOS ANGELES,-118.46055603027344,34.23548126220703
9158613,2020,2020-11-23,1942,2020-09-28,0615,41158,1762,1,5,7,1942,0,0,0,Q,0,17A81,WINNETKA AV,PLUMMER ST,125,N,N,A,-,N,NA,NA,NA,NA,NA,NA,NA,NA,NA,Y,3,0,3,2,A,-,03,22350,NA,N,C,C,A,A,H,-,B,A,0,NA,NA,NA,NA,Y,NA,A,08,0,1,2,0,0,0,0,0,0,-,-,NA,NA,LOS ANGELES,LOS ANGELES,-118.57122802734376,34.24308395385742
9158614,2020,2020-11-23,1942,2020-09-27,0615,27792,1781,7,5,7,1942,0,0,0,Q,0,17A81,DE SOTO AV,PARTHENIA ST,30,N,N,A,-,N,NA,NA,NA,NA,NA,NA,NA,NA,NA,Y,4,0,2,2,A,-,03,22350,NA,N,C,C,A,A,H,-,A,A,0,NA,NA,Y,NA,Y,NA,C,02,0,0,2,0,0,0,0,0,1,-,-,NA,NA,LOS ANGELES,LOS ANGELES,-118.58853149414064,34.22829055786133
9158615,2020,2020-11-23,1942,2020-09-27,1010,27792,1504,7,5,7,1942,0,0,0,O,0,15A3,SHERMAN WY,LAUREL CYN BL,20,E,N,A,-,N,NA,NA,NA,NA,NA,NA,NA,NA,NA,N,4,0,1,2,A,-,04,21703,NA,N,C,C,A,A,H,-,A,A,0,NA,NA,NA,NA,Y,NA,A,01,0,0,1,0,0,0,0,0,0,-,-,NA,NA,LOS ANGELES,LOS ANGELES,-118.39644622802734,34.200653076171875
9158616,2020,2020-11-23,1942,2020-09-27,1230,33294,1006,7,5,7,1942,0,0,0,J,0,26M34,ROSECOE,LOUISE AV,0,NA,Y,A,-,N,NA,NA,NA,NA,NA,NA,NA,NA,NA,N,4,0,1,2,A,-,12,21453,A,N,D,C,A,A,H,-,A,A,0,NA,NA,NA,NA,Y,NA,A,01,0,0,1,0,0,0,0,0,0,-,-,NA,NA,LOS ANGELES,LOS ANGELES,-118.50985717773438,34.22113037109375
9158617,2020,2020-11-23,1942,2020-09-27,1810,40634,0901,7,5,7,1942,0,0,0,I,0,9A5,SEPULVEDA BL,SATICOY ST,0,NA,Y,A,-,N,NA,NA,NA,NA,NA,NA,NA,NA,NA,Y,2,0,1,2,A,-,09,21801,A,N,D,C,A,A,H,-,A,A,0,NA,NA,NA,NA,Y,NA,A,01,1,0,0,0,0,0,0,0,0,-,-,NA,NA,LOS ANGELES,LOS ANGELES,-118.46620941162108,34.20845031738281
9158618,2020,2020-11-23,1942,2020-09-27,0805,41158,1548,7,5,7,1942,0,0,0,O,0,15A67,LANKERSHIM BL,MAGNOLIA BL,0,NA,Y,A,-,N,NA,NA,NA,NA,NA,NA,NA,NA,NA,N,4,0,2,2,A,-,12,21453,A,F,D,C,A,A,H,-,A,A,0,NA,NA,NA,NA,Y,NA,A,01,0,0,2,0,0,0,0,0,0,-,-,NA,NA,LOS ANGELES,LOS ANGELES,-118.37464904785156,34.16490173339844
9158619,2020,2020-11-23,1942,2020-09-26,1540,38191,1777,6,5,7,1942,0,0,0,Q,0,17A95,HAYVENHURST AV,PLUMMER ST,0,NA,Y,A,-,N,NA,NA,NA,NA,NA,NA,NA,NA,NA,Y,4,0,2,3,A,-,12,21453,A,F,D,C,A,A,H,-,A,A,0,NA,NA,NA,NA,Y,NA,A,01,0,0,2,0,0,0,0,0,0,-,-,NA,NA,LOS ANGELES,LOS ANGELES,-118.49372863769533,34.24296951293945
9158620,2020,2020-11-23,1942,2020-09-26,1800,43983,0915,6,5,7,1942,0,0,0,I,0,9A63-W,SHERMAN WAY,HAZELTINE AV,0,NA,Y,A,-,N,NA,NA,NA,NA,NA,NA,NA,NA,NA,N,4,0,1,2,A,-,03,22350,NA,N,C,C,A,A,H,-,C,D,0,NA,NA,NA,NA,Y,NA,A,01,0,0,1,0,0,0,0,0,0,-,-,NA,NA,LOS ANGELES,LOS ANGELES,-118.43997192382813,34.20122146606445
9158621,2020,2020-11-30,1942,2020-09-25,1840,39510,0909,5,5,7,1942,0,0,0,I,0,9X14,HAZELTINE AV,SHERMAN WAY,0,NA,Y,A,-,N,NA,NA,NA,NA,NA,NA,NA,NA,NA,Y,4,0,5,2,A,-,09,21801,NA,N,B,C,A,A,H,-,C,A,0,NA,NA,NA,NA,Y,NA,A,01,0,0,5,0,0,0,0,0,0,-,-,NA,NA,LOS ANGELES,LOS ANGELES,-118.43997192382813,34.20122146606445
9158622,2020,2020-11-30,1942,2020-09-23,1110,44322,1745,3,5,7,1942,0,0,0,Q,0,17A23,RESEDA,CELTIC ST,0,NA,Y,A,-,N,NA,NA,NA,NA,NA,NA,NA,NA,NA,Y,4,0,1,3,A,-,09,21802,A,N,-,C,A,A,H,-,A,D,0,NA,NA,NA,NA,Y,NA,A,01,0,0,1,0,0,0,0,0,0,-,-,NA,NA,LOS ANGELES,LOS ANGELES,-118.5361099243164,34.26873016357422
9158623,2020,2020-11-30,1942,2020-09-24,2350,38535,0914,4,5,7,1942,0,0,0,I,0,9A23,VANOWEN ST,CEDROS AV,10,S,N,A,-,N,NA,NA,NA,NA,NA,NA,NA,NA,NA,N,4,0,1,2,A,-,09,21801,NA,N,D,C,A,A,H,-,C,A,0,NA,NA,NA,NA,Y,NA,A,01,0,0,1,0,0,0,0,0,0,-,-,NA,NA,LOS ANGELES,LOS ANGELES,-118.45311737060548,34.19395065307617
9158624,2020,2020-11-30,1942,2020-09-24,1730,43366,0909,4,5,7,1942,0,0,0,I,0,9X14-W,WOODMAN AV,VALERIO ST,5,S,N,A,-,N,NA,NA,NA,NA,NA,NA,NA,NA,NA,N,4,0,1,2,A,-,10,21950,A,N,G,B,B,A,H,-,A,D,0,Y,NA,NA,NA,Y,Y,A,01,0,0,1,0,1,0,0,0,0,-,-,NA,NA,LOS ANGELES,LOS ANGELES,-118.43125152587892,34.20480728149414
9158641,2020,2020-11-14,1920,2020-09-19,0730,13118,1920,6,5,6,1920,0,0,0,NA,0,001,IMPERIAL HWY,ARDIS AV,27,W,N,A,-,N,NA,NA,NA,NA,NA,NA,NA,NA,NA,N,3,0,1,2,A,-,03,22350,NA,N,C,C,A,A,H,-,A,A,0,NA,NA,NA,NA,Y,NA,A,01,0,1,0,0,0,0,0,0,0,-,-,NA,NA,LOS ANGELES,DOWNEY,-118.12986755371094,33.917030334472656
9158649,2020,2020-11-14,1972,2020-09-29,0725,19157,NA,2,5,6,1972,0,0,0,NA,0,NA,MADISON ST,SKYPARK DR,0,NA,Y,A,-,N,NA,NA,NA,NA,NA,NA,NA,NA,NA,Y,4,0,1,2,A,-,09,21801,A,N,D,C,A,A,H,-,A,A,0,NA,NA,NA,NA,Y,NA,A,NA,0,0,1,0,0,0,0,0,0,-,-,NA,NA,LOS ANGELES,TORRANCE,-118.34818267822266,33.81100082397461
9158650,2020,2020-11-14,1972,2020-09-29,1724,14197,NA,2,5,6,1972,0,0,0,NA,0,NA,SEPULVEDA BL,EVALYN AV,0,NA,Y,A,-,N,NA,NA,NA,NA,NA,NA,NA,NA,NA,Y,4,0,1,2,A,-,09,21802,A,N,D,C,A,A,H,-,A,A,0,NA,NA,NA,NA,Y,NA,A,NA,0,0,1,0,0,0,0,0,0,-,-,NA,NA,LOS ANGELES,TORRANCE,-118.36076354980467,33.82630157470703
9158651,2020,2020-11-14,1972,2020-09-29,0909,14197,NA,2,5,6,1972,0,0,0,NA,0,NA,MADRONA AV,SPENCER ST,0,NA,Y,A,-,N,NA,NA,NA,NA,NA,NA,NA,NA,NA,Y,4,0,3,2,A,-,12,21453,A,N,D,C,A,A,H,-,A,A,0,NA,NA,NA,NA,Y,NA,A,NA,0,0,3,0,0,0,0,0,0,-,-,NA,NA,LOS ANGELES,TORRANCE,-118.34483337402344,33.84511184692383
9158652,2020,2020-11-14,1972,2020-09-24,0200,21600,NA,4,5,6,1972,0,0,0,NA,0,NA,CARSON ST,CARSON ST 2265,0,NA,N,A,-,N,NA,NA,NA,NA,NA,NA,NA,NA,NA,Y,4,0,1,2,A,-,03,22350,NA,N,C,E,A,A,H,-,C,A,0,NA,NA,NA,NA,Y,NA,A,NA,0,0,1,0,0,0,0,0,0,-,-,NA,NA,LOS ANGELES,TORRANCE,-118.323081,33.831703
9158653,2020,2020-11-14,1972,2020-09-24,1941,21880,NA,4,5,6,1972,0,0,0,NA,0,NA,CARSON ST,CRENSHAW BL,5,W,N,A,-,N,NA,NA,NA,NA,NA,NA,NA,NA,NA,Y,4,0,5,3,A,-,03,22350,NA,N,C,C,A,A,H,-,C,A,0,NA,NA,NA,NA,Y,NA,A,NA,0,0,5,0,0,0,0,0,0,-,-,NA,NA,LOS ANGELES,TORRANCE,-118.32862854003906,33.8313102722168
9158654,2020,2020-11-14,1972,2020-09-24,1504,18059,NA,4,5,6,1972,0,0,0,NA,0,NA,CRENSHAW,232ND ST,0,NA,Y,A,-,N,NA,NA,NA,NA,NA,NA,NA,NA,NA,N,3,0,1,2,A,-,09,21804,A,N,D,G,A,A,H,-,A,D,0,NA,Y,NA,NA,Y,NA,L,NA,0,1,0,0,0,0,1,0,0,-,-,NA,NA,LOS ANGELES,TORRANCE,-118.32805633544922,33.815120697021484