CASE_ID,ACCIDENT_YEAR,PROC_DATE,JURIS,COLLISION_DATE,COLLISION_TIME,OFFICER_ID,REPORTING_DISTRICT,DAY_OF_WEEK,CHP_SHIFT,POPULATION,CNTY_CITY_LOC,SPECIAL_COND,BEAT_TYPE,CHP_BEAT_TYPE,CITY_DIVISION_LAPD,CHP_BEAT_CLASS,BEAT_NUMBER,PRIMARY_RD,SECONDARY_RD,DISTANCE,DIRECTION,INTERSECTION,WEATHER_1,WEATHER_2,STATE_HWY_IND,CALTRANS_COUNTY,CALTRANS_DISTRICT,STATE_ROUTE,ROUTE_SUFFIX,POSTMILE_PREFIX,POSTMILE,LOCATION_TYPE,RAMP_INTERSECTION,SIDE_OF_HWY,TOW_AWAY,COLLISION_SEVERITY,NUMBER_KILLED,NUMBER_INJURED,PARTY_COUNT,PRIMARY_COLL_FACTOR,PCF_CODE_OF_VIOL,PCF_VIOL_CATEGORY,PCF_VIOLATION,PCF_VIOL_SUBSECTION,HIT_AND_RUN,TYPE_OF_COLLISION,MVIW,PED_ACTION,ROAD_SURFACE,ROAD_COND_1,ROAD_COND_2,LIGHTING,CONTROL_DEVICE,CHP_ROAD_TYPE,PEDESTRIAN_ACCIDENT,BICYCLE_ACCIDENT,MOTORCYCLE_ACCIDENT,TRUCK_ACCIDENT,NOT_PRIVATE_PROPERTY,ALCOHOL_INVOLVED,STWD_VEHTYPE_AT_FAULT,CHP_VEHTYPE_AT_FAULT,COUNT_SEVERE_INJ,COUNT_VISIBLE_INJ,COUNT_COMPLAINT_PAIN,COUNT_PED_KILLED,COUNT_PED_INJURED,COUNT_BICYCLIST_KILLED,COUNT_BICYCLIST_INJURED,COUNT_MC_KILLED,COUNT_MC_INJURED,PRIMARY_RAMP,SECONDARY_RAMP,LATITUDE,LONGITUDE,COUNTY,CITY,POINT_X,POINT_Y
9158655,2020,2020-11-14,1972,2020-09-23,1341,15555,NA,3,5,6,1972,0,0,0,NA,0,NA,CRENSHAW BL,DEL AMO BL,100,S,N,A,-,N,NA,NA,NA,NA,NA,NA,NA,NA,NA,Y,4,0,1,2,A,-,01,23152,A,N,C,C,A,A,H,-,A,A,0,NA,NA,NA,NA,Y,Y,D,NA,0,0,1,0,0,0,0,0,0,-,-,NA,NA,LOS ANGELES,TORRANCE,-118.32878112792967,33.846736907958984
9158656,2020,2020-11-14,1972,2020-09-15,1205,14197,NA,2,5,6,1972,0,0,0,NA,0,NA,TORRANCE BL,MAPLE AV,25,E,N,A,-,N,NA,NA,NA,NA,NA,NA,NA,NA,NA,N,4,0,1,2,A,-,03,22350,NA,N,C,C,A,A,H,-,A,A,0,NA,NA,NA,NA,Y,NA,A,NA,0,0,1,0,0,0,0,0,0,-,-,NA,NA,LOS ANGELES,TORRANCE,-118.3399658203125,33.836448669433594
9158657,2020,2020-11-14,1972,2020-09-10,2053,21205,NA,4,5,6,1972,0,0,0,NA,0,NA,190TH ST,ANZA AV,160,W,N,A,-,N,NA,NA,NA,NA,NA,NA,NA,NA,NA,N,4,0,1,2,A,-,09,21804,A,N,H,G,A,A,H,-,C,D,0,NA,Y,NA,NA,Y,NA,L,NA,0,0,1,0,0,0,1,0,0,-,-,NA,NA,LOS ANGELES,TORRANCE,-118.36600494384766,33.85826873779297
9158658,2020,2020-11-14,1972,2020-09-25,1154,19767,NA,5,5,6,1972,0,0,0,NA,0,NA,190TH ST,PRAIRIE AV,318,W,N,A,-,N,NA,NA,NA,NA,NA,NA,NA,NA,NA,N,4,0,3,2,A,-,04,21703,NA,N,C,C,A,A,H,-,A,D,0,NA,NA,NA,NA,Y,NA,A,NA,0,0,3,0,0,0,0,0,0,-,-,NA,NA,LOS ANGELES,TORRANCE,-118.34491729736328,33.85829162597656
9158659,2020,2020-11-14,1972,2020-09-28,1419,15555,NA,1,5,6,1972,0,0,0,NA,0,NA,190TH ST,CRENSHAW BL,125,W,N,A,-,N,NA,NA,NA,NA,NA,NA,NA,NA,NA,Y,4,0,1,3,A,-,03,22350,NA,N,C,C,A,A,H,-,A,A,0,NA,NA,NA,NA,Y,NA,D,NA,0,0,1,0,0,0,0,0,0,-,-,NA,NA,LOS ANGELES,TORRANCE,-118.32839965820313,33.858314514160156
9158660,2020,2020-11-14,1972,2020-09-29,1013,15555,NA,2,5,6,1972,0,0,0,NA,0,NA,ENTRADERO AV,190TH ST,250,S,N,A,-,N,NA,NA,NA,NA,NA,NA,NA,NA,NA,Y,4,0,1,2,A,-,08,22107,NA,N,B,E,A,A,H,-,A,D,0,NA,NA,NA,NA,Y,NA,A,NA,0,0,1,0,0,0,0,0,0,-,-,NA,NA,LOS ANGELES,TORRANCE,-118.36988830566406,33.857574462890625
9158705,2020,2020-10-16,1920,2020-08-22,0825,13022,NA,6,5,6,1920,0,0,0,NA,0,NA,FIRESTONE BL,NEWVILLE AV,47,E,N,A,-,N,NA,NA,NA,NA,NA,NA,NA,NA,NA,Y,4,0,2,2,A,-,03,22350,NA,N,C,C,A,A,H,-,A,A,0,NA,NA,NA,NA,Y,NA,A,01,0,0,2,0,0,0,0,0,0,-,-,NA,NA,LOS ANGELES,DOWNEY,-118.11151885986328,33.92940139770508
9158706,2020,2020-10-16,1920,2020-08-21,2129,13500,1920,5,5,6,1920,0,0,0,NA,0,001,BELLFLOWER BL,STEWART AND GRAY RD,0,NA,Y,A,-,N,NA,NA,NA,NA,NA,NA,NA,NA,NA,Y,3,0,1,2,A,-,09,21801,A,N,A,C,A,A,H,-,C,A,0,NA,NA,NA,NA,Y,NA,A,01,0,1,0,0,0,0,0,0,0,-,-,NA,NA,LOS ANGELES,DOWNEY,-118.12545013427734,33.92782974243164
9158707,2020,2020-10-16,1920,2020-08-30,2358,13286,1920,7,5,6,1920,0,0,0,NA,0,004,FIRESTONE BL,PANGBORN AV,100,W,N,A,-,N,NA,NA,NA,NA,NA,NA,NA,NA,NA,N,3,0,1,2,A,-,09,21804,A,N,G,G,A,A,H,-,C,D,0,NA,Y,NA,NA,Y,NA,L,04,0,1,0,0,0,0,1,0,0,-,-,NA,NA,LOS ANGELES,DOWNEY,-118.1142349243164,33.93064880371094
9158708,2020,2020-10-16,1920,2020-08-29,1509,13500,1920,6,5,6,1920,0,0,0,NA,0,005,CHEROKEE DR,TRISTAN DR,9,W,N,A,-,N,NA,NA,NA,NA,NA,NA,NA,NA,NA,Y,3,0,1,2,A,-,09,21802,A,N,D,C,A,A,H,-,A,D,0,NA,NA,NA,NA,Y,NA,A,01,0,1,0,0,0,0,0,0,0,-,-,NA,NA,LOS ANGELES,DOWNEY,-118.1210479736328,33.943851470947266
9158709,2020,2020-10-16,1920,2020-08-29,0053,13500,1920,6,5,6,1920,0,0,0,NA,0,004,LAKEWOOD BL,FLORENCE AV,84,S,N,A,-,N,NA,NA,NA,NA,NA,NA,NA,NA,NA,Y,3,0,2,3,A,-,01,23152,A,N,C,C,A,A,H,-,C,A,0,NA,NA,NA,NA,Y,Y,A,01,0,1,1,0,0,0,0,0,0,-,-,NA,NA,LOS ANGELES,DOWNEY,-118.11736297607422,33.947288513183594
9158710,2020,2020-10-16,1920,2020-08-24,1547,13022,NA,1,5,6,1920,0,0,0,NA,0,NA,IMPERIAL HWY,COLUMBIA WY,99,W,N,A,-,N,NA,NA,NA,NA,NA,NA,NA,NA,NA,N,4,0,2,3,A,-,08,22107,NA,N,B,C,A,A,H,-,A,A,0,NA,NA,NA,NA,Y,Y,-,NA,0,0,2,0,0,0,0,0,0,-,-,NA,NA,LOS ANGELES,DOWNEY,-118.1344757080078,33.91701126098633
9158711,2020,2020-10-16,1920,2020-08-28,1729,13500,1920,5,5,6,1920,0,0,0,NA,0,1729,OLD RIVER SCHOOL RD,STEWART AND GRAY RD,160,S,N,A,-,N,NA,NA,NA,NA,NA,NA,NA,NA,NA,N,4,0,1,2,A,-,03,22350,NA,N,C,C,A,A,H,-,A,A,0,NA,NA,NA,NA,Y,Y,A,01,0,0,1,0,0,0,0,0,0,-,-,NA,NA,LOS ANGELES,DOWNEY,-118.15432739257813,33.9398193359375
9158712,2020,2020-10-16,1920,2020-08-27,1555,13500,1920,4,5,6,1920,0,0,0,NA,0,002,OLD RIVER SCHOOL RD,IMPERIAL HWY,0,NA,Y,A,-,N,NA,NA,NA,NA,NA,NA,NA,NA,NA,Y,3,0,4,2,D,-,00,NA,NA,N,D,C,A,A,H,-,A,A,0,NA,NA,NA,NA,Y,NA,-,-,0,3,1,0,0,0,0,0,0,-,-,NA,NA,LOS ANGELES,DOWNEY,-118.16156768798828,33.92884826660156
9158713,2020,2020-10-16,1920,2020-08-25,1139,13321,1920,2,5,6,1920,0,0,0,NA,0,1139,IMPERIAL HWY,ADENMOOR AV,0,NA,Y,A,-,N,NA,NA,NA,NA,NA,NA,NA,NA,NA,N,4,0,1,2,A,-,09,21802,NA,N,D,C,A,A,H,-,A,A,0,NA,NA,NA,NA,Y,NA,A,01,0,0,1,0,0,0,0,0,0,-,-,NA,NA,LOS ANGELES,DOWNEY,-118.12370300292967,33.917030334472656
9158714,2020,2020-10-16,1920,2020-08-24,1327,13022,NA,1,5,6,1920,0,0,0,NA,0,006,BROOKSHIRE AV,COMOLETTE ST,0,NA,Y,A,-,N,NA,NA,NA,NA,NA,NA,NA,NA,NA,Y,4,0,1,2,A,-,09,21801,A,N,D,C,A,A,H,-,A,A,0,NA,NA,NA,NA,Y,NA,A,01,0,0,1,0,0,0,0,0,0,-,-,NA,NA,LOS ANGELES,DOWNEY,-118.14620971679688,33.916629791259766
9158715,2020,2020-10-16,1920,2020-08-25,1856,11952,1920,2,5,6,1920,0,0,0,NA,0,006,CASTANA AV,PRICHARD ST,120,N,N,A,-,N,NA,NA,NA,NA,NA,NA,NA,NA,NA,Y,4,0,1,2,A,-,08,22107,NA,N,B,C,A,A,H,-,A,D,0,NA,NA,NA,NA,Y,NA,A,01,0,0,1,0,0,0,0,0,0,-,-,NA,NA,LOS ANGELES,DOWNEY,-118.14582824707033,33.90617752075195
9158737,2020,2020-10-19,1976,2020-08-18,1608,244,NA,2,5,5,1976,0,0,0,NA,0,002,HADLEY ST,PICKERING AV,0,NA,Y,A,-,N,NA,NA,NA,NA,NA,NA,NA,NA,NA,Y,3,0,1,2,A,-,01,23152,A,F,D,C,A,A,H,-,A,A,0,NA,NA,NA,NA,Y,Y,A,01,0,1,0,0,0,0,0,0,0,-,-,NA,NA,LOS ANGELES,WHITTIER,-118.04206085205078,33.98271179199219
9158741,2020,2020-10-19,1900,2020-08-12,1135,606669,1431,3,5,4,1937,0,0,0,NA,0,143T1,AMAR RD,UNRUH AV,40,W,N,A,-,N,NA,NA,NA,NA,NA,NA,NA,NA,NA,N,4,0,1,3,A,-,03,22350,NA,N,C,C,A,A,H,-,A,A,0,NA,NA,NA,NA,Y,NA,A,01,0,0,1,0,0,0,0,0,0,-,-,34.038490295410156,-117.95387268066406,LOS ANGELES,LA PUENTE,-117.95376586914064,34.03842544555664
9158753,2020,2020-10-19,1900,2020-08-31,1330,629486,2610,1,5,6,1950,0,0,0,NA,0,263T1,20TH ST EAST,AVENUE Q,0,NA,Y,A,-,N,NA,NA,NA,NA,NA,NA,NA,NA,NA,Y,4,0,1,2,A,-,09,21802,A,N,D,C,A,A,H,-,A,A,0,NA,NA,NA,NA,Y,NA,A,01,0,0,1,0,0,0,0,0,0,-,-,34.587440490722656,-118.08521270751952,LOS ANGELES,PALMDALE,-118.09427642822266,34.58742904663086
9158757,2020,2020-10-19,1900,2020-08-22,2030,547632,2607,6,5,6,1950,0,0,0,NA,0,264T1,AVENUE S,VISIONS ST,0,NA,Y,A,-,N,NA,NA,NA,NA,NA,NA,NA,NA,NA,Y,3,0,2,2,A,-,09,21801,A,N,D,C,A,A,H,-,C,D,0,NA,NA,NA,NA,Y,NA,A,01,0,1,1,0,0,0,0,0,0,-,-,34.55794143676758,-118.03449249267578,LOS ANGELES,PALMDALE,-118.03446197509766,34.55812072753906
9158761,2020,2020-10-19,1900,2020-08-26,1700,544121,2610,3,5,6,1950,0,0,0,NA,0,262T1,PALMDALE BL,SIERRA HIGHWAY,0,NA,Y,A,-,N,NA,NA,138,NA,NA,NA,NA,NA,NA,Y,4,0,1,2,D,-,00,NA,NA,N,D,C,A,A,H,-,A,A,0,NA,NA,Y,NA,Y,NA,-,-,0,0,1,0,0,0,0,0,1,-,-,34.57939910888672,-118.11660003662108,LOS ANGELES,PALMDALE,-118.11660003662108,34.57951354980469
9158765,2020,2020-10-19,1900,2020-08-27,1739,611140,2621,4,5,6,1950,0,0,0,NA,0,264T1,AVENUE M,NORTHROP GRUMMAN WAY,0,NA,Y,A,-,N,NA,NA,NA,NA,NA,NA,NA,NA,NA,Y,2,0,2,3,A,-,12,21453,A,N,B,C,A,A,H,-,A,A,0,NA,NA,Y,NA,Y,NA,A,01,1,0,1,0,0,0,0,0,1,-,-,34.645999908447266,-118.06670379638672,LOS ANGELES,PALMDALE,-118.06672668457033,34.64604187011719
9158781,2020,2020-10-19,1942,2020-08-31,2345,42925,0359,1,5,7,1942,0,0,0,C,0,3A99,37TH ST,FLOWER ST,0,NA,Y,A,-,N,NA,NA,NA,NA,NA,NA,NA,NA,NA,Y,4,0,1,2,A,-,01,23152,A,N,D,C,A,A,H,-,C,A,0,NA,NA,NA,NA,Y,Y,A,01,0,0,1,0,0,0,0,0,0,-,-,NA,NA,LOS ANGELES,LOS ANGELES,-118.28106689453124,34.017818450927734
9158807,2020,2020-10-20,1942,2020-08-26,1525,44262,0333,3,5,7,1942,0,0,0,C,0,3A54,JEFFERSON BL,CRENSHAW BL,250,E,N,A,-,N,NA,NA,NA,NA,NA,NA,NA,NA,NA,Y,3,0,2,5,A,-,09,21801,NA,N,A,C,A,A,H,-,A,D,0,NA,NA,NA,NA,Y,NA,A,01,0,2,0,0,0,0,0,0,0,-,-,NA,NA,LOS ANGELES,LOS ANGELES,-118.33428955078124,34.02558898925781
9158808,2020,2020-10-20,1942,2020-08-24,1420,36260,0321,1,5,7,1942,0,0,0,C,0,25MQ12,OBAMA BL,KALSMAN DR,30,E,N,A,-,N,NA,NA,NA,NA,NA,NA,NA,NA,NA,Y,4,0,1,2,A,-,00,20015,A,F,C,C,A,A,H,-,A,D,0,NA,NA,NA,NA,Y,NA,-,99,0,0,1,0,0,0,0,0,0,-,-,NA,NA,LOS ANGELES,LOS ANGELES,-118.374601,34.021815
9158809,2020,2020-10-20,1942,2020-08-23,1755,43545,0392,7,5,7,1942,0,0,0,C,0,3A18-W,CRENSHAW BL,52ND ST,61,N,N,A,-,N,NA,NA,NA,NA,NA,NA,NA,NA,NA,N,4,0,1,2,A,-,08,22107,A,N,B,C,A,A,H,-,A,A,0,NA,NA,NA,NA,Y,NA,A,01,0,0,1,0,0,0,0,0,0,-,-,NA,NA,LOS ANGELES,LOS ANGELES,-118.33087921142578,33.9951171875
9158810,2020,2020-10-20,1942,2020-08-23,1800,41954,0377,7,5,7,1942,0,0,0,C,0,3A58W7,MARTIN LUTHER KING JR BL,BUDLONG,45,W,N,A,-,N,NA,NA,NA,NA,NA,NA,NA,NA,NA,N,4,0,1,2,A,-,04,21703,NA,F,C,C,A,A,H,-,A,D,0,NA,NA,NA,NA,Y,NA,-,99,0,0,1,0,0,0,0,0,0,-,-,NA,NA,LOS ANGELES,LOS ANGELES,-118.29605102539064,34.01087188720703
9158811,2020,2020-10-20,1942,2020-08-23,1825,38496,0397,7,5,7,1942,0,0,0,C,0,3YL96,KANSAS AV,43RD ST,0,NA,Y,A,-,N,NA,NA,NA,NA,NA,NA,NA,NA,NA,Y,3,0,1,2,A,-,09,21804,A,N,H,C,A,A,H,-,A,A,0,NA,NA,NA,NA,Y,NA,A,01,0,1,0,0,0,0,0,0,0,-,-,NA,NA,LOS ANGELES,LOS ANGELES,-118.2937469482422,34.005489349365234
9158821,2020,2020-10-15,1941,2020-08-28,1537,10147,NA,5,5,7,1941,0,0,0,NA,0,NA,SANTA FE AV,WILLOW ST,0,NA,Y,A,-,N,NA,NA,NA,NA,NA,NA,NA,NA,NA,Y,4,0,1,2,A,-,12,21453,A,N,D,C,A,A,H,-,A,A,0,NA,NA,NA,NA,Y,NA,A,NA,0,0,1,0,0,0,0,0,0,-,-,NA,NA,LOS ANGELES,LONG BEACH,-118.21552276611328,33.80440139770508
9158824,2020,2020-10-15,1944,2020-08-17,1624,345,M12,1,5,4,1944,0,0,0,NA,0,002,MANHATTAN BEACH BL,MORNINGSIDE DR,11,S,N,A,-,NA,NA,NA,NA,NA,NA,NA,NA,NA,NA,NA,4,0,2,2,A,-,05,21650,NA,N,D,G,A,A,H,-,A,D,0,NA,Y,NA,NA,Y,NA,L,04,0,0,2,0,0,0,2,0,0,-,-,NA,NA,LOS ANGELES,MANHATTAN BEACH,-118.40878295898438,33.88541793823242
9158825,2020,2020-10-20,1955,2020-08-29,0008,41949,93,6,5,6,1955,0,0,0,NA,0,004,MISSION BL,SAN ANTONIO AV,0,NA,Y,A,-,N,NA,NA,NA,NA,NA,NA,NA,NA,NA,Y,4,0,1,2,A,-,12,21453,A,M,D,C,A,A,H,-,C,A,0,NA,NA,NA,NA,Y,NA,A,07,0,0,1,0,0,0,0,0,0,-,-,NA,NA,LOS ANGELES,POMONA,-117.73695373535156,34.05543899536133
9158826,2020,2020-10-15,1955,2020-08-31,1200,42708,80,1,5,6,1955,0,0,0,NA,0,005,GRAND AV,PARK AV,18,W,N,A,-,N,NA,NA,NA,NA,NA,NA,NA,NA,NA,N,4,0,1,2,A,-,12,22450,A,N,D,C,A,A,H,-,A,A,0,NA,NA,NA,NA,Y,NA,A,01,0,0,1,0,0,0,0,0,0,-,-,NA,NA,LOS ANGELES,POMONA,-117.7541961669922,34.0477180480957
9158827,2020,2020-10-15,1955,2020-08-19,0100,41906,98,3,5,6,1955,0,0,0,NA,0,003,MISSION BL,ROSEWELL AV,272,W,N,A,-,N,NA,NA,NA,NA,NA,NA,NA,NA,NA,Y,3,0,1,2,A,-,01,23152,A,N,F,E,A,A,H,-,D,D,0,NA,NA,NA,NA,Y,NA,A,01,0,1,0,0,0,0,0,0,0,-,-,NA,NA,LOS ANGELES,POMONA,-117.72084045410156,34.055809020996094
9158828,2020,2020-10-15,1920,2020-08-30,0958,13022,NA,7,5,6,1920,0,0,0,NA,0,001,LAKEWOOD BL,BELLFLOWER BL,395,S,N,A,-,N,NA,NA,NA,NA,NA,NA,NA,NA,NA,Y,3,0,2,2,A,-,01,23152,F,N,D,C,A,A,H,-,A,A,0,NA,NA,NA,NA,Y,NA,A,01,0,1,1,0,0,0,0,0,0,-,-,NA,NA,LOS ANGELES,DOWNEY,-118.12620544433594,33.932594299316406
9158881,2020,2020-10-24,1946,2020-08-24,1051,P20,NA,1,5,4,1946,0,0,0,NA,0,002,WALNUT,5TH ST,300,E,N,A,-,N,NA,NA,NA,NA,NA,NA,NA,NA,NA,Y,4,0,1,3,A,-,21,22106,NA,N,D,C,A,A,H,-,A,D,0,NA,NA,NA,NA,Y,NA,A,01,0,0,1,0,0,0,0,0,0,-,-,NA,NA,LOS ANGELES,MONROVIA,-118.01956176757813,34.14310836791992
9158883,2020,2020-11-10,1900,2020-09-24,1612,620752,1120,4,5,6,1992,0,0,0,NA,0,112T2,AVE G,30TH ST WEST,0,NA,Y,A,-,N,NA,NA,NA,NA,NA,NA,NA,NA,NA,Y,3,0,2,2,A,-,09,21802,A,N,D,C,A,A,H,-,A,A,0,NA,NA,NA,NA,Y,NA,D,22,0,1,1,0,0,0,0,0,0,-,-,NA,NA,LOS ANGELES,LANCASTER,-118.18395233154295,34.73324966430664
9158887,2020,2020-11-12,1900,2020-09-30,0854,620752,1127,3,5,6,1992,0,0,0,NA,0,112T2,AVENUE J,20TH ST W,380,W,N,A,-,N,NA,NA,NA,NA,NA,NA,NA,NA,NA,Y,4,0,1,2,A,-,03,22350,NA,N,C,C,A,A,H,-,A,D,0,NA,NA,NA,NA,Y,NA,A,01,0,0,1,0,0,0,0,0,0,-,-,NA,NA,LOS ANGELES,LANCASTER,-118.16692352294922,34.68941879272461
9158888,2020,2020-11-10,1900,2020-09-26,0956,623582,0561,6,5,3,1968,0,0,0,NA,0,0956,RUSH ST,CENTRAL AV,34,W,N,A,-,N,NA,NA,NA,NA,NA,NA,NA,NA,NA,N,4,0,1,2,A,-,12,21453,A,N,C,C,A,A,H,-,A,A,0,NA,NA,NA,NA,Y,Y,D,22,0,0,1,0,0,0,0,0,0,-,-,34.051788330078125,-118.04718780517578,LOS ANGELES,SOUTH EL MONTE,-118.04704284667967,34.051849365234375
9158891,2020,2021-01-21,1900,2020-08-27,2056,620752,1192,4,5,6,1992,0,0,0,NA,0,111T2,AVENUE K,25TH ST WEST,0,NA,Y,A,-,N,NA,NA,NA,NA,NA,NA,NA,NA,NA,Y,4,0,4,2,A,-,01,23152,A,N,D,C,A,A,H,-,C,A,0,NA,NA,NA,NA,Y,Y,A,01,0,0,4,0,0,0,0,0,0,-,-,NA,NA,LOS ANGELES,LANCASTER,-118.1746826171875,34.674949645996094
9158895,2020,2020-11-12,1900,2020-09-19,0710,642878,1135,6,5,6,1992,0,0,0,NA,0,111T1,AVENUE J,17TH ST EAST,0,NA,Y,A,-,N,NA,NA,NA,NA,NA,NA,NA,NA,NA,Y,4,0,1,2,D,-,00,NA,NA,N,D,C,A,A,H,-,A,A,0,NA,NA,NA,NA,Y,NA,-,-,0,0,1,0,0,0,0,0,0,-,-,NA,NA,LOS ANGELES,LANCASTER,-118.09921264648438,34.68959045410156
9158915,2020,2021-03-05,1907,2020-08-29,2025,250,2,6,5,4,1907,0,0,0,NA,0,NA,FLORENCE AV,WALKER AV,0,NA,Y,A,-,N,NA,NA,NA,NA,NA,NA,NA,NA,NA,Y,3,0,2,2,A,-,01,23152,A,N,D,C,A,A,H,-,C,A,0,NA,NA,NA,NA,Y,Y,I,11,0,1,1,0,0,0,0,0,0,-,-,33.96821975708008,-118.17362213134766,LOS ANGELES,BELL,-118.17398834228516,33.96881866455078
9158926,2020,2020-11-16,1909,2020-08-27,2210,560,1909,4,5,4,1909,0,0,0,NA,0,NA,GAGE AV,EMIL AV,243,E,N,A,-,N,NA,NA,NA,NA,NA,NA,NA,NA,NA,N,4,0,1,2,A,-,01,23152,A,N,C,C,A,A,H,-,C,D,0,NA,NA,NA,NA,Y,Y,D,22,0,0,1,0,0,0,0,0,0,-,-,33.97304916381836,-118.14682006835938,LOS ANGELES,BELL GARDENS,-118.13990783691406,33.97299575805664
9158930,2020,2020-12-01,1909,2020-09-28,1345,570,1909,1,5,4,1909,0,0,0,NA,0,SOUTH,GARFIELD AV,CLARA AV,0,NA,Y,A,-,N,NA,NA,NA,NA,NA,NA,NA,NA,NA,Y,3,0,1,4,A,-,12,21453,A,N,D,C,A,A,H,-,-,A,0,NA,NA,NA,NA,Y,NA,I,11,0,1,0,0,0,0,0,0,0,-,-,33.961978912353516,-118.15396118164064,LOS ANGELES,BELL GARDENS,-118.154052734375,33.96200942993164
9158942,2020,2020-11-16,1900,2020-09-03,0640,429339,2910,4,5,4,1974,0,0,0,NA,0,291K3,AMAR RD,COUNTRYSIDE DR,389,E,N,A,-,N,NA,NA,NA,NA,NA,NA,NA,NA,NA,Y,4,0,2,1,A,-,08,22107,NA,N,A,I,A,A,H,-,B,D,0,NA,NA,NA,NA,Y,NA,D,22,0,0,2,0,0,0,0,0,0,-,-,NA,NA,LOS ANGELES,WALNUT,-117.86788177490234,34.03684997558594
9158947,2020,2020-11-16,1900,2020-09-30,0023,525335,0563,3,5,3,1968,0,0,0,NA,0,55T1EM,DURFEE AV,SANTA ANITA AV,1849,E,N,A,-,N,NA,NA,NA,NA,NA,NA,NA,NA,NA,Y,4,0,2,2,A,-,03,22350,NA,N,C,C,A,A,H,-,D,D,0,NA,NA,NA,Y,Y,NA,A,01,0,0,2,0,0,0,0,0,0,-,-,34.03395080566406,-118.04701995849608,LOS ANGELES,SOUTH EL MONTE,-118.04706573486328,34.03398513793945
9158955,2020,2020-12-12,1900,2020-09-27,0708,532124,524,7,5,4,1971,0,0,0,NA,0,52T1D,TEMPLE CITY BL,LOWER AZUSA RD,11,S,N,A,-,N,NA,NA,NA,NA,NA,NA,NA,NA,NA,Y,2,0,3,2,A,-,08,22107,NA,N,C,C,A,A,H,-,B,D,0,NA,NA,NA,NA,Y,NA,A,07,1,0,2,0,0,0,0,0,0,-,-,34.0894889831543,-118.05731201171876,LOS ANGELES,TEMPLE CITY,-118.05731964111328,34.08946228027344
9158958,2020,2020-11-10,1900,2020-09-30,1651,644792,1126,3,5,6,1992,0,0,0,NA,0,111T1,AVENUE L,15TH ST WEST,272,W,N,A,-,N,NA,NA,NA,NA,NA,NA,NA,NA,NA,Y,4,0,1,3,A,-,17,22109,NA,M,C,C,A,A,H,-,A,D,0,NA,NA,NA,NA,Y,NA,A,01,0,0,1,0,0,0,0,0,0,-,-,NA,NA,LOS ANGELES,LANCASTER,-118.15761566162108,34.660369873046875
9158971,2020,2020-11-17,1900,2020-09-18,1356,502363,2619,5,5,6,1950,0,0,0,NA,0,261T1,10TH ST W,RANCHO VISTA BL,1253,N,N,A,-,N,NA,NA,NA,NA,NA,NA,NA,NA,NA,Y,4,0,1,3,A,-,03,22350,NA,N,C,C,A,A,H,-,A,D,0,NA,NA,NA,NA,Y,NA,D,22,0,0,1,0,0,0,0,0,0,-,-,34.60586929321289,-118.1477508544922,LOS ANGELES,PALMDALE,-118.14779663085938,34.60519027709961
9158979,2020,2020-11-12,1900,2020-09-19,0320,629513,2620,6,5,6,1950,0,0,0,NA,0,262T1,AVENUE P,250TH ST,0,NA,Y,A,-,N,NA,NA,NA,NA,NA,NA,NA,NA,NA,Y,4,0,1,2,-,-,-,NA,NA,M,C,A,A,-,H,-,C,A,0,NA,NA,NA,NA,Y,Y,A,01,0,0,1,0,0,0,0,0,0,-,-,34.60245895385742,-118.08515167236328,LOS ANGELES,PALMDALE,-118.085389,34.602323
9158983,2020,2020-11-12,1900,2020-09-22,1815,624437,2612,2,5,6,1950,0,0,0,NA,0,263T1,AVENUE O,10TH ST W,191,E,N,A,-,N,NA,NA,NA,NA,NA,NA,NA,NA,NA,N,4,0,1,2,A,-,03,22350,NA,N,C,-,A,A,H,-,A,A,0,NA,NA,NA,NA,Y,NA,D,22,0,0,1,0,0,0,0,0,0,-,-,34.365970611572266,-118.84976959228516,LOS ANGELES,PALMDALE,-118.14714050292967,34.61656188964844
9158986,2020,2021-01-23,1942,2020-07-23,1600,41954,0312,4,5,7,1942,0,0,0,C,0,3A18W7,S LA BREA AV,JEFFERSON BL,10,S,N,A,-,N,NA,NA,NA,NA,NA,NA,NA,NA,NA,N,4,0,1,3,A,-,08,22107,NA,N,B,C,A,A,H,-,A,D,0,NA,NA,NA,NA,Y,NA,-,-,0,0,1,0,0,0,0,0,0,-,-,NA,NA,LOS ANGELES,LOS ANGELES,-118.35488128662108,34.02549362182617
9158990,2020,2020-11-30,1942,2020-09-22,1455,38331,0363,2,5,7,1942,0,0,0,C,0,3A63,W MARTIN LUTHER KING JR BL,CRENSHAW BL,175,E,N,A,-,N,NA,NA,NA,NA,NA,NA,NA,NA,NA,Y,3,0,1,3,A,-,03,22350,NA,N,B,C,A,A,H,-,A,A,0,NA,NA,NA,NA,Y,NA,D,22,0,1,0,0,0,0,0,0,0,-,-,NA,NA,LOS ANGELES,LOS ANGELES,-118.33454132080078,34.010921478271484
9158995,2020,2020-11-30,1900,2020-09-24,1924,618391,2611,4,5,6,1950,0,0,0,NA,0,263T1,PALMDALE BL,5TH ST EAST,648,W,N,A,-,N,NA,NA,138,NA,NA,NA,NA,NA,NA,Y,3,0,3,3,A,-,03,22350,NA,N,C,C,A,A,H,-,C,A,0,NA,NA,NA,NA,Y,NA,A,01,0,1,2,0,0,0,0,0,0,-,-,34.57984161376953,-118.12296295166016,LOS ANGELES,PALMDALE,-118.12296295166016,34.579872131347656
9158999,2020,2020-11-30,1900,2020-09-12,1355,602995,2608,6,5,6,1950,0,0,0,NA,0,262T1,PALMDALE BL,22ND ST EAST,0,NA,Y,A,-,Y,LA,7,138,-,-,45.971,I,5,E,Y,3,0,1,2,A,-,12,21453,A,N,D,C,A,A,H,-,A,A,0,NA,NA,NA,NA,Y,NA,A,01,0,1,0,0,0,0,0,0,0,-,-,34.580039978027344,-118.08950042724608,LOS ANGELES,PALMDALE,-118.08959197998048,34.580116271972656