CASE_ID,ACCIDENT_YEAR,PROC_DATE,JURIS,COLLISION_DATE,COLLISION_TIME,OFFICER_ID,REPORTING_DISTRICT,DAY_OF_WEEK,CHP_SHIFT,POPULATION,CNTY_CITY_LOC,SPECIAL_COND,BEAT_TYPE,CHP_BEAT_TYPE,CITY_DIVISION_LAPD,CHP_BEAT_CLASS,BEAT_NUMBER,PRIMARY_RD,SECONDARY_RD,DISTANCE,DIRECTION,INTERSECTION,WEATHER_1,WEATHER_2,STATE_HWY_IND,CALTRANS_COUNTY,CALTRANS_DISTRICT,STATE_ROUTE,ROUTE_SUFFIX,POSTMILE_PREFIX,POSTMILE,LOCATION_TYPE,RAMP_INTERSECTION,SIDE_OF_HWY,TOW_AWAY,COLLISION_SEVERITY,NUMBER_KILLED,NUMBER_INJURED,PARTY_COUNT,PRIMARY_COLL_FACTOR,PCF_CODE_OF_VIOL,PCF_VIOL_CATEGORY,PCF_VIOLATION,PCF_VIOL_SUBSECTION,HIT_AND_RUN,TYPE_OF_COLLISION,MVIW,PED_ACTION,ROAD_SURFACE,ROAD_COND_1,ROAD_COND_2,LIGHTING,CONTROL_DEVICE,CHP_ROAD_TYPE,PEDESTRIAN_ACCIDENT,BICYCLE_ACCIDENT,MOTORCYCLE_ACCIDENT,TRUCK_ACCIDENT,NOT_PRIVATE_PROPERTY,ALCOHOL_INVOLVED,STWD_VEHTYPE_AT_FAULT,CHP_VEHTYPE_AT_FAULT,COUNT_SEVERE_INJ,COUNT_VISIBLE_INJ,COUNT_COMPLAINT_PAIN,COUNT_PED_KILLED,COUNT_PED_INJURED,COUNT_BICYCLIST_KILLED,COUNT_BICYCLIST_INJURED,COUNT_MC_KILLED,COUNT_MC_INJURED,PRIMARY_RAMP,SECONDARY_RAMP,LATITUDE,LONGITUDE,COUNTY,CITY,POINT_X,POINT_Y
9159378,2020,2020-12-07,1925,2020-09-11,1342,22783,283,5,5,6,1925,0,0,0,NA,0,003,SAN FERNANDO RD,PRENCETON ST,0,NA,Y,A,-,N,NA,NA,NA,NA,NA,NA,NA,NA,NA,Y,4,0,1,1,A,-,08,22107,NA,N,E,I,A,A,H,-,A,D,0,NA,NA,NA,NA,Y,NA,A,01,0,0,1,0,0,0,0,0,0,-,-,NA,NA,LOS ANGELES,GLENDALE,-118.25318908691406,34.122100830078125
9159379,2020,2020-12-05,1925,2020-09-23,1928,28284,1925,3,5,6,1925,0,0,0,NA,0,004,E CALIFORNIA AV,BELMONT ST,178,E,N,A,-,N,NA,NA,NA,NA,NA,NA,NA,NA,NA,N,3,0,1,2,A,-,05,21650,1,N,H,G,A,A,H,-,C,D,0,NA,Y,NA,NA,Y,Y,A,01,0,1,0,0,0,0,1,0,0,-,-,NA,NA,LOS ANGELES,GLENDALE,-118.24250030517578,34.14993667602539
9159380,2020,2020-12-05,1925,2020-09-26,1311,28135,236,6,5,6,1925,0,0,0,NA,0,004,E WILSON AV,JACKSON ST,9,E,N,A,-,N,NA,NA,NA,NA,NA,NA,NA,NA,NA,Y,3,0,1,2,A,-,12,21453,NA,N,D,A,A,A,H,-,A,A,0,NA,NA,NA,NA,Y,NA,A,01,0,1,0,0,0,0,0,0,0,-,-,NA,NA,LOS ANGELES,GLENDALE,-118.25009918212892,34.14813232421875
9159381,2020,2020-12-05,1925,2020-09-16,0905,22733,235,3,5,6,1925,0,0,0,NA,0,002,CALIFORNIA AV,MARYLAND AV,0,NA,Y,A,-,N,NA,NA,NA,NA,NA,NA,NA,NA,NA,N,4,0,1,2,A,-,12,21453,NA,N,D,C,A,A,H,-,A,A,0,NA,NA,NA,NA,Y,NA,A,01,0,0,1,0,0,0,0,0,0,-,-,NA,NA,LOS ANGELES,GLENDALE,-118.25376892089844,34.14990997314453
9159382,2020,2020-12-05,1925,2020-09-17,1313,22249,237,4,5,6,1925,0,0,0,NA,0,004,CALIFORNIA AV,GLENDALE AV,66,E,N,A,-,N,NA,NA,NA,NA,NA,NA,NA,NA,NA,Y,4,0,1,2,A,-,09,21804,A,N,D,A,A,A,H,-,A,D,0,NA,NA,NA,NA,Y,NA,A,07,0,0,1,0,0,0,0,0,0,-,-,NA,NA,LOS ANGELES,GLENDALE,-118.24549865722656,34.14995574951172
9159383,2020,2020-12-05,1925,2020-09-24,1712,22783,236,4,5,6,1925,0,0,0,NA,0,004,BROADWAY,JACKSON ST,0,NA,Y,A,-,N,NA,NA,NA,NA,NA,NA,NA,NA,NA,N,4,0,1,2,A,-,09,21801,A,N,D,G,A,A,H,-,A,A,0,NA,Y,NA,NA,Y,NA,A,07,0,0,1,0,0,0,1,0,0,-,-,NA,NA,LOS ANGELES,GLENDALE,-118.2501220703125,34.146331787109375
9159384,2020,2020-12-05,1925,2020-09-30,1320,22249,283,3,5,6,1925,0,0,0,NA,0,003,BOYNTON ST,PALMER AV,170,S,N,A,-,N,NA,NA,NA,NA,NA,NA,NA,NA,NA,N,3,0,1,2,-,-,-,NA,A,N,D,G,A,A,H,-,A,D,0,NA,Y,NA,NA,Y,NA,A,01,0,1,0,0,0,0,1,0,0,-,-,NA,NA,LOS ANGELES,GLENDALE,-118.24907684326172,34.13264846801758
9159385,2020,2020-12-05,1925,2020-09-29,0921,23,2201,2,5,6,1925,0,0,0,NA,0,004,MONTEREINA DR,CORDOVA AV,20,W,N,A,-,N,NA,NA,NA,NA,NA,NA,NA,NA,NA,Y,4,0,1,2,A,-,03,22350,NA,N,C,A,A,A,H,-,A,A,0,NA,NA,NA,NA,Y,NA,A,01,0,0,1,0,0,0,0,0,0,-,-,NA,NA,LOS ANGELES,GLENDALE,NA,NA
9159386,2020,2020-12-05,1920,2020-09-01,1212,12609,1920,2,5,6,1920,0,0,0,NA,0,006,LAKEWOOD BL,FIRESTONE BL,0,NA,Y,A,-,N,NA,NA,NA,NA,NA,NA,NA,NA,NA,Y,4,0,2,2,D,-,00,NA,NA,N,B,A,A,A,-,-,A,A,0,NA,NA,NA,NA,Y,NA,-,-,0,0,2,0,0,0,0,0,0,-,-,NA,NA,LOS ANGELES,DOWNEY,-118.1240234375,33.93553161621094
9159414,2020,2020-12-01,1942,2020-09-25,2109,43545,0376,5,5,7,1942,0,0,0,C,0,3A18W7,W MARTIN LUTHER KING JR BL,S HARVARD BL,0,NA,Y,A,-,N,NA,NA,NA,NA,NA,NA,NA,NA,NA,N,2,0,1,2,A,-,09,21801,A,N,D,C,A,A,H,-,C,D,0,NA,NA,Y,NA,Y,NA,A,01,1,0,0,0,0,0,0,0,1,-,-,NA,NA,LOS ANGELES,LOS ANGELES,-118.30673217773438,34.01084899902344
9159415,2020,2020-12-01,1942,2020-09-24,1235,39407,0305,4,5,7,1942,0,0,0,C,0,3A31,ADAMS BL,WEST BL,0,NA,Y,A,-,N,NA,NA,NA,NA,NA,NA,NA,NA,NA,Y,3,0,4,2,A,-,09,21801,A,N,D,C,A,A,H,-,A,D,0,NA,NA,NA,NA,Y,NA,A,01,0,1,3,0,0,0,0,0,0,-,-,NA,NA,LOS ANGELES,LOS ANGELES,-118.34165954589844,34.03255844116211
9159416,2020,2020-12-01,1942,2020-09-23,2235,41945,0397,3,5,7,1942,0,0,0,C,0,3A1W3,NORMANDIE,41ST ST,100,S,N,A,-,N,NA,NA,NA,NA,NA,NA,NA,NA,NA,Y,4,0,3,2,A,-,08,22103,NA,N,D,C,A,A,H,-,C,D,0,NA,NA,NA,NA,Y,NA,A,01,0,0,3,0,0,0,0,0,0,-,-,NA,NA,LOS ANGELES,LOS ANGELES,-118.30018615722656,34.008785247802734
9159417,2020,2020-12-01,1942,2020-09-19,1655,43391,0327,6,5,7,1942,0,0,0,C,0,3A62,W 29TH ST,ORCHARD AV,0,NA,Y,A,-,N,NA,NA,NA,NA,NA,NA,NA,NA,NA,N,4,0,1,2,A,-,03,22350,NA,N,A,B,B,A,H,-,A,A,0,Y,NA,NA,NA,Y,NA,A,01,0,0,1,0,1,0,0,0,0,-,-,NA,NA,LOS ANGELES,LOS ANGELES,-118.28823089599608,34.02840042114258
9159418,2020,2020-12-01,1942,2020-09-19,1730,40971,0396,6,5,7,1942,0,0,0,C,0,25MQ59,HOOVER ST,VERNON AV,75,N,N,A,-,N,NA,NA,NA,NA,NA,NA,NA,NA,NA,N,4,0,3,2,A,-,03,22350,NA,N,C,C,A,A,H,-,A,D,0,NA,NA,NA,NA,Y,NA,A,01,0,0,3,0,0,0,0,0,0,-,-,NA,NA,LOS ANGELES,LOS ANGELES,-118.28717041015624,34.00392532348633
9159419,2020,2020-12-01,1942,2020-09-18,1120,42892,0399,5,5,7,1942,0,0,0,C,0,3A63,MARTIN LUTHER KING,FIGUEROA ST,150,E,N,A,-,N,NA,NA,NA,NA,NA,NA,NA,NA,NA,N,4,0,1,2,A,-,08,22100,B,F,D,C,A,A,H,-,A,D,0,NA,NA,NA,NA,Y,NA,-,99,0,0,1,0,0,0,0,0,0,-,-,NA,NA,LOS ANGELES,LOS ANGELES,-118.2822494506836,34.01111602783203
9159420,2020,2020-12-01,1942,2020-09-28,1355,33294,1559,1,5,7,1942,0,0,0,O,0,26M34,CAHUENGA BL,CHANDLER BL,90,S,N,A,-,N,NA,NA,NA,NA,NA,NA,NA,NA,NA,N,4,0,1,2,A,-,09,21804,A,N,D,C,A,A,H,-,A,A,0,NA,NA,NA,NA,Y,NA,A,01,0,0,1,0,0,0,0,0,0,-,-,NA,NA,LOS ANGELES,LOS ANGELES,-118.36154174804688,34.168453216552734
9159421,2020,2020-11-30,1913,2020-09-07,0456,3760,70,1,5,4,1913,0,0,0,NA,0,004,MOUNT BALDY RD,GRAND AV,159,N,N,A,-,N,NA,NA,NA,NA,NA,NA,NA,NA,NA,Y,3,0,3,1,A,-,03,22350,NA,N,E,I,A,A,H,-,C,D,0,NA,NA,NA,NA,Y,NA,A,01,0,3,0,0,0,0,0,0,0,-,-,NA,NA,LOS ANGELES,CLAREMONT,-117.70338439941406,34.14094924926758
9159422,2020,2020-11-30,1913,2020-09-18,0107,3679,28,5,5,4,1913,0,0,0,NA,0,002,BONITA AV,COLLEGE AV,314,E,N,A,-,N,NA,NA,NA,NA,NA,NA,NA,NA,NA,Y,3,0,2,1,A,-,00,23153,F,N,A,I,A,A,H,-,C,A,0,NA,NA,NA,NA,Y,NA,A,01,0,1,1,0,0,0,0,0,0,-,-,NA,NA,LOS ANGELES,CLAREMONT,-117.71492767333984,34.09661102294922
9159423,2020,2021-05-18,1913,2020-09-23,0831,3886,29,3,5,4,1913,0,0,0,NA,0,NA,HARRISON AV,INDIAN HILL BL,270,W,N,A,-,N,NA,NA,NA,NA,NA,NA,NA,NA,NA,Y,4,0,1,2,A,-,08,22107,NA,N,B,C,A,A,H,-,A,D,0,NA,NA,NA,NA,Y,NA,A,01,0,0,1,0,0,0,0,0,0,-,-,NA,NA,LOS ANGELES,CLAREMONT,-117.7207489013672,34.098472595214844
9159424,2020,2020-11-30,1913,2020-09-30,0724,4082,25,3,5,4,1913,0,0,0,NA,0,NA,ARROW HWY,ELDER DR,296,E,N,A,-,N,NA,NA,NA,NA,NA,NA,NA,NA,NA,Y,4,0,1,1,C,-,18,NA,NA,N,A,I,A,A,H,-,A,A,0,NA,NA,NA,NA,Y,NA,-,-,0,0,1,0,0,0,0,0,0,-,-,NA,NA,LOS ANGELES,CLAREMONT,-117.7092742919922,34.092079162597656
9159425,2020,2020-11-30,1913,2020-09-03,1757,4006,21,4,5,4,1913,0,0,0,NA,0,NA,INDIAN HILL BL,AMERICAN AV,0,NA,Y,A,-,N,NA,NA,NA,NA,NA,NA,NA,NA,NA,Y,3,0,1,2,A,-,09,21801,A,N,D,C,A,A,H,-,A,A,0,NA,NA,NA,NA,Y,NA,A,01,0,1,0,0,0,0,0,0,0,-,-,NA,NA,LOS ANGELES,CLAREMONT,-117.7192611694336,34.07952880859375
9159426,2020,2020-11-30,1913,2020-09-01,1814,3977,11,2,5,4,1913,0,0,0,NA,0,001,HARRISON AV,SCROBY LN,50,E,N,A,-,N,NA,NA,NA,NA,NA,NA,NA,NA,NA,N,4,0,1,2,A,-,09,21801,A,N,G,G,A,A,H,-,A,D,0,NA,Y,NA,NA,Y,NA,A,01,0,0,1,0,0,0,1,0,0,-,-,NA,NA,LOS ANGELES,CLAREMONT,-117.72544860839844,34.09859085083008
9159429,2020,2020-12-01,1942,2020-09-28,1235,33294,0948,1,5,7,1942,0,0,0,I,0,26M34,FULTON AV,CHANDLER BL,0,NA,Y,A,-,N,NA,NA,NA,NA,NA,NA,NA,NA,NA,Y,4,0,2,2,A,-,12,21453,A,N,D,C,A,A,H,-,A,A,0,NA,NA,NA,NA,Y,NA,-,-,0,0,2,0,0,0,0,0,0,-,-,NA,NA,LOS ANGELES,LOS ANGELES,-118.42249298095705,34.16856002807617
9159430,2020,2020-11-30,1942,2020-09-27,1420,36121,1515,7,5,7,1942,0,0,0,O,0,15X5,LANKERSHIM BL,HART ST,15,N,N,A,-,N,NA,NA,NA,NA,NA,NA,NA,NA,NA,N,4,0,1,2,A,-,01,23152,A,N,D,C,A,A,A,-,A,A,0,NA,NA,NA,NA,Y,NA,-,NA,0,0,1,0,0,0,0,0,0,-,-,NA,NA,LOS ANGELES,LOS ANGELES,-118.38778686523438,34.19758987426758
9159431,2020,2020-11-30,1942,2020-09-25,1915,43569,1591,5,5,7,1942,0,0,0,O,0,15A85,VENTURA BL,WHITSETT AV,900,W,N,A,-,N,NA,NA,NA,NA,NA,NA,NA,NA,NA,Y,2,0,1,2,A,-,09,21804,A,N,D,C,A,A,H,-,C,D,0,NA,NA,NA,NA,Y,NA,-,NA,1,0,0,0,0,0,0,0,0,-,-,NA,NA,LOS ANGELES,LOS ANGELES,-118.40784454345705,34.14363098144531
9159432,2020,2020-11-30,1942,2020-09-25,1950,39825,1942,5,5,7,1942,0,0,0,NA,0,1637,FOOTHILL BL,WOODWARD AV,15,W,N,A,-,N,NA,NA,NA,NA,NA,NA,NA,NA,NA,N,2,0,1,2,A,-,02,21654,A,F,G,B,B,A,H,-,C,A,0,Y,NA,NA,NA,Y,NA,-,99,1,0,0,0,1,0,0,0,0,-,-,NA,NA,LOS ANGELES,LOS ANGELES,-118.3071060180664,34.25965118408203
9159433,2020,2020-11-30,1942,2020-09-25,0415,43997,1637,5,5,7,1942,0,0,0,P,0,16X8W3,FOOTHILL BL,RHODESIA AV,20,W,N,A,-,N,NA,NA,NA,NA,NA,NA,NA,NA,NA,Y,4,0,1,1,A,-,08,22107,NA,N,E,I,A,A,H,-,C,A,0,NA,NA,NA,NA,Y,Y,A,01,0,0,1,0,0,0,0,0,0,-,-,NA,NA,LOS ANGELES,LOS ANGELES,-118.30797576904295,34.25965881347656
9159434,2020,2020-11-30,1942,2020-09-25,1845,43149,1663,5,5,7,1942,0,0,0,P,0,16X82,SAN FERNANDO RD,SHELDON ST,0,NA,Y,A,-,N,NA,NA,NA,NA,NA,NA,NA,NA,NA,Y,4,0,1,3,A,-,09,21801,A,N,D,C,A,A,H,-,B,A,0,NA,NA,NA,NA,Y,NA,A,01,0,0,1,0,0,0,0,0,0,-,-,NA,NA,LOS ANGELES,LOS ANGELES,-118.39370727539064,34.23929977416992
9159435,2020,2020-12-01,1942,2020-09-24,1554,44393,1961,4,5,7,1942,0,0,0,NA,0,19A61,NORDHOFF ST,LANGDON AV,0,NA,Y,A,-,N,NA,NA,NA,NA,NA,NA,NA,NA,NA,Y,4,0,1,2,A,-,12,21453,A,N,-,C,A,A,H,-,A,D,0,NA,NA,NA,NA,Y,NA,-,-,0,0,1,0,0,0,0,0,0,-,-,NA,NA,LOS ANGELES,LOS ANGELES,-118.46977996826172,34.23554992675781
9159436,2020,2020-12-01,1942,2020-09-24,1630,43851,1581,4,5,7,1942,0,0,0,O,0,15Z2W5,LAUREL CANYON BL,WOODBRIDGE ST,0,NA,Y,A,-,N,NA,NA,NA,NA,NA,NA,NA,NA,NA,Y,4,0,1,2,A,-,09,21801,A,N,D,C,A,A,H,-,A,D,0,NA,NA,NA,NA,Y,NA,A,01,0,0,1,0,0,0,0,0,0,-,-,NA,NA,LOS ANGELES,LOS ANGELES,-118.39646911621094,34.14854049682617
9159437,2020,2020-11-30,1942,2020-09-15,1510,33852,1255,2,5,7,1942,0,0,0,L,0,MQ51,NORMANDIE AV,76TH ST,0,NA,Y,B,-,N,NA,NA,NA,NA,NA,NA,NA,NA,NA,N,4,0,2,2,A,-,09,21801,A,N,D,C,A,A,H,-,A,A,0,NA,NA,NA,NA,Y,NA,A,01,0,0,2,0,0,0,0,0,0,-,-,NA,NA,LOS ANGELES,LOS ANGELES,-118.30030822753906,33.97098159790039
9159438,2020,2020-11-30,1942,2020-09-19,1150,37679,1245,6,5,7,1942,0,0,0,L,0,25T29,FLORENCE AV,NORMANDIE AV,150,W,N,A,-,N,NA,NA,NA,NA,NA,NA,NA,NA,NA,Y,4,0,3,5,A,-,03,22350,NA,N,C,C,A,A,H,-,A,D,0,NA,NA,NA,NA,Y,NA,A,07,0,0,3,0,0,0,0,0,0,-,-,NA,NA,LOS ANGELES,LOS ANGELES,-118.30079650878906,33.974578857421875
9159439,2020,2020-11-30,1942,2020-09-20,1755,41300,0321,7,5,7,1942,0,0,0,C,0,3A54,JEFFERSON BL,HAUSER AV,0,NA,Y,A,-,N,NA,NA,NA,NA,NA,NA,NA,NA,NA,Y,4,0,2,3,A,-,09,21801,NA,N,-,C,A,A,H,-,A,A,0,NA,Y,NA,NA,Y,NA,A,01,0,0,2,0,0,0,1,0,0,-,-,NA,NA,LOS ANGELES,LOS ANGELES,-118.36522674560548,34.025718688964844
9159444,2020,2020-12-21,1900,2020-10-01,1350,546256,0532,4,5,5,1959,0,0,0,NA,0,53T1PM,GARVEY AV,EVELYN AV,347,W,N,A,-,N,NA,NA,NA,NA,NA,NA,NA,NA,NA,Y,3,0,1,1,A,-,08,22107,NA,N,E,I,A,A,H,-,A,A,0,NA,NA,NA,NA,Y,NA,A,01,0,1,0,0,0,0,0,0,0,-,-,34.0626106262207,-118.10212707519533,LOS ANGELES,ROSEMEAD,-118.10205078125,34.06261444091797
9159445,2020,2020-12-21,1900,2020-10-03,1957,54149,0524,6,5,4,1971,0,0,0,NA,0,52T1PM,TEMPLE CITY BL,LOWE AZUSA RD,0,NA,Y,A,-,N,NA,NA,NA,NA,NA,NA,NA,NA,NA,Y,3,0,1,2,A,-,12,21453,A,N,D,C,A,A,H,-,C,A,0,NA,NA,NA,NA,Y,NA,A,01,0,1,0,0,0,0,0,0,0,-,-,34.05220031738281,-118.03260040283205,LOS ANGELES,TEMPLE CITY,-118.0573272705078,34.0894889831543
9159447,2020,2020-12-21,1909,2020-10-03,1431,601,1909,6,5,4,1909,0,0,0,NA,0,NORTH,PERRY RD,FLORENCE PL,9,NA,N,A,-,NA,NA,NA,NA,NA,NA,NA,NA,NA,NA,Y,4,0,1,1,A,-,03,22350,NA,N,E,I,A,A,H,-,A,A,0,NA,NA,NA,NA,Y,Y,A,01,0,0,1,0,0,0,0,0,0,-,-,33.966060638427734,-118.14810943603516,LOS ANGELES,BELL GARDENS,-118.1481704711914,33.966068267822266
9159479,2020,2020-12-23,1922,2020-10-03,1623,680,2,6,5,6,1922,0,0,0,NA,0,002,COGSWELL,RAMONA,0,NA,Y,A,-,N,NA,NA,NA,NA,NA,NA,NA,NA,NA,Y,3,0,2,2,A,-,12,21453,A,F,D,C,A,A,H,-,A,A,0,NA,NA,NA,NA,Y,NA,A,01,0,1,1,0,0,0,0,0,0,-,-,34.07530975341797,-118.01277160644533,LOS ANGELES,EL MONTE,-118.01268768310548,34.07529830932617
9159480,2020,2020-12-21,1922,2020-10-03,2007,687,1,6,5,6,1922,0,0,0,NA,0,NA,VALLEY BL,RAMONA BL,0,NA,Y,A,-,N,NA,NA,NA,NA,NA,NA,NA,NA,NA,Y,4,0,1,1,A,-,08,22107,NA,N,A,I,A,A,H,-,C,A,0,NA,NA,NA,NA,Y,NA,A,01,0,0,1,0,0,0,0,0,0,-,-,34.07645034790039,-118.04119110107422,LOS ANGELES,EL MONTE,-118.03285980224608,34.072479248046875
9159585,2020,2020-12-03,1955,2020-09-01,1353,42196,06,2,5,6,1955,0,0,0,NA,0,003,HOLT AV,GAREY AV,75,E,N,A,-,N,NA,NA,NA,NA,NA,NA,NA,NA,NA,Y,4,0,2,2,A,-,09,21804,A,N,D,C,A,A,H,-,A,D,0,NA,NA,NA,NA,Y,NA,-,-,0,0,2,0,0,0,0,0,0,-,-,NA,NA,LOS ANGELES,POMONA,-117.75032806396484,34.0623893737793
9159589,2020,2020-12-03,1955,2020-09-19,1824,42270,83,6,5,6,1955,0,0,0,NA,0,005,GAREY AV,LEXINGTON AV,0,S,N,A,-,N,NA,NA,NA,NA,NA,NA,NA,NA,NA,Y,4,0,1,2,A,-,03,22350,NA,N,-,C,A,A,H,-,B,A,0,NA,NA,NA,NA,Y,NA,-,NA,0,0,1,0,0,0,0,0,0,-,-,NA,NA,LOS ANGELES,POMONA,-117.74945831298828,34.03691101074219
9159592,2020,2020-12-03,1955,2020-09-24,1726,42606,091,4,5,6,1955,0,0,0,NA,0,004,MISSION BL,RESERVOIR ST,1397,E,N,A,-,N,NA,NA,NA,NA,NA,NA,NA,NA,NA,N,4,0,2,2,A,-,09,21804,A,N,A,C,A,A,H,-,A,A,0,NA,NA,NA,NA,Y,NA,A,01,0,0,2,0,0,0,0,0,0,-,-,34.05567932128906,-117.73255920410156,LOS ANGELES,POMONA,-117.72801208496094,34.05564880371094
9159621,2020,2020-12-04,1900,2020-09-14,1800,641584,1321,1,5,5,1935,0,0,0,NA,0,132A,SOUTH ST,ADENMOOR AV,0,NA,Y,A,-,N,NA,NA,NA,NA,NA,NA,NA,NA,NA,Y,3,0,1,2,A,-,09,21801,A,N,D,C,A,A,H,-,A,D,0,NA,NA,NA,NA,Y,NA,A,01,0,1,0,0,0,0,0,0,0,-,-,NA,NA,LOS ANGELES,LAKEWOOD,-118.12354278564452,33.8603515625
9159705,2020,2020-10-27,1942,2020-07-07,1130,41579,0305,2,5,7,1942,0,0,0,C,0,25T21,ADAMS BL,WEST BL,20,E,N,A,-,N,NA,NA,NA,NA,NA,NA,NA,NA,NA,Y,4,0,1,4,A,-,09,21804,A,N,D,C,A,A,H,-,A,D,0,NA,NA,NA,NA,Y,NA,A,01,0,0,1,0,0,0,0,0,0,-,-,NA,NA,LOS ANGELES,LOS ANGELES,-118.34159088134766,34.032562255859375
9159710,2020,2020-10-30,1942,2020-07-23,1220,41729,0378,4,5,7,1942,0,0,0,C,0,3A57,BILL ROBERTSON LN,EXPOSITION BL,0,NA,Y,A,-,N,NA,NA,NA,NA,NA,NA,NA,NA,NA,Y,4,0,1,2,A,-,12,21453,A,N,D,C,A,A,H,-,A,A,0,NA,NA,NA,NA,Y,NA,-,-,0,0,1,0,0,0,0,0,0,-,-,NA,NA,LOS ANGELES,LOS ANGELES,-118.2901,34.01816
9159711,2020,2020-10-27,1942,2020-07-21,1110,40440,0341,2,5,7,1942,0,0,0,C,0,25TL27,LA CIENEGA BL,WRIGHTCREST DR,20,N,N,A,-,N,NA,NA,NA,NA,NA,NA,NA,NA,NA,N,3,0,1,1,A,-,03,22350,NA,N,E,J,A,A,H,-,A,D,0,NA,NA,Y,NA,Y,NA,C,02,0,1,0,0,0,0,0,0,1,-,-,NA,NA,LOS ANGELES,LOS ANGELES,-118.37387084960938,34.01628112792969
9159712,2020,2020-10-27,1942,2020-07-19,1130,35393,0325,7,5,7,1942,0,0,0,C,0,25T21,FIGUEROA PL,KING BL,40,N,N,A,-,N,NA,NA,NA,NA,NA,NA,NA,NA,NA,N,4,0,3,3,A,-,03,22350,A,N,C,C,A,A,H,-,A,A,0,NA,NA,NA,NA,Y,NA,A,01,0,0,3,0,0,0,0,0,0,-,-,NA,NA,LOS ANGELES,LOS ANGELES,-118.28015899658205,33.78208923339844
9159713,2020,2020-10-27,1942,2020-07-19,0910,42282,0311,7,5,7,1942,0,0,0,C,0,25T29,JEFFERSON,CLOVERDALE,60,W,N,A,-,N,NA,NA,NA,NA,NA,NA,NA,NA,NA,Y,4,0,2,2,A,-,09,21801,A,N,D,C,A,A,D,-,A,D,0,NA,NA,NA,NA,Y,NA,A,01,0,0,2,0,0,0,0,0,0,-,-,NA,NA,LOS ANGELES,LOS ANGELES,-118.3603057861328,34.02547836303711
9159714,2020,2020-10-27,1942,2020-07-18,1945,42364,0355,6,5,7,1942,0,0,0,C,0,3A55,36TH PL,ST ANDREWS,322,E,N,A,-,N,NA,NA,NA,NA,NA,NA,NA,NA,NA,N,2,0,1,2,A,-,09,21804,A,N,D,G,A,A,H,-,A,D,0,NA,Y,NA,NA,Y,NA,L,04,1,0,0,0,0,0,1,0,0,-,-,NA,NA,LOS ANGELES,LOS ANGELES,-118.31085205078124,34.021881103515625
9159715,2020,2020-10-27,1942,2020-07-15,1100,35393,398,3,5,7,1942,0,0,0,NA,0,25T21,VERNON AV,HOOVER ST,100,E,N,A,-,N,NA,NA,NA,NA,NA,NA,NA,NA,NA,N,4,0,1,2,A,-,07,21658,A,F,B,C,A,A,H,-,A,D,0,NA,NA,NA,NA,Y,NA,-,99,0,0,1,0,0,0,0,0,0,-,-,NA,NA,LOS ANGELES,LOS ANGELES,-118.2868423461914,34.003719329833984
9159716,2020,2020-10-30,1942,2020-08-08,1955,44159,LOSAN,6,5,7,1942,0,0,0,NA,0,5A15,LOMITA BL,FRIES AV,30,E,N,A,-,N,NA,NA,NA,NA,NA,NA,NA,NA,NA,Y,4,0,1,4,A,-,03,22350,NA,N,C,E,A,A,H,-,C,A,0,NA,NA,NA,NA,Y,NA,D,22,0,0,1,0,0,0,0,0,0,-,-,NA,NA,LOS ANGELES,LOS ANGELES,-118.26630401611328,33.79902648925781
9159723,2020,2020-11-02,1942,2020-08-29,2050,42392,1842,6,5,7,1942,0,0,0,R,0,18A49,IMPERIAL HWY,GRAND AV,0,NA,Y,A,-,N,NA,NA,NA,NA,NA,NA,NA,NA,NA,N,4,0,1,2,A,-,12,21453,A,F,D,C,A,A,H,-,C,A,0,NA,NA,NA,NA,Y,NA,-,99,0,0,1,0,0,0,0,0,0,-,-,NA,NA,LOS ANGELES,LOS ANGELES,-118.28170776367188,33.930999755859375
9159724,2020,2020-10-26,1942,2020-08-26,1400,38690,1824,3,5,7,1942,0,0,0,R,0,18A17,COLDEN AV,MCKINLEY AV,0,NA,Y,A,-,N,NA,NA,NA,NA,NA,NA,NA,NA,NA,Y,4,0,2,2,A,-,12,22450,NA,N,D,C,A,A,H,-,A,A,0,NA,NA,NA,NA,Y,NA,A,01,0,0,2,0,0,0,0,0,0,-,-,NA,NA,LOS ANGELES,LOS ANGELES,-118.26083374023438,33.94926834106445
9159725,2020,2020-10-26,1942,2020-08-26,0100,42392,1806,3,5,7,1942,0,0,0,R,0,18A97,92ND ST,CENTRAL AV,0,NA,Y,A,-,N,NA,NA,NA,NA,NA,NA,NA,NA,NA,Y,4,0,1,2,A,-,09,21801,A,N,D,C,A,A,H,-,C,A,0,NA,NA,NA,NA,Y,NA,A,07,0,0,1,0,0,0,0,0,0,-,-,NA,NA,LOS ANGELES,LOS ANGELES,-118.25643920898438,33.95328140258789
9159726,2020,2020-11-02,1942,2020-08-24,2130,43227,1864,1,5,7,1942,0,0,0,R,0,18A34,IMPERIAL,WADSWORTH,0,NA,Y,A,-,N,NA,NA,NA,NA,NA,NA,NA,NA,NA,N,4,0,1,2,A,-,09,21801,A,N,D,C,A,A,H,-,C,D,0,NA,NA,NA,NA,Y,NA,A,01,0,0,1,0,0,0,0,0,0,-,-,NA,NA,LOS ANGELES,LOS ANGELES,-118.25862884521484,33.930938720703125
9159727,2020,2020-10-26,1942,2020-08-22,1425,44147,1826,6,5,7,1942,0,0,0,R,0,18A17W,98TH ST,SUCCESS AV,10,W,N,A,-,N,NA,NA,NA,NA,NA,NA,NA,NA,NA,Y,4,0,2,2,A,-,12,22450,A,F,D,C,A,A,H,-,A,A,0,NA,NA,NA,NA,Y,NA,-,99,0,0,2,0,0,0,0,0,0,-,-,NA,NA,LOS ANGELES,LOS ANGELES,-118.24915313720705,33.94744873046875
9159728,2020,2020-10-26,1942,2020-08-21,2310,43106,1823,5,5,7,1942,0,0,0,R,0,18X95,SAN PEDRO,CENTURY BL,0,NA,Y,A,-,N,NA,NA,NA,NA,NA,NA,NA,NA,NA,N,3,0,1,2,A,-,12,21453,NA,F,D,G,A,A,H,-,C,A,0,NA,Y,NA,NA,Y,Y,-,99,0,1,0,0,0,0,1,0,0,-,-,NA,NA,LOS ANGELES,LOS ANGELES,-118.26953125,33.94559097290039
9159729,2020,2020-10-26,1942,2020-08-20,1845,37453,1831,4,5,7,1942,0,0,0,R,0,18A26,S VERMONT AV,W 123RD ST,45,S,N,A,-,N,NA,NA,NA,NA,NA,NA,NA,NA,NA,Y,4,0,1,1,A,-,03,22350,NA,N,A,I,A,A,H,-,A,D,0,NA,NA,NA,NA,Y,NA,A,01,0,0,1,0,0,0,0,0,0,-,-,NA,NA,LOS ANGELES,LOS ANGELES,-118.29155731201172,33.921016693115234