CASE_ID,ACCIDENT_YEAR,PROC_DATE,JURIS,COLLISION_DATE,COLLISION_TIME,OFFICER_ID,REPORTING_DISTRICT,DAY_OF_WEEK,CHP_SHIFT,POPULATION,CNTY_CITY_LOC,SPECIAL_COND,BEAT_TYPE,CHP_BEAT_TYPE,CITY_DIVISION_LAPD,CHP_BEAT_CLASS,BEAT_NUMBER,PRIMARY_RD,SECONDARY_RD,DISTANCE,DIRECTION,INTERSECTION,WEATHER_1,WEATHER_2,STATE_HWY_IND,CALTRANS_COUNTY,CALTRANS_DISTRICT,STATE_ROUTE,ROUTE_SUFFIX,POSTMILE_PREFIX,POSTMILE,LOCATION_TYPE,RAMP_INTERSECTION,SIDE_OF_HWY,TOW_AWAY,COLLISION_SEVERITY,NUMBER_KILLED,NUMBER_INJURED,PARTY_COUNT,PRIMARY_COLL_FACTOR,PCF_CODE_OF_VIOL,PCF_VIOL_CATEGORY,PCF_VIOLATION,PCF_VIOL_SUBSECTION,HIT_AND_RUN,TYPE_OF_COLLISION,MVIW,PED_ACTION,ROAD_SURFACE,ROAD_COND_1,ROAD_COND_2,LIGHTING,CONTROL_DEVICE,CHP_ROAD_TYPE,PEDESTRIAN_ACCIDENT,BICYCLE_ACCIDENT,MOTORCYCLE_ACCIDENT,TRUCK_ACCIDENT,NOT_PRIVATE_PROPERTY,ALCOHOL_INVOLVED,STWD_VEHTYPE_AT_FAULT,CHP_VEHTYPE_AT_FAULT,COUNT_SEVERE_INJ,COUNT_VISIBLE_INJ,COUNT_COMPLAINT_PAIN,COUNT_PED_KILLED,COUNT_PED_INJURED,COUNT_BICYCLIST_KILLED,COUNT_BICYCLIST_INJURED,COUNT_MC_KILLED,COUNT_MC_INJURED,PRIMARY_RAMP,SECONDARY_RAMP,LATITUDE,LONGITUDE,COUNTY,CITY,POINT_X,POINT_Y
9165254,2020,2020-10-13,1976,2020-09-01,0522,376,NA,2,5,3,1964,0,0,0,NA,0,003,IMPERIAL HWY,MARQUARDT AV,0,NA,Y,A,-,N,NA,NA,NA,NA,NA,NA,NA,NA,NA,Y,3,0,3,2,A,-,01,23152,A,N,D,C,A,A,H,-,C,A,0,NA,NA,NA,NA,Y,Y,A,01,0,1,2,0,0,0,0,0,0,-,-,NA,NA,LOS ANGELES,SANTA FE SPRINGS,-118.03801727294922,33.916988372802734
9165270,2020,2020-10-13,1942,2020-09-19,1850,42251,1049,6,5,7,1942,0,0,0,J,0,10A17,BURBANK BL,RT 405,173,W,N,A,-,N,NA,NA,NA,NA,NA,NA,NA,NA,NA,Y,4,0,1,2,A,-,04,21703,NA,N,C,C,A,A,G,-,A,D,0,NA,NA,NA,NA,Y,NA,A,01,0,0,1,0,0,0,0,0,0,-,SF,NA,NA,LOS ANGELES,LOS ANGELES,-118.46833038330078,34.17207336425781
9165287,2020,2020-10-19,1948,2020-08-01,0228,464,1948,6,5,5,1948,0,0,0,NA,0,001,ATLANTIC BL,AVENIDA CESAR CHAVEZ,480,NA,N,A,-,N,NA,NA,NA,NA,NA,NA,NA,NA,NA,Y,3,0,1,1,A,-,08,22107,NA,N,E,I,A,A,H,-,C,A,0,NA,NA,NA,NA,Y,NA,A,01,0,1,0,0,0,0,0,0,0,-,-,34.03750991821289,-118.14644622802734,LOS ANGELES,MONTEREY PARK,-118.1464385986328,34.03750991821289
9165358,2020,2020-11-25,1955,2020-08-10,0815,41897,5,1,5,6,1955,0,0,0,NA,0,005,RT 71,PHILLIPS DR,1000,N,N,A,-,Y,LA,7,71,-,-,2.08,H,-,S,Y,4,0,1,1,A,-,03,22350,NA,N,E,I,A,A,H,-,A,D,0,NA,NA,NA,NA,Y,NA,A,01,0,0,1,0,0,0,0,0,0,-,-,NA,NA,LOS ANGELES,POMONA,-117.77606201171876,34.048458099365234
9165412,2020,2020-11-20,1972,2020-09-14,1046,14197,NA,1,5,6,1972,0,0,0,NA,0,NA,ARTESIA BL,AMIE AV,20,W,N,A,-,N,NA,NA,NA,NA,NA,NA,NA,NA,NA,Y,4,0,1,2,A,-,03,22350,NA,N,C,E,A,A,H,-,A,A,0,NA,NA,NA,NA,Y,NA,A,NA,0,0,1,0,0,0,0,0,0,-,-,NA,NA,LOS ANGELES,TORRANCE,-118.34845733642578,33.87287902832031
9165416,2020,2020-10-15,1972,2020-09-16,1114,21737,NA,3,5,6,1972,0,0,0,NA,0,NA,CRENSHAW BL,182ND ST,0,NA,Y,A,-,N,NA,NA,NA,NA,NA,NA,NA,NA,NA,Y,4,0,1,3,A,-,12,21453,A,N,D,C,A,A,H,-,A,A,0,NA,NA,NA,NA,Y,NA,A,NA,0,0,1,0,0,0,0,0,0,-,-,NA,NA,LOS ANGELES,TORRANCE,-118.32646942138672,33.86558151245117
9165420,2020,2020-11-30,1972,2020-09-04,2028,21151,NA,5,5,6,1972,0,0,0,NA,0,NA,PACIFIC COAST HWY,MADISON ST,0,NA,Y,A,-,Y,LA,7,1,-,-,15.787,I,5,S,Y,4,0,1,2,A,-,09,21801,A,N,B,C,A,A,H,-,C,A,0,NA,NA,NA,NA,Y,NA,A,NA,0,0,1,0,0,0,0,0,0,-,-,NA,NA,LOS ANGELES,TORRANCE,-118.34782409667967,33.803497314453125
9165428,2020,2020-10-15,1900,2020-09-26,1145,527455,0522,6,5,4,1971,0,0,0,NA,0,58T1/D,ROSEMEAD BL,BROADWAY,561,N,N,A,-,N,NA,NA,NA,NA,NA,NA,NA,NA,NA,Y,3,0,3,2,A,-,03,22350,NA,N,D,C,A,A,H,-,A,D,0,NA,NA,NA,NA,Y,NA,A,07,0,3,0,0,0,0,0,0,0,-,-,34.10068130493164,-118.07341766357422,LOS ANGELES,TEMPLE CITY,-118.07344818115234,34.10056686401367
9165450,2020,2020-12-03,1923,2020-09-03,2345,538,E311,4,5,3,1923,0,0,0,NA,0,3L5M,EL SEGUNDO BL,PACIFIC COAST HWY,36,E,N,-,-,Y,LA,7,1,-,-,24.911,I,6,N,Y,4,0,2,2,A,-,01,23152,A,N,C,C,A,A,H,-,C,A,0,NA,NA,NA,NA,Y,Y,A,01,0,0,2,0,0,0,0,0,0,-,-,33.9163703918457,-118.39598846435548,LOS ANGELES,EL SEGUNDO,-118.39588165283205,33.9163703918457
9165459,2020,2020-11-25,1942,2020-09-30,0910,38326,19311,3,5,7,1942,0,0,0,NA,0,9A43,SEPULVEDA BL,RT 405,0,NA,Y,A,-,Y,LA,7,405,-,-,27.767,R,4,N,N,4,0,1,2,A,-,12,21453,A,N,D,C,A,A,H,-,A,A,0,NA,NA,NA,NA,Y,NA,D,22,0,0,1,0,0,0,0,0,0,-,NF,NA,NA,LOS ANGELES,LOS ANGELES,-118.4164810180664,34.0098876953125
9165475,2020,2020-10-27,1941,2020-09-22,1558,1941,NA,2,5,7,1941,0,0,0,NA,0,NA,ARTESIA BL,PARAMOUNT BL,0,NA,Y,A,-,N,NA,NA,NA,NA,NA,NA,NA,NA,NA,Y,4,0,3,2,A,-,03,22350,NA,N,C,C,A,A,H,-,A,A,0,NA,NA,NA,NA,Y,NA,A,NA,0,0,3,0,0,0,0,0,0,-,-,NA,NA,LOS ANGELES,LONG BEACH,-118.16000366210938,33.874759674072266
9165479,2020,2020-10-22,1900,2020-09-26,0737,476466,633,6,5,6,1985,0,0,0,NA,0,61T1,SIERRA HWY,JAKES WY,0,NA,Y,A,-,N,NA,NA,NA,NA,NA,NA,NA,NA,NA,Y,3,0,1,2,A,-,09,21801,A,N,D,C,A,A,H,-,A,A,0,NA,NA,Y,NA,Y,NA,A,01,0,1,0,0,0,0,0,0,1,-,-,34.41054916381836,-118.45858764648438,LOS ANGELES,SANTA CLARITA,-118.45867919921876,34.41053009033203
9165509,2020,2020-12-03,1941,2020-09-25,1730,10005,NA,5,5,7,1941,0,0,0,NA,0,NA,PACIFIC COAST HWY,WALNUT AV,0,NA,Y,A,-,Y,LA,7,1,-,-,5.261,I,5,S,Y,4,0,2,3,A,-,08,22107,NA,N,D,C,A,A,H,-,A,A,0,NA,NA,NA,NA,Y,NA,A,NA,0,0,2,0,0,0,0,0,0,-,-,NA,NA,LOS ANGELES,LONG BEACH,-118.17191314697266,33.7898063659668
9165513,2020,2020-12-03,1941,2020-09-15,1530,6007,NA,2,5,7,1941,0,0,0,NA,0,NA,PACIFIC COAST HWY,CORONADO,12,W,N,A,-,Y,LA,7,1,-,-,4.181,I,5,S,N,4,0,2,2,A,-,08,22107,NA,N,D,C,A,A,H,-,A,D,0,NA,NA,NA,NA,Y,NA,A,NA,0,0,2,0,0,0,0,0,0,-,-,NA,NA,LOS ANGELES,LONG BEACH,-118.15321350097656,33.78980255126953
9165516,2020,2020-11-25,1942,2020-07-10,1450,41140,1841,5,5,7,1942,0,0,0,R,0,18X95,116TH PL,HOOVER ST,0,NA,Y,A,-,Y,LA,7,105,-,R,7.212,R,4,E,N,4,0,3,2,A,-,09,21800,A,N,C,C,A,A,H,-,A,D,0,NA,NA,NA,NA,Y,NA,A,01,0,0,3,0,0,0,0,0,0,-,-,NA,NA,LOS ANGELES,LOS ANGELES,-118.28363037109376,33.928524017333984
9165535,2020,2020-10-26,1942,2020-10-07,0200,43584,0529,3,5,7,1942,0,0,0,E,0,5A15,ANAHEIM ST,QUAY AV,15,W,N,A,-,N,NA,NA,NA,NA,NA,NA,NA,NA,NA,Y,4,0,1,2,A,-,01,23152,A,N,C,C,A,A,H,-,C,D,0,NA,NA,NA,NA,Y,NA,A,01,0,0,1,0,0,0,0,0,0,-,-,NA,NA,LOS ANGELES,LOS ANGELES,-118.25863647460938,33.78018569946289
9165616,2020,2020-12-03,1942,2020-08-16,1716,37839,1494,7,5,7,1942,0,0,0,N,0,14FBL8,SEPULVEDA BL,IMPERIAL HWY,0,NA,N,A,-,Y,LA,7,1,-,-,25.921,I,5,S,Y,4,0,2,2,A,-,01,23152,A,N,B,C,A,A,H,-,A,A,0,NA,NA,NA,NA,Y,Y,A,08,0,0,2,0,0,0,0,0,0,-,-,NA,NA,LOS ANGELES,LOS ANGELES,-118.396240234375,33.93142318725586
9165619,2020,2020-10-29,1942,2020-07-28,1820,44110,1309,2,5,7,1942,0,0,0,M,0,13A9,OLYMPIC BL,MATEO ST,300,W,N,A,-,N,NA,NA,NA,NA,NA,NA,NA,NA,NA,N,4,0,2,2,A,-,09,21801,NA,N,D,C,A,A,H,-,A,A,0,NA,NA,NA,NA,Y,NA,A,01,0,0,2,0,0,0,0,0,0,-,-,NA,NA,LOS ANGELES,LOS ANGELES,-118.23316955566406,34.026153564453125
9165620,2020,2020-12-03,1942,2020-08-14,1830,30363,1494,5,5,7,1942,0,0,0,N,0,14FBL8,LINCOLN BL,SEPULVEDA BL,0,NA,Y,A,-,Y,LA,7,1,-,-,27.39,H,-,S,Y,3,0,2,2,A,-,03,22350,NA,N,C,C,A,A,H,-,A,A,0,NA,NA,NA,NA,Y,NA,A,01,0,1,1,0,0,0,0,0,0,-,-,NA,NA,LOS ANGELES,LOS ANGELES,-118.39656066894533,33.951908111572266
9165623,2020,2020-10-29,1942,2020-07-04,1850,43900,1841,6,5,7,1942,0,0,0,R,0,181934,IMPERIAL HWY,HOOVER ST,0,NA,Y,A,-,N,NA,NA,NA,NA,NA,NA,NA,NA,NA,Y,4,0,1,2,A,-,09,21801,A,F,B,C,A,A,H,-,A,D,0,NA,NA,NA,NA,Y,NA,A,07,0,0,1,0,0,0,0,0,0,-,-,NA,NA,LOS ANGELES,LOS ANGELES,-118.2869873046875,33.93098831176758
9165624,2020,2020-12-03,1942,2020-08-11,1525,37839,1494,2,5,7,1942,0,0,0,N,0,14FBL8,SEPULVEDA BL,IMPERIAL HWY,100,N,N,A,-,Y,LA,7,1,-,-,25.94,H,-,S,N,4,0,3,3,A,-,03,22350,NA,N,C,C,A,A,H,-,A,A,0,NA,NA,NA,NA,Y,NA,A,01,0,0,3,0,0,0,0,0,0,-,-,NA,NA,LOS ANGELES,LOS ANGELES,-118.396240234375,33.93172073364258
9165643,2020,2020-10-29,1942,2020-08-13,1720,39276,477,4,5,7,1942,0,0,0,NA,0,4A72,WHITTIER BL,ORME AV,0,NA,N,A,-,N,NA,NA,NA,NA,NA,NA,NA,NA,NA,N,4,0,1,5,A,-,03,22350,NA,N,B,C,A,A,H,-,A,D,0,NA,NA,NA,NA,Y,NA,A,07,0,0,1,0,0,0,0,0,0,-,-,NA,NA,LOS ANGELES,LOS ANGELES,-118.2121124267578,34.03276824951172
9165663,2020,2022-02-03,1942,2020-08-25,1720,39508,1351,2,5,7,1942,0,0,0,M,0,13A41,S BROADWAY,W 42ND ST,73,N,N,A,-,N,NA,NA,NA,NA,NA,NA,NA,NA,NA,N,4,0,1,2,A,-,03,22350,NA,F,C,D,A,A,H,-,A,D,0,NA,NA,NA,NA,Y,NA,D,22,0,0,1,0,0,0,0,0,0,-,-,NA,NA,LOS ANGELES,LOS ANGELES,-118.27837371826172,34.00754928588867
9165664,2020,2020-11-25,1913,2020-09-30,1537,3479,56,3,5,4,1913,0,0,0,NA,0,003,TOWNE AV,RT 210,0,NA,Y,A,-,Y,LA,7,210,-,R,49.394,R,4,E,Y,3,0,2,2,A,-,12,21453,A,N,D,C,A,A,H,-,A,A,0,NA,NA,NA,NA,Y,NA,A,07,0,2,0,0,0,0,0,0,0,-,EF,NA,NA,LOS ANGELES,CLAREMONT,-117.73891448974608,34.12031936645508
9165667,2020,2020-10-29,1942,2020-08-04,1315,40726,1846,2,5,7,1942,0,0,0,R,0,25MQ56,IMPERIAL HWY,CENTRAL AV,15,E,N,A,-,N,NA,NA,NA,NA,NA,NA,NA,NA,NA,N,4,0,1,2,A,-,03,22350,NA,N,A,C,A,A,H,-,A,D,0,NA,NA,NA,NA,Y,NA,-,99,0,0,1,0,0,0,0,0,0,-,-,NA,NA,LOS ANGELES,LOS ANGELES,-118.25418090820313,33.92947006225586
9165672,2020,2020-11-25,1913,2020-09-25,0529,3679,NA,5,5,4,1913,0,0,0,NA,0,004,BASELINE RD,PADUA AV,536,E,N,A,-,Y,LA,7,210,-,R,51.887,R,4,E,Y,3,0,2,1,A,-,08,22107,NA,N,E,I,A,A,H,-,-,D,0,NA,NA,NA,NA,Y,NA,A,01,0,2,0,0,0,0,0,0,0,-,-,NA,NA,LOS ANGELES,CLAREMONT,-117.696637,34.121594
9165681,2020,2020-11-19,1900,2020-09-27,1117,601707,1321,7,5,5,1935,0,0,0,NA,0,132T1,LAKEWOOD BL,DEL AMO BL,0,NA,Y,A,-,N,NA,NA,NA,NA,NA,NA,NA,NA,NA,Y,4,0,2,2,A,-,12,21457,A,N,D,C,A,A,H,-,A,B,0,NA,NA,NA,NA,Y,NA,A,07,0,0,2,0,0,0,0,0,0,-,-,33.847129821777344,-118.14250946044922,LOS ANGELES,LAKEWOOD,-118.1427764892578,33.8466796875
9165685,2020,2020-11-19,1900,2020-09-08,2023,649446,1321,2,5,5,1935,0,0,0,NA,0,132T2,LAKEWOOD BL,CANDLEWOOD ST,0,NA,Y,A,-,N,NA,NA,NA,NA,NA,NA,NA,NA,NA,Y,4,0,2,2,A,-,09,21801,A,N,B,C,A,A,H,-,C,A,0,NA,NA,NA,NA,Y,NA,A,01,0,0,2,0,0,0,0,0,0,-,-,NA,NA,LOS ANGELES,LAKEWOOD,-118.14257049560548,33.85382843017578
9165686,2020,2020-11-25,1900,2020-09-26,0700,602995,2611,6,5,6,1950,0,0,0,NA,0,262T1,PALMDALE BL,6TH ST EAST,0,NA,Y,A,-,Y,LA,7,138,-,-,44.329,I,5,E,N,4,0,1,2,A,-,12,21453,A,M,D,C,A,A,H,-,A,A,0,NA,NA,NA,NA,Y,NA,A,01,0,0,1,0,0,0,0,0,0,-,-,34.5794792175293,-118.11824035644533,LOS ANGELES,PALMDALE,-118.1182098388672,34.579490661621094
9165690,2020,2020-11-25,1900,2020-09-21,1535,602995,2611,1,5,6,1950,0,0,0,NA,0,261T1,PALMDALE BL,57TH ST EAST,489,W,N,A,-,Y,LA,7,138,-,-,44.28,H,-,W,Y,4,0,1,4,A,-,08,22107,NA,N,B,C,A,A,H,-,A,D,0,NA,NA,NA,NA,Y,NA,A,01,0,0,1,0,0,0,0,0,0,-,-,34.5796012878418,-118.11898040771484,LOS ANGELES,PALMDALE,-118.11907196044922,34.579566955566406
9165693,2020,2020-10-28,1900,2020-09-13,1210,602218,463,7,5,4,1936,0,0,0,NA,0,46K2,IMPERIAL HWY,SANTA GERTRUDES AV,367,W,N,A,-,N,NA,NA,NA,NA,NA,NA,NA,NA,NA,Y,4,0,1,2,A,-,09,21804,A,N,D,C,A,A,H,-,A,D,0,NA,NA,NA,NA,Y,NA,A,01,0,0,1,0,0,0,0,0,0,-,-,33.91733932495117,-117.99565887451172,LOS ANGELES,LA MIRADA,-117.99555206298828,33.917198181152344
9165694,2020,2020-11-25,1900,2020-09-29,2200,639633,NORTH,2,5,6,1950,0,0,0,NA,0,262T1,30TH ST EAST,PALMDALE BL,0,NA,Y,A,-,Y,LA,7,138,-,-,46.73,I,5,W,Y,4,0,2,2,A,-,09,21801,A,N,A,C,A,A,H,-,C,A,0,NA,NA,NA,NA,Y,NA,A,01,0,0,2,0,0,0,0,0,0,-,-,34.58012008666992,-118.07627868652344,LOS ANGELES,PALMDALE,-118.07634735107422,34.580223083496094
91656984,2020,2022-01-21,9530,2020-12-11,1317,022380,NA,5,1,9,1900,0,3,5,NA,2,001,NADEAU STREET,CROCKETT BOULEVARD,0,NA,Y,A,-,N,NA,NA,NA,NA,NA,NA,NA,NA,NA,Y,1,1,1,3,A,-,01,23152,G,N,D,C,A,A,H,-,A,A,0,NA,NA,NA,NA,Y,NA,A,01,0,1,0,0,0,0,0,0,0,-,-,33.96738815307617,-118.23692321777344,LOS ANGELES,UNINCORPORATED,-118.23695373535156,33.96738052368164
9165704,2020,2020-11-25,1900,2020-10-07,1930,546256,0530,3,5,5,1959,0,0,0,NA,0,53T1/P,RT 164,MISSION DR,0,NA,Y,A,-,Y,LA,7,164,-,-,6.452,I,5,S,N,3,0,1,2,A,-,17,21451,A,N,D,G,A,A,H,-,C,A,0,NA,Y,NA,NA,Y,NA,A,01,0,1,0,0,0,0,1,0,0,-,-,34.08428955078125,-118.07343292236328,LOS ANGELES,ROSEMEAD,-118.07334899902344,34.084266662597656
9165709,2020,2020-11-19,1942,2020-09-21,1850,43789,1267,1,5,7,1942,0,0,0,L,0,12A93,MANCHESTER AV,BROADWAY,5,W,N,A,-,N,NA,NA,NA,NA,NA,NA,NA,NA,NA,N,4,0,1,2,A,-,08,22107,NA,N,H,G,A,A,H,-,C,A,0,NA,Y,NA,NA,Y,Y,L,04,0,0,1,0,0,0,1,0,0,-,-,NA,NA,LOS ANGELES,LOS ANGELES,-118.2782974243164,33.960079193115234
9165717,2020,2020-11-25,1942,2020-09-29,1110,43822,1681,2,5,7,1942,0,0,0,P,0,16A81,SHELDON ST,HOLLYWOOD FWY,0,NA,Y,A,-,Y,LA,7,170,-,R,20.268,R,4,N,Y,4,0,2,2,A,-,12,21453,A,N,D,C,A,A,H,-,A,A,0,NA,NA,NA,NA,Y,NA,-,-,0,0,2,0,0,0,0,0,0,-,-,NA,NA,LOS ANGELES,LOS ANGELES,-118.40956878662108,34.23005676269531
9165724,2020,2020-11-25,1900,2020-10-02,0210,542191,2928,5,5,5,1990,0,0,0,NA,0,292K2,BREA CANYON RD,RT 605,1,N,N,A,-,Y,LA,7,60,-,R,22.795,R,4,W,Y,2,0,2,8,A,-,03,22350,NA,N,F,I,F,A,H,-,C,A,0,Y,NA,NA,NA,Y,NA,A,01,1,1,0,0,1,0,0,0,0,-,WO,34.00115966796875,-117.8456802368164,LOS ANGELES,DIAMOND BAR,-117.84813690185548,33.99999237060547
9165727,2020,2020-10-30,1962,2020-09-08,1854,105,1962,2,5,4,1962,0,0,0,NA,0,004,VALLEY BL,SAN GABRIEL BL,231,NA,N,A,-,N,NA,NA,NA,NA,NA,NA,NA,NA,NA,N,4,0,1,2,A,-,03,22350,NA,N,C,C,A,A,H,-,A,A,0,NA,NA,NA,NA,Y,Y,A,01,0,0,1,0,0,0,0,0,0,-,-,34.080169677734375,-118.09081268310548,LOS ANGELES,SAN GABRIEL,-118.09075164794922,34.08015823364258
9165731,2020,2020-10-30,1962,2020-09-16,2034,148,1962,3,5,4,1962,0,0,0,NA,0,003,VALLEY BL,NEW AV,0,E,N,A,-,N,NA,NA,NA,NA,NA,NA,NA,NA,NA,Y,4,0,1,3,A,-,03,22350,NA,N,C,C,A,A,H,-,C,D,0,NA,NA,NA,NA,Y,NA,A,01,0,0,1,0,0,0,0,0,0,-,-,34.07931900024414,-118.10830688476564,LOS ANGELES,SAN GABRIEL,-118.10829925537108,34.07931900024414
9165740,2020,2020-12-03,1942,2020-10-02,2200,44089,0517,5,5,7,1942,0,0,0,E,0,5A15,EAST PACIFIC COAST HWY,EUBANK AV,10,W,N,A,-,Y,LA,7,1,-,-,10.13,H,-,S,N,4,0,2,2,A,-,03,22350,NA,F,C,C,A,A,H,-,C,A,0,NA,NA,NA,NA,Y,NA,-,99,0,0,2,0,0,0,0,0,0,-,-,NA,NA,LOS ANGELES,LOS ANGELES,-118.25634765625,33.791534423828125
9165752,2020,2020-12-03,1972,2020-10-03,1915,20860,NA,6,5,6,1972,0,0,0,NA,0,NA,PACIFIC COAST HWY,AIRPORT,0,NA,Y,A,-,Y,LA,7,1,-,-,14.342,I,5,N,Y,4,0,1,2,A,-,09,21801,A,N,D,C,A,A,H,-,C,A,0,NA,NA,NA,NA,Y,NA,A,NA,0,0,1,0,0,0,0,0,0,-,-,NA,NA,LOS ANGELES,TORRANCE,-118.32911682128906,33.78968811035156
9165756,2020,2020-11-25,1900,2020-10-02,1841,615106,2610,5,5,6,1950,0,0,0,NA,0,262T1,RT 138,16TH ST EAST,0,NA,Y,A,-,Y,LA,7,138,-,-,45.311,I,5,E,Y,4,0,1,2,A,-,09,21801,A,N,D,C,A,A,H,-,B,A,0,NA,NA,NA,NA,Y,NA,A,07,0,0,1,0,0,0,0,0,0,-,-,34.57958984375,-118.10099792480467,LOS ANGELES,PALMDALE,-118.1010513305664,34.579647064208984
9165766,2020,2020-11-02,1975,2020-09-22,2048,383,CITRU,2,5,6,1975,0,0,0,NA,0,006,NOGALES ST,VALLEY BL,0,NA,Y,A,-,N,NA,NA,NA,NA,NA,NA,NA,NA,NA,Y,2,0,2,2,-,-,-,NA,A,N,C,A,A,A,H,-,C,A,0,NA,NA,NA,NA,Y,NA,-,NA,1,0,1,0,0,0,0,0,0,-,-,NA,NA,LOS ANGELES,WEST COVINA,-117.88768005371094,34.00307083129883
9165767,2020,2020-11-16,1975,2020-09-16,1121,1005,NA,3,5,6,1975,0,0,0,NA,0,004,VALINDA AV,FRANCISQUITO AV,0,NA,Y,A,-,N,NA,NA,NA,NA,NA,NA,NA,NA,NA,Y,4,0,1,2,-,-,-,NA,A,N,D,C,A,A,H,-,A,A,0,NA,NA,NA,NA,Y,NA,A,01,0,0,1,0,0,0,0,0,0,-,-,34.050411224365234,-117.92559814453124,LOS ANGELES,WEST COVINA,-117.92559814453124,34.05036926269531
9165768,2020,2020-10-31,1975,2020-09-19,1659,686,CITRU,6,5,6,1975,0,0,0,NA,0,002,HOLLENBECK AV,NORTH GARVEY AV,113,N,N,A,-,N,NA,NA,NA,NA,NA,NA,NA,NA,NA,Y,4,0,2,3,A,-,03,22350,NA,N,B,C,A,A,H,-,A,A,0,NA,NA,NA,NA,Y,NA,A,01,0,0,2,0,0,0,0,0,0,-,-,NA,NA,LOS ANGELES,WEST COVINA,-117.89888763427734,34.07318115234375
9165769,2020,2020-11-16,1975,2020-09-25,1004,465,NA,5,5,6,1975,0,0,0,NA,0,001,LARK ELLEN AV,WORKMAN AV,14,N,N,A,-,N,NA,NA,NA,NA,NA,NA,NA,NA,NA,Y,2,0,2,2,A,-,12,21453,A,N,D,C,A,A,H,-,A,A,0,NA,NA,NA,NA,Y,NA,A,01,1,0,1,0,0,0,0,0,0,-,-,34.07558059692383,-117.91655731201172,LOS ANGELES,WEST COVINA,-117.91655731201172,34.075599670410156
9165770,2020,2020-11-16,1975,2020-09-27,1640,347,6P26,7,5,6,1975,0,0,0,NA,0,002,HOLLENBECK AV,WORKMAN AV,0,NA,Y,A,-,N,NA,NA,NA,NA,NA,NA,NA,NA,NA,Y,3,0,3,2,-,-,-,NA,A,N,-,-,A,-,H,-,A,A,0,NA,NA,NA,NA,Y,NA,-,NA,0,1,2,0,0,0,0,0,0,-,-,34.07923126220703,-117.93344879150392,LOS ANGELES,WEST COVINA,-117.89893341064452,34.07543182373047
9165773,2020,2020-10-31,1900,2020-09-16,1136,510509,1132,3,5,6,1992,0,0,0,NA,0,112T4,CAROLSIDE AV,AVENUE J-2,371,S,N,F,-,N,NA,NA,NA,NA,NA,NA,NA,NA,NA,Y,4,0,1,4,-,-,-,NA,A,N,B,C,A,A,H,-,A,D,0,NA,NA,NA,NA,Y,NA,A,01,0,0,1,0,0,0,0,0,0,-,-,NA,NA,LOS ANGELES,LANCASTER,-118.12922668457033,34.6869010925293
9165774,2020,2020-10-31,1900,2020-09-15,0900,609116,1136,2,5,6,1992,0,0,0,NA,0,111T1,AVENUE J,37TH ST EAST,0,NA,Y,A,-,N,NA,NA,NA,NA,NA,NA,NA,NA,NA,Y,4,0,1,2,-,-,-,NA,A,N,B,D,A,A,H,-,A,D,0,NA,NA,NA,NA,Y,NA,A,01,0,0,1,0,0,0,0,0,0,-,-,NA,NA,LOS ANGELES,LANCASTER,-118.06369018554688,34.6899299621582
9165775,2020,2020-10-31,1900,2020-09-24,1126,620752,1136,4,5,6,1992,0,0,0,NA,0,112T2,AVENU I,30TH ST E,0,NA,Y,A,-,N,NA,NA,NA,NA,NA,NA,NA,NA,NA,Y,3,0,1,2,-,-,-,NA,A,N,D,C,A,A,H,-,A,A,0,NA,NA,Y,NA,Y,NA,A,08,0,1,0,0,0,0,0,0,1,-,-,NA,NA,LOS ANGELES,LANCASTER,-118.07708740234376,34.70441818237305
9165776,2020,2020-10-31,1900,2020-09-07,1454,644792,1125,1,5,6,1992,0,0,0,NA,0,111T1,LANCASTER BL,17TH SRT W,0,NA,Y,A,-,N,NA,NA,NA,NA,NA,NA,NA,NA,NA,Y,3,0,6,2,-,-,-,NA,A,N,D,C,A,A,H,-,A,A,0,NA,NA,NA,NA,Y,NA,A,01,0,1,5,0,0,0,0,0,0,-,-,NA,NA,LOS ANGELES,LANCASTER,-118.16135,34.69673
9165777,2020,2020-10-31,1900,2020-09-07,1808,644792,1127,1,5,6,1992,0,0,0,NA,0,111T2,25TH ST E,AVENUE J 8,0,NA,Y,A,-,N,NA,NA,NA,NA,NA,NA,NA,NA,NA,Y,4,0,1,2,-,-,-,NA,A,N,D,A,A,A,H,-,A,A,0,NA,NA,NA,NA,Y,NA,A,01,0,0,1,0,0,0,0,0,0,-,-,NA,NA,LOS ANGELES,LANCASTER,-118.17471313476564,34.68217849731445
9165778,2020,2020-10-31,1900,2020-09-11,2329,G27967,1127,5,5,6,1992,0,0,0,NA,0,112T1,30 TH ST W,AVENUE K,44,S,N,A,-,N,NA,NA,NA,NA,NA,NA,NA,NA,NA,Y,4,0,1,2,A,-,03,22350,NA,M,C,A,A,A,H,-,C,A,0,NA,NA,NA,NA,Y,NA,-,99,0,0,1,0,0,0,0,0,0,-,-,NA,NA,LOS ANGELES,LANCASTER,-118.18359375,34.674766540527344
9165779,2020,2020-10-31,1900,2020-09-22,1634,629461,1149,2,5,6,1992,0,0,0,NA,0,111T1,AVENUE M,30TH ST W,41,W,N,A,-,N,NA,NA,NA,NA,NA,NA,NA,NA,NA,N,4,0,1,3,A,-,21,22106,NA,N,C,C,A,A,H,-,A,A,0,NA,NA,NA,NA,Y,NA,A,01,0,0,1,0,0,0,0,0,0,-,-,NA,NA,LOS ANGELES,LANCASTER,-118.18318176269533,34.645652770996094
9165780,2020,2020-10-31,1900,2020-09-20,1433,644792,1135,7,5,6,1992,0,0,0,NA,0,111T2,AVENUE J,17TH ST EAST,0,NA,Y,A,-,N,NA,NA,NA,NA,NA,NA,NA,NA,NA,Y,4,0,1,3,A,-,09,21801,A,N,A,C,A,A,H,-,A,A,0,NA,NA,NA,NA,Y,NA,A,01,0,0,1,0,0,0,0,0,0,-,-,NA,NA,LOS ANGELES,LANCASTER,-118.09921264648438,34.68959045410156
9165866,2020,2020-11-30,1955,2020-09-01,0944,41484,21,2,5,6,1955,0,0,0,NA,0,001,TOWNE AV,LA VERNE AV,0,NA,Y,A,-,N,NA,NA,NA,NA,NA,NA,NA,NA,NA,Y,3,0,1,2,A,-,12,21453,A,N,D,C,A,A,H,-,A,A,0,NA,NA,NA,NA,Y,NA,D,22,0,1,0,0,0,0,0,0,0,-,-,NA,NA,LOS ANGELES,POMONA,-117.74057769775392,34.080318450927734