CASE_ID,ACCIDENT_YEAR,PROC_DATE,JURIS,COLLISION_DATE,COLLISION_TIME,OFFICER_ID,REPORTING_DISTRICT,DAY_OF_WEEK,CHP_SHIFT,POPULATION,CNTY_CITY_LOC,SPECIAL_COND,BEAT_TYPE,CHP_BEAT_TYPE,CITY_DIVISION_LAPD,CHP_BEAT_CLASS,BEAT_NUMBER,PRIMARY_RD,SECONDARY_RD,DISTANCE,DIRECTION,INTERSECTION,WEATHER_1,WEATHER_2,STATE_HWY_IND,CALTRANS_COUNTY,CALTRANS_DISTRICT,STATE_ROUTE,ROUTE_SUFFIX,POSTMILE_PREFIX,POSTMILE,LOCATION_TYPE,RAMP_INTERSECTION,SIDE_OF_HWY,TOW_AWAY,COLLISION_SEVERITY,NUMBER_KILLED,NUMBER_INJURED,PARTY_COUNT,PRIMARY_COLL_FACTOR,PCF_CODE_OF_VIOL,PCF_VIOL_CATEGORY,PCF_VIOLATION,PCF_VIOL_SUBSECTION,HIT_AND_RUN,TYPE_OF_COLLISION,MVIW,PED_ACTION,ROAD_SURFACE,ROAD_COND_1,ROAD_COND_2,LIGHTING,CONTROL_DEVICE,CHP_ROAD_TYPE,PEDESTRIAN_ACCIDENT,BICYCLE_ACCIDENT,MOTORCYCLE_ACCIDENT,TRUCK_ACCIDENT,NOT_PRIVATE_PROPERTY,ALCOHOL_INVOLVED,STWD_VEHTYPE_AT_FAULT,CHP_VEHTYPE_AT_FAULT,COUNT_SEVERE_INJ,COUNT_VISIBLE_INJ,COUNT_COMPLAINT_PAIN,COUNT_PED_KILLED,COUNT_PED_INJURED,COUNT_BICYCLIST_KILLED,COUNT_BICYCLIST_INJURED,COUNT_MC_KILLED,COUNT_MC_INJURED,PRIMARY_RAMP,SECONDARY_RAMP,LATITUDE,LONGITUDE,COUNTY,CITY,POINT_X,POINT_Y
9165870,2020,2020-11-30,1976,2020-09-06,2009,209,NA,7,5,3,1964,0,0,0,NA,0,002,BLOOMFIELD AV,FLORENCE AV,0,NA,Y,A,-,N,NA,NA,NA,NA,NA,NA,NA,NA,NA,Y,4,0,1,2,A,-,12,21453,A,N,D,C,A,A,H,-,C,A,0,NA,NA,NA,NA,Y,NA,A,01,0,0,1,0,0,0,0,0,0,-,-,NA,NA,LOS ANGELES,SANTA FE SPRINGS,-118.06405639648438,33.93547058105469
9165884,2020,2020-11-17,1975,2020-09-26,1101,686,CITRU,6,5,6,1975,0,0,0,NA,0,002,HOLLENBECK AV,WORKMAN AV,0,NA,Y,A,-,N,NA,NA,NA,NA,NA,NA,NA,NA,NA,Y,4,0,3,3,A,-,12,21453,A,N,D,C,A,A,H,-,A,A,0,NA,NA,NA,NA,Y,NA,A,01,0,0,3,0,0,0,0,0,0,-,-,NA,NA,LOS ANGELES,WEST COVINA,-117.89893341064452,34.07543182373047
9165935,2020,2020-11-30,1900,2020-09-08,1723,644792,1121,2,5,6,1992,0,0,0,NA,0,111T1,AVENUE H,10TH ST WEST,0,NA,Y,A,-,N,NA,NA,NA,NA,NA,NA,NA,NA,NA,Y,3,0,2,2,A,-,09,21801,A,N,D,C,A,A,H,-,A,A,0,NA,NA,NA,NA,Y,NA,D,22,0,1,1,0,0,0,0,0,0,-,-,NA,NA,LOS ANGELES,LANCASTER,-118.14842987060548,34.71852111816406
9165991,2020,2020-10-31,1900,2020-09-22,1745,644792,1127,2,5,6,1992,0,0,0,NA,0,112T1,AVENUE J,31ST ST W,0,NA,Y,A,-,Y,NA,NA,NA,NA,NA,NA,NA,NA,NA,N,3,0,1,2,A,-,09,21801,A,N,D,G,A,A,H,-,A,D,0,NA,Y,NA,NA,Y,NA,A,07,0,1,0,0,0,0,1,0,0,-,-,NA,NA,LOS ANGELES,LANCASTER,-118.1865463256836,34.689369201660156
9165995,2020,2020-10-31,1900,2020-09-16,2110,644792,1132,3,5,6,1992,0,0,0,NA,0,111T1,YUCCA AV,AVENUE I,232,S,N,A,-,Y,NA,NA,NA,NA,NA,NA,NA,NA,NA,N,4,0,1,2,A,-,08,22102,NA,M,D,A,A,A,H,-,C,D,0,NA,NA,NA,NA,Y,NA,A,01,0,0,1,0,0,0,0,0,0,-,-,NA,NA,LOS ANGELES,LANCASTER,-118.13581848144533,34.70331954956055
9165999,2020,2020-10-31,1900,2020-09-15,1814,644792,1124,2,5,6,1992,0,0,0,NA,0,111T1,AVENUE K,GADSDEN AV,303,E,N,A,-,N,NA,NA,NA,NA,NA,NA,NA,NA,NA,N,4,0,1,2,-,-,-,NA,NA,M,C,C,A,A,H,-,B,A,0,NA,NA,NA,NA,Y,NA,A,07,0,0,1,0,0,0,0,0,0,-,-,NA,NA,LOS ANGELES,LANCASTER,-118.14249420166016,34.675071716308594
9166001,2020,2020-10-20,1942,2020-08-27,1830,38492,0143,4,5,7,1942,0,0,0,A,0,1A84,5TH ST,HILL ST,3,E,N,A,-,N,NA,NA,NA,NA,NA,NA,NA,NA,NA,N,4,0,1,2,A,-,11,21456,B,N,G,B,B,A,H,-,A,A,0,Y,NA,NA,NA,Y,NA,N,60,0,0,1,0,1,0,0,0,0,-,-,NA,NA,LOS ANGELES,LOS ANGELES,-118.25179290771484,34.04875564575195
9166005,2020,2020-10-23,1942,2020-08-24,1145,42109,NORTH,1,5,7,1942,0,0,0,NA,0,1136,EAGLE ROCK BL,AVENUE 42,0,NA,Y,A,-,N,NA,NA,NA,NA,NA,NA,NA,NA,NA,NA,4,0,1,2,A,-,09,21800,A,N,D,C,A,A,H,-,A,D,0,NA,NA,NA,NA,Y,NA,A,01,0,0,1,0,0,0,0,0,0,-,-,NA,NA,LOS ANGELES,LOS ANGELES,-118.22524261474608,34.12194061279297
9166009,2020,2020-10-20,1942,2020-08-20,1245,38805,1132,4,5,7,1942,0,0,0,K,0,11A1,LOS  FELIZ BL,ROWENA AV,0,NA,Y,A,-,N,NA,NA,NA,NA,NA,NA,NA,NA,NA,N,4,0,1,2,A,-,09,21801,A,N,D,C,A,A,H,-,A,D,0,NA,NA,NA,NA,Y,NA,A,01,0,0,1,0,0,0,0,0,0,-,-,NA,NA,LOS ANGELES,LOS ANGELES,-118.28279113769533,34.11275863647461
9166011,2020,2020-11-17,1942,2020-09-25,0930,41933,1249,5,5,7,1942,0,0,0,L,0,25T23,FLORENCE AV,FLOWER ST,0,NA,Y,A,-,N,NA,NA,NA,NA,NA,NA,NA,NA,NA,Y,4,0,1,2,A,-,12,21453,A,N,D,C,A,A,H,-,A,A,0,NA,NA,NA,NA,Y,NA,-,-,0,0,1,0,0,0,0,0,0,-,-,NA,NA,LOS ANGELES,LOS ANGELES,-118.28125762939452,33.97465133666992
91660111,2020,2021-12-23,9550,2020-12-25,0233,022239,NA,5,3,9,1900,0,1,1,NA,2,650,INTERSTATE 605 NORTHBOUND,SLAUSON AVENUE,680,N,N,A,-,Y,NA,NA,605,NA,NA,NA,NA,NA,N,Y,1,1,5,3,A,-,03,22350,NA,F,D,C,A,A,H,-,D,D,0,NA,NA,NA,NA,Y,NA,A,01,1,3,1,0,0,0,0,0,0,-,-,33.970069885253906,-118.0815887451172,LOS ANGELES,UNINCORPORATED,-118.08168029785156,33.97011947631836
9166013,2020,2020-10-22,1942,2020-08-20,2115,38143,1186,4,5,7,1942,0,0,0,K,0,011,ELYSIAN PARK DR,ACADEMY RD,0,NA,N,A,-,N,NA,NA,NA,NA,NA,NA,NA,NA,NA,Y,4,0,1,2,A,-,03,22350,NA,N,A,E,A,A,H,-,D,D,0,NA,NA,NA,NA,Y,NA,-,-,0,0,1,0,0,0,0,0,0,-,-,34.08169937133789,-118.24520111083984,LOS ANGELES,LOS ANGELES,-118.24960327148438,34.08222961425781
9166017,2020,2020-10-20,1942,2020-08-20,1735,40325,1109,4,5,7,1942,0,0,0,K,0,11A17,COLORADO BL,HERMOSA AV,0,NA,Y,A,-,N,NA,NA,NA,NA,NA,NA,NA,NA,NA,N,2,0,1,2,A,-,03,22350,NA,N,D,G,A,A,H,-,A,A,0,NA,Y,NA,NA,Y,NA,A,01,1,0,0,0,0,0,1,0,0,-,-,NA,NA,LOS ANGELES,LOS ANGELES,-118.20744323730467,34.13936996459961
9166021,2020,2020-10-20,1942,2020-08-19,1140,39710,119,3,5,7,1942,0,0,0,K,0,1X37,VIGNES ST,CESAR E CHAVEZ,0,NA,Y,A,-,N,NA,NA,NA,NA,NA,NA,NA,NA,NA,N,4,0,1,2,D,-,00,NA,NA,N,H,G,A,A,H,-,A,D,0,NA,Y,NA,NA,Y,Y,-,-,0,0,1,0,0,0,1,0,0,-,-,NA,NA,LOS ANGELES,LOS ANGELES,-118.23182678222656,34.05659103393555
9166027,2020,2020-11-17,1942,2020-09-01,1250,42369,1248,2,5,7,1942,0,0,0,L,0,12A39,W 68TH ST,HOOVER ST,0,NA,Y,A,-,N,NA,NA,NA,NA,NA,NA,NA,NA,NA,N,4,0,1,2,B,-,22,NA,NA,N,G,B,F,A,H,-,A,D,0,Y,NA,NA,NA,Y,NA,-,-,0,0,1,0,1,0,0,0,0,-,-,NA,NA,LOS ANGELES,LOS ANGELES,-118.28710174560548,33.97822952270508
9166028,2020,2020-11-16,1900,2020-09-24,1140,635224,1625,4,5,5,1977,0,0,0,NA,0,167T,WATSON CENTER DR,LUCERNE ST,10,E,N,A,-,N,NA,NA,NA,NA,NA,NA,NA,NA,NA,Y,3,0,1,2,A,-,03,22350,NA,N,B,E,A,A,H,-,A,D,0,NA,NA,NA,NA,Y,NA,D,22,0,1,0,0,0,0,0,0,0,-,-,33.82025146484375,-118.25064086914064,LOS ANGELES,CARSON,-118.25058746337892,33.82027816772461
9166029,2020,2020-11-19,1942,2020-09-29,1400,38622,1215,2,5,7,1942,0,0,0,L,0,12A3,DENKER AV,54TH ST,5,N,N,A,-,N,NA,NA,NA,NA,NA,NA,NA,NA,NA,Y,4,0,2,2,A,-,08,22100,A,N,B,C,A,A,H,-,A,A,0,NA,NA,NA,NA,Y,NA,-,-,0,0,2,0,0,0,0,0,0,-,-,NA,NA,LOS ANGELES,LOS ANGELES,-118.30458068847656,33.993263244628906
9166045,2020,2020-11-17,1942,2020-09-26,1240,41536,1215,6,5,7,1942,0,0,0,L,0,25T23,58TH ST,DENKER AV,150,E,N,A,-,N,NA,NA,NA,NA,NA,NA,NA,NA,NA,Y,4,0,1,4,A,-,03,22350,NA,N,C,E,A,A,H,-,A,D,0,NA,NA,NA,NA,Y,NA,A,07,0,0,1,0,0,0,0,0,0,-,-,NA,NA,LOS ANGELES,LOS ANGELES,-118.30396270751952,33.98969650268555
9166047,2020,2020-11-16,1942,2020-09-29,1610,40971,0507,2,5,7,1942,0,0,0,E,0,25MQ59,223RD ST,NORMANDIE AV,0,NA,Y,A,-,N,NA,NA,NA,NA,NA,NA,NA,NA,NA,Y,4,0,1,3,A,-,09,21801,A,N,D,C,A,A,H,-,A,A,0,NA,NA,NA,NA,Y,NA,D,22,0,0,1,0,0,0,0,0,0,-,-,NA,NA,LOS ANGELES,LOS ANGELES,-118.29956817626952,33.82448959350586
9166049,2020,2020-11-17,1942,2020-09-20,1845,40404,1213,7,5,7,1942,0,0,0,L,0,12A3,RUTHELEN ST,W 57TH ST,0,NA,Y,A,-,N,NA,NA,NA,NA,NA,NA,NA,NA,NA,Y,4,0,2,2,A,-,12,22450,A,N,D,C,A,A,H,-,C,A,0,NA,NA,NA,NA,Y,NA,A,07,0,0,2,0,0,0,0,0,0,-,-,NA,NA,LOS ANGELES,LOS ANGELES,-118.31260681152344,33.99095916748047
9166051,2020,2021-03-08,1942,2020-08-26,2020,44222,4205,3,5,7,1942,0,0,0,NA,0,5A17,FIGUEROA ST,LOMITA BL,0,NA,Y,A,-,N,NA,NA,NA,NA,NA,NA,NA,NA,NA,N,3,0,1,2,A,-,11,21950,B,N,A,B,B,A,H,-,D,A,0,Y,NA,NA,NA,Y,NA,D,22,0,1,0,0,1,0,0,0,0,-,-,NA,NA,LOS ANGELES,LOS ANGELES,-118.28301239013672,33.798309326171875
9166061,2020,2020-12-18,1942,2020-10-03,2010,41747,1802,6,5,7,1942,0,0,0,R,0,18A1,S BROADWAY,W 93RD ST,84,N,N,A,-,N,NA,NA,NA,NA,NA,NA,NA,NA,NA,N,2,0,2,2,A,-,11,21954,A,N,G,B,D,A,H,-,C,A,0,Y,NA,NA,NA,Y,NA,N,60,1,0,1,0,1,0,0,0,0,-,-,NA,NA,LOS ANGELES,LOS ANGELES,-118.2782974243164,33.95210266113281
9166062,2020,2020-10-20,1942,2020-08-20,0800,36075,0566,4,5,7,1942,0,0,0,E,0,5A59,ALLEY WY,9TH ST,140,S,N,A,-,N,NA,NA,NA,NA,NA,NA,NA,NA,NA,N,3,0,1,2,A,-,11,21956,A,N,G,B,E,A,H,-,A,D,0,Y,NA,NA,NA,Y,Y,N,60,0,1,0,0,1,0,0,0,0,-,-,NA,NA,LOS ANGELES,LOS ANGELES,NA,NA
9166064,2020,2020-12-01,1900,2020-09-21,1659,636448,1622,1,5,5,1977,0,0,0,NA,0,164T1,DEL AMO BL,SANTA FE AV,18,E,N,A,-,N,NA,NA,NA,NA,NA,NA,NA,NA,NA,N,3,0,1,2,A,-,03,22350,NA,N,H,G,A,A,H,-,A,A,0,NA,Y,NA,Y,Y,NA,L,04,0,1,0,0,0,0,1,0,0,-,-,33.84653091430664,-118.21153259277344,LOS ANGELES,CARSON,-118.21166229248048,33.8465690612793
9166065,2020,2020-11-20,1942,2020-08-26,2100,31713,1383,3,5,7,1942,0,0,0,M,0,13A93,S BROADWAY,W 61ST ST,126,S,N,A,-,N,NA,NA,NA,NA,NA,NA,NA,NA,NA,Y,2,0,2,3,A,-,03,22350,NA,N,A,E,E,A,H,-,C,D,0,Y,NA,Y,Y,Y,NA,C,06,1,0,1,0,1,0,0,0,1,-,-,NA,NA,LOS ANGELES,LOS ANGELES,-118.2782974243164,33.983863830566406
9166066,2020,2020-10-20,1942,2020-08-20,0035,40602,0515,4,5,7,1942,0,0,0,E,0,5A15,PCH,NEPTUNE AV,50,E,N,A,-,N,NA,NA,NA,NA,NA,NA,NA,NA,NA,N,3,0,1,1,A,-,03,22350,A,N,E,I,A,A,H,-,C,A,0,NA,NA,NA,NA,Y,NA,-,NA,0,1,0,0,0,0,0,0,0,-,-,NA,NA,LOS ANGELES,LOS ANGELES,-118.26956939697266,33.790828704833984
9166070,2020,2020-10-20,1942,2020-08-18,1130,35393,0525,2,5,7,1942,0,0,0,E,0,25T21,WESTERN AV,DODSON AV,300,S,N,A,-,N,NA,NA,NA,NA,NA,NA,NA,NA,NA,Y,4,0,1,2,A,-,03,22350,A,N,E,I,A,A,H,-,A,D,0,NA,NA,NA,NA,Y,NA,A,01,0,0,1,0,0,0,0,0,0,-,-,NA,NA,LOS ANGELES,LOS ANGELES,-118.31163024902344,33.72812271118164
9166081,2020,2020-12-01,1942,2020-09-29,0215,43333,0507,2,5,7,1942,0,0,0,E,0,5A1,WESTERN AV,228TH ST,50,N,N,A,-,N,NA,NA,NA,NA,NA,NA,NA,NA,NA,Y,4,0,2,2,D,-,00,NA,NA,N,C,C,A,A,H,-,C,D,0,NA,NA,NA,NA,Y,NA,-,-,0,0,2,0,0,0,0,0,0,-,-,NA,NA,LOS ANGELES,LOS ANGELES,-118.30889892578124,33.81916809082031
9166082,2020,2020-12-01,1942,2020-09-29,1210,33599,1204,2,5,7,1942,0,0,0,L,0,12A3,VERNON AV,VERMONT AV,0,NA,Y,A,-,N,NA,NA,NA,NA,NA,NA,NA,NA,NA,Y,4,0,1,3,A,-,03,22350,NA,N,C,C,A,A,H,-,A,D,0,NA,NA,NA,NA,Y,NA,A,01,0,0,1,0,0,0,0,0,0,-,-,NA,NA,LOS ANGELES,LOS ANGELES,-118.29157257080078,34.00368118286133
9166083,2020,2020-12-01,1942,2020-09-29,1650,40971,1249,2,5,7,1942,0,0,0,L,0,25MQ59,FIGUEROA ST,FLORENCE AV,10,N,N,A,-,N,NA,NA,NA,NA,NA,NA,NA,NA,NA,Y,4,0,1,2,A,-,03,22350,NA,N,C,C,A,A,H,-,A,A,0,NA,NA,NA,NA,Y,NA,A,01,0,0,1,0,0,0,0,0,0,-,-,NA,NA,LOS ANGELES,LOS ANGELES,-118.28269958496094,33.97468566894531
9166084,2020,2020-12-01,1942,2020-09-29,1015,40440,1267,2,5,7,1942,0,0,0,L,0,25T21,MANCHESTER AV,FIGUEROA ST,0,NA,Y,A,-,N,NA,NA,NA,NA,NA,NA,NA,NA,NA,Y,4,0,1,2,A,-,12,21453,A,F,D,C,A,A,H,-,A,A,0,NA,NA,NA,NA,Y,NA,-,99,0,0,1,0,0,0,0,0,0,-,-,NA,NA,LOS ANGELES,LOS ANGELES,-118.28273010253906,33.960060119628906
9166085,2020,2020-12-02,1942,2020-09-27,1430,44447,LOS A,7,5,7,1942,0,0,0,NA,0,5A18,FIGUEROA ST,Q ST,0,NA,Y,A,-,N,NA,NA,NA,NA,NA,NA,NA,NA,NA,NA,4,0,1,2,A,-,12,22450,NA,N,-,G,A,A,-,-,A,D,0,NA,Y,NA,NA,Y,NA,L,04,0,0,1,0,0,0,1,0,0,-,-,NA,NA,LOS ANGELES,LOS ANGELES,-118.28244018554688,33.79396057128906
9166086,2020,2020-12-01,1942,2020-09-22,2200,44292,0565,2,5,7,1942,0,0,0,E,0,5A55,8TH ST,GAFFEY AV,0,NA,Y,A,-,N,NA,NA,NA,NA,NA,NA,NA,NA,NA,N,4,0,1,2,A,-,12,21453,A,N,D,C,A,A,H,-,C,A,0,NA,NA,NA,NA,Y,NA,A,01,0,0,1,0,0,0,0,0,0,-,-,NA,NA,LOS ANGELES,LOS ANGELES,-118.29235076904295,33.736968994140625
9166087,2020,2020-12-07,1942,2020-09-23,1830,44382,0515,3,5,7,1942,0,0,0,E,0,1830,PACIFIC COAST HWY,GULF AV,0,NA,Y,A,-,Y,LA,7,1,-,-,11.145,I,5,N,Y,4,0,3,2,A,-,09,21801,A,N,D,C,A,A,H,-,B,-,0,NA,NA,NA,NA,Y,Y,A,01,0,0,3,0,0,0,0,0,0,-,-,NA,NA,LOS ANGELES,LOS ANGELES,-118.27398681640624,33.79065704345703
9166099,2020,2020-12-01,1975,2020-09-30,1124,1003,NA,3,5,6,1975,0,0,0,NA,0,005,AZUSA AV,MANILLA WY,0,NA,Y,A,-,N,NA,NA,NA,NA,NA,NA,NA,NA,NA,N,4,0,1,2,A,-,12,21453,A,N,D,C,A,A,H,-,A,A,0,NA,NA,NA,NA,Y,NA,A,01,0,0,1,0,0,0,0,0,0,-,-,34.0328483581543,-117.91394805908205,LOS ANGELES,WEST COVINA,-117.91387,34.032817
9166155,2020,2020-12-02,1925,2020-09-28,1818,22783,138,1,5,6,1925,0,0,0,NA,0,005,CANADA BL,OPECHEE WY,0,NA,Y,A,-,N,NA,NA,NA,NA,NA,NA,NA,NA,NA,Y,3,0,2,2,A,-,12,21453,A,N,D,C,A,A,H,-,A,A,0,NA,NA,NA,NA,Y,NA,A,07,0,1,1,0,0,0,0,0,0,-,-,NA,NA,LOS ANGELES,GLENDALE,-118.2290267944336,34.18067932128906
9166192,2020,2020-11-10,1906,2020-09-03,0900,4429,NA,4,5,5,1906,0,0,0,NA,0,003,VINELAND  AV,FRANCISQUITO AV,54,N,N,A,-,N,NA,NA,NA,NA,NA,NA,NA,NA,NA,Y,4,0,2,2,A,-,03,22350,NA,N,C,C,A,A,H,-,A,A,0,NA,NA,NA,NA,Y,NA,A,01,0,0,2,0,0,0,0,0,0,-,-,NA,NA,LOS ANGELES,BALDWIN PARK,-117.972900390625,34.067901611328125
9166193,2020,2020-11-10,1900,2020-09-18,1205,642097,1624,5,5,5,1977,0,0,0,NA,0,167A,235TH ST,MAIN ST,0,NA,Y,A,-,N,NA,NA,NA,NA,NA,NA,NA,NA,NA,Y,3,0,1,2,A,-,09,21801,A,N,D,C,A,A,H,-,A,D,0,NA,NA,Y,NA,Y,NA,A,07,0,1,0,0,0,0,0,0,1,-,-,33.8118896484375,-118.27552032470705,LOS ANGELES,CARSON,-118.27565002441406,33.81190872192383
9166194,2020,2020-11-10,1900,2020-09-29,0204,636448,1617,2,5,5,1977,0,0,0,NA,0,167T1,MONETA AV,218TH PL,44,S,N,A,-,N,NA,NA,NA,NA,NA,NA,NA,NA,NA,Y,4,0,1,2,A,-,08,22107,NA,N,C,E,A,A,H,-,C,A,0,NA,NA,NA,NA,Y,NA,A,01,0,0,1,0,0,0,0,0,0,-,-,33.83021926879883,-118.28176879882813,LOS ANGELES,CARSON,-118.28170013427734,33.83026885986328
9166195,2020,2020-11-10,1900,2020-09-21,1200,623598,1622,1,5,5,1977,0,0,0,NA,0,167T,ALAMEDA ST,MADISON AV,0,NA,Y,A,-,N,NA,NA,NA,NA,NA,NA,NA,NA,NA,Y,3,0,1,2,A,-,09,21802,A,N,D,C,A,A,H,-,A,A,0,NA,NA,NA,NA,Y,NA,A,01,0,1,0,0,0,0,0,0,0,-,-,33.834781646728516,-118.2246322631836,LOS ANGELES,CARSON,-118.22479248046876,33.834781646728516
9166196,2020,2020-11-10,1900,2020-09-21,0230,608277,1622,1,5,5,1977,0,0,0,NA,0,167A1,ALAMEDA ST,JACKSON AV,45,N,N,A,-,N,NA,NA,NA,NA,NA,NA,NA,NA,NA,Y,3,0,2,2,A,-,09,21801,A,M,C,C,A,-,H,-,C,D,0,NA,NA,NA,NA,Y,NA,A,08,0,2,0,0,0,0,0,0,0,-,-,NA,NA,LOS ANGELES,CARSON,-118.22418975830078,33.836387634277344
9166197,2020,2020-11-10,1900,2020-09-12,2259,528115,1612,6,5,5,1977,0,0,0,NA,0,167A1,CENTRAL AV,CHARLES WILLARD ST,200,N,N,A,-,N,NA,NA,NA,NA,NA,NA,NA,NA,NA,Y,2,0,1,3,A,-,03,22350,NA,N,G,B,E,A,H,-,C,D,0,Y,NA,NA,NA,Y,NA,A,01,1,0,0,0,1,0,0,0,0,-,-,NA,NA,LOS ANGELES,CARSON,-118.24870300292967,33.86526870727539
9166205,2020,2020-11-18,1942,2020-09-24,1705,42863,1243,4,5,7,1942,0,0,0,L,0,25T35,67TH ST,GRAMERCY PL,35,S,N,A,-,N,NA,NA,NA,NA,NA,NA,NA,NA,NA,Y,4,0,1,1,C,-,18,NA,NA,N,E,I,A,A,H,-,A,D,0,NA,NA,NA,NA,Y,NA,-,-,0,0,1,0,0,0,0,0,0,-,-,NA,NA,LOS ANGELES,LOS ANGELES,-118.31336975097656,33.97848892211914
9166206,2020,2020-11-10,1942,2020-09-21,1830,44432,0515,1,5,7,1942,0,0,0,E,0,5A25,PACIFIC COAST HWY,N AVALON,0,NA,Y,A,-,N,NA,NA,NA,NA,NA,NA,NA,NA,NA,Y,4,0,2,3,A,-,03,22350,NA,N,G,B,F,-,H,-,C,A,0,Y,NA,NA,NA,Y,NA,A,01,0,0,2,0,2,0,0,0,0,-,-,NA,NA,LOS ANGELES,LOS ANGELES,-118.26332092285156,33.791160583496094
9166207,2020,2020-11-10,1942,2020-09-19,1430,40971,0562,6,5,7,1942,0,0,0,E,0,25MQ59,PATTON AV,8TH ST,0,NA,Y,A,-,N,NA,NA,NA,NA,NA,NA,NA,NA,NA,N,3,0,1,2,A,-,11,21956,A,N,G,B,E,A,H,-,A,D,0,Y,NA,NA,NA,Y,NA,N,60,0,1,0,0,1,0,0,0,0,-,-,NA,NA,LOS ANGELES,LOS ANGELES,-118.30557250976564,33.73701858520508
9166208,2020,2020-11-10,1942,2020-09-19,0920,37679,0583,6,5,7,1942,0,0,0,E,0,25T29,25TH ST,PATTON AV,0,NA,N,A,-,N,NA,NA,NA,NA,NA,NA,NA,NA,NA,N,3,0,1,2,A,-,03,22350,NA,N,A,G,A,A,H,-,A,D,0,NA,Y,NA,NA,Y,NA,L,04,0,1,0,0,0,0,1,0,0,-,-,NA,NA,LOS ANGELES,LOS ANGELES,-118.3061065673828,33.72201919555664
9166209,2020,2020-11-10,1942,2020-09-18,2120,39142,0526,5,5,7,1942,0,0,0,E,0,5A24,ANAHEIM ST,FRIES AV,6,NA,N,A,-,N,NA,NA,NA,NA,NA,NA,NA,NA,NA,N,3,0,1,2,A,-,11,21954,A,N,G,B,B,A,H,-,C,D,0,Y,NA,NA,NA,Y,NA,N,60,0,1,0,0,1,0,0,0,0,-,-,NA,NA,LOS ANGELES,LOS ANGELES,-118.2650909423828,33.77981948852539
9166210,2020,2020-11-10,1942,2020-09-18,1440,44089,0511,5,5,7,1942,0,0,0,E,0,5A17,BELLE PORTE AV,253RD ST,0,NA,Y,A,-,N,NA,NA,NA,NA,NA,NA,NA,NA,NA,Y,3,0,5,2,A,-,12,22450,NA,N,D,D,A,A,H,-,A,D,0,NA,NA,NA,NA,Y,NA,A,07,0,2,3,0,0,0,0,0,0,-,-,NA,NA,LOS ANGELES,LOS ANGELES,-118.30119323730467,33.79473876953125
9166211,2020,2020-11-10,1942,2020-09-18,1845,43709,0569,5,5,7,1942,0,0,0,E,0,5A59,MINER ST,22ND ST,2438,S,N,A,-,N,NA,NA,NA,NA,NA,NA,NA,NA,NA,N,3,0,1,1,A,-,03,22350,NA,N,E,I,A,A,H,-,B,D,0,NA,NA,Y,NA,Y,NA,C,02,0,1,0,0,0,0,0,0,1,-,-,NA,NA,LOS ANGELES,LOS ANGELES,-118.2749252319336,33.72024154663086
9166212,2020,2020-11-10,1942,2020-09-10,1700,37724,1245,4,5,7,1942,0,0,0,L,0,12A45,W 67TH ST,HALLDALE AV,0,NA,Y,A,-,N,NA,NA,NA,NA,NA,NA,NA,NA,NA,Y,3,0,3,2,A,-,12,22450,A,N,D,C,A,A,H,-,A,A,0,NA,NA,NA,NA,Y,NA,A,01,0,1,2,0,0,0,0,0,0,-,-,NA,NA,LOS ANGELES,LOS ANGELES,-118.30242919921876,33.97848892211914
9166213,2020,2020-11-10,1942,2020-09-10,0620,35393,1245,4,5,7,1942,0,0,0,L,0,25T21,GAGE AV,NORMANDIE AV,0,NA,Y,A,E,N,NA,NA,NA,NA,NA,NA,NA,NA,NA,Y,3,0,1,2,A,-,12,21453,A,N,D,C,A,A,H,-,B,A,0,NA,NA,NA,NA,Y,NA,A,01,0,1,0,0,0,0,0,0,0,-,-,NA,NA,LOS ANGELES,LOS ANGELES,-118.30026245117188,33.98234939575195
9166214,2020,2020-11-10,1942,2020-09-10,0900,27259,1252,4,5,7,1942,0,0,0,L,0,25TL25,VAN NESS AV,74TH ST,0,NA,Y,B,-,N,NA,NA,NA,NA,NA,NA,NA,NA,NA,Y,4,0,1,2,A,-,12,22450,NA,F,D,C,A,A,H,-,A,A,0,NA,NA,NA,NA,Y,NA,-,99,0,0,1,0,0,0,0,0,0,-,-,NA,NA,LOS ANGELES,LOS ANGELES,-118.31774139404295,33.97275924682617
9166215,2020,2020-11-10,1942,2020-09-05,1835,44310,1211,6,5,7,1942,0,0,0,L,0,12A73,SLAUSON AV,8TH AV,0,NA,Y,A,-,N,NA,NA,NA,NA,NA,NA,NA,NA,NA,Y,3,0,2,2,A,-,09,21801,A,N,A,C,A,A,H,-,D,A,0,NA,NA,NA,NA,Y,NA,A,01,0,1,1,0,0,0,0,0,0,-,-,NA,NA,LOS ANGELES,LOS ANGELES,-118.32643127441406,33.989051818847656
9166216,2020,2020-11-18,1942,2020-09-04,1410,44256,12A35,5,5,7,1942,0,0,0,L,0,12A73,S NORMANDIE AV,58TH PL,45,S,N,A,-,N,NA,NA,NA,NA,NA,NA,NA,NA,NA,Y,4,0,4,3,A,-,03,22350,NA,N,C,C,A,A,G,-,A,A,0,NA,NA,NA,NA,Y,NA,A,01,0,0,4,0,0,0,0,0,0,-,-,NA,NA,LOS ANGELES,LOS ANGELES,-118.30020904541016,33.98820495605469
9166217,2020,2020-11-10,1942,2020-09-04,1730,41752,1239,5,5,7,1942,0,0,0,L,0,NA,VERMONT AV,60TH ST,0,NA,Y,A,-,N,NA,NA,NA,NA,NA,NA,NA,NA,NA,N,4,0,1,2,A,-,09,21801,NA,N,G,B,B,A,H,-,B,A,0,Y,NA,NA,NA,Y,NA,-,NA,0,0,1,0,1,0,0,0,0,-,-,NA,NA,LOS ANGELES,LOS ANGELES,-118.29148864746094,33.98548889160156
9166218,2020,2020-11-18,1942,2020-09-04,0510,43623,1243,5,5,7,1942,0,0,0,L,0,12A69,WESTERN AV,71ST ST,0,NA,Y,A,-,N,NA,NA,NA,NA,NA,NA,NA,NA,NA,N,4,0,1,2,D,-,00,NA,NA,N,B,C,A,A,H,-,C,D,0,NA,NA,NA,NA,Y,NA,-,-,0,0,1,0,0,0,0,0,0,-,-,NA,NA,LOS ANGELES,LOS ANGELES,-118.30898284912108,33.97536087036133