CASE_ID,ACCIDENT_YEAR,PROC_DATE,JURIS,COLLISION_DATE,COLLISION_TIME,OFFICER_ID,REPORTING_DISTRICT,DAY_OF_WEEK,CHP_SHIFT,POPULATION,CNTY_CITY_LOC,SPECIAL_COND,BEAT_TYPE,CHP_BEAT_TYPE,CITY_DIVISION_LAPD,CHP_BEAT_CLASS,BEAT_NUMBER,PRIMARY_RD,SECONDARY_RD,DISTANCE,DIRECTION,INTERSECTION,WEATHER_1,WEATHER_2,STATE_HWY_IND,CALTRANS_COUNTY,CALTRANS_DISTRICT,STATE_ROUTE,ROUTE_SUFFIX,POSTMILE_PREFIX,POSTMILE,LOCATION_TYPE,RAMP_INTERSECTION,SIDE_OF_HWY,TOW_AWAY,COLLISION_SEVERITY,NUMBER_KILLED,NUMBER_INJURED,PARTY_COUNT,PRIMARY_COLL_FACTOR,PCF_CODE_OF_VIOL,PCF_VIOL_CATEGORY,PCF_VIOLATION,PCF_VIOL_SUBSECTION,HIT_AND_RUN,TYPE_OF_COLLISION,MVIW,PED_ACTION,ROAD_SURFACE,ROAD_COND_1,ROAD_COND_2,LIGHTING,CONTROL_DEVICE,CHP_ROAD_TYPE,PEDESTRIAN_ACCIDENT,BICYCLE_ACCIDENT,MOTORCYCLE_ACCIDENT,TRUCK_ACCIDENT,NOT_PRIVATE_PROPERTY,ALCOHOL_INVOLVED,STWD_VEHTYPE_AT_FAULT,CHP_VEHTYPE_AT_FAULT,COUNT_SEVERE_INJ,COUNT_VISIBLE_INJ,COUNT_COMPLAINT_PAIN,COUNT_PED_KILLED,COUNT_PED_INJURED,COUNT_BICYCLIST_KILLED,COUNT_BICYCLIST_INJURED,COUNT_MC_KILLED,COUNT_MC_INJURED,PRIMARY_RAMP,SECONDARY_RAMP,LATITUDE,LONGITUDE,COUNTY,CITY,POINT_X,POINT_Y
9168487,2020,2020-10-19,1942,2020-08-17,1010,42926,0412,1,5,7,1942,0,0,0,D,0,4A3,N AVE 25,HUMBOLDT ST,0,NA,Y,A,-,N,NA,NA,NA,NA,NA,NA,NA,NA,NA,Y,3,0,2,2,A,-,09,21802,A,N,D,C,A,A,H,-,A,A,0,NA,NA,NA,NA,Y,NA,A,01,0,1,1,0,0,0,0,0,0,-,-,NA,NA,LOS ANGELES,LOS ANGELES,-118.21913146972656,34.07918167114258
9168488,2020,2020-10-19,1942,2020-08-31,1735,40063,0443,1,5,7,1942,0,0,0,D,0,4A58,MARENGO ST,KINGSTON AV,0,NA,Y,A,-,N,NA,NA,NA,NA,NA,NA,NA,NA,NA,N,3,0,1,2,A,-,09,21801,A,N,G,B,B,A,H,-,A,D,0,Y,NA,NA,NA,Y,NA,A,08,0,1,0,0,1,0,0,0,0,-,-,NA,NA,LOS ANGELES,LOS ANGELES,-118.20928955078124,34.05744934082031
9168489,2020,2020-10-26,1942,2020-08-29,1355,34426,0455,6,5,7,1942,0,0,0,D,0,4A53,CESAR E CHAVEZ AV,SOTO ST,0,NA,Y,A,-,N,NA,NA,NA,NA,NA,NA,NA,NA,NA,N,4,0,1,2,A,-,04,21703,NA,N,C,C,A,A,H,-,A,A,0,NA,NA,NA,NA,Y,NA,-,99,0,0,1,0,0,0,0,0,0,-,-,NA,NA,LOS ANGELES,LOS ANGELES,-118.2078094482422,34.046810150146484
9168490,2020,2020-10-26,1942,2020-08-31,0825,38502,0478,1,5,7,1942,0,0,0,D,0,4A71,WHITTIER BL,EUCLID AV,322,W,N,A,-,N,NA,NA,NA,NA,NA,NA,NA,NA,NA,N,3,0,1,2,A,-,09,21801,A,N,D,C,A,A,H,-,A,D,0,NA,NA,NA,NA,Y,NA,A,08,0,1,0,0,0,0,0,0,0,-,-,NA,NA,LOS ANGELES,LOS ANGELES,-118.20830535888672,34.031063079833984
9168495,2020,2020-10-26,1942,2020-08-28,1645,43270,1263,5,5,7,1942,0,0,0,L,0,12A53,S WESTERN AV,W 83RD ST,49,S,N,A,-,N,NA,NA,NA,NA,NA,NA,NA,NA,NA,N,4,0,2,2,A,-,17,22517,NA,N,B,E,A,A,H,-,A,A,0,NA,NA,NA,NA,Y,NA,A,01,0,0,2,0,0,0,0,0,0,-,-,NA,NA,LOS ANGELES,LOS ANGELES,-118.30901336669922,33.96351623535156
9168496,2020,2020-10-26,1942,2020-08-29,1025,41933,1213,6,5,7,1942,0,0,0,L,0,25T21,SLAUSON AV,DENKER,0,E,N,A,-,N,NA,NA,NA,NA,NA,NA,NA,NA,NA,Y,4,0,2,2,A,-,03,22350,NA,N,C,C,A,A,H,-,A,D,0,NA,NA,NA,NA,Y,NA,A,01,0,0,2,0,0,0,0,0,0,-,-,NA,NA,LOS ANGELES,LOS ANGELES,-118.30451965332033,33.98915100097656
9168500,2020,2020-10-29,1948,2020-08-21,1138,455,1948,5,5,5,1948,0,0,0,NA,0,002,GARVEY AV,SIERRA VISTA ST,15,E,N,A,-,N,NA,NA,NA,NA,NA,NA,NA,NA,NA,Y,4,0,1,2,A,-,09,21802,A,N,D,C,A,A,H,-,A,A,0,NA,NA,NA,NA,Y,NA,A,01,0,0,1,0,0,0,0,0,0,-,-,NA,NA,LOS ANGELES,MONTEREY PARK,-118.11565399169922,34.062591552734375
9168501,2020,2020-10-26,1948,2020-08-15,1259,455,1948,6,5,5,1948,0,0,0,NA,0,002,BALTIMORE AV,HILLIARD AV,7,S,N,A,-,N,NA,NA,NA,NA,NA,NA,NA,NA,NA,Y,4,0,1,2,A,-,09,21802,A,N,D,C,A,A,H,-,A,A,0,NA,NA,NA,NA,Y,NA,A,07,0,0,1,0,0,0,0,0,0,-,-,NA,NA,LOS ANGELES,MONTEREY PARK,-118.12445831298828,34.06732177734375
9168502,2020,2020-10-26,1948,2020-08-06,1152,356,1948,4,5,5,1948,0,0,0,NA,0,002,GARVEY AV,MCPHERRIN AV,6,E,N,A,-,N,NA,NA,NA,NA,NA,NA,NA,NA,NA,N,3,0,1,2,D,-,00,NA,NA,N,G,B,B,A,H,-,A,A,0,Y,NA,NA,NA,Y,NA,-,-,0,1,0,0,1,0,0,0,0,-,-,34.0624885559082,-118.12757110595705,LOS ANGELES,MONTEREY PARK,-118.12757110595705,34.062530517578125
9168503,2020,2020-10-29,1900,2020-08-21,2150,552721,2844,5,5,5,1915,0,0,0,NA,0,283T3,LONG BEACH BL,GREENLEAF BL,0,NA,Y,A,-,N,NA,NA,NA,NA,NA,NA,NA,NA,NA,N,4,0,3,2,A,-,09,21801,A,N,A,C,A,A,H,-,C,A,0,NA,NA,NA,NA,Y,NA,A,01,0,0,3,0,0,0,0,0,0,-,-,NA,NA,LOS ANGELES,COMPTON,-118.20487213134766,33.88132858276367
9168504,2020,2020-10-28,1948,2020-08-24,1236,462,1948,1,5,5,1948,0,0,0,NA,0,003,GLEASON ST,GERHART AV,365,W,N,A,-,N,NA,NA,NA,NA,NA,NA,NA,NA,NA,Y,3,0,2,2,A,-,21,22106,NA,N,B,C,A,A,H,-,A,D,0,NA,NA,NA,NA,Y,NA,A,07,0,1,1,0,0,0,0,0,0,-,-,34.03498840332031,-118.14418792724608,LOS ANGELES,MONTEREY PARK,-118.14539337158205,34.03499984741211
9168569,2020,2020-11-16,1942,2020-09-27,1900,41128,1764,7,5,7,1942,0,0,0,Q,0,17A81,TAMPA AV,LASSEN ST,0,NA,Y,A,-,N,NA,NA,NA,NA,NA,NA,NA,NA,NA,Y,3,0,1,2,A,-,09,21801,A,N,B,D,A,A,H,-,C,A,0,NA,NA,NA,NA,Y,NA,A,01,0,1,0,0,0,0,0,0,0,-,-,NA,NA,LOS ANGELES,LOS ANGELES,-118.55359649658205,34.25
9168573,2020,2020-11-12,1942,2020-09-30,1330,38028,1729,3,5,7,1942,0,0,0,Q,0,17A48,SAN FERNANDO MISSION BL,BALBOA BL,0,NA,Y,A,-,N,NA,NA,NA,NA,NA,NA,NA,NA,NA,Y,4,0,2,2,A,-,12,21453,A,N,D,C,A,A,H,-,A,A,0,NA,NA,NA,NA,Y,NA,A,01,0,0,2,0,0,0,0,0,0,-,-,NA,NA,LOS ANGELES,LOS ANGELES,-118.502197265625,34.27204895019531
9168574,2020,2020-11-20,1942,2020-08-31,0230,41747,1239,1,5,7,1942,0,0,0,L,0,12A49,S HOOVER ST,W 62ND ST,20,S,N,A,-,N,NA,NA,NA,NA,NA,NA,NA,NA,NA,Y,3,0,1,4,A,-,03,22350,NA,N,B,E,A,A,H,-,D,A,0,NA,NA,NA,NA,Y,NA,A,01,0,1,0,0,0,0,0,0,0,-,-,NA,NA,LOS ANGELES,LOS ANGELES,-118.28707122802734,33.98362350463867
9168577,2020,2020-12-21,1942,2020-10-01,1100,41592,NA,4,5,7,1942,0,0,0,NA,0,NA,MULHOLLAND DR,AVE SAN LUIS,270,S,N,A,-,N,NA,NA,NA,NA,NA,NA,NA,NA,NA,N,4,0,2,2,A,-,04,21703,NA,N,C,C,A,A,H,-,A,A,0,NA,NA,NA,NA,Y,NA,D,22,0,0,2,0,0,0,0,0,0,-,-,NA,NA,LOS ANGELES,LOS ANGELES,-118.63580322265624,34.158180236816406
9168578,2020,2020-12-17,1942,2020-10-02,0900,43270,1268,5,5,7,1942,0,0,0,L,0,12A67,W 84TH ST,S BROADWAY,0,NA,Y,A,-,N,NA,NA,NA,NA,NA,NA,NA,NA,NA,N,3,0,1,2,A,-,10,21950,A,F,G,B,B,A,H,-,A,B,0,Y,NA,NA,NA,Y,NA,D,22,0,1,0,0,1,0,0,0,0,-,-,NA,NA,LOS ANGELES,LOS ANGELES,-118.2782974243164,33.963260650634766
9168581,2020,2020-12-24,1942,2020-10-03,1550,43754,NA,6,5,7,1942,0,0,0,NA,0,21A1,SHERMAN WY,OWENSMOUTH AV,0,NA,Y,A,-,N,NA,NA,NA,NA,NA,NA,NA,NA,NA,Y,3,0,2,2,A,-,12,21453,A,N,D,D,A,A,H,-,A,A,0,NA,NA,NA,NA,Y,NA,A,01,0,1,1,0,0,0,0,0,0,-,-,NA,NA,LOS ANGELES,LOS ANGELES,-118.6015625,34.20103073120117
9168584,2020,2021-01-14,1900,2020-10-05,1355,514671,2607,1,5,6,1950,0,0,0,NA,0,264T1,AVE R,45TH ST EAST,445,E,N,A,-,N,NA,NA,NA,NA,NA,NA,NA,NA,NA,Y,3,0,2,3,A,-,09,21801,A,N,D,C,A,A,H,-,A,D,0,NA,NA,NA,NA,Y,NA,A,01,0,1,1,0,0,0,0,0,0,-,-,34.57279968261719,-118.04802703857422,LOS ANGELES,PALMDALE,-118.04796600341795,34.57289123535156
9168585,2020,2020-12-21,1942,2020-10-03,1615,33294,1764,6,5,7,1942,0,0,0,Q,0,26M34,TAMPA AV,NORDHOFF ST,670,S,N,A,-,N,NA,NA,NA,NA,NA,NA,NA,NA,NA,Y,3,0,3,4,A,-,08,22107,NA,N,B,C,A,A,H,-,A,A,0,NA,NA,NA,NA,Y,NA,A,07,0,1,2,0,0,0,0,0,0,-,-,NA,NA,LOS ANGELES,LOS ANGELES,-118.55355072021484,34.23362350463867
9168589,2020,2020-11-30,1942,2020-10-03,2120,38185,1944,6,5,7,1942,0,0,0,NA,0,19A43,LAUREL CANYON BL,RT 118,0,NA,Y,A,-,Y,LA,7,118,-,R,11.398,R,4,W,Y,4,0,2,2,A,-,09,21801,A,N,D,C,A,A,H,-,C,A,0,NA,NA,NA,NA,Y,NA,A,01,0,0,2,0,0,0,0,0,0,-,-,NA,NA,LOS ANGELES,LOS ANGELES,-118.44451904296876,34.266876220703125
9168593,2020,2020-12-21,1942,2020-10-04,2030,42829,0957,7,5,7,1942,0,0,0,I,0,9A63,WOODMAN AV,MAGNOLIA BL,0,NA,Y,A,-,N,NA,NA,NA,NA,NA,NA,NA,NA,NA,Y,3,0,1,2,A,-,12,21453,A,N,D,C,A,A,H,-,C,D,0,NA,NA,NA,NA,Y,NA,A,07,0,1,0,0,0,0,0,0,0,-,-,NA,NA,LOS ANGELES,LOS ANGELES,-118.43125152587892,34.16487121582031
9168597,2020,2020-12-19,1942,2020-10-05,1125,30452,0963,1,5,7,1942,0,0,0,I,0,9A63,KESTER AV,HESBY ST,0,NA,Y,A,-,N,NA,NA,NA,NA,NA,NA,NA,NA,NA,Y,2,0,3,2,A,-,03,22350,NA,N,D,C,A,A,H,-,A,A,0,NA,NA,NA,NA,Y,NA,A,01,2,1,0,0,0,0,0,0,0,-,-,NA,NA,LOS ANGELES,LOS ANGELES,-118.45742034912108,34.16212844848633
9168601,2020,2020-12-21,1942,2020-10-05,1840,44196,0909,1,5,7,1942,0,0,0,I,0,NA,13627 SHERMAN WY,WOODMAN,300,E,N,A,-,N,NA,NA,NA,NA,NA,NA,NA,NA,NA,Y,3,0,1,2,A,-,08,22107,NA,N,A,C,A,A,H,-,C,A,0,NA,NA,NA,NA,Y,NA,A,01,0,1,0,0,0,0,0,0,0,-,-,NA,NA,LOS ANGELES,LOS ANGELES,-118.43025207519533,34.20119094848633
9168604,2020,2020-12-29,1900,2020-09-30,0715,514681,2602,3,5,6,1950,0,0,0,NA,0,262T1,AVENUE S,ANTELOPE VALLEY FWY,300,W,N,A,-,N,NA,NA,NA,NA,NA,NA,NA,NA,NA,Y,3,0,1,2,A,-,07,21658,A,N,D,C,A,A,H,-,A,C,0,NA,NA,Y,Y,Y,NA,F,26,0,1,0,0,0,0,0,0,1,-,-,34.557769775390625,-118.13410186767578,LOS ANGELES,PALMDALE,-118.1335220336914,34.557918548583984
9168605,2020,2020-12-24,1942,2020-10-06,1125,41125,0985,2,5,7,1942,0,0,0,I,0,9A89,VENTURA BL,CALHOUN AV,50,W,N,A,-,N,NA,NA,NA,NA,NA,NA,NA,NA,NA,N,4,0,1,3,A,-,04,21703,NA,N,C,C,A,A,H,-,A,D,0,NA,NA,NA,NA,Y,NA,I,20,0,0,1,0,0,0,0,0,0,-,-,NA,NA,LOS ANGELES,LOS ANGELES,-118.44231414794922,34.14985656738281
9168609,2020,2020-12-21,1942,2020-10-08,1800,38191,1723,4,5,7,1942,0,0,0,Q,0,17A23,DE SOTO AV,CHATSWORTH ST,16,N,N,A,-,N,NA,NA,NA,NA,NA,NA,NA,NA,NA,Y,3,0,4,6,A,-,03,22350,NA,N,C,C,A,A,H,-,B,A,0,NA,NA,NA,NA,Y,NA,D,22,0,1,3,0,0,0,0,0,0,-,-,NA,NA,LOS ANGELES,LOS ANGELES,-118.58859252929688,34.26454544067383
9168612,2020,2021-01-12,1900,2020-10-03,2200,538684,2607,6,5,6,1950,0,0,0,NA,0,264T1,AVE R-2,50TH ST E,188,E,N,A,-,N,NA,NA,NA,NA,NA,NA,NA,NA,NA,Y,3,0,1,3,A,-,08,22107,NA,N,C,E,A,A,H,-,C,D,0,NA,NA,NA,NA,Y,NA,A,01,0,1,0,0,0,0,0,0,0,-,-,34.34135055541992,-118.22357177734376,LOS ANGELES,PALMDALE,-118.04000091552734,34.57040786743164
9168613,2020,2020-12-21,1942,2020-10-08,2000,44098,0964,4,5,7,1942,0,0,0,I,0,9X84,HAZELTINE AV,SHERMAN WY,100,S,N,A,-,N,NA,NA,NA,NA,NA,NA,NA,NA,NA,N,4,0,1,3,A,-,08,22102,NA,N,D,C,A,A,H,-,C,D,0,NA,NA,NA,NA,Y,NA,A,01,0,0,1,0,0,0,0,0,0,-,-,NA,NA,LOS ANGELES,LOS ANGELES,-118.4399642944336,34.20094680786133
9168614,2020,2020-12-17,1942,2020-10-10,0855,1685,1685,6,5,7,1942,0,0,0,P,0,16A81,LANKERHIM BL,ARMINTA ST,40,N,N,B,-,N,NA,NA,NA,NA,NA,NA,NA,NA,NA,N,4,0,2,2,A,-,09,21804,A,N,D,C,A,A,H,-,A,D,0,NA,NA,NA,NA,Y,NA,D,22,0,0,2,0,0,0,0,0,0,-,-,NA,NA,LOS ANGELES,LOS ANGELES,-118.38777923583984,34.2140007019043
9168617,2020,2020-12-21,1942,2020-10-08,2200,40388,1792,4,5,7,1942,0,0,0,Q,0,17A81,CORBIN AV,CHASE ST,400,N,N,A,-,N,NA,NA,NA,NA,NA,NA,NA,NA,NA,Y,3,0,1,5,A,-,03,22350,NA,N,B,E,A,A,H,-,C,A,0,NA,NA,NA,NA,Y,NA,A,01,0,1,0,0,0,0,0,0,0,-,-,NA,NA,LOS ANGELES,LOS ANGELES,-118.56229400634766,34.2256965637207
9168618,2020,2020-12-17,1942,2020-10-09,1140,43603,1008,5,5,7,1942,0,0,0,J,0,10X1,HAYVENHURST AV,SHERMAN WY,0,NA,Y,A,-,N,NA,NA,NA,NA,NA,NA,NA,NA,NA,Y,4,0,1,2,A,-,08,22107,NA,N,B,C,A,A,H,-,A,A,0,NA,NA,NA,NA,Y,NA,A,01,0,0,1,0,0,0,0,0,0,-,-,NA,NA,LOS ANGELES,LOS ANGELES,-118.4924087524414,34.201229095458984
9168621,2020,2020-12-21,1942,2020-10-08,1530,31392,1969,4,5,7,1942,0,0,0,NA,0,19A79\,ARLETA AV,OSBORNE ST,50,S,N,A,-,N,NA,NA,NA,NA,NA,NA,NA,NA,NA,N,4,0,2,2,A,-,09,21804,A,N,D,C,A,A,H,-,A,D,0,NA,NA,NA,NA,Y,NA,A,01,0,0,2,0,0,0,0,0,0,-,-,NA,NA,LOS ANGELES,LOS ANGELES,-118.4260025024414,34.24197769165039
9168622,2020,2020-12-17,1942,2020-10-09,1215,36678,1097,5,5,7,1942,0,0,0,J,0,10A99,HAYVENHURST AV,ADLON RD,0,NA,Y,A,-,N,NA,NA,NA,NA,NA,NA,NA,NA,NA,Y,3,0,1,2,A,-,12,22450,A,N,D,C,A,A,H,-,A,D,0,NA,NA,NA,Y,Y,NA,A,07,0,1,0,0,0,0,0,0,0,-,-,NA,NA,LOS ANGELES,LOS ANGELES,-118.49716949462892,34.14683151245117
9168623,2020,2020-11-10,1942,2020-07-19,1629,44214,0555,7,5,7,1942,0,0,0,E,0,5A84,GAFFEY ST,SUMMERLAND,45,S,N,A,-,N,NA,NA,NA,NA,NA,NA,NA,NA,NA,Y,4,0,1,5,A,-,03,22350,NA,N,C,C,A,A,H,-,A,A,0,NA,NA,NA,NA,Y,NA,A,01,0,0,1,0,0,0,0,0,0,-,-,NA,NA,LOS ANGELES,LOS ANGELES,-118.29283905029295,33.747535705566406
9168626,2020,2020-12-19,1942,2020-10-10,0929,27792,0976,6,5,7,1942,0,0,0,I,0,9A63,FULTON AV,VALLEYHEART DR,0,NA,Y,A,-,N,NA,NA,NA,NA,NA,NA,NA,NA,NA,Y,4,0,2,2,A,-,09,21801,A,N,D,C,A,A,H,-,A,A,0,NA,NA,NA,NA,Y,NA,D,22,0,0,2,0,0,0,0,0,0,-,-,NA,NA,LOS ANGELES,LOS ANGELES,-118.42250823974608,34.14958953857422
9168627,2020,2020-11-10,1942,2020-07-18,1459,44214,0518,6,5,7,1942,0,0,0,E,0,5A84,AVALON BL,247TH ST,15,N,N,A,-,N,NA,NA,NA,NA,NA,NA,NA,NA,NA,N,3,0,1,3,A,-,22,23123,A,N,B,E,A,A,H,-,A,A,0,NA,NA,NA,NA,Y,NA,D,22,0,1,0,0,0,0,0,0,0,-,-,NA,NA,LOS ANGELES,LOS ANGELES,-118.26396942138672,33.80194091796875
9168629,2020,2021-01-22,1942,2020-08-20,0115,42011,1805,4,5,7,1942,0,0,0,R,0,18A3,S AVALON BL,E 90TH ST,0,NA,Y,A,-,N,NA,NA,NA,NA,NA,NA,NA,NA,NA,N,3,0,1,2,A,-,11,21950,B,N,G,B,B,A,H,-,C,A,0,Y,NA,NA,NA,Y,NA,N,60,0,1,0,0,1,0,0,0,0,-,-,NA,NA,LOS ANGELES,LOS ANGELES,-118.26515197753906,33.954681396484375
9168630,2020,2020-12-19,1942,2020-10-11,1410,40165,0911,7,5,7,1942,0,0,0,I,0,9A23,N SEPULVEDA BL,KITTRIDGE ST,0,NA,Y,A,-,N,NA,NA,NA,NA,NA,NA,NA,NA,NA,Y,3,0,2,2,A,-,09,21802,A,N,D,C,A,A,H,-,A,A,0,NA,NA,NA,NA,Y,NA,A,01,0,2,0,0,0,0,0,0,0,-,-,NA,NA,LOS ANGELES,LOS ANGELES,-118.46617889404295,34.19028091430664
9168634,2020,2020-12-17,1942,2020-10-12,1420,41125,1751,1,5,7,1942,0,0,0,Q,0,17A23,DEVONSHIRE ST,OWENSMOUTH AV,200,E,N,A,-,N,NA,NA,NA,NA,NA,NA,NA,NA,NA,N,4,0,1,2,A,-,04,21703,NA,N,C,C,A,A,H,-,A,D,0,NA,NA,NA,NA,Y,NA,-,NA,0,0,1,0,0,0,0,0,0,-,-,NA,NA,LOS ANGELES,LOS ANGELES,-118.60102081298828,34.257240295410156
9168635,2020,2021-01-12,1942,2020-10-01,1030,33599,0526,4,5,7,1942,0,0,0,E,0,5A25,N FRIES AV,W ANAHEIM ST,0,NA,Y,A,-,N,NA,NA,NA,NA,NA,NA,NA,NA,NA,N,4,0,1,2,A,-,08,22107,NA,N,C,C,A,A,H,-,A,D,0,NA,NA,NA,NA,Y,NA,D,22,0,0,1,0,0,0,0,0,0,-,-,NA,NA,LOS ANGELES,LOS ANGELES,-118.2650909423828,33.77981948852539
9168638,2020,2020-12-21,1942,2020-10-12,1810,40165,1521,1,5,7,1942,0,0,0,O,0,15A21,VANOWEN ST,FULTON AV,0,NA,Y,A,-,N,NA,NA,NA,NA,NA,NA,NA,NA,NA,N,3,0,1,2,A,-,10,21950,A,N,G,B,B,A,H,-,A,A,0,Y,NA,NA,NA,Y,NA,D,22,0,1,0,0,1,0,0,0,0,-,-,NA,NA,LOS ANGELES,LOS ANGELES,-118.42253112792967,34.19395065307617
9168639,2020,2020-10-26,1942,2020-07-16,0650,44278,0522,4,5,7,1942,0,0,0,E,0,5A25W2,ANAHEIM ST,BAY VIEW AV,0,NA,Y,B,-,N,NA,NA,NA,NA,NA,NA,NA,NA,NA,N,4,0,1,2,A,-,04,21703,NA,N,C,C,A,A,H,-,A,D,0,NA,NA,NA,NA,Y,NA,A,07,0,0,1,0,0,0,0,0,0,-,-,NA,NA,LOS ANGELES,LOS ANGELES,-118.27027893066406,33.77954864501953
9168649,2020,2020-10-19,1942,2020-08-30,0855,33452,1321,7,5,7,1942,0,0,0,M,0,13A41,BROADWAY,ADAMS BL,70,S,N,A,-,N,NA,NA,NA,NA,NA,NA,NA,NA,NA,N,4,0,1,2,-,-,-,NA,NA,N,D,C,A,A,H,-,A,D,0,NA,NA,NA,NA,Y,NA,J,48,0,0,1,0,0,0,0,0,0,-,-,NA,NA,LOS ANGELES,LOS ANGELES,-118.26988983154295,34.02518081665039
9168662,2020,2020-10-30,1942,2020-10-08,1025,33599,1803,4,5,7,1942,0,0,0,R,0,18A3,E 87TH PL,CROCKER ST,0,NA,Y,B,-,N,NA,NA,NA,NA,NA,NA,NA,NA,NA,Y,3,0,2,2,A,-,09,21804,A,N,A,C,A,A,H,-,A,D,0,NA,NA,NA,NA,Y,NA,A,01,0,1,1,0,0,0,0,0,0,-,-,NA,NA,LOS ANGELES,LOS ANGELES,-118.26808166503906,33.95806121826172
9168664,2020,2020-10-30,1910,2020-10-13,0801,04267,NA,2,5,4,1910,0,0,0,NA,0,005,BEVERLY DR,DAYTON WY,0,NA,Y,A,-,N,NA,NA,NA,NA,NA,NA,NA,NA,NA,Y,4,0,1,2,A,-,12,21453,A,N,D,C,A,A,H,-,A,A,0,NA,NA,NA,NA,Y,NA,A,01,0,0,1,0,0,0,0,0,0,-,-,NA,NA,LOS ANGELES,BEVERLY HILLS,-118.40058135986328,34.06850814819336
9168668,2020,2020-10-30,1900,2020-08-18,1530,614015,2116,2,5,5,1943,0,0,0,NA,0,212T3,LONG BEACH BL,CEDAR AV,0,NA,Y,A,-,N,NA,NA,NA,NA,NA,NA,NA,NA,NA,N,2,0,1,2,D,-,00,NA,NA,N,D,C,A,A,H,-,A,A,0,NA,NA,NA,NA,Y,NA,-,-,1,0,0,0,0,0,0,0,0,-,-,NA,NA,LOS ANGELES,LYNWOOD,-118.20948791503906,33.91804885864258
9168671,2020,2020-10-30,1942,2020-08-31,1411,38594,1829,1,5,7,1942,0,0,0,R,0,18A41,ALAMEDA,97TH ST,60,S,N,A,-,N,NA,NA,NA,NA,NA,NA,NA,NA,NA,N,4,0,1,2,A,-,08,22107,NA,N,B,C,A,A,H,-,A,D,0,NA,NA,NA,NA,Y,NA,A,01,0,0,1,0,0,0,0,0,0,-,-,NA,NA,LOS ANGELES,LOS ANGELES,-118.22897338867188,33.94812774658203
9168692,2020,2020-11-25,1900,2020-09-30,1100,608904,0459,3,5,6,1949,0,0,0,NA,0,46T1DA,ROSECRANS AV,RT 5,54,W,N,A,-,Y,LA,7,5,-,-,3.273,R,4,N,N,4,0,1,2,A,-,-,NA,NA,N,C,C,A,A,H,-,A,A,0,NA,NA,NA,NA,Y,NA,-,-,0,0,1,0,0,0,0,0,0,-,NF,NA,NA,LOS ANGELES,NORWALK,-118.05898284912108,33.90054702758789
9168697,2020,2020-10-23,1942,2020-07-09,2305,528315,2140,4,5,7,1942,0,0,0,NA,0,212T4,E 120TH ST,MAIN ST,720,E,N,A,-,N,NA,NA,NA,NA,NA,NA,NA,NA,NA,N,4,0,1,2,A,-,21,22106,NA,N,C,D,A,A,H,-,C,A,0,NA,NA,NA,NA,Y,NA,A,01,0,0,1,0,0,0,0,0,0,-,-,NA,NA,LOS ANGELES,LOS ANGELES,-118.27153778076172,33.92371368408203
9168698,2020,2020-12-03,1923,2020-09-18,1721,353,E210,5,5,3,1923,0,0,0,NA,0,ES2,MARIPOSA AV,PACIFIC COAST HWY,110,W,N,A,-,Y,LA,7,1,-,-,25.441,I,6,N,Y,4,0,1,2,A,-,00,23153,F,N,D,C,A,A,H,-,A,A,0,NA,NA,NA,NA,Y,NA,A,01,0,0,1,0,0,0,0,0,0,-,-,NA,NA,LOS ANGELES,EL SEGUNDO,-118.3961944580078,33.92369842529297
9168704,2020,2020-10-21,1942,2020-10-12,1305,43902,0523,1,5,7,1942,0,0,0,E,0,25T23,JOHN S GIBSON BL,W CHANEL ST,1500,N,N,A,-,N,NA,NA,NA,NA,NA,NA,NA,NA,NA,N,4,0,1,1,A,-,-,NA,NA,N,B,I,A,A,H,-,A,D,0,NA,NA,NA,NA,Y,NA,J,49,0,0,1,0,0,0,0,0,0,-,-,NA,NA,LOS ANGELES,LOS ANGELES,-118.28881072998048,33.757503509521484
9168711,2020,2020-10-22,1931,2020-07-05,0001,654,1973,7,5,5,1931,0,0,0,NA,0,NA,SATURN AVE,MALABAR ST,10,E,N,F,-,N,NA,NA,NA,NA,NA,NA,NA,NA,NA,Y,4,0,1,2,A,-,05,21650,NA,F,A,E,A,A,H,-,C,A,0,NA,NA,NA,NA,Y,NA,A,01,0,0,1,0,0,0,0,0,0,-,-,NA,NA,LOS ANGELES,HUNTINGTON PARK,-118.2277374267578,33.97690963745117
9168726,2020,2020-11-25,1948,2020-09-25,1445,455,1948,5,5,5,1948,0,0,0,NA,0,001,ATLANTIC BL,1ST ST,11,S,N,A,-,Y,LA,7,60,-,R,4.652,R,4,W,Y,4,0,3,3,A,-,12,21453,A,N,D,C,A,A,H,-,A,A,0,NA,NA,NA,NA,Y,NA,A,01,0,0,3,0,0,0,0,0,0,-,-,NA,NA,LOS ANGELES,MONTEREY PARK,-118.14676666259766,34.03376007080078
9168732,2020,2020-11-19,1931,2020-09-26,1630,5252,1931,6,5,5,1931,0,0,0,NA,0,000,FIRESTONE BL,SAN GABRIEL AV,180,W,N,A,-,N,NA,NA,NA,NA,NA,NA,NA,NA,NA,Y,4,0,1,2,-,-,-,NA,A,N,D,C,A,A,D,-,A,D,0,NA,NA,NA,NA,Y,NA,A,01,0,0,1,0,0,0,0,0,0,-,-,NA,NA,LOS ANGELES,HUNTINGTON PARK,-118.20317840576172,33.95391082763672
9168735,2020,2020-10-19,1900,2020-09-25,2115,654262,328,5,5,5,1935,0,0,0,NA,0,133F,NORWALK BL,DEL AMO BL,0,NA,Y,A,-,N,NA,NA,NA,NA,NA,NA,NA,NA,NA,Y,4,0,2,2,D,-,00,NA,NA,N,D,C,A,A,H,-,A,A,0,NA,NA,NA,NA,Y,NA,-,-,0,0,2,0,0,0,0,0,0,-,-,33.84619903564453,-118.07200622558594,LOS ANGELES,LAKEWOOD,-118.07212066650392,33.84614944458008
9168736,2020,2020-10-19,1900,2020-09-18,2020,516545,1320,5,5,5,1935,0,0,0,NA,0,132T1E,DOWNEY AV,CANDELWOOD ST,0,NA,Y,A,-,N,NA,NA,NA,NA,NA,NA,NA,NA,NA,Y,3,0,1,2,A,-,08,22107,NA,N,A,C,A,-,H,-,C,A,0,NA,NA,NA,NA,Y,NA,J,48,0,1,0,0,0,0,0,0,0,-,-,NA,NA,LOS ANGELES,LAKEWOOD,-118.15115356445313,33.853858947753906