CASE_ID,ACCIDENT_YEAR,PROC_DATE,JURIS,COLLISION_DATE,COLLISION_TIME,OFFICER_ID,REPORTING_DISTRICT,DAY_OF_WEEK,CHP_SHIFT,POPULATION,CNTY_CITY_LOC,SPECIAL_COND,BEAT_TYPE,CHP_BEAT_TYPE,CITY_DIVISION_LAPD,CHP_BEAT_CLASS,BEAT_NUMBER,PRIMARY_RD,SECONDARY_RD,DISTANCE,DIRECTION,INTERSECTION,WEATHER_1,WEATHER_2,STATE_HWY_IND,CALTRANS_COUNTY,CALTRANS_DISTRICT,STATE_ROUTE,ROUTE_SUFFIX,POSTMILE_PREFIX,POSTMILE,LOCATION_TYPE,RAMP_INTERSECTION,SIDE_OF_HWY,TOW_AWAY,COLLISION_SEVERITY,NUMBER_KILLED,NUMBER_INJURED,PARTY_COUNT,PRIMARY_COLL_FACTOR,PCF_CODE_OF_VIOL,PCF_VIOL_CATEGORY,PCF_VIOLATION,PCF_VIOL_SUBSECTION,HIT_AND_RUN,TYPE_OF_COLLISION,MVIW,PED_ACTION,ROAD_SURFACE,ROAD_COND_1,ROAD_COND_2,LIGHTING,CONTROL_DEVICE,CHP_ROAD_TYPE,PEDESTRIAN_ACCIDENT,BICYCLE_ACCIDENT,MOTORCYCLE_ACCIDENT,TRUCK_ACCIDENT,NOT_PRIVATE_PROPERTY,ALCOHOL_INVOLVED,STWD_VEHTYPE_AT_FAULT,CHP_VEHTYPE_AT_FAULT,COUNT_SEVERE_INJ,COUNT_VISIBLE_INJ,COUNT_COMPLAINT_PAIN,COUNT_PED_KILLED,COUNT_PED_INJURED,COUNT_BICYCLIST_KILLED,COUNT_BICYCLIST_INJURED,COUNT_MC_KILLED,COUNT_MC_INJURED,PRIMARY_RAMP,SECONDARY_RAMP,LATITUDE,LONGITUDE,COUNTY,CITY,POINT_X,POINT_Y
9174753,2020,2020-12-16,1923,2020-10-20,0955,459,NA,2,5,3,1923,0,0,0,NA,0,NA,MAIN ST,MARIPOSA AV,0,NA,Y,A,-,NA,NA,NA,NA,NA,NA,NA,NA,NA,NA,NA,4,0,2,2,A,-,09,21801,A,N,D,C,A,A,H,-,A,A,0,NA,NA,NA,NA,Y,NA,A,01,0,0,2,0,0,0,0,0,0,-,-,33.92359161376953,-118.41600036621094,LOS ANGELES,EL SEGUNDO,-118.41600036621094,33.92359924316406
9174754,2020,2020-12-16,1942,2020-10-16,2030,43917,1205,5,5,7,1942,0,0,0,L,0,12X32,BUDLONG AV,52ND ST,0,NA,Y,A,-,N,NA,NA,NA,NA,NA,NA,NA,NA,NA,N,2,0,1,2,A,-,12,22450,A,N,A,G,A,A,H,-,A,A,0,NA,Y,NA,NA,Y,NA,L,04,1,0,0,0,0,0,1,0,0,-,-,NA,NA,LOS ANGELES,LOS ANGELES,-118.29586791992188,33.99504852294922
9174755,2020,2020-12-21,1942,2020-10-11,1535,40656,1257,7,5,7,1942,0,0,0,L,0,12X48,FIGUEROA ST,77TH ST,140,S,N,A,-,N,NA,NA,NA,NA,NA,NA,NA,NA,NA,Y,3,0,2,3,A,-,08,22102,NA,N,D,C,A,A,H,-,A,D,0,NA,NA,NA,NA,Y,NA,A,01,0,1,1,0,0,0,0,0,0,-,-,NA,NA,LOS ANGELES,LOS ANGELES,-118.28272247314452,33.969417572021484
9174756,2020,2020-12-18,1942,2020-10-10,1330,44256,1249,6,5,7,1942,0,0,0,L,0,12A31,GAGE AV,HOOVER ST,402,E,N,A,-,N,NA,NA,NA,NA,NA,NA,NA,NA,NA,Y,4,0,1,3,A,-,09,21801,A,F,B,C,A,A,H,-,A,D,0,NA,NA,NA,NA,Y,NA,-,99,0,0,1,0,0,0,0,0,0,-,-,NA,NA,LOS ANGELES,LOS ANGELES,-118.28671264648438,33.9822998046875
9174757,2020,2020-12-16,1942,2020-10-10,1420,44045,1248,6,5,7,1942,0,0,0,L,0,12A3W2,GAGE AV,HOOVER ST,150,E,N,A,-,N,NA,NA,NA,NA,NA,NA,NA,NA,NA,N,4,0,3,2,A,-,08,22107,NA,M,C,C,A,A,H,-,A,D,0,NA,NA,NA,NA,Y,NA,-,99,0,0,3,0,0,0,0,0,0,-,-,NA,NA,LOS ANGELES,LOS ANGELES,-118.28661346435548,33.98240661621094
9174758,2020,2020-12-16,1942,2020-10-09,1510,43311,1239,5,5,7,1942,0,0,0,L,0,12X32,HOOVER ST,59TH ST,45,N,N,A,-,N,NA,NA,NA,NA,NA,NA,NA,NA,NA,N,3,0,1,2,A,-,04,21703,NA,N,C,G,A,A,H,-,A,D,0,NA,Y,NA,NA,Y,NA,A,01,0,1,0,0,0,0,1,0,0,-,-,NA,NA,LOS ANGELES,LOS ANGELES,-118.28704833984376,33.98760223388672
9174759,2020,2020-12-18,1942,2020-10-09,2115,42968,1249,5,5,7,1942,0,0,0,L,0,12A93,S FIGUEROA ST,W 70TH ST,0,NA,Y,A,-,N,NA,NA,NA,NA,NA,NA,NA,NA,NA,N,4,0,3,3,A,-,08,22107,NA,N,D,C,A,A,H,-,C,D,0,NA,NA,NA,NA,Y,NA,A,01,0,0,3,0,0,0,0,0,0,-,-,NA,NA,LOS ANGELES,LOS ANGELES,-118.28269958496094,33.97645950317383
9174760,2020,2020-12-16,1942,2020-10-09,1737,42127,1251,5,5,7,1942,0,0,0,L,0,12X42,FLORENCE,CRENSHAW BL,0,NA,Y,A,-,N,NA,NA,NA,NA,NA,NA,NA,NA,NA,N,3,0,1,2,D,-,00,NA,NA,F,G,G,A,A,H,-,A,A,0,NA,Y,NA,NA,Y,NA,-,-,0,1,0,0,0,0,1,0,0,-,-,NA,NA,LOS ANGELES,LOS ANGELES,-118.33088684082033,33.97454071044922
9174761,2020,2020-12-11,1942,2020-10-27,2225,42768,1025,2,5,7,1942,0,0,0,J,0,10A3,LINDLEY AV,SHERMAN WY,0,NA,Y,A,-,N,NA,NA,NA,NA,NA,NA,NA,NA,NA,Y,4,0,1,2,A,-,12,21453,A,N,D,C,A,A,H,-,C,A,0,NA,NA,NA,NA,Y,NA,A,07,0,0,1,0,0,0,0,0,0,-,-,NA,NA,LOS ANGELES,LOS ANGELES,-118.5272979736328,34.201080322265625
9174762,2020,2020-12-11,1942,2020-10-11,0340,42231,1219,7,5,7,1942,0,0,0,L,0,12A93,W 54TH ST,S FLOWER ST,92,W,N,A,-,N,NA,NA,NA,NA,NA,NA,NA,NA,NA,Y,4,0,2,3,A,-,03,22350,NA,N,B,E,A,A,H,-,C,D,0,NA,NA,NA,NA,Y,NA,A,01,0,0,2,0,0,0,0,0,0,-,-,NA,NA,LOS ANGELES,LOS ANGELES,-118.28121185302734,33.993289947509766
9174763,2020,2020-12-11,1942,2020-10-16,1515,41489,1241,5,5,7,1942,0,0,0,L,0,12A41W,CRENSHAW BL,67TH ST,0,NA,Y,A,-,N,NA,NA,NA,NA,NA,NA,NA,NA,NA,Y,3,0,2,2,A,-,09,21801,A,N,A,C,A,A,H,-,A,A,0,NA,NA,NA,NA,Y,NA,A,01,0,2,0,0,0,0,0,0,0,-,-,NA,NA,LOS ANGELES,LOS ANGELES,-118.33087921142578,33.97813034057617
9174764,2020,2020-12-11,1942,2020-10-09,0930,37961,1209,5,5,7,1942,0,0,0,L,0,12A83,FLOWER ST,47TH PL,30,S,N,A,-,N,NA,NA,NA,NA,NA,NA,NA,NA,NA,N,3,0,1,3,A,-,03,22350,NA,N,C,C,A,-,H,-,A,D,0,NA,NA,NA,NA,Y,NA,A,01,0,1,0,0,0,0,0,0,0,-,-,NA,NA,LOS ANGELES,LOS ANGELES,-118.2814483642578,34.00004959106445
9174765,2020,2020-12-11,1942,2020-10-12,0025,36031,1243,1,5,7,1942,0,0,0,L,0,12A67,WESTERN AV,62ND ST,0,S,N,A,-,N,NA,NA,NA,NA,NA,NA,NA,NA,NA,Y,4,0,2,2,A,-,08,22102,NA,F,D,C,A,A,H,-,C,D,0,NA,NA,NA,NA,Y,NA,A,01,0,0,2,0,0,0,0,0,0,-,-,NA,NA,LOS ANGELES,LOS ANGELES,-118.3089599609375,33.98337936401367
9174766,2020,2020-12-15,1942,2020-10-12,2115,43172,1219,1,5,7,1942,0,0,0,L,0,12A15,W 54TH ST,FIGUEROA AV,0,NA,Y,A,-,N,NA,NA,NA,NA,NA,NA,NA,NA,NA,N,4,0,1,2,A,-,08,22107,NA,N,D,C,A,A,H,-,C,A,0,NA,NA,NA,NA,Y,NA,A,01,0,0,1,0,0,0,0,0,0,-,-,NA,NA,LOS ANGELES,LOS ANGELES,-118.28267669677734,33.993289947509766
9174767,2020,2020-12-11,1942,2020-10-08,0230,44405,1231,4,5,7,1942,0,0,0,L,0,1231,NORMANDIE AV,73RD ST,18,W,N,A,-,N,NA,NA,NA,NA,NA,NA,NA,NA,NA,N,4,0,1,2,A,-,08,22107,NA,F,A,C,A,A,-,-,C,D,0,NA,NA,NA,NA,Y,NA,-,99,0,0,1,0,0,0,0,0,0,-,-,NA,NA,LOS ANGELES,LOS ANGELES,-118.30029296875,33.97364044189453
9174768,2020,2020-12-11,1942,2020-10-07,2015,38817,1215,3,5,7,1942,0,0,0,L,0,12A3,NORMANDIE AV,53RD ST,0,NA,Y,A,-,N,NA,NA,NA,NA,NA,NA,NA,NA,NA,Y,4,0,1,2,A,-,09,21802,A,M,D,C,A,A,H,-,B,D,0,NA,NA,NA,NA,Y,NA,A,01,0,0,1,0,0,0,0,0,0,-,-,NA,NA,LOS ANGELES,LOS ANGELES,-118.30019378662108,33.9941291809082
9174769,2020,2020-12-11,1942,2020-10-03,1100,44256,1259,6,5,7,1942,0,0,0,L,0,12A31,EAST FLORENCE AV,MCKINLEY AV,0,NA,Y,A,-,N,NA,NA,NA,NA,NA,NA,NA,NA,NA,Y,4,0,1,2,A,-,08,22107,NA,N,D,C,A,A,H,-,A,A,0,NA,NA,Y,NA,Y,NA,A,01,0,0,1,0,0,0,0,0,1,-,-,NA,NA,LOS ANGELES,LOS ANGELES,-118.26141357421876,33.97473907470703
9174770,2020,2020-12-11,1942,2020-10-02,1330,41812,1265,5,5,7,1942,0,0,0,L,0,12Z1,MANCHESTER AV,NORMANDIE AV,0,NA,Y,A,-,N,NA,NA,NA,NA,NA,NA,NA,NA,NA,NA,4,0,4,4,A,-,12,21453,NA,N,D,C,A,A,H,-,A,A,0,NA,NA,NA,NA,Y,NA,A,01,0,0,4,0,0,0,0,0,0,-,-,NA,NA,LOS ANGELES,LOS ANGELES,-118.3002700805664,33.96001052856445
9174771,2020,2020-12-11,1942,2020-10-26,1900,42118,0376,1,5,7,1942,0,0,0,C,0,3A55,S NORMANDIE AV,W MARTIN LUTHER KING JR BL,0,NA,Y,A,-,N,NA,NA,NA,NA,NA,NA,NA,NA,NA,N,4,0,1,2,A,-,09,21801,A,N,D,C,A,A,H,-,C,A,0,NA,NA,NA,NA,Y,NA,A,01,0,0,1,0,0,0,0,0,0,-,-,NA,NA,LOS ANGELES,LOS ANGELES,-118.30017852783205,34.01087188720703
9174772,2020,2020-12-11,1942,2020-10-18,0230,43900,0397,7,5,7,1942,0,0,0,C,0,2A75,NORMANDIE,MARTIN LUTHER KING BL,5,S,N,A,-,N,NA,NA,NA,NA,NA,NA,NA,NA,NA,N,4,0,1,2,A,-,03,22350,A,N,C,C,A,A,H,-,C,A,0,NA,NA,NA,NA,Y,NA,A,07,0,0,1,0,0,0,0,0,0,-,-,NA,NA,LOS ANGELES,LOS ANGELES,-118.30017852783205,34.01085662841797
9174786,2020,2020-12-08,1942,2020-10-27,1810,41721,1089,2,5,7,1942,0,0,0,J,0,10X94,VENTURA BL,HASKELL AV,0,NA,Y,A,-,N,NA,NA,NA,NA,NA,NA,NA,NA,NA,N,4,0,2,2,A,-,03,22350,A,F,C,C,A,A,H,-,A,A,0,NA,NA,NA,NA,Y,NA,A,01,0,0,2,0,0,0,0,0,0,-,-,NA,NA,LOS ANGELES,LOS ANGELES,-118.47490692138672,34.155181884765625
9174787,2020,2020-12-08,1942,2020-10-24,1945,42296,2189,6,5,7,1942,0,0,0,NA,0,21A97,VENTURA BL,CORBIN AV,0,NA,Y,A,-,N,NA,NA,NA,NA,NA,NA,NA,NA,NA,Y,4,0,1,2,A,-,12,21453,A,N,D,C,A,A,H,-,C,A,0,NA,NA,NA,NA,Y,NA,A,01,0,0,1,0,0,0,0,0,0,-,-,NA,NA,LOS ANGELES,LOS ANGELES,-118.5622329711914,34.17259979248047
9174788,2020,2020-12-08,1942,2020-10-15,0900,31931,2138,4,5,7,1942,0,0,0,NA,0,21A29,MASON AV,SHERMAN WY,1200,N,N,A,-,N,NA,NA,NA,NA,NA,NA,NA,NA,NA,Y,4,0,1,2,A,-,08,22107,NA,N,B,E,A,A,H,-,A,D,0,NA,NA,NA,NA,Y,NA,A,01,0,0,1,0,0,0,0,0,0,-,-,NA,NA,LOS ANGELES,LOS ANGELES,-118.5797119140625,34.20429992675781
9174789,2020,2020-12-08,1942,2020-10-13,2055,44259,1781,2,5,7,1942,0,0,0,Q,0,17A81W,PARTHENIA ST,MASON AV,0,NA,Y,A,-,N,NA,NA,NA,NA,NA,NA,NA,NA,NA,Y,4,0,3,2,-,-,-,NA,A,N,D,C,A,A,H,-,C,A,0,NA,NA,NA,NA,Y,NA,A,01,0,0,3,0,0,0,0,0,0,-,-,NA,NA,LOS ANGELES,LOS ANGELES,-118.57978057861328,34.22821044921875
9174790,2020,2020-12-11,1942,2020-10-10,1750,42880,1764,6,5,7,1942,0,0,0,Q,0,17X66W,CORBIN AV,NORDHOFF PL,40,N,N,B,-,N,NA,NA,NA,NA,NA,NA,NA,NA,NA,Y,3,0,2,2,A,-,09,21801,A,N,B,C,A,A,H,-,B,B,0,NA,NA,NA,NA,Y,NA,A,01,0,1,1,0,0,0,0,0,0,-,-,NA,NA,LOS ANGELES,LOS ANGELES,-118.5623016357422,34.23558807373047
9174791,2020,2020-12-11,1942,2020-10-15,0030,43095,1794,4,5,7,1942,0,0,0,Q,0,17A67,RESEDA BL,BRYANT ST,5,N,N,A,C,N,NA,NA,NA,NA,NA,NA,NA,NA,NA,N,4,0,1,2,A,-,09,21802,A,N,D,C,A,A,H,-,-,D,0,NA,NA,NA,NA,Y,NA,A,01,0,0,1,0,0,0,0,0,0,-,-,NA,NA,LOS ANGELES,LOS ANGELES,-118.53607940673828,34.22738265991211
9174792,2020,2020-12-10,1942,2020-10-21,1810,44040,1781,3,5,7,1942,0,0,0,Q,0,17X66,NORDHOFF ST,OSO AV,0,NA,Y,A,-,N,NA,NA,NA,NA,NA,NA,NA,NA,NA,Y,4,0,1,2,A,-,08,22107,NA,N,B,C,A,A,H,-,C,A,0,NA,NA,NA,NA,Y,NA,A,01,0,0,1,0,0,0,0,0,0,-,-,NA,NA,LOS ANGELES,LOS ANGELES,-118.5754623413086,34.2318115234375
9174793,2020,2020-12-08,1942,2020-10-25,1530,44008,1657,7,5,7,1942,0,0,0,P,0,16A59,COMMERCE AV,GREELEY ST,0,NA,-,A,-,N,NA,NA,NA,NA,NA,NA,NA,NA,NA,N,4,0,1,2,A,-,08,22100,5,N,D,C,A,A,H,-,A,A,0,NA,NA,NA,NA,Y,NA,A,07,0,0,1,0,0,0,0,0,0,-,-,NA,NA,LOS ANGELES,LOS ANGELES,-118.28862762451172,34.24959182739258
9174794,2020,2020-12-08,1942,2020-10-27,1940,34561,1693,2,5,7,1942,0,0,0,P,0,16A81,LAUREL CANYON BL,STRATHERN ST,120,S,N,A,-,N,NA,NA,NA,NA,NA,NA,NA,NA,NA,Y,4,0,2,2,A,-,09,21804,A,N,D,C,A,A,H,-,C,D,0,NA,NA,NA,NA,Y,NA,A,01,0,0,2,0,0,0,0,0,0,-,-,NA,NA,LOS ANGELES,LOS ANGELES,-118.39652252197266,34.21538162231445
9174795,2020,2020-12-08,1942,2020-10-24,2110,41381,1548,6,5,7,1942,0,0,0,O,0,15A33,MAGNOLIA BL,VINELAND AV,0,NA,Y,A,-,N,NA,NA,NA,NA,NA,NA,NA,NA,NA,N,4,0,1,2,A,-,10,21950,A,N,G,B,B,A,H,-,C,A,0,Y,NA,NA,NA,Y,NA,A,01,0,0,1,0,1,0,0,0,0,-,-,NA,NA,LOS ANGELES,LOS ANGELES,-118.37046051025392,34.16487121582031
9174796,2020,2020-12-15,1942,2020-10-23,1620,43542,1942,5,5,7,1942,0,0,0,NA,0,1523,VICTORY BL,WHITESETT AV,5,W,N,A,-,N,NA,NA,NA,NA,NA,NA,NA,NA,NA,N,4,0,1,2,A,-,21,22106,NA,N,C,C,A,A,H,-,A,A,0,NA,NA,NA,NA,Y,NA,A,07,0,0,1,0,0,0,0,0,0,-,-,NA,NA,LOS ANGELES,LOS ANGELES,-118.4052734375,34.18667984008789
9174797,2020,2020-12-08,1942,2020-10-27,1350,27792,NA,2,5,7,1942,0,0,0,NA,0,NA,LAUREL CANYON BL,FRYMAN RD,30,S,N,A,-,N,NA,NA,NA,NA,NA,NA,NA,NA,NA,N,4,0,1,2,A,-,04,21703,NA,N,C,C,A,A,H,-,A,A,0,NA,NA,NA,NA,Y,NA,A,01,0,0,1,0,0,0,0,0,0,-,-,NA,NA,LOS ANGELES,LOS ANGELES,-118.3913803100586,34.13358688354492
9174798,2020,2020-12-08,1942,2020-10-27,1345,30452,1524,2,5,7,1942,0,0,0,O,0,15A33,KITTRIDGE ST,LAUREL CANYON BL,50,W,N,A,-,N,NA,NA,NA,NA,NA,NA,NA,NA,NA,Y,4,0,2,2,B,-,22,NA,NA,N,D,C,A,A,H,-,A,D,0,NA,NA,NA,NA,Y,NA,A,01,0,0,2,0,0,0,0,0,0,-,-,NA,NA,LOS ANGELES,LOS ANGELES,-118.3966827392578,34.190311431884766
9174799,2020,2020-12-08,1942,2020-10-23,1840,38012,1029,5,5,7,1942,0,0,0,J,0,10X18,SHERMAN WY,GLORIA AV,0,NA,N,A,-,N,NA,NA,NA,NA,NA,NA,NA,NA,NA,N,4,0,1,2,A,-,04,21703,NA,N,C,C,A,A,H,-,B,A,0,NA,NA,NA,NA,Y,NA,A,01,0,0,1,0,0,0,0,0,0,-,-,NA,NA,LOS ANGELES,LOS ANGELES,-118.47930145263672,34.20124816894531
9174800,2020,2020-12-08,1942,2020-10-23,1000,38227,1078,5,5,7,1942,0,0,0,J,0,10A67,VENTURA BL,HAYVENHURST AV,0,NA,Y,A,-,N,NA,NA,NA,NA,NA,NA,NA,NA,NA,N,4,0,1,2,A,-,09,21801,A,N,A,C,A,A,H,-,A,A,0,NA,NA,NA,NA,Y,NA,A,01,0,0,1,0,0,0,0,0,0,-,-,NA,NA,LOS ANGELES,LOS ANGELES,-118.49231719970705,34.15755081176758
9174801,2020,2020-12-29,1924,2020-10-12,1548,80450,48,1,5,5,1924,0,0,0,NA,0,8T5,GARDENA BL,VERMONT AV,0,NA,Y,A,-,N,NA,NA,NA,NA,NA,NA,NA,NA,NA,NA,3,0,1,2,A,-,10,21950,A,N,G,B,B,A,H,-,A,A,0,Y,NA,NA,NA,Y,NA,A,01,0,1,0,0,1,0,0,0,0,-,-,33.892478942871094,-118.29727935791016,LOS ANGELES,GARDENA,-118.29131317138672,33.881591796875
9174802,2020,2020-12-29,1924,2020-10-25,1558,80450,32,7,5,5,1924,0,0,0,NA,0,8T5,WESTERN AV,REDONDO BEACH BL,92,S,N,B,-,N,NA,NA,NA,NA,NA,NA,NA,NA,NA,NA,3,0,1,2,A,-,09,21804,A,N,D,C,A,A,H,-,A,A,0,NA,NA,NA,NA,Y,NA,A,01,0,1,0,0,0,0,0,0,0,-,-,33.888519287109375,-118.30914306640624,LOS ANGELES,GARDENA,-118.30916595458984,33.88825607299805
9174803,2020,2020-12-29,1924,2020-10-19,1740,80450,20,1,5,5,1924,0,0,0,NA,0,8T5,VAN NESS AV,144TH ST,84,S,N,A,-,N,NA,NA,NA,NA,NA,NA,NA,NA,NA,NA,3,0,1,2,A,-,09,21801,A,N,D,G,A,A,H,-,A,D,0,NA,Y,NA,NA,Y,NA,L,04,0,1,0,0,0,0,1,0,0,-,-,33.90073013305664,-118.31781768798828,LOS ANGELES,GARDENA,-118.31787872314452,33.90044021606445
9174804,2020,2020-12-29,1924,2020-10-19,0736,80450,11,1,5,5,1924,0,0,0,NA,0,8T5,VERMONT AV,133RD ST,60,S,N,A,-,N,NA,NA,NA,NA,NA,NA,NA,NA,NA,Y,4,0,2,2,A,-,08,22107,NA,N,B,C,A,A,H,-,B,D,0,NA,NA,NA,NA,Y,NA,A,01,0,0,2,0,0,0,0,0,0,-,-,33.91128158569336,-118.291748046875,LOS ANGELES,GARDENA,-118.29189300537108,33.911685943603516
9174805,2020,2020-12-29,1924,2020-10-19,1510,80450,04,1,5,5,1924,0,0,0,NA,0,8T5,EL SEGUNDO BL,VAN NESS AV,0,NA,Y,A,-,N,NA,NA,NA,NA,NA,NA,NA,NA,NA,Y,4,0,2,4,A,-,09,21801,A,N,D,C,A,A,H,-,A,A,0,NA,NA,NA,NA,Y,NA,A,08,0,0,2,0,0,0,0,0,0,-,-,33.916419982910156,-118.31781005859376,LOS ANGELES,GARDENA,-118.31784057617188,33.91646194458008
9174806,2020,2020-12-29,1924,2020-10-25,1017,80450,04,7,5,5,1924,0,0,0,NA,0,8T5,VAN NESS AV,EL SEGUNDO BL,23,S,N,B,C,N,NA,NA,NA,NA,NA,NA,NA,NA,NA,NA,4,0,1,1,A,-,08,22107,NA,N,E,I,A,B,H,-,A,A,0,NA,NA,NA,NA,Y,NA,A,01,0,0,1,0,0,0,0,0,0,-,-,33.916419982910156,-118.31781005859376,LOS ANGELES,GARDENA,-118.31784057617188,33.91639709472656
9174807,2020,2020-12-29,1924,2020-10-18,1710,80450,32,7,5,5,1924,0,0,0,NA,0,8T5,WESTERN AV,153RD ST,4,S,N,A,-,N,NA,NA,NA,NA,NA,NA,NA,NA,NA,NA,4,0,1,2,A,-,05,21650,1,N,D,G,A,A,H,-,A,A,0,NA,Y,NA,NA,Y,NA,L,04,0,0,1,0,0,0,1,0,0,-,-,33.89284896850586,-118.3091278076172,LOS ANGELES,GARDENA,-118.30915069580078,33.89283752441406
9174808,2020,2020-12-29,1924,2020-10-25,1330,80450,35,7,5,5,1924,0,0,0,NA,0,8T5,MARINE AV,BERENDO AV,142,E,N,A,-,N,NA,NA,NA,NA,NA,NA,NA,NA,NA,NA,4,0,1,3,A,-,03,22350,NA,N,C,C,A,A,H,-,A,A,0,NA,NA,NA,NA,Y,NA,A,01,0,0,1,0,0,0,0,0,0,-,-,33.90407180786133,-118.29380798339844,LOS ANGELES,GARDENA,-118.29344940185548,33.894649505615234
9174809,2020,2020-12-29,1969,2020-10-04,0541,10231,PATRO,7,5,5,1969,0,0,0,NA,0,005,IMPERIAL HWY,BEAK AV,0,NA,Y,A,-,N,NA,NA,NA,NA,NA,NA,NA,NA,NA,Y,4,0,1,3,A,-,09,21804,A,N,D,C,A,A,H,-,C,A,0,NA,NA,Y,NA,Y,NA,A,07,0,0,1,0,0,0,0,0,1,-,-,33.92926025390625,-118.16355895996094,LOS ANGELES,SOUTH GATE,-118.16351318359376,33.9293212890625
9174810,2020,2020-12-29,1969,2020-10-06,1420,10156,TRAFF,2,5,5,1969,0,0,0,NA,0,005,ARIZONA AV,MCKINLEY AV,75,N,N,A,-,N,NA,NA,NA,NA,NA,NA,NA,NA,NA,NA,4,0,1,2,A,-,08,22107,NA,N,C,E,A,A,H,-,A,A,0,NA,NA,NA,NA,Y,NA,A,01,0,0,1,0,0,0,0,0,0,-,-,33.918968200683594,-118.16245269775392,LOS ANGELES,SOUTH GATE,-118.16231536865234,33.91912841796875
9174811,2020,2020-12-29,1969,2020-10-05,1301,10165,TRAFF,1,5,5,1969,0,0,0,NA,0,003,TWEEDY BL,SAN LUIS AV,29,E,N,A,-,N,NA,NA,NA,NA,NA,NA,NA,NA,NA,Y,4,0,2,4,A,-,05,21651,A,N,A,C,A,A,H,-,A,D,0,NA,NA,NA,NA,Y,NA,A,01,0,0,2,0,0,0,0,0,0,-,-,33.94382095336914,-118.20200347900392,LOS ANGELES,SOUTH GATE,-118.201904296875,33.94379806518555
9174812,2020,2020-12-29,1969,2020-10-03,1559,10194,NA,6,5,5,1969,0,0,0,NA,0,001,SOUTHERN AV,STANFORD AV,270,W,N,A,-,N,NA,NA,NA,NA,NA,NA,NA,NA,NA,Y,4,0,1,2,A,-,08,22107,NA,N,C,E,A,A,H,-,A,D,0,NA,NA,NA,NA,Y,NA,A,01,0,0,1,0,0,0,0,0,0,-,-,33.95249938964844,-118.21945190429688,LOS ANGELES,SOUTH GATE,-118.22029876708984,33.95256805419922
9174885,2020,2020-12-24,1942,2020-10-18,0950,44366,0515,7,5,7,1942,0,0,0,E,0,5A17,LOMITA BL,AVALON BL,0,NA,Y,A,-,N,NA,NA,NA,NA,NA,NA,NA,NA,NA,Y,4,0,2,3,A,-,12,21453,A,N,D,C,A,A,H,-,A,A,0,NA,NA,NA,NA,Y,NA,A,01,0,0,2,0,0,0,0,0,0,-,-,NA,NA,LOS ANGELES,LOS ANGELES,-118.2639389038086,33.79916000366211
9174889,2020,2020-12-11,1942,2020-10-13,1720,41537,1802,2,5,7,1942,0,0,0,R,0,18U4,90TH ST,MAIN ST,0,NA,Y,A,-,N,NA,NA,NA,NA,NA,NA,NA,NA,NA,N,2,0,2,2,A,-,09,21801,NA,N,D,C,A,A,H,-,A,A,0,NA,NA,NA,NA,Y,NA,D,22,1,0,1,0,0,0,0,0,0,-,-,NA,NA,LOS ANGELES,LOS ANGELES,-118.2738800048828,33.954620361328125
9174893,2020,2020-12-16,1942,2020-10-13,1445,37724,0585,2,5,7,1942,0,0,0,E,0,5A59,S PACIFIC AV,W 22ND ST,5,S,N,A,-,N,NA,NA,NA,NA,NA,NA,NA,NA,NA,N,2,0,1,2,A,-,10,21950,A,N,G,B,B,A,H,-,A,A,0,Y,NA,NA,NA,Y,NA,D,22,1,0,0,0,1,0,0,0,0,-,-,NA,NA,LOS ANGELES,LOS ANGELES,-118.28798675537108,33.72423553466797
9174905,2020,2020-11-13,1942,2020-09-11,0200,42955,1802,5,5,7,1942,0,0,0,R,0,18A1,93RD ST,BROADWAY,100,E,N,A,-,N,NA,NA,NA,NA,NA,NA,NA,NA,NA,Y,3,0,1,4,A,-,03,22350,A,N,A,E,A,A,H,-,C,D,0,NA,NA,NA,NA,Y,Y,A,01,0,1,0,0,0,0,0,0,0,-,-,NA,NA,LOS ANGELES,LOS ANGELES,-118.27806854248048,33.95188903808594
9174909,2020,2020-11-16,1942,2020-09-11,1620,44447,0564,5,5,7,1942,0,0,0,E,0,5A62,MESA ST,7TH ST,0,NA,Y,A,-,N,NA,NA,NA,NA,NA,NA,NA,NA,NA,N,4,0,1,2,A,-,12,22450,A,N,D,C,A,A,-,-,A,D,0,NA,NA,NA,NA,Y,NA,D,22,0,0,1,0,0,0,0,0,0,-,-,NA,NA,LOS ANGELES,LOS ANGELES,-118.28572082519533,33.73786163330078
9174910,2020,2020-12-05,1924,2020-10-18,1342,80450,21,7,5,5,1924,0,0,0,NA,0,8T5,MARINE AV,VAN NESS AV,6,W,N,A,-,N,NA,NA,NA,NA,NA,NA,NA,NA,NA,Y,3,0,2,2,A,-,12,21453,A,N,D,C,A,A,H,-,A,A,0,NA,NA,NA,NA,Y,NA,D,22,0,1,1,0,0,0,0,0,0,-,-,33.894691467285156,-118.31781005859376,LOS ANGELES,GARDENA,-118.31788635253906,33.89466094970703
9174914,2020,2020-12-14,1924,2020-10-25,1227,80450,15,7,5,5,1924,0,0,0,NA,0,8T5,ROSECRANS AV,CRENSHAW BL,158,E,N,B,-,N,NA,NA,NA,NA,NA,NA,NA,NA,NA,Y,4,0,3,4,C,-,18,NA,NA,N,C,C,A,B,H,-,A,A,0,NA,NA,NA,NA,Y,NA,-,-,0,0,3,0,0,0,0,0,0,-,-,33.901920318603516,-118.32650756835938,LOS ANGELES,GARDENA,-118.32602691650392,33.90187072753906
9174918,2020,2020-12-05,1924,2020-10-05,0539,80405,16,1,5,5,1924,0,0,0,NA,0,001,ROSECRANS AV,WESTERN AV,45,E,N,A,-,N,NA,NA,NA,NA,NA,NA,NA,NA,NA,N,3,0,1,2,A,-,11,21950,B,N,G,B,B,A,H,-,C,A,0,Y,NA,NA,NA,Y,NA,N,60,0,1,0,0,1,0,0,0,0,-,-,33.901920318603516,-118.30915069580078,LOS ANGELES,GARDENA,-118.30898284912108,33.90193176269531