CASE_ID,ACCIDENT_YEAR,PROC_DATE,JURIS,COLLISION_DATE,COLLISION_TIME,OFFICER_ID,REPORTING_DISTRICT,DAY_OF_WEEK,CHP_SHIFT,POPULATION,CNTY_CITY_LOC,SPECIAL_COND,BEAT_TYPE,CHP_BEAT_TYPE,CITY_DIVISION_LAPD,CHP_BEAT_CLASS,BEAT_NUMBER,PRIMARY_RD,SECONDARY_RD,DISTANCE,DIRECTION,INTERSECTION,WEATHER_1,WEATHER_2,STATE_HWY_IND,CALTRANS_COUNTY,CALTRANS_DISTRICT,STATE_ROUTE,ROUTE_SUFFIX,POSTMILE_PREFIX,POSTMILE,LOCATION_TYPE,RAMP_INTERSECTION,SIDE_OF_HWY,TOW_AWAY,COLLISION_SEVERITY,NUMBER_KILLED,NUMBER_INJURED,PARTY_COUNT,PRIMARY_COLL_FACTOR,PCF_CODE_OF_VIOL,PCF_VIOL_CATEGORY,PCF_VIOLATION,PCF_VIOL_SUBSECTION,HIT_AND_RUN,TYPE_OF_COLLISION,MVIW,PED_ACTION,ROAD_SURFACE,ROAD_COND_1,ROAD_COND_2,LIGHTING,CONTROL_DEVICE,CHP_ROAD_TYPE,PEDESTRIAN_ACCIDENT,BICYCLE_ACCIDENT,MOTORCYCLE_ACCIDENT,TRUCK_ACCIDENT,NOT_PRIVATE_PROPERTY,ALCOHOL_INVOLVED,STWD_VEHTYPE_AT_FAULT,CHP_VEHTYPE_AT_FAULT,COUNT_SEVERE_INJ,COUNT_VISIBLE_INJ,COUNT_COMPLAINT_PAIN,COUNT_PED_KILLED,COUNT_PED_INJURED,COUNT_BICYCLIST_KILLED,COUNT_BICYCLIST_INJURED,COUNT_MC_KILLED,COUNT_MC_INJURED,PRIMARY_RAMP,SECONDARY_RAMP,LATITUDE,LONGITUDE,COUNTY,CITY,POINT_X,POINT_Y
9176962,2020,2021-01-21,1942,2020-10-02,1600,44346,1251,5,5,7,1942,0,0,0,L,0,12A51,CRENSHAW BL,FLORENCE AV,40,S,N,A,-,N,NA,NA,NA,NA,NA,NA,NA,NA,NA,Y,4,0,1,2,A,-,03,22350,NA,N,C,C,A,A,H,-,A,D,0,NA,NA,NA,NA,Y,NA,A,01,0,0,1,0,0,0,0,0,0,-,-,NA,NA,LOS ANGELES,LOS ANGELES,-118.33088684082033,33.974430084228516
9176972,2020,2021-01-12,1942,2020-10-13,0715,37679,1231,2,5,7,1942,0,0,0,L,0,25TL25,SLAUSON AV,ALSACE AV,100,W,N,A,-,N,NA,NA,NA,NA,NA,NA,NA,NA,NA,Y,4,0,1,3,A,-,03,22350,NA,N,B,E,A,A,H,-,A,D,0,NA,NA,NA,NA,Y,NA,A,01,0,0,1,0,0,0,0,0,0,-,-,NA,NA,LOS ANGELES,LOS ANGELES,-118.3484115600586,33.98890686035156
9177081,2020,2020-11-13,1942,2020-09-16,1530,41001,LOSAN,3,5,7,1942,0,0,0,NA,0,0557,GAFFEY ST,4TH ST,0,NA,Y,A,-,N,NA,NA,NA,NA,NA,NA,NA,NA,NA,N,4,0,3,2,A,-,09,21801,NA,N,A,C,A,A,H,-,A,D,0,NA,NA,NA,NA,Y,NA,A,01,0,0,3,0,0,0,0,0,0,-,-,NA,NA,LOS ANGELES,LOS ANGELES,-118.29232025146484,33.74061965942383
9177082,2020,2020-11-13,1942,2020-09-08,1611,41173,0585,2,5,7,1942,0,0,0,E,0,5A18,W 25TH ST,MORAY ST,0,NA,Y,A,-,N,NA,NA,NA,NA,NA,NA,NA,NA,NA,Y,3,0,1,2,A,-,09,21804,A,N,B,C,A,A,H,-,A,D,0,NA,NA,NA,NA,Y,NA,A,07,0,1,0,0,0,0,0,0,0,-,-,NA,NA,LOS ANGELES,LOS ANGELES,-118.31487274169922,33.72399139404297
9177083,2020,2020-11-13,1942,2020-09-07,1555,39123,0514,1,5,7,1942,0,0,0,E,0,5A26,FIGUEROA ST,WEST I ST,0,NA,Y,B,-,N,NA,NA,NA,NA,NA,NA,NA,NA,NA,N,4,0,1,2,A,-,12,22450,A,N,D,C,A,A,H,-,A,A,0,NA,NA,NA,NA,Y,NA,A,01,0,0,1,0,0,0,0,0,0,-,-,NA,NA,LOS ANGELES,LOS ANGELES,-118.2795867919922,33.77994918823242
9177084,2020,2020-11-13,1942,2020-09-05,2325,43333,0563,6,5,7,1942,0,0,0,E,0,5A85,PACIFIC AV,17TH ST,0,N,N,A,-,N,NA,NA,NA,NA,NA,NA,NA,NA,NA,N,3,0,1,1,A,-,03,22350,NA,N,F,I,A,A,H,-,C,D,0,NA,NA,Y,NA,Y,NA,C,02,0,1,0,0,0,0,0,0,1,-,-,NA,NA,LOS ANGELES,LOS ANGELES,-118.47183990478516,33.987159729003906
9177085,2020,2020-11-13,1942,2020-09-04,2250,43133,0543,5,5,7,1942,0,0,0,E,0,25Q64,PACIFIC AV,32ND PL,0,NA,Y,A,-,N,NA,NA,NA,NA,NA,NA,NA,NA,NA,N,4,0,2,2,A,-,03,22350,NA,N,C,C,A,A,H,-,C,A,0,NA,NA,NA,NA,Y,NA,A,01,0,0,2,0,0,0,0,0,0,-,-,NA,NA,LOS ANGELES,LOS ANGELES,-118.28794860839844,33.715171813964844
9177086,2020,2020-11-13,1942,2020-09-11,1205,43475,1269,5,5,7,1942,0,0,0,L,0,12X35,E MANCHESTER AV,AVALON BL,0,NA,Y,A,-,N,NA,NA,NA,NA,NA,NA,NA,NA,NA,Y,4,0,1,2,A,-,12,21453,A,F,B,C,A,A,H,-,A,A,0,NA,NA,NA,NA,Y,NA,-,99,0,0,1,0,0,0,0,0,0,-,-,NA,NA,LOS ANGELES,LOS ANGELES,-118.26512908935548,33.96012878417969
9177087,2020,2020-11-13,1942,2020-09-28,1223,43310,1273,1,5,7,1942,0,0,0,L,0,12A1,WESTERN AV,89TH ST,0,NA,Y,A,-,N,NA,NA,NA,NA,NA,NA,NA,NA,NA,Y,4,0,2,2,A,-,08,22102,NA,N,D,C,A,A,H,-,A,A,0,NA,NA,NA,NA,Y,NA,A,01,0,0,2,0,0,0,0,0,0,-,-,NA,NA,LOS ANGELES,LOS ANGELES,-118.30902099609376,33.956329345703125
9177088,2020,2020-11-13,1942,2020-09-09,1115,38503,1269,3,5,7,1942,0,0,0,L,0,25TL25,AVALON BL,81ST ST,50,N,N,A,-,N,NA,NA,NA,NA,NA,NA,NA,NA,NA,N,3,0,1,2,D,-,00,NA,NA,F,-,C,A,A,H,-,A,A,0,NA,NA,NA,NA,Y,NA,-,-,0,1,0,0,0,0,0,0,0,-,-,NA,NA,LOS ANGELES,LOS ANGELES,-118.26515197753906,33.9656982421875
9177089,2020,2020-11-13,1942,2020-09-29,2110,41945,77TH,2,5,7,1942,0,0,0,NA,0,12A53,73RD ST,NORMAMDIE,0,NA,Y,A,-,N,NA,NA,NA,NA,NA,NA,NA,NA,NA,Y,4,0,2,2,A,-,03,22350,NA,N,C,C,A,A,H,-,C,A,0,NA,NA,NA,NA,Y,NA,A,01,0,0,2,0,0,0,0,0,0,-,-,NA,NA,LOS ANGELES,LOS ANGELES,-118.30029296875,33.97364044189453
9177090,2020,2020-11-13,1942,2020-09-30,1905,25530,1215,3,5,7,1942,0,0,0,L,0,12A15,FIGUEROA ST,58TH ST,8,E,N,A,-,N,NA,NA,NA,NA,NA,NA,NA,NA,NA,N,4,0,1,2,A,-,12,22450,NA,F,A,C,A,A,H,-,C,-,0,NA,NA,NA,NA,Y,NA,-,NA,0,0,1,0,0,0,0,0,0,-,-,NA,NA,LOS ANGELES,LOS ANGELES,-118.28267669677734,33.989688873291016
9177091,2020,2020-11-13,1942,2020-09-30,1655,41489,1268,3,5,7,1942,0,0,0,L,0,12A51W,MAIN ST,84TH PL,10,S,N,A,-,N,NA,NA,NA,NA,NA,NA,NA,NA,NA,N,3,0,1,2,A,-,09,21801,NA,F,G,B,D,A,H,-,A,A,0,Y,NA,NA,NA,Y,NA,-,99,0,1,0,0,1,0,0,0,0,-,-,NA,NA,LOS ANGELES,LOS ANGELES,-118.2738800048828,33.96233367919922
9177106,2020,2020-11-16,1938,2020-09-14,0638,677,AREA2,1,5,4,1938,0,0,0,NA,0,NA,WHEELER AV,ANCONA DR,185,S,N,A,-,N,NA,NA,NA,NA,NA,NA,NA,NA,NA,Y,4,0,1,1,A,-,08,22107,NA,N,E,I,A,A,H,-,A,D,0,NA,NA,NA,NA,Y,NA,A,01,0,0,1,0,0,0,0,0,0,-,-,NA,NA,LOS ANGELES,LA VERNE,-117.77625274658205,34.11419677734375
9177112,2020,2020-11-16,1938,2020-09-24,1420,184,NA,4,5,4,1938,0,0,0,NA,0,003,WHITE AV,TOWNE CENTER DR,0,NA,Y,A,-,N,NA,NA,NA,NA,NA,NA,NA,NA,NA,N,3,0,1,2,A,-,10,21950,A,N,G,B,B,A,H,-,A,A,0,Y,NA,NA,NA,Y,NA,A,08,0,1,0,0,1,0,0,0,0,-,-,34.10824966430664,-117.75982666015624,LOS ANGELES,LA VERNE,-117.75965881347656,34.108299255371094
9177113,2020,2020-11-16,1900,2020-09-23,1735,642878,1131,3,5,6,1992,0,0,0,NA,0,111T4,CHALLENGER WY,AVENUE H,583,S,N,A,-,N,NA,NA,NA,NA,NA,NA,NA,NA,NA,N,4,0,1,2,A,-,09,21804,NA,N,D,C,A,A,H,-,A,D,0,NA,NA,NA,NA,Y,NA,A,01,0,0,1,0,0,0,0,0,0,-,-,NA,NA,LOS ANGELES,LANCASTER,-118.1123504638672,34.71730422973633
9177217,2020,2021-01-12,1976,2020-10-13,1339,266,NA,2,5,3,1964,0,0,0,NA,0,NA,CARMENITA RD,FOSTER RD,300,S,N,A,-,N,NA,NA,NA,NA,NA,NA,NA,NA,NA,N,4,0,1,2,A,-,03,22350,NA,N,C,C,A,A,H,-,A,A,0,NA,NA,NA,NA,Y,NA,D,22,0,0,1,0,0,0,0,0,0,-,-,NA,NA,LOS ANGELES,SANTA FE SPRINGS,-118.0467529296875,33.90878677368164
9177225,2020,2020-12-14,1942,2020-10-15,2050,43830,1011,4,5,7,1942,0,0,0,J,0,10A3,WILBUR AV,WILBUR AV 7418,0,NA,Y,A,-,N,NA,NA,NA,NA,NA,NA,NA,NA,NA,N,3,0,2,4,A,-,08,22107,NA,F,B,C,A,A,H,-,C,D,0,NA,NA,NA,NA,Y,Y,-,99,0,1,1,0,0,0,0,0,0,-,-,NA,NA,LOS ANGELES,LOS ANGELES,NA,NA
9177229,2020,2021-01-12,1942,2020-10-24,2030,42460,1511,6,5,7,1942,0,0,0,O,0,15A21,FULTON AV,SHERMAN WY,100,S,N,A,-,N,NA,NA,NA,NA,NA,NA,NA,NA,NA,N,4,0,2,2,A,-,08,22107,NA,M,B,E,A,-,H,-,C,D,0,NA,NA,NA,NA,Y,NA,-,99,0,0,2,0,0,0,0,0,0,-,-,NA,NA,LOS ANGELES,LOS ANGELES,-118.42253875732422,34.200923919677734
9177233,2020,2021-01-12,1942,2020-10-26,1910,43326,1785,1,5,7,1942,0,0,0,Q,0,17A74,LINDLEY AV,PARTHENIA ST,0,NA,Y,A,-,N,NA,NA,NA,NA,NA,NA,NA,NA,NA,N,3,0,2,5,A,-,09,21801,A,N,D,C,A,A,H,-,C,A,0,NA,NA,NA,NA,Y,NA,D,22,0,1,1,0,0,0,0,0,0,-,-,NA,NA,LOS ANGELES,LOS ANGELES,-118.52735137939452,34.228668212890625
9177237,2020,2021-01-20,1942,2020-10-27,1330,43112,1655,2,5,7,1942,0,0,0,P,0,16X8,SUNLAND BL,WHEATLAND AV,5,W,N,A,-,N,NA,NA,NA,NA,NA,NA,NA,NA,NA,N,4,0,1,2,A,-,12,21453,NA,N,-,C,A,A,H,-,A,A,0,NA,NA,NA,NA,Y,NA,A,01,0,0,1,0,0,0,0,0,0,-,-,NA,NA,LOS ANGELES,LOS ANGELES,-118.35747528076172,34.24705123901367
9177277,2020,2020-12-12,1928,2020-09-30,1403,50384,508,3,5,5,1928,0,0,0,NA,0,502,VAN NESS AV,119TH ST,0,NA,Y,A,-,N,NA,NA,NA,NA,NA,NA,NA,NA,NA,Y,4,0,1,3,A,-,03,22350,NA,N,C,C,A,A,H,-,A,A,0,NA,NA,NA,NA,Y,NA,D,22,0,0,1,0,0,0,0,0,0,-,-,33.926109313964844,-118.31781005859376,LOS ANGELES,HAWTHORNE,-118.31780242919922,33.92604064941406
9177366,2020,2021-01-07,1942,2020-10-06,0230,43651,1248,2,5,7,1942,0,0,0,L,0,12A39,FIGUEROA ST,FLORENCE AV,0,NA,Y,A,-,N,NA,NA,NA,NA,NA,NA,NA,NA,NA,Y,4,0,1,2,A,-,03,22350,NA,N,B,C,A,A,H,-,C,A,0,NA,NA,NA,NA,Y,NA,A,01,0,0,1,0,0,0,0,0,0,-,-,NA,NA,LOS ANGELES,LOS ANGELES,-118.28269958496094,33.97465896606445
9177376,2020,2021-01-07,1942,2020-10-17,1900,43917,1256,6,5,7,1942,0,0,0,L,0,12X32,76TH ST,BROADWAY AV,30,W,N,A,-,N,NA,NA,NA,NA,NA,NA,NA,NA,NA,N,4,0,1,2,A,-,00,21760,A,N,B,G,A,A,H,-,A,A,0,NA,Y,NA,NA,Y,NA,-,-,0,0,1,0,0,0,1,0,0,-,-,NA,NA,LOS ANGELES,LOS ANGELES,-118.27841186523438,33.97080993652344
9177442,2020,2021-02-04,1942,2020-11-01,2320,42768,1967,7,5,7,1942,0,0,0,NA,0,19A79,OSBORNE ST,BEACHY AV,225,W,N,A,-,N,NA,NA,NA,NA,NA,NA,NA,NA,NA,N,4,0,1,2,A,-,08,22107,NA,N,B,A,A,A,H,-,D,D,0,NA,NA,NA,NA,Y,Y,D,22,0,0,1,0,0,0,0,0,0,-,-,NA,NA,LOS ANGELES,LOS ANGELES,-118.42994689941406,34.2392692565918
9177446,2020,2021-02-04,1942,2020-11-01,1405,41316,1985,7,5,7,1942,0,0,0,NA,0,19A85,WAKEFIELD AV,CHASE ST,0,NA,Y,A,-,N,NA,NA,NA,NA,NA,NA,NA,NA,NA,Y,4,0,5,2,A,-,09,21802,A,N,A,C,A,A,H,-,A,A,0,NA,NA,NA,NA,Y,NA,D,22,0,0,5,0,0,0,0,0,0,-,-,NA,NA,LOS ANGELES,LOS ANGELES,-118.4439697265625,34.224830627441406
9177450,2020,2020-12-07,1942,2020-10-29,0940,27792,0969,4,5,7,1942,0,0,0,I,0,9A37,COLDWATER CANYON AV,MAGNOLIA BL,0,NA,Y,A,-,N,NA,NA,NA,NA,NA,NA,NA,NA,NA,Y,4,0,2,4,A,-,12,21453,A,N,D,C,A,A,H,-,A,A,0,NA,NA,NA,NA,Y,NA,A,01,0,0,2,0,0,0,0,0,0,-,-,NA,NA,LOS ANGELES,LOS ANGELES,-118.41380310058594,34.16487121582031
9177453,2020,2020-12-07,1926,2020-10-23,1303,0155,NA,5,5,5,1926,0,0,0,NA,0,002,S VECINO AV,MILLBURGH AV,57,S,N,A,-,N,NA,NA,NA,NA,NA,NA,NA,NA,NA,Y,3,0,1,2,A,-,05,21650,NA,N,A,E,A,A,H,-,A,D,0,NA,NA,NA,NA,Y,NA,A,01,0,1,0,0,0,0,0,0,0,-,-,34.108489990234375,-117.8767318725586,LOS ANGELES,GLENDORA,-117.87689208984376,34.10725402832031
9177454,2020,2020-12-07,1942,2020-10-29,0620,41158,1762,4,5,7,1942,0,0,0,Q,0,17A81,DE SOTO AV,SUPERIOR ST,0,NA,Y,A,-,N,NA,NA,NA,NA,NA,NA,NA,NA,NA,Y,3,0,2,2,A,-,09,21801,A,N,A,C,A,A,H,-,C,A,0,NA,NA,NA,NA,Y,NA,A,01,0,1,1,0,0,0,0,0,0,-,-,NA,NA,LOS ANGELES,LOS ANGELES,-118.58856964111328,34.246368408203125
9177457,2020,2020-12-10,1926,2020-10-28,1833,0030,2,3,5,5,1926,0,0,0,NA,0,002,W JUANITA AV,BENDER AV,74,W,N,A,-,N,NA,NA,NA,NA,NA,NA,NA,NA,NA,Y,3,0,2,3,C,-,18,NA,NA,N,F,E,A,A,H,-,C,D,0,NA,NA,NA,Y,Y,NA,-,-,0,2,0,0,0,0,0,0,0,-,-,34.1103515625,-117.869873046875,LOS ANGELES,GLENDORA,-117.87005615234376,34.11029815673828
9177458,2020,2020-12-07,1942,2020-10-29,1940,43822,1905,4,5,7,1942,0,0,0,NA,0,26T361,FENTON AV,SAYRE ST,0,NA,Y,A,-,N,NA,NA,NA,NA,NA,NA,NA,NA,NA,Y,4,0,2,2,A,-,12,22450,A,N,D,C,A,A,H,-,C,A,0,NA,NA,NA,NA,Y,NA,D,22,0,0,2,0,0,0,0,0,0,-,-,NA,NA,LOS ANGELES,LOS ANGELES,-118.42784118652344,34.3154182434082
9177462,2020,2020-12-07,1942,2020-10-30,2000,25907,1967,5,5,7,1942,0,0,0,NA,0,19A75,WOODMAN AV,TERRA BELLA ST,0,NA,Y,A,-,N,NA,NA,NA,NA,NA,NA,NA,NA,NA,Y,3,0,1,3,A,-,01,23152,A,N,A,C,A,A,H,-,C,A,0,NA,NA,NA,NA,Y,Y,D,82,0,1,0,0,0,0,0,0,0,-,-,NA,NA,LOS ANGELES,LOS ANGELES,-118.44352722167967,34.23992919921875
9177463,2020,2021-01-26,1942,2020-06-13,1915,41756,1821,6,5,7,1942,0,0,0,R,0,18A17,CENTURY BL,VERMONT AV,100,E,N,A,-,N,NA,NA,NA,NA,NA,NA,NA,NA,NA,N,4,0,1,2,A,-,05,21650,A,M,B,C,A,A,H,-,A,D,0,NA,NA,NA,NA,Y,NA,-,99,0,0,1,0,0,0,0,0,0,-,-,NA,NA,LOS ANGELES,LOS ANGELES,-118.2912826538086,33.945491790771484
9177466,2020,2021-02-04,1942,2020-11-02,0905,36733,1745,1,5,7,1942,0,0,0,Q,0,17A49,BALBOA BL,CHARSWORTH ST,100,S,N,A,-,N,NA,NA,NA,NA,NA,NA,NA,NA,NA,N,4,0,2,2,A,-,01,23152,A,F,B,C,A,A,H,-,A,A,0,NA,NA,NA,NA,Y,Y,D,22,0,0,2,0,0,0,0,0,0,-,-,NA,NA,LOS ANGELES,LOS ANGELES,-118.502266,34.264503
9177474,2020,2021-02-04,1942,2020-11-01,1535,41316,1685,7,5,7,1942,0,0,0,P,0,16A81,LANKERSHIM BL,STAGG ST,200,S,N,A,-,N,NA,NA,NA,NA,NA,NA,NA,NA,NA,Y,4,0,2,4,A,-,03,22350,NA,F,C,-,A,A,H,-,A,D,0,NA,NA,NA,NA,Y,NA,-,99,0,0,2,0,0,0,0,0,0,-,-,NA,NA,LOS ANGELES,LOS ANGELES,-118.38777923583984,34.211551666259766
9177482,2020,2020-12-07,1942,2020-10-23,0105,39410,1718,5,5,7,1942,0,0,0,Q,0,17A49,GAYNOR AV,LAHEY ST,275,N,N,A,-,N,NA,NA,NA,NA,NA,NA,NA,NA,NA,Y,3,0,1,4,A,-,01,23152,A,N,A,C,A,A,H,-,C,D,0,NA,NA,NA,NA,Y,NA,D,22,0,1,0,0,0,0,0,0,0,-,-,NA,NA,LOS ANGELES,LOS ANGELES,-118.48084259033205,34.27351760864258
9177485,2020,2020-12-07,1942,2020-10-14,1630,36599,0911,3,5,7,1942,0,0,0,I,0,9A23,VICTORY BL,SEPULVEDA BL,300,E,N,A,-,N,NA,NA,NA,NA,NA,NA,NA,NA,NA,N,4,0,1,2,A,-,03,22350,NA,N,C,C,A,A,H,-,A,A,0,NA,NA,NA,NA,Y,NA,D,22,0,0,1,0,0,0,0,0,0,-,-,NA,NA,LOS ANGELES,LOS ANGELES,-118.46517944335938,34.186649322509766
9177486,2020,2020-12-07,1942,2020-10-27,0520,41158,1766,2,5,7,1942,0,0,0,Q,0,17A67,LASSEN ST,WILBUR AV,175,W,N,A,-,N,NA,NA,NA,NA,NA,NA,NA,NA,NA,Y,3,0,1,2,A,-,01,23152,A,N,C,E,A,A,H,-,C,D,0,NA,NA,NA,NA,Y,Y,A,01,0,1,0,0,0,0,0,0,0,-,-,NA,NA,LOS ANGELES,LOS ANGELES,-118.54541778564452,34.25
9177489,2020,2021-02-04,1942,2020-11-02,1755,38191,1008,1,5,7,1942,0,0,0,J,0,10A39,WOODLEY AV,STRATHERN ST,0,NA,Y,A,-,N,NA,NA,NA,NA,NA,NA,NA,NA,NA,Y,4,0,1,2,A,-,09,21801,A,N,D,C,A,-,H,-,C,A,0,NA,NA,NA,NA,Y,NA,A,01,0,0,1,0,0,0,0,0,0,-,-,NA,NA,LOS ANGELES,LOS ANGELES,-118.48368072509766,34.21567153930664
9177497,2020,2020-12-07,1942,2020-10-24,1715,38392,1657,6,5,7,1942,0,0,0,P,0,16X12,WHEATLAND AV,DALE ST,500,S,N,A,-,N,NA,NA,NA,NA,NA,NA,NA,NA,NA,N,4,0,1,2,A,-,09,21804,A,N,D,C,A,A,H,-,A,D,0,NA,NA,NA,NA,Y,NA,D,22,0,0,1,0,0,0,0,0,0,-,-,NA,NA,LOS ANGELES,LOS ANGELES,-118.3581314086914,34.244384765625
9177501,2020,2020-12-07,1942,2020-10-30,1235,31392,1685,5,5,7,1942,0,0,0,P,0,16A81,TUXFORD ST,TELFAIR AV,48,W,N,A,-,N,NA,NA,NA,NA,NA,NA,NA,NA,NA,Y,3,0,2,2,A,-,06,21755,A,N,D,C,A,A,H,-,A,D,0,NA,NA,NA,Y,Y,NA,A,01,0,2,0,0,0,0,0,0,0,-,-,NA,NA,LOS ANGELES,LOS ANGELES,-118.38465881347656,34.22480392456055
9177505,2020,2021-02-04,1942,2020-11-01,0855,36733,1657,7,5,7,1942,0,0,0,P,0,16A59,COMMERCE AV,TUJUNGA CANYON BL,75,S,N,A,-,N,NA,NA,NA,NA,NA,NA,NA,NA,NA,Y,4,0,1,2,A,-,21,22106,NA,N,D,C,A,A,H,-,A,D,0,NA,NA,NA,NA,Y,NA,D,22,0,0,1,0,0,0,0,0,0,-,-,NA,NA,LOS ANGELES,LOS ANGELES,-118.28862762451172,34.250022888183594
9177509,2020,2021-02-04,1942,2020-11-02,1630,38191,1795,1,5,7,1942,0,0,0,Q,0,10A17,ROSCOE BL,LOUISE AV,60,E,N,A,-,N,NA,NA,NA,NA,NA,NA,NA,NA,NA,N,4,0,2,2,A,-,09,21804,A,N,D,C,A,A,H,-,A,D,0,NA,NA,NA,NA,Y,NA,A,07,0,0,2,0,0,0,0,0,0,-,-,NA,NA,LOS ANGELES,LOS ANGELES,-118.50965881347656,34.22113037109375
9177516,2020,2021-01-07,1976,2020-10-15,0557,858,NA,4,5,3,1964,0,0,0,NA,0,NA,CARMENITA RD,CAMBRIDGE ST,250,S,N,A,-,N,NA,NA,NA,NA,NA,NA,NA,NA,NA,Y,4,0,1,2,A,-,03,22350,NA,F,C,C,A,A,H,-,C,D,0,NA,NA,NA,NA,Y,NA,-,99,0,0,1,0,0,0,0,0,0,-,-,NA,NA,LOS ANGELES,SANTA FE SPRINGS,-118.04666900634766,33.905845642089844
9177517,2020,2021-01-06,1942,2020-10-24,2050,34561,1915,6,5,7,1942,0,0,0,NA,0,19A1,HUBBARD ST,GLENOAKS BL,590,W,N,B,-,N,NA,NA,NA,NA,NA,NA,NA,NA,NA,Y,3,0,1,4,A,-,08,22107,NA,N,B,E,A,A,H,-,C,D,0,NA,NA,NA,NA,Y,Y,D,22,0,1,0,0,0,0,0,0,0,-,-,NA,NA,LOS ANGELES,LOS ANGELES,-118.4405517578125,34.29829788208008
9177520,2020,2021-01-13,1976,2020-10-21,0343,474,NA,3,5,3,1964,0,0,0,NA,0,003,VALLEY VIEW AV,GANNET ST,0,NA,Y,A,-,N,NA,NA,NA,NA,NA,NA,NA,NA,NA,Y,3,0,2,2,A,-,12,21453,A,N,D,C,A,A,H,-,C,A,0,NA,NA,NA,Y,Y,NA,A,01,0,1,1,0,0,0,0,0,0,-,-,NA,NA,LOS ANGELES,SANTA FE SPRINGS,-118.02913665771484,33.894248962402344
9177521,2020,2021-01-13,1976,2020-10-27,0904,337,01976,2,5,3,1964,0,0,0,NA,0,003,CARMENITA RD,FOSTER RD,0,NA,Y,A,-,N,NA,NA,NA,NA,NA,NA,NA,NA,NA,Y,3,0,3,2,A,-,09,21801,A,N,D,C,A,A,H,-,A,A,0,NA,NA,NA,NA,Y,NA,A,01,0,1,2,0,0,0,0,0,0,-,-,NA,NA,LOS ANGELES,SANTA FE SPRINGS,-118.04676055908205,33.909610748291016
9177528,2020,2021-02-03,1942,2020-11-04,0850,38010,1654,3,5,7,1942,0,0,0,P,0,16A77,BRANFORD ST,SAN FERNANDO RD,200,W,N,A,-,N,NA,NA,NA,NA,NA,NA,NA,NA,NA,N,4,0,1,3,A,-,03,22350,NA,N,C,C,A,A,G,-,A,D,0,NA,NA,NA,NA,Y,NA,A,08,0,0,1,0,0,0,0,0,0,-,-,NA,NA,LOS ANGELES,LOS ANGELES,-118.4036865234375,34.24787902832031
9177532,2020,2021-02-03,1942,2020-11-04,0825,37080,1641,3,5,7,1942,0,0,0,P,0,16A23,LAUREL CANYON BL,CARL ST,0,NA,Y,A,-,N,NA,NA,NA,NA,NA,NA,NA,NA,NA,Y,3,0,1,2,A,-,09,21801,A,N,A,C,A,A,H,-,A,A,0,NA,NA,NA,NA,Y,NA,D,23,0,1,0,0,0,0,0,0,0,-,-,NA,NA,LOS ANGELES,LOS ANGELES,-118.43052673339844,34.257301330566406
9177536,2020,2021-02-03,1942,2020-11-04,1135,39217,1024,3,5,7,1942,0,0,0,J,0,NA,CAPPS AV,SHERMAN WY,0,NA,Y,A,-,N,NA,NA,NA,NA,NA,NA,NA,NA,NA,N,4,0,2,2,A,-,09,21802,A,N,D,C,A,A,H,-,A,A,0,NA,NA,NA,NA,Y,NA,D,22,0,0,2,0,0,0,0,0,0,-,-,NA,NA,LOS ANGELES,LOS ANGELES,-118.53968811035156,34.20117950439453
9177540,2020,2021-01-30,1942,2020-11-03,1410,27792,985,2,5,7,1942,0,0,0,NA,0,9A89,VAN NUYS BL,VENTURA BL,0,NA,Y,A,-,N,NA,NA,NA,NA,NA,NA,NA,NA,NA,Y,4,0,2,2,A,-,09,21801,A,N,D,C,A,A,H,-,A,A,0,NA,NA,NA,NA,Y,NA,I,11,0,0,2,0,0,0,0,0,0,-,-,NA,NA,LOS ANGELES,LOS ANGELES,-118.44869995117188,34.15092086791992
9177552,2020,2020-12-30,1942,2020-10-12,1606,44377,1213,1,5,7,1942,0,0,0,L,0,12A39,54TH ST,GAMMERCY PL,0,NA,Y,A,-,N,NA,NA,NA,NA,NA,NA,NA,NA,NA,N,4,0,1,2,A,-,12,22450,A,N,A,C,A,A,H,-,A,A,0,NA,NA,NA,NA,Y,NA,-,99,0,0,1,0,0,0,0,0,0,-,-,NA,NA,LOS ANGELES,LOS ANGELES,-118.31385803222656,33.993221282958984
9177568,2020,2020-12-11,1900,2020-10-13,1113,434609,0812,2,5,4,1960,0,0,0,NA,0,81T1,SAN DIMAS AV,BASELINE RD,0,NA,Y,A,-,N,NA,NA,NA,NA,NA,NA,NA,NA,NA,Y,4,0,1,2,A,-,01,23152,A,N,D,C,A,A,H,-,A,A,0,NA,NA,NA,NA,Y,Y,D,22,0,0,1,0,0,0,0,0,0,-,-,34.12443923950195,-117.80718231201172,LOS ANGELES,SAN DIMAS,-117.80718994140624,34.121158599853516
9177569,2020,2020-12-23,1941,2020-10-28,1110,11570,NA,3,5,7,1941,0,0,0,NA,0,NA,ROYCROFT AV,OCEAN BL,0,NA,N,A,-,N,NA,NA,NA,NA,NA,NA,NA,NA,NA,N,2,0,1,2,A,I,-,NA,NA,N,G,B,E,A,H,-,A,D,0,Y,NA,NA,NA,Y,NA,N,NA,1,0,0,0,1,0,0,0,0,-,-,NA,NA,LOS ANGELES,LONG BEACH,-118.14151763916016,33.757389068603516
9177592,2020,2020-11-24,1976,2020-07-30,1715,860,NA,4,5,5,1976,0,0,0,NA,0,004,SCOTT AV,LAMBERT RD,0,NA,Y,A,-,N,NA,NA,NA,NA,NA,NA,NA,NA,NA,Y,4,0,2,3,A,-,09,21801,NA,N,D,D,A,A,H,-,A,A,0,NA,NA,NA,NA,Y,NA,A,01,0,0,2,0,0,0,0,0,0,-,-,NA,NA,LOS ANGELES,WHITTIER,-118.00086975097656,33.93695068359375
9177595,2020,2020-12-30,1942,2020-10-12,1730,41500,1826,1,5,7,1942,0,0,0,R,0,18621,103RD ST,COMPTON AV,0,NA,N,A,-,N,NA,NA,NA,NA,NA,NA,NA,NA,NA,N,3,0,2,3,C,-,18,NA,NA,N,A,C,A,A,H,-,A,A,0,NA,NA,NA,NA,Y,NA,-,-,0,1,1,0,0,0,0,0,0,-,-,NA,NA,LOS ANGELES,LOS ANGELES,-118.24620819091795,33.94322967529297
9177599,2020,2020-12-30,1942,2020-10-26,0740,44206,1821,1,5,7,1942,0,0,0,R,0,18A21,VERMONT,103RD ST,0,NA,N,A,-,N,NA,NA,NA,NA,NA,NA,NA,NA,NA,Y,4,0,2,6,A,-,03,22350,NA,N,B,E,A,A,H,-,A,-,0,NA,NA,NA,NA,Y,NA,-,-,0,0,2,0,0,0,0,0,0,-,-,NA,NA,LOS ANGELES,LOS ANGELES,-118.29158782958984,33.943031311035156